edge_id,from_node,to_node,length_m,speed_mps,drive_time_s,num_lanes
-1004455330,299276361,292190572,428.6,13.89,30.8567,2
-1004455331,345085054,299276361,22.7,13.8897,1.6343,2
-1004455332,9267707208,345085054,32.4,13.8901,2.3326,2
-1023951574,293815289,9442302167,106.65,13.89,7.6782,1
-1023951575,9442302167,286311094,48.3,13.8901,3.4773,1
-1023951576,1685306649,1685306650,77.77,13.89,5.599,2
-1023951577#1,1685306669,9442302168,58.79,13.8901,4.2325,2
-1023951577#3,286311090,1685306669,39.82,13.8901,2.8668,2
-1023951578#2,cluster_251817694_3144361905_4711821578_8891450375_#1more,9442302169,79.4,13.8901,5.7163,2
-1023951579#2,344967316,30255446,105.6,13.89,7.6026,2
-1023951580,4440816377,9442302170,66.48,13.8899,4.7862,1
-1023951581#1,9442302170,30255443,61.88,13.89,4.455,2
-1023951582#1,30255443,9442302171,85.72,13.8901,6.1713,1
-1023951583#1,9442302172,cluster_1475177974_293956350_8241462469,43.07,13.89,3.1008,3
-1023951584#2,30255438,9442302173,74.66,13.89,5.3751,1
-1023951585,418988966,1475151214,0.2,13.8889,0.0144,1
-1023951588#1,287354800,421138214,61.98,13.89,4.4622,2
-1023951589#1,9442302175,298509028,65.27,13.8899,4.6991,3
-1023960570#4,9442405983,8189608959,147.55,13.8899,10.6228,2
-1023960571#2,21456881,9442405983,64.88,13.89,4.671,2
-1023960572#2,21456881,297024074,40.61,11.1099,3.6553,2
-1023960574#3,21305998,376119030,71.94,16.6701,4.3155,2
-1023965122#4,1553391593,21456881,65.33,13.89,4.7034,3
-1023965123#1,299045509,418988960,50.88,13.8899,3.6631,1
-1023965124#0,299045505,2256351534,23.33,13.8902,1.6796,1
-1023965124#1,363730875,299045505,81.74,13.89,5.8848,1
-1023965124#2,443127184,363730875,118.72,13.8899,8.5472,1
-1023965124#4,9442456743,443127184,92.31,13.89,6.6458,1
-1023965125#2,299045511,9442456743,55.3,13.8899,3.9813,1
-1023965126#1,9442456744,299045511,45.28,13.89,3.2599,2
-1023965127#4,299391259,9442456746,92.12,13.89,6.6321,3
-1023965128#1,338450586,9442456745,65.69,13.89,4.7293,2
-1023965129#2,9442456746,338450586,47.55,13.8901,3.4233,2
-1023981543#2,255942725,9442600124,85.59,13.89,6.162,1
-1023981544#0,255942729,9442600125,2.48,13.8936,0.1785,1
-1023981544#2,9442600124,255942729,11.27,13.8896,0.8114,1
-1023981545#0,416270941,9442600126,2.35,13.8889,0.1692,1
-1023981545#1,9442600125,416270941,19.15,13.8899,1.3787,1
-1023981546#2,9442600127,15434363,65.84,13.89,4.7401,2
-1023981547,4616498255,9442600128,43.19,13.8901,3.1094,2
-1023981549#3,250931960,9442600129,43.24,13.8901,3.113,1
-1023981550#2,7041183462,250197378,35.3,13.89,2.5414,2
-1023981551#3,1592027518,250197369,36.7,13.8899,2.6422,1
-1023981552,250197369,2372876949,25.76,13.8898,1.8546,1
-1023981553#2,9442600131,1592027518,33.35,8.33,4.0036,2
-1023981606#1,21456894,9442600168,58.13,13.8901,4.185,1
-1023981607#1,15434374,9442600169,40.76,11.1099,3.6688,1
-1023981608,9442600170,298584852,42.57,11.11,3.8317,2
-1023987959#1,15434363,442766018,34.76,22.2194,1.5644,1
-1023987960,442766018,9442675964,10.82,22.2222,0.4869,2
-1023987962,9442675965,390111756,15.3,22.219,0.6886,2
-1023987963#1,4458644201,310718855,44.87,22.2195,2.0194,2
-1023987968#1,6091317360,9442675968,25.26,13.8898,1.8186,2
-1023987969#2,9442675968,250931958,90.79,13.8899,6.5364,3
-1024001996#2,13319810691,9442789560,104.07,13.8901,7.4924,2
-1024001998#2,13319810686,9442789561,28.62,13.8898,2.0605,2
-1024001999,9442789561,9442789562,7.77,13.8899,0.5594,3
-1024002001#0,280645603,9442789568,41.14,13.8902,2.9618,2
-1024002001#2,7086411992,280645603,4.01,13.8899,0.2887,2
-1024002002#1,9442789569,1553072912,60.18,13.89,4.3326,3
-1024002003#2,1553072912,1553050146,84.96,13.8901,6.1166,2
-1024002004#1,9442789570,283678986,79.09,13.8901,5.694,3
-1024002005#1,283678986,9442789571,61.18,13.89,4.4046,2
-1024002006,9442789572,283678984,88.24,13.8899,6.3528,3
-1024002007#1,9442789573,293911986,11.61,13.8892,0.8359,2
-1024002008#1,297024077,9442789574,24.6,13.8897,1.7711,2
-1024002010,9442789575,9442789576,33.02,13.8903,2.3772,3
-1024002011#2,9442789576,298584879,37.64,13.8898,2.7099,3
-1024002012#1,298584879,9442789577,76.63,13.89,5.5169,2
-1024002013#2,298584936,298585000,110.38,13.89,7.9467,2
-1024002013#5,418988937,298584936,112.37,13.89,8.09,2
-1024728901#1,9448986018,295406696,23.38,11.1101,2.1044,2
-1024728902#2,298510756,9448986019,33.0,11.11,2.9703,1
-1024728903#2,9448986020,292190560,73.87,11.1099,6.649,2
-1024728904#1,cluster_2306411109_420326577,1475138181,26.46,11.1102,2.3816,1
-1024728905#1,9448986022,9448986021,4.13,13.8917,0.2973,1
-1024728906,1914277251,9448986022,1.97,13.8928,0.1418,2
-1024728907#1,345084778,cluster_290577265_541208444_8105157841,76.28,13.8901,5.4917,3
-1024728908,345084800,9448986023,18.16,13.8902,1.3074,3
-1024728909#1,9448986023,345084778,16.43,13.8896,1.1829,2
-1024728918#1,1489637009,297024081,30.49,11.1099,2.7444,2
-1024728920#2,297024081,9448986030,21.65,11.11,1.9487,2
-1024728921#1,7369497883,412859589,35.78,11.1101,3.2205,1
-1025389571#2,297322814,297322754,92.26,13.89,6.6422,1
-1025389598#1,296501324,296501314,61.67,13.89,4.4399,1
-1025389598#3,296501590,296501324,46.21,13.8898,3.3269,1
-1025389598#5,296501518,296501590,2.63,13.8933,0.1893,1
-1034689641,2002201332,8189608931,41.86,13.8899,3.0137,2
-1035878761#1,295406696,1509407617,32.7,13.8901,2.3542,1
-1035878874#0,293956353,306201745,28.55,11.1098,2.5698,1
-1035878874#3,295406694,293956353,144.21,11.11,12.9802,1
-1037428644#2,293911983,9556765873,74.21,13.89,5.3427,1
-1037428711,9556778321,293302282,78.35,13.8901,5.6407,2
-1037428728#1,9584102247,500375337,43.29,13.8901,3.1166,2
-1037428996#1,1677703303,306201754,168.3,11.11,15.1485,1
-1037429000#1,306201745,287354802,67.58,11.11,6.0828,1
-1037829043#0,338450585,338450584,37.79,11.1101,3.4014,1
-1037829043#2,12034992496,338450585,170.5,11.11,15.3465,1
-1040978932#1,421138218,298584871,18.72,11.1098,1.685,1
-1040978934#1,cluster_1592136105_4611993426_6835825384,9584102220,53.25,11.11,4.793,1
-1040978935#1,442755843,9584102221,23.9,13.8897,1.7207,1
-1040978935#6,298585001,442755843,77.53,13.89,5.5817,1
-1040978935#9,2027440548,298585001,72.78,13.8901,5.2397,1
-1040978936,9584102221,442755844,43.47,13.89,3.1296,2
-1040978937#1,442755844,9584102222,45.5,13.8902,3.2757,1
-1040978938#0,442755851,9584102223,3.05,13.8889,0.2196,1
-1040978938#1,9584102222,442755851,20.47,13.8902,1.4737,1
-1040978939#1,300190245,1507472822,36.91,11.1101,3.3222,1
-1040978941,416217136,9584102224,12.72,11.1101,1.1449,1
-1040978942#1,9584102225,416303252,22.26,11.11,2.0036,2
-1040978943#1,416303252,9584102226,40.45,11.1099,3.6409,1
-1040978944,9584102226,9584102227,20.73,11.1099,1.8659,1
-1040978945,9584102227,335820953,13.62,11.1102,1.2259,2
-1040978946,9584102228,cluster_15434382_4674699479_4674699484_8893238440_#2more,43.78,13.89,3.1519,3
-1040978961#1,306013442,335820892,142.42,11.11,12.8191,2
-1040978962#4,335820892,9584102237,53.6,13.89,3.8589,1
-1040978963#1,12751665809,421138189,69.41,13.8901,4.9971,2
-1040978972#1,6835868989,9584102244,14.09,13.89,1.0144,1
-1040978973#1,1509407617,9584102245,3.64,13.8878,0.2621,1
-1040978974,9584102246,1703857751,154.7,13.89,11.1375,1
-1040978975,9556765873,9584102247,12.36,13.8908,0.8898,2
-1040978976,9584102248,9556778321,20.22,13.8902,1.4557,1
-1051419672#3,256993290,13382612922,89.35,22.2197,4.0212,1
-1054111415,298584837,295699952,27.27,13.8899,1.9633,1
-1054111420#1,298584825,421138233,35.35,13.89,2.545,1
-1056114120#3,12751376391,cluster_15434382_4674699479_4674699484_8893238440_#2more,49.84,13.89,3.5882,3
-1056115834#3,412935618,1489841890,315.72,11.11,28.4176,1
-1056322999#1,309711623,4080014777,66.53,11.11,5.9883,1
-1058012204#0,338450435,9721605084,18.72,11.1098,1.685,1
-1058012204#1,338450430,338450435,65.47,11.11,5.8929,1
-1058012204#5,9721605085,338450430,123.94,11.11,11.1557,1
-106194246#12,306201777,279068742,317.94,13.89,22.8898,2
-106194246#15,338450577,306201777,137.43,13.89,9.8942,2
-106194246#16,cluster_292190578_8881861579_8881861591,338450577,76.06,13.89,5.4759,2
-1065984982#2,292190566,295144863,76.05,11.11,6.8452,2
-1066272893#3,295406626,9791424086,344.67,11.11,31.0234,1
-1071281183#1,298584827,298584825,47.38,11.1101,4.2646,1
-1073483403#1,363728132,299045502,117.43,11.11,10.5698,1
-1073483403#2,443127183,363728132,123.13,11.11,11.0828,1
-1073483403#4,299045505,443127183,66.21,11.11,5.9595,1
-1073483447#0,412684299,331969126,73.99,11.1099,6.6598,1
-1073483447#1,443127179,412684299,77.48,11.11,6.9739,1
-1073483447#2,443127178,443127179,68.11,11.11,6.1305,1
-1073483447#4,331969127,443127178,67.53,11.11,6.0783,1
-1075196285#2,253114349,13072530262,87.35,13.89,6.2887,1
-1075196285#3,256993773,253114349,53.69,13.8899,3.8654,1
-1075196285#4,15434359,256993773,21.6,13.8898,1.5551,1
-1075196285#6,11154333393,15434359,19.69,13.8897,1.4176,1
-1075199410#2,292190555,292190553,177.39,13.89,12.7711,1
-1075228281,306201589,13329700738,22.48,11.11,2.0234,1
-1075228283#2,298584894,298584892,60.11,11.1101,5.4104,1
-1075228288#5,418988962,295704980,125.8,11.11,11.3231,1
-1079306707#3,443127190,338450640,366.9,11.11,33.0243,1
-1082414388#2,299045532,309711627,72.01,11.1101,6.4815,1
-1082414389#2,380063483,299045532,365.37,11.11,32.8866,1
-1082414407#1,390608925,309711627,60.66,11.1101,5.4599,1
-1082414407#3,411929139,390608925,55.69,11.11,5.0126,1
-1082414407#5,1553073708,411929139,71.96,11.1101,6.477,1
-1082414987#2,380060469,380060486,84.74,11.1099,7.6274,1
-1082414987#6,380060187,380060469,60.63,11.1101,5.4572,1
-1082414993,380063483,380060112,68.31,11.11,6.1485,1
-1082414994#2,380060486,380063483,86.48,11.11,7.784,1
-1082557528#1,411929140,295699964,46.84,11.1101,4.216,1
-1082558012#1,cluster_420326593_420326614,416280816,52.02,11.1099,4.6823,1
-1082558170#0,442755853,299045545,140.6,11.11,12.6553,1
-1082558170#1,1349947413,442755853,82.17,11.1101,7.396,1
-1082558170#2,442755852,1349947413,37.82,11.1101,3.4041,1
-1083384630#2,1514895831,298584936,105.2,11.1101,9.4689,1
-1084117308#1,416299449,9934577770,382.82,11.11,34.4572,1
-1084372237#1,9936793088,380060486,55.0,11.11,4.9505,1
-1086321649#5,256993301,256993302,124.09,8.33,14.8968,1
-1090387669,298025682,cluster_286306354_340086015,222.42,13.89,16.013,1
-1090387673,298025699,298025682,76.03,13.8901,5.4737,1
-1093692645#1,416287016,416286375,75.82,11.11,6.8245,1
-1093692645#3,298585000,416287016,68.63,11.11,6.1773,1
-1093692829#1,416286375,416208085,90.84,11.11,8.1764,1
-1093693909#1,416208085,442755847,80.06,11.11,7.2061,1
-1093694367#1,416286375,416264089,86.16,11.11,7.7552,1
-1093694368#2,416264089,416224607,86.05,11.11,7.7453,1
-1097586597,340433834,422347593,114.23,8.33,13.7131,1
-1097586676#3,309711608,309711609,80.19,11.11,7.2178,1
-1097586676#7,309711607,309711608,84.98,11.1099,7.649,1
-1097586676#9,499953663,309711607,77.58,11.11,6.9829,1
-1097586698#1,408435644,408435646,90.65,11.11,8.1593,1
-1097586834#1,408435646,408435645,246.76,11.11,22.2106,1
-1105653636,298513376,10117541313,46.62,13.8899,3.3564,1
-1105653637#1,412935618,12912059504,117.9,13.89,8.4881,1
-1105653637#3,10117541314,412935618,24.85,13.8897,1.7891,1
-1106182514#4,412684305,412684309,286.08,11.11,25.7498,1
-1106182694#3,363714030,412684305,175.33,11.11,15.7813,1
-1106182871#0,1546157809,412684310,255.65,11.11,23.0108,1
-1106182871#2,363709174,1546157809,47.69,11.1101,4.2925,1
-1106182967,363709428,363709174,74.08,11.1099,6.6679,1
-1106183021#2,4080014768,4080014767,36.31,4.17,8.7074,1
-1106183021#5,4080014771,4080014768,34.78,4.17,8.3405,1
-1106183021#7,4080014773,4080014771,43.63,4.17,10.4628,1
-1106183072,7978961180,4080014771,50.34,4.17,12.0719,1
-1107889671#2,1489841890,392323912,111.2,11.11,10.009,1
-1107891951#1,418988941,10136635288,69.43,11.11,6.2493,1
-1107891951#5,418996080,418988941,122.58,11.11,11.0333,1
-1108254067#0,332419211,332419216,44.5,11.11,4.0054,1
-1108254067#2,332419193,332419211,85.27,11.11,7.6751,1
-1108254073,9442600169,418988976,1.96,11.1111,0.1764,2
-1109207334#1,363714030,363719039,164.92,11.11,14.8443,1
-1109207371#2,387553807,387944278,77.63,11.11,6.9874,1
-1110615406#3,338849150,2105727179,85.72,8.33,10.2905,1
-1116480694#2,295144589,295144588,82.65,13.8901,5.9503,1
-1116480699#2,295144600,329923257,93.16,13.89,6.707,1
-1117505217,442760457,300153147,139.68,11.11,12.5725,1
-1117506108#3,10220643199,1594214797,140.09,11.11,12.6094,1
-1117506109#3,418988940,10220643198,92.9,11.11,8.3618,1
-1126373902#2,1588087912,442755851,259.36,11.11,23.3447,1
-1130755851,329923312,10538055453,27.71,16.6697,1.6623,1
-1132593872,499953671,295406663,86.03,11.11,7.7435,1
-1132593873#1,287354804,13330071529,200.54,11.11,18.0504,1
-1159086379#1,294320272,294320267,103.35,11.11,9.3024,1
-1159086379#4,294320262,294320272,115.96,11.11,10.4374,1
-1159086380,13329700701,296266991,30.3,11.1099,2.7273,2
-1159086381#1,294320264,282723632,115.96,13.8899,8.3485,1
-1159086381#2,294320267,294320264,79.85,13.8901,5.7487,1
-1160957649#1,376119159,418996078,118.1,11.11,10.6301,1
-1160957651#1,412689918,376119159,80.11,11.11,7.2106,1
-1160957652#2,418996077,412689918,81.86,11.1101,7.3681,1
-1160957652#5,418996076,418996077,81.79,11.1101,7.3618,1
-1160957654#1,cluster_376119854_418996073_8190304826,418996074,84.59,11.1099,7.6139,1
-1161581671#2,418988949,418988948,189.44,11.11,17.0513,1
-1161581671#3,411932204,418988949,93.77,11.1101,8.4401,1
-1164299611#2,1594214784,416215978,76.02,11.11,6.8425,1
-1166011315,416237495,1667842661,47.13,11.1101,4.2421,1
-1177985060#3,329923351,329923312,110.65,11.11,9.9595,1
-1178811836#1,457749579,457749581,38.18,11.1101,3.4365,1
-1188522284#1,340085946,12761537057,46.51,8.33,5.5834,1
-1188522284#3,338450316,340085946,61.44,8.3299,7.3758,1
-1188522284#4,cluster_299045554_299045555_8637330184,338450316,62.41,8.33,7.4922,1
-1189775602,292190560,3241611539,31.77,11.1099,2.8596,1
-1189775604,292190560,8163580153,48.99,13.89,3.527,1
-1189775605,292190560,8163580146,62.43,13.89,4.4946,1
-1189775847#3,298509040,295406697,101.05,11.11,9.0954,1
-1189776503#4,295699950,298584871,119.76,11.11,10.7795,1
-1194880848,300186055,421146123,78.26,11.11,7.0441,1
-1196192976#1,297024110,297024112,71.07,11.1101,6.3969,1
-1196929615,8971292136,416211832,98.25,11.11,8.8434,1
-1196929617#1,416279122,444672672,171.84,11.11,15.4671,1
-1196929643#3,4313418422,416243573,336.95,11.11,30.3285,1
-1203315641,300190242,500375328,161.44,11.11,14.5311,2
-1206482076#2,250197471,250197468,161.43,8.33,19.3794,1
-1206482077#1,250197376,250197404,144.48,8.33,17.3445,1
-1208296568#1,338450214,11195990511,22.51,11.11,2.0261,1
-1209920417#5,340433857,10627514428,109.84,11.11,9.8866,1
-1210604495#0,283678987,9442789570,0.2,13.8889,0.0144,2
-1210604496#1,411932239,283678987,148.21,13.89,10.6703,2
-1214582542#3,253114354,253114349,86.76,8.33,10.4154,1
-1214582587#1,250197371,250197407,55.0,8.3301,6.6026,1
-1214923979#0,420326608,295699979,50.79,11.1099,4.5716,1
-1214923979#2,295699025,420326608,227.34,11.11,20.4626,1
-1215662200#1,1801260561,302857874,147.4,8.33,17.6951,1
-1215662201#3,308232155,308232159,83.71,8.33,10.0492,1
-1215662202#5,339271792,302857870,90.11,8.33,10.8175,1
-1215662203#4,252828863,252828919,84.87,8.33,10.1885,1
-1252609259#2,9442405984,21456881,101.21,13.8901,7.2865,3
-1253793166#2,255942741,1592064280,341.72,11.11,30.7579,1
-1257047395#0,363714039,363719043,125.83,11.11,11.3258,1
-1257047395#11,299045530,443127177,66.91,11.11,6.0225,1
-1257047395#3,335820946,363714039,109.97,11.11,9.8983,1
-1257047395#5,331969122,335820946,108.11,11.11,9.7309,1
-1257047395#6,331969254,331969122,80.53,11.11,7.2484,1
-1257047395#7,443127177,331969254,64.55,11.11,5.8101,1
-1257047423#1,280645744,9936793088,189.48,11.11,17.0549,1
-1264991141#2,6928676082,6084895932,70.31,13.89,5.0619,1
-1274741392#0,420326612,411929140,25.77,11.1102,2.3195,1
-1274741392#1,420326610,420326612,130.97,11.11,11.7885,1
-1274756235#2,cluster_1575070783_4612010953_4614302185_6091318473,1575070800,204.66,11.11,18.4212,1
-1276257988#1,443127185,299045511,71.57,11.1101,6.4419,1
-1277743747#1,7617097874,cluster_1475177974_293956350_8241462469,55.15,11.11,4.964,1
-1280784767#1,363719043,443127185,115.42,11.11,10.3888,1
-1283480506#1,442399964,290577275,100.68,11.11,9.0621,1
-1283482532#1,338450549,338450546,147.09,11.11,13.2394,1
-1283482532#2,338450550,338450549,0.2,11.1111,0.018,1
-1283482533#2,338450546,418988957,84.63,11.1099,7.6175,1
-1283482535#2,295699964,295699025,141.64,11.11,12.7489,1
-1283812546#1,442399963,298825558,73.35,11.1099,6.6022,1
-1283812546#3,442398939,442399963,125.15,11.11,11.2646,1
-1283812546#4,344967492,442398939,90.56,11.11,8.1512,1
-1283812546#5,299276338,344967492,85.46,11.11,7.6922,1
-1283812548#3,333850662,298825562,108.77,11.11,9.7903,1
-1284523985#1,390961829,332419680,394.55,13.89,28.4053,2
-1284524333#2,306013084,306013087,98.19,11.11,8.838,1
-1284524333#3,295406720,306013084,187.66,11.11,16.8911,1
-1284878799#5,255942735,255942725,86.65,8.33,10.4022,1
-1288540981,408435628,295699007,69.76,11.11,6.279,1
-1288541714#1,420326597,408435647,109.38,11.11,9.8452,1
-1291135986#1,9442600128,252828863,2.6,13.8889,0.1872,1
-1291967931#2,256993282,255942735,134.32,8.33,16.1248,1
-1291967932#2,255942732,256993282,149.3,8.33,17.9232,1
-1293297060,389902926,11989097530,62.82,11.1099,5.6544,1
-1293297061#1,cluster_287356562_334325617,295144461,54.69,13.8899,3.9374,1
-1294642483#2,421138233,335820951,48.57,13.8898,3.4968,1
-1294795038,4790263183,8192887980,8.8,11.1097,0.7921,1
-1294896911#1,308232164,299045563,85.63,8.33,10.2797,1
-1294896912#2,308232165,308232164,160.45,8.33,19.2617,1
-1294902007,309711629,1553073708,99.68,11.11,8.9721,1
-1299155917#0,331969334,412684310,288.05,11.11,25.9271,1
-1299155917#1,338450584,331969334,73.36,11.1099,6.6031,1
-1299155918#1,412684310,412684309,72.58,11.1099,6.5329,1
-1299164711#1,287356564,12035072774,93.54,11.1101,8.4194,1
-1299164712#1,12035072774,295406694,77.72,8.33,9.3301,1
-1299164713#2,12035072775,499953671,83.61,11.1099,7.5257,1
-1299177843#5,306201562,287356560,263.96,8.33,31.6879,1
-1299180792#1,1820676308,412689895,210.56,11.11,18.9523,1
-1299330491,287354799,418988965,18.28,11.1098,1.6454,1
-1299348105#1,416203321,418995332,51.31,11.1099,4.6184,1
-1299348827#1,517706896,412935618,168.23,11.11,15.1422,1
-1299350814#1,418988948,416294155,96.77,11.11,8.7102,2
-1300157752#2,442398939,416257066,94.27,11.1101,8.4851,1
-1300305316#4,2276974582,293956368,200.82,8.33,24.108,1
-1300310831#1,cluster_2465719590_2465719595_293459038,293459039,60.22,11.1101,5.4203,1
-1300310832#0,293459040,329923424,40.04,8.33,4.8067,1
-1300310832#3,293459039,293459040,166.92,8.33,20.0384,1
-1300312431#1,517706745,301490944,146.7,8.33,17.611,1
-1300312431#2,cluster_1721795850_517706752,517706745,10.46,8.33,1.2557,1
-1300400868#1,252828921,12044992548,54.57,13.8901,3.9287,1
-1301206498,cluster_250197382_338849141_6389831235,250197376,73.82,13.89,5.3146,1
-1301206499,12052070210,4616498255,28.61,13.8897,2.0598,1
-1301206500#3,250931960,12052070211,24.08,13.8902,1.7336,1
-1301392111#6,411648963,418991455,105.23,11.1101,9.4716,1
-1301392112#1,416235919,331969465,58.75,11.1101,5.288,1
-1301392113#10,cluster_280645653_310717282,310717268,226.65,11.11,20.4005,1
-1301392113#7,310717268,283678987,175.29,11.11,15.7777,1
-1301392114#2,387553807,299045530,141.74,11.11,12.7579,1
-1301392114#4,299045532,387553807,67.83,11.11,6.1053,1
-1301392114#5,380059958,299045532,71.13,11.1101,6.4023,1
-1301392114#8,1553074296,380059958,139.87,11.11,12.5896,1
-1301409525#1,cluster_338450314_412689899,12054185208,28.98,11.1098,2.6085,1
-1301409526#1,1999205832,cluster_306201556_339271925_339271926_340085904_#1more,105.81,11.1099,9.5239,1
-1303060994#1,cluster_15434372_4612010943_6091318476_6091318477,295406694,99.29,8.33,11.9196,1
-130351081,13329633894,282813661,34.3,11.11,3.0873,2
-130351083,294264112,294311865,65.95,13.8901,4.748,1
-1304343300#5,298584885,298509040,117.44,11.11,10.5707,1
-1305186235#1,302857870,9442675965,121.48,22.2202,5.4671,1
-1305186235#4,293302280,302857870,70.86,22.2201,3.189,1
-1305659439#1,442755847,416191189,126.23,11.11,11.3618,1
-1305659451,1475138181,345084898,531.89,11.11,47.8749,1
-1307367547#1,416214406,443127190,272.39,11.11,24.5176,1
-1308338677#1,1544266225,298513378,31.95,13.8901,2.3002,3
-1308539774#1,298826279,298826273,73.66,11.1099,6.6301,1
-1310769971#3,369887847,255942727,299.28,11.11,26.9379,1
-1310769979#4,13319810686,412689860,501.5,13.89,36.1051,1
-1310963344#1,416277599,442399963,77.88,11.11,7.0099,1
-1310963344#3,416259404,416277599,81.34,11.11,7.3213,1
-1310963345#1,442398939,416215119,77.73,11.11,6.9964,1
-1310963450#0,416279646,299276338,52.11,11.1099,4.6904,1
-1310963450#1,12134911232,416279646,92.5,11.11,8.3258,1
-1313017952#2,416215978,418988948,219.09,11.11,19.7201,2
-1313017953#2,416201077,416215978,84.1,11.1099,7.5698,2
-1318607642#14,256993287,256993286,305.13,8.33,36.6303,1
-1318607642#3,256993285,cluster_256993284_4612010951_4614303589_6091318462,80.83,8.33,9.7035,1
-1318607642#6,256993283,256993285,132.17,8.33,15.8667,1
-1318607642#9,256993286,256993283,114.59,8.33,13.7563,1
-132686423,1703857751,293911983,77.36,13.8899,5.5695,2
-133041330#10,309711627,293911791,213.13,11.11,19.1836,1
-133041330#3,310717268,411648963,86.5,11.11,7.7858,1
-133041330#7,293911791,310717268,145.88,11.11,13.1305,1
-1332930339#2,253262193,253262192,72.21,13.89,5.1987,1
-1333152006#1,335820951,298584837,91.99,13.8899,6.6228,1
-1333384888#1,299045598,339204557,67.65,8.33,8.1212,1
-1343335885#2,253262191,2713425617,4.06,8.3299,0.4874,1
-1343335885#9,253262190,253262191,259.02,8.33,31.0948,1
-1348013981#2,338450516,418988956,70.55,11.1101,6.3501,1
-1348014030#3,345085235,295144863,135.58,11.11,12.2034,1
-1348014030#4,345085226,345085235,28.01,11.1098,2.5212,1
-1348014030#6,cluster_295144875_295144877,345085226,28.25,11.1098,2.5428,1
-1348014033#2,517706894,306013455,79.73,11.11,7.1764,1
-1349462003#1,296266991,296501357,49.63,13.8899,3.5731,1
-1359965487#2,251576076,cluster_251576070_309711638,146.34,8.33,17.5678,1
-1359965488#1,340085945,302857874,35.31,13.8901,2.5421,1
-1359965488#3,302857875,340085945,34.11,13.8901,2.4557,1
-1359965493#2,280645611,1553072112,81.32,13.8899,5.8546,1
-1359965493#6,13131909139,280645611,88.71,13.89,6.3866,1
-1360246090#2,1573617448,13301907136,155.01,11.11,13.9523,1
-1360246092#1,287354804,1575070800,52.73,11.1099,4.7462,1
-1364075122#2,293302282,21456894,97.45,13.8901,7.0158,2
-1369079902,418996072,1544266225,142.81,13.89,10.2815,2
-137435479#1,1507618123,1507618124,60.49,13.8901,4.3549,1
-1376769307,286311097,2220284425,37.93,11.1101,3.414,1
-1376889049,344967583,13329574191,135.44,11.11,12.1908,1
-1377144093#1,cluster_15434382_4674699479_4674699484_8893238440_#2more,12751376331,60.55,13.8898,4.3593,2
-1377144100#0,442760425,12751376389,1.15,13.8889,0.0828,1
-1377144100#2,12751376390,442760425,7.3,13.8889,0.5256,1
-1377144102#1,335820892,12751376391,8.52,13.8898,0.6134,2
-1377144105,9584102237,12751665809,32.6,13.8901,2.347,1
-1378242894#1,12761537057,302857875,27.63,8.3301,3.3169,2
-1378242895#1,12761537059,296018207,38.35,22.2203,1.7259,2
-1378242896#2,12761537058,302857875,86.37,22.2202,3.887,1
-1378242897#1,340433794,12761537059,83.03,22.2201,3.7367,1
-1378442994,299027480,299027477,168.21,13.8899,12.1102,1
-1378442995,299027481,299027480,21.99,13.8896,1.5832,1
-1380614380#1,12782278410,114158636,30.19,16.6703,1.811,3
-1382744704,481695408,12802051734,25.21,16.67,1.5123,3
-1382907817#1,12803499336,421163789,12.21,13.8908,0.879,2
-1383914890#1,292443705,12813288166,30.46,16.6703,1.8272,2
-1383914890#4,292190605,292443705,83.27,16.67,4.9952,2
-1383942272#1,cluster_251576066_2614057273_2614057276_2614057277_#5more,12073327064,105.43,13.8899,7.5904,2
-1384258008#1,12816306815,1837119678,29.75,13.8902,2.1418,2
-1384258009,302464763,12816306815,14.75,13.8902,1.0619,2
-1390241127#2,114197516,302857898,40.92,8.3299,4.9124,1
-1390241127#4,339204563,114197516,160.65,8.33,19.2857,1
-1390241128#1,299045594,339204563,239.77,8.33,28.7839,1
-1390241128#2,336984436,299045594,94.98,8.33,11.4022,1
-1390241128#4,336984463,336984436,124.12,8.33,14.9004,1
-1394907768,12912059504,993665189,2.77,13.8917,0.1994,3
-1396504630,1475151214,418988967,79.45,13.8901,5.7199,1
-140025117#2,418988942,418988943,70.1,11.1101,6.3096,1
-140025117#4,418988939,418988942,56.57,11.11,5.0918,1
-140025117#6,418988940,418988939,63.71,11.1099,5.7345,1
-140025118#1,421155707,442760457,86.21,11.11,7.7597,1
-140025118#3,416215978,421155707,135.38,11.11,12.1854,1
-140025119#3,418988932,418988940,281.65,11.11,25.351,1
-1413213286,cluster_300707134_300707139,481695373,12.83,16.671,0.7696,1
-1413416068,292190585,cluster_300707134_300707139,47.1,16.6702,2.8254,2
-1414013313#3,12993728887,279068744,110.86,13.89,7.9813,1
-1414013314#0,345085231,12993728887,26.34,13.8902,1.8963,1
-1414013314#1,295144916,345085231,18.75,13.8899,1.3499,1
-1416294553,13015332260,329923312,34.01,16.6699,2.0402,2
-1416517089,13017180080,295144682,25.78,16.6699,1.5465,2
-1416517090,13017180081,1838323753,35.97,16.6698,2.1578,1
-1416517091,295144682,13017180081,23.29,16.6702,1.3971,1
-141893273#10,412689860,442435100,88.12,8.33,10.5786,1
-141893273#5,442435099,13131909139,75.91,8.33,9.1128,1
-141893273#6,416261016,442435099,81.01,8.33,9.7251,1
-141893273#8,442435100,416261016,83.25,8.33,9.994,1
-141893616#3,380059648,1553074296,154.2,13.89,11.1015,2
-141893616#5,1514664671,380059648,53.79,13.8899,3.8726,2
-1419957459,9907483911,310717154,20.43,13.8904,1.4708,1
-1419957460#1,299045451,12697044460,32.32,13.8897,2.3269,1
-1421989915,292190541,2296395497,58.41,13.8899,4.2052,2
-1422478720#2,1592027522,1592027518,24.77,13.89,1.7833,1
-1422478721,13072530262,1592027522,23.86,13.8899,1.7178,2
-1422981039,13077532485,13081115612,114.84,16.6701,6.889,2
-1422981040,283267240,13077532485,33.84,16.67,2.03,2
-1423237836#1,13081115612,283267192,36.42,16.6697,2.1848,3
-1427142111#2,250931944,340085987,116.37,13.8899,8.378,2
-1427142112#1,13119677318,250931944,15.23,13.8896,1.0965,3
-143420382#2,306013118,1481954812,223.5,11.11,20.117,1
-143420382#4,418988970,306013118,114.86,11.11,10.3384,1
-143420382#6,306201754,418988970,176.25,11.11,15.8641,1
-143520543,cluster_13130062297_13329700774_418993207_445219807_#1more,1570470755,23.23,13.8902,1.6724,2
-143668952#1,340085983,1572274258,35.08,11.1101,3.1575,2
-143766272#1,502840355,299027461,40.6,13.8898,2.923,1
-143796439#10,250197480,250197469,74.62,11.11,6.7165,1
-143796439#13,250197468,250197480,78.74,11.11,7.0873,1
-143796439#14,250197467,250197468,78.18,11.11,7.0369,1
-143796439#17,250197463,250197467,78.46,11.11,7.0621,1
-143796439#19,253114354,250197463,118.23,11.11,10.6418,1
-143796439#21,253114356,253114354,81.15,11.11,7.3042,1
-143796439#23,253114357,253114356,77.34,11.11,6.9613,1
-143796439#3,250197466,252828860,78.71,11.11,7.0846,1
-143796439#7,250197469,250197466,80.64,11.11,7.2583,1
-1441662515#3,114158636,474770401,39.66,13.89,2.8553,1
-1442311830,9434062273,253262188,18.09,13.8897,1.3024,2
-1442311831,253262188,250197364,220.14,13.89,15.8488,1
-144245114,442760427,12751376390,234.25,13.89,16.8647,1
-1442622796#1,250197371,13236828792,109.24,13.8899,7.8647,1
-1442622796#2,250197376,250197371,88.07,13.8901,6.3405,1
-1442622797,13236828792,250197361,26.22,13.8899,1.8877,2
-1442622798#2,250197410,250197361,46.5,8.33,5.5822,1
-1442622799,250197361,13236828793,21.02,13.8902,1.5133,1
-1444228994,13251917735,302464763,15.19,13.8899,1.0936,3
-1444267562#1,13252209958,292190555,15.26,13.8904,1.0986,2
-1444461803#2,293302280,cluster_294298830_340433787,64.42,11.11,5.7984,2
-1445744607#1,13264826401,287354804,14.56,11.1103,1.3105,2
-1446040124,9721605084,cluster_290577265_541208444_8105157841,54.72,11.11,4.9253,2
-1447069678#1,13277070109,338450214,37.88,11.1101,3.4095,3
-1450317016#1,13301907136,338450214,23.14,11.11,2.0828,2
-1451889588,13315820512,338450211,0.2,22.2222,0.009,2
-1451889589,338450211,cluster_255942734_4612010949_6091318466_6091318467,34.19,22.2201,1.5387,3
-1452636040#2,298825558,13322081229,33.6,11.11,3.0243,1
-1453486580,13329574191,338450360,35.3,11.1101,3.1773,2
-1453492641,cluster_2306411109_420326577,676441729,4.01,13.8899,0.2887,1
-1453492644#1,256993289,8477238550,40.11,22.2204,1.8051,1
-1453492654,282813661,13329633893,34.84,13.8899,2.5083,1
-1453492655,296267014,13329633894,35.34,11.1101,3.1809,1
-1453492656,13329633895,296267014,27.71,11.1102,2.4941,2
-1453492657#1,2099065320,13329633895,57.72,11.11,5.1953,1
-1453492658,13329633896,517706844,5.78,13.8909,0.4161,1
-1453492659,517706844,294264112,32.08,13.8899,2.3096,2
-1453492660,294311865,294312075,34.29,13.8899,2.4687,2
-1453492661#1,294312075,294311965,105.08,13.8899,7.5652,1
-1453492662,294311965,292443707,38.32,13.8901,2.7588,1
-1453492663,292443707,283267440,4.61,13.8897,0.3319,1
-1453492664,283267440,13329633897,33.65,13.89,2.4226,1
-1453492665#1,13329633897,13329633898,256.41,13.89,18.46,1
-1453492666,13329633898,296267145,33.42,13.8903,2.406,2
-1453492667,296267145,13329633899,17.92,13.8904,1.2901,1
-1453492668#1,13329633899,282723632,34.95,13.89,2.5162,2
-1453492669,282723632,13329633900,33.72,11.11,3.0351,1
-1453492670,13329633900,13329700701,62.07,11.1099,5.5869,1
-1453492678#2,12662559492,13329700764,79.74,13.8901,5.7408,1
-1453492679#2,299045451,418996078,110.63,13.89,7.9647,2
-1453492684,12697044460,9907483911,18.27,13.8904,1.3153,2
-1453492694,306201596,4711826490,27.62,11.1102,2.486,2
-1453492695,4711826490,13329700730,8.71,11.1097,0.784,3
-1453492698,13329700737,306201596,24.18,11.1101,2.1764,2
-1453492699,8881878777,306201589,20.92,11.1099,1.883,2
-1453492703,cluster_13329700753_340085933,8881878776,16.35,11.1104,1.4716,2
-1453492718#1,13329700764,299045451,67.5,13.89,4.8596,2
-1453502129#1,13329684337,298825558,22.13,11.11,1.9919,2
-1453536843,13330071529,344967583,36.48,11.1101,3.2835,2
-145388253#10,282741811,282723579,203.11,16.6699,12.1842,2
-145388253#15,297322814,282741811,140.46,16.67,8.4259,2
-145388253#22,282723634,297322814,184.62,16.67,11.075,2
-145388253#28,12364195171,282723634,124.38,16.67,7.4613,2
-145388253#37,12813288166,12364195171,229.98,16.67,13.796,2
-145388253#7,282723579,cluster_334325593_84075613,161.69,16.6699,9.6995,2
-145390019#2,1588088186,418996079,93.01,11.11,8.3717,1
-145390027#2,1588087948,1588087912,129.15,11.11,11.6247,1
-145390028#1,1588088186,414478048,75.39,11.11,6.7858,1
-145390028#3,1588088195,1588088186,132.85,11.11,11.9577,1
-145390036#1,376045510,cluster_376119854_418996073_8190304826,66.16,11.11,5.955,1
-145390036#2,297024074,376045510,81.58,11.1101,7.3429,1
-145390039#4,12708745103,cluster_1489279437_1489279440_1489279442_3241620189_#3more,39.74,11.1099,3.577,1
-145390039#5,418996079,12708745103,26.37,11.1102,2.3735,1
-145390039#6,cluster_376119854_418996073_8190304826,418996079,158.82,11.11,14.2952,1
-145390040,418988934,1588088092,63.23,11.1099,5.6913,1
-145390064#1,1588087948,300186055,57.46,11.11,5.1719,1
-145390064#3,416287733,1588087948,63.06,11.1099,5.676,1
-145390064#6,416264089,416287733,86.25,11.11,7.7633,1
-145390064#8,418988943,416264089,211.01,11.11,18.9928,1
-145886211#2,253262185,11154333393,54.64,13.8899,3.9338,1
-145886211#3,256993302,253262185,33.11,13.8902,2.3837,1
-145886211#5,11118327803,256993302,25.14,13.8903,1.8099,1
-145888253#1,1592064284,412689855,95.44,13.8901,6.8711,1
-145888253#5,8770896924,1592064284,566.21,13.89,40.7639,1
-145889150#2,412689855,414872744,101.92,13.8899,7.3377,1
-145889151#2,414872744,299027477,191.2,13.89,13.7653,1
-145891361#2,442755843,1592136089,50.45,11.1099,4.541,1
-145891362#2,1592136109,418988960,163.5,11.11,14.7165,1
-145891373#1,9584102223,300190245,64.03,13.89,4.6098,2
-145891375#2,295406697,cluster_1592136105_4611993426_6835825384,114.18,11.11,10.2772,1
-145891376#3,335820953,cluster_15434382_4674699479_4674699484_8893238440_#2more,69.47,11.11,6.2529,2
-145891378#1,15434380,298584897,88.97,11.11,8.0081,1
-145891378#6,13130143614,15434380,134.22,11.11,12.081,1
-145891378#9,9584102220,13130143614,63.36,11.1099,5.703,1
-145891386#2,1507472822,416217136,161.21,11.11,14.5104,2
-1459191760,13382612921,13315820512,18.51,22.2209,0.833,1
-1459191761,1592064280,13382612921,6.31,22.2183,0.284,1
-1459191762,13382612922,1592064280,16.18,22.2192,0.7282,2
-146415445#1,15434380,298584894,58.73,11.1101,5.2862,1
-146415446#4,392323915,392323928,120.97,11.11,10.8884,1
-1464324180,13432233936,408435645,12.0,22.2181,0.5401,2
-147349540,1605629477,282813669,21.6,13.8898,1.5551,1
-147353574#0,282723661,1577628832,22.51,13.8899,1.6206,1
-147353574#1,1577628832,282723661,19.27,13.8903,1.3873,1
-157931979#0,114197533,1701620285,37.95,13.8899,2.7322,2
-157931979#1,cluster_339271915_339271936,114197533,41.69,13.8902,3.0014,2
-157931979#3,cluster_336984543_340085925,cluster_339271915_339271936,93.88,13.89,6.7588,2
-164567612#12,306013501,335034175,87.98,11.11,7.919,1
-164567612#15,1761863805,306013501,314.62,11.11,28.3186,1
-164567612#9,335034175,cluster_2469488290_306013490,394.85,11.11,35.5401,1
-165070199#1,cluster_295699948_442755845_8905696885,298585000,108.41,11.11,9.7579,1
-165070199#9,298585001,cluster_295699948_442755845_8905696885,119.69,11.11,10.7732,1
-168447355,338450575,338450564,43.66,11.11,3.9298,1
-168447356#1,338450553,338450549,33.31,11.11,2.9982,1
-171179360#0,1822540148,363711339,105.29,11.1101,9.477,1
-171179360#1,363711339,1822540148,95.77,11.11,8.6202,1
-171733409#2,9125521177,418988959,231.18,11.11,20.8083,1
-172812298#2,9442789577,418988937,172.78,13.89,12.4392,2
-172812300#1,1588087912,300190242,73.88,13.8901,5.3189,2
-172812300#4,442755847,1588087912,74.56,13.89,5.3679,2
-172812300#5,442755846,442755847,72.57,13.8901,5.2246,2
-172812300#7,298585000,442755846,80.36,13.8899,5.7855,2
-172866161#0,2641132493,345084903,35.53,11.1101,3.198,1
-172866161#1,345084903,2641132493,36.86,11.1101,3.3177,1
-174381151#0,1850773136,416302362,42.82,11.11,3.8542,1
-174381151#1,416302362,1850773136,32.76,11.11,2.9487,1
-176086942#2,9584102245,287354790,38.68,13.8902,2.7847,2
-176086947#5,613999354,335820950,85.14,13.89,6.1296,2
-176087116#8,474770401,13350672184,269.66,13.89,19.414,2
-176087117#10,253262192,253262191,87.34,16.6698,5.2394,2
-176087117#12,250197364,253262192,88.96,16.6701,5.3365,2
-176087117#8,253262191,12782278410,153.93,16.6699,9.234,2
-180987753#2,9448986021,cluster_2306411109_420326577,86.99,13.89,6.2628,2
-182463031#11,253262190,1928166925,449.28,11.11,40.4392,1
-184296885#0,1947591832,416208011,35.64,11.1101,3.2079,1
-184296885#3,416208011,1947591832,25.64,11.1101,2.3078,1
-184788096#2,cluster_267812666_533789218,cluster_267812728_335616696,1053.99,11.11,94.8686,1
-187675773#2,252828857,256993288,185.31,11.11,16.6796,1
-187675774#3,256993287,256993289,128.21,8.33,15.3914,1
-187675774#6,256993288,256993287,150.31,8.33,18.0444,1
-187679408#1,380060187,1514664671,125.13,13.8901,9.0086,2
-187679408#4,369888510,380060187,55.06,13.89,3.964,2
-187679408#6,1553050146,369888510,96.71,13.8899,6.9626,2
-187683778#0,420326601,442755852,38.9,11.1098,3.5014,1
-187683778#1,408435643,420326601,74.29,11.1099,6.6868,1
-187683778#2,295699007,408435643,109.36,11.11,9.8434,1
-187686032#1,416201533,369887847,84.61,13.8901,6.0914,1
-187686032#3,442435096,416201533,115.15,13.8901,8.2901,1
-187688031#0,1873900667,502840355,27.65,13.8903,1.9906,1
-187688031#1,502840355,1873900667,17.12,13.8905,1.2325,1
-187824056,11195990511,340433794,64.44,11.11,5.8002,1
-187957279#0,1985900122,330382364,20.34,13.8896,1.4644,1
-187957279#1,330382364,1985900122,18.31,13.8902,1.3182,1
-188300799#1,298584836,421138218,62.9,11.1099,5.6616,1
-188300799#3,502855751,298584836,83.67,11.1099,7.5311,1
-188300801#1,287354790,9584102246,84.64,13.89,6.0936,1
-188978502#2,442435097,13131909136,109.67,22.2202,4.9356,1
-188978502#3,8189608962,442435097,42.03,22.2205,1.8915,1
-188978503#2,331969127,299045530,236.83,11.11,21.3168,1
-188978504#2,299045530,309711626,86.03,11.11,7.7435,1
-189273915#3,309711634,cluster_309711635_338450163,194.75,11.11,17.5293,1
-189273915#6,309711633,309711634,170.5,11.11,15.3465,1
-189273916#1,cluster_308232139_339573893,1999205832,41.0,8.3299,4.922,1
-189273916#11,299045585,299045565,165.55,8.33,19.8739,1
-189273916#14,302857860,299045585,266.84,8.33,32.0336,1
-189273916#18,251576069,302857860,132.0,8.33,15.8463,1
-189273916#4,306201538,cluster_308232139_339573893,81.39,8.33,9.7707,1
-189273916#5,299045563,306201538,139.16,8.33,16.7059,1
-189273916#8,299045565,299045563,79.78,8.33,9.5774,1
-189277203#1,295144861,1999217108,37.83,8.33,4.5414,1
-189277203#4,cluster_299045554_299045555_8637330184,295144861,144.56,8.33,17.3541,1
-192794593#3,296018207,12761537058,49.32,22.2202,2.2196,1
-193422713#11,306013441,442760433,66.82,11.11,6.0144,1
-193422713#2,292190553,306013433,82.38,11.1101,7.4149,1
-193422713#5,442760434,292190553,69.69,11.11,6.2727,1
-193422713#8,442760433,442760434,25.4,11.1101,2.2862,1
-193422722#4,444672672,306013433,173.05,11.11,15.5761,1
-193817493#0,298511021,10117541314,89.38,11.11,8.045,1
-193817493#2,298511555,298511021,185.9,11.11,16.7327,1
-193817493#3,10117541313,298511555,56.78,11.11,5.1107,1
-193818031,306013063,11386320240,336.48,11.11,30.2862,1
-193818032#2,300707174,cluster_287356562_334325617,122.71,11.11,11.045,1
-193818032#3,299134041,300707174,62.17,11.1099,5.5959,1
-193912296#0,412689860,380045138,181.36,13.89,13.0569,1
-194225547#1,442760444,442760443,72.92,11.1099,6.5635,1
-194225558#6,287354792,287354793,240.42,11.11,21.64,1
-196464729#0,114197545,cluster_336984543_340085925,109.77,13.89,7.9028,2
-196464729#2,287356560,114197545,168.39,13.89,12.1231,2
-199916196#0,500375328,442760458,154.4,11.11,13.8974,2
-202029543#1,283678999,255942727,138.34,13.89,9.9597,2
-202440242#5,338450360,295144850,126.72,11.11,11.4059,1
-204494126#1,335820953,2144935899,16.79,11.1096,1.5113,1
-214495784#3,12073327064,292190605,99.08,13.89,7.1332,2
-216279767#0,443127180,9442456744,183.99,13.89,13.2462,1
-216279767#1,363716843,443127180,52.11,13.8901,3.7516,1
-216279767#3,502840329,363716843,13.75,13.8903,0.9899,1
-216279767#5,443127192,502840329,46.87,13.8899,3.3744,1
-216279767#9,9442456745,443127192,131.15,13.8901,9.442,1
-216279902#1,299045509,2256352486,42.86,13.8899,3.0857,1
-217608324#12,2090596137,418991455,166.94,11.11,15.0261,1
-217608324#8,418991455,418988963,226.89,11.11,20.4221,1
-217608339#1,8189158183,418988963,74.69,11.11,6.7228,1
-217920227#0,306201589,306201582,38.02,11.1101,3.4221,1
-217920227#2,340085931,306201589,45.02,11.11,4.0522,1
-220078253,306013433,442760444,70.05,11.1101,6.3051,1
-220078254#1,444672672,416185950,69.99,13.8899,5.0389,1
-220078254#4,292190555,444672672,84.73,13.8899,6.1001,1
-220078255#1,416185950,442760427,70.58,13.8899,5.0814,1
-223086325#1,295406697,1489637009,77.75,11.11,6.9982,1
-224109042#1,9442789574,298584875,69.96,13.89,5.0367,3
-224109043#2,442435098,280645738,93.74,22.2201,4.2187,1
-224109043#5,8189608961,442435098,263.4,22.22,11.8542,1
-224109900#1,380060129,1553072912,116.83,22.2199,5.2579,1
-224109900#2,280645744,380060129,70.47,22.2198,3.1715,1
-224109900#4,280645738,280645744,267.16,22.22,12.0234,1
-224111393#0,416305910,9442789569,10.01,13.8893,0.7207,2
-224111393#1,416269476,416305910,80.49,13.89,5.7948,2
-224111393#3,416277132,416269476,80.03,13.89,5.7617,2
-224111393#4,255942727,416277132,89.85,13.89,6.4687,2
-224262404#1,338450516,cluster_292190578_8881861579_8881861591,75.14,13.8901,5.4096,2
-224262404#7,279068744,338450516,176.98,13.89,12.7415,2
-224262442#3,287354791,298509039,82.65,11.1101,7.4392,1
-224262443#6,298513389,298509039,65.59,11.11,5.9037,1
-228055699#2,442399965,13329684337,64.32,11.11,5.7894,1
-228055699#5,412689902,442399965,247.49,11.11,22.2763,1
-228056638#1,9442600168,15434374,71.83,13.8901,5.1713,2
-228056639#4,297024081,298584876,104.6,13.89,7.5306,1
-228056640#2,309711632,309711631,81.5,11.1101,7.3357,1
-228056640#6,295699964,309711632,106.2,11.1099,9.559,1
-23156770#0,250197384,9442600131,44.24,8.33,5.3109,1
-23156770#3,250197397,250197384,87.69,8.33,10.527,1
-23156770#6,250197361,250197397,111.49,8.33,13.3842,1
-23156771#5,250197467,250197369,81.76,8.33,9.8151,1
-23156772#4,250197468,250197374,85.13,8.33,10.2197,1
-23156776#1,250197400,250197402,78.4,8.33,9.4118,1
-23156776#3,250197397,250197400,95.2,8.33,11.4286,1
-23156778#2,250197470,250197469,161.59,8.33,19.3986,1
-23156779#3,250197463,1592027522,82.95,8.33,9.958,1
-23156779#7,250197456,250197463,161.9,8.33,19.4358,1
-23156780#1,1613212236,252828918,31.36,11.1099,2.8227,1
-23156780#11,408430803,252828919,70.53,11.1101,6.3483,1
-23156780#5,252828919,1613212236,84.88,11.1099,7.64,1
-23156781#10,250197369,250197393,81.36,8.33,9.7671,1
-23156781#2,250197400,250197371,45.7,8.33,5.4862,1
-23156781#5,250197393,250197400,83.05,8.33,9.97,1
-23156783#3,250197421,250197440,83.05,8.33,9.97,1
-23156784#0,250197477,250197473,146.0,8.33,17.527,1
-23156784#4,250197476,250197477,163.66,8.33,19.6471,1
-23156785#2,250197479,250197477,111.12,8.33,13.3397,1
-23156786#1,250197473,3780381657,10.65,8.3301,1.2785,1
-23156787#4,250197466,250197418,84.48,8.33,10.1417,1
-23156788#7,250197359,6091317342,162.5,8.33,19.5078,1
-23177686#1,250197402,250197376,9.41,8.3296,1.1297,1
-23177686#3,250197390,250197402,81.16,8.33,9.7431,1
-23177686#7,250197374,250197390,81.48,8.33,9.7815,1
-23200736#4,253262187,250931931,168.09,8.33,20.1789,1
-23200736#8,15434359,253262187,182.28,8.33,21.8824,1
-23200739#11,cluster_251576070_309711638,251576069,79.78,13.89,5.7437,2
-23200739#14,339271796,cluster_251576070_309711638,85.6,13.89,6.1627,2
-23200739#3,251576067,8195956656,172.04,13.89,12.3859,2
-23200739#4,308232187,251576067,85.0,13.89,6.1195,2
-23200739#7,251576068,308232187,75.75,13.8899,5.4536,2
-23200739#9,251576069,251576068,82.76,13.8901,5.9582,2
-23250092#4,251576071,251576067,146.65,8.33,17.605,1
-23250093#3,251576068,336984689,149.02,8.33,17.8896,1
-23250094#2,336984689,251576071,183.24,8.33,21.9976,1
-23250095#1,251576074,308232187,42.36,8.3301,5.0852,1
-23250096#1,251576075,251576069,137.62,8.33,16.521,1
-23250097#4,cluster_1551395091_5562961541,251576076,190.4,13.89,13.7077,1
-23349347#1,252828862,252828861,64.65,13.8901,4.6544,1
-23349377#2,6091347617,252828863,74.39,8.33,8.9304,1
-23349378#2,3780395178,252828856,132.21,8.33,15.8715,1
-23349380#1,418991447,cluster_287356568_4614303593,18.52,11.1098,1.667,2
-23349381#2,252828858,256993822,157.12,8.33,18.8619,1
-23349383#1,252828923,250197476,13.07,13.8895,0.941,1
-23377454#1,250197486,253114354,153.64,8.33,18.4442,1
-23377454#3,253114350,250197486,98.4,8.33,11.8127,1
-23377454#4,253114364,253114350,202.34,8.33,24.2905,1
-23377454#7,253114351,253114364,75.83,8.33,9.1032,1
-23377456#2,253114365,253114356,196.98,8.33,23.6471,1
-23377456#4,253114364,253114365,289.01,8.33,34.6951,1
-23377456#7,253114363,253114364,284.45,8.33,34.1477,1
-23377457#0,2451243512,1111318641,7.54,8.3297,0.9052,1
-23377457#3,1111318641,2451243512,32.81,8.3299,3.9388,1
-23391383#14,253262185,253262186,222.31,8.33,26.6879,1
-23391383#6,253262186,253262184,180.95,8.33,21.7227,1
-23391384#2,253262187,253262186,85.99,8.33,10.3229,1
-235910935,344967390,344967385,128.77,11.11,11.5905,1
-23627269#11,255942728,256993822,90.04,8.33,10.8091,1
-23627269#6,256993288,255942732,305.34,8.33,36.6555,1
-23627269#8,256993822,256993288,103.36,8.33,12.4082,1
-23627271#5,256993281,255942729,235.09,8.33,28.2221,1
-23627275#3,256993285,255942735,146.78,8.33,17.6206,1
-23627275#6,1592064280,256993285,153.83,8.33,18.467,1
-237176713#12,253114366,253114365,79.83,8.33,9.5834,1
-237176713#2,253114363,1111318641,78.17,8.33,9.3842,1
-237176713#6,253114350,253114363,84.19,8.33,10.1068,1
-237176713#9,253114365,253114350,120.8,8.33,14.5018,1
-23729770#2,250197476,252828857,189.38,11.11,17.0459,1
-23729774#4,8060737230,256993301,256.0,8.33,30.7323,1
-23729775#1,9442789568,283678999,54.19,13.8899,3.9014,3
-23729845#3,256993774,256993773,110.27,8.33,13.2377,1
-23729855#1,12044992548,252828858,137.11,8.33,16.4598,1
-23729858#1,9442600126,15434363,49.67,13.8898,3.576,2
-23729868#1,443127197,338450579,77.11,8.33,9.2569,1
-23729868#2,443127196,443127197,79.39,8.33,9.5306,1
-23729868#4,443127195,443127196,80.66,8.33,9.6831,1
-23729868#6,255942728,443127195,79.71,8.33,9.569,1
-23729868#9,256993922,255942728,152.16,8.33,18.2665,1
-23780917#1,250197386,250197440,76.25,8.33,9.1537,1
-238389068,293956352,1545816723,347.61,8.33,41.7299,1
-239951644#0,418988931,418988932,88.39,11.11,7.9559,1
-239951644#1,1489268449,418988931,26.04,11.1102,2.3438,1
-239951645#0,1594214788,418988934,80.0,11.11,7.2007,1
-239951645#1,418988932,1594214788,47.37,11.1101,4.2637,1
-239995958#7,250197364,267232978,602.43,13.89,43.3715,1
-24006646#0,294298869,8195956657,94.27,13.89,6.7869,2
-24006646#1,cluster_114197503_302857854,294298869,77.49,13.8901,5.5788,2
-24006646#10,114197525,339271874,13.42,13.8895,0.9662,2
-24006646#12,308232169,114197525,23.3,13.8897,1.6775,2
-24006646#14,308232165,308232169,77.32,13.89,5.5666,2
-24006646#18,cluster_302857895_336984590,308232165,120.76,13.89,8.694,2
-24006646#20,1701620285,cluster_302857895_336984590,38.11,13.89,2.7437,2
-24006646#3,339271797,cluster_114197503_302857854,96.38,13.89,6.9388,2
-24006646#5,308232171,339271797,84.25,13.89,6.0655,2
-24006646#8,114197516,308232171,81.76,13.8901,5.8862,2
-24006646#9,339271874,114197516,99.15,13.8901,7.1382,2
-24159180#5,295144461,cluster_295144473_481695380,281.45,11.11,25.333,1
-24159181#1,500375337,9584102248,26.04,13.8902,1.8747,1
-246965159#1,421146126,421146128,183.38,11.11,16.5059,1
-246965160#1,421146123,421146126,84.82,11.1099,7.6346,1
-252575359#0,2586266852,363720368,22.35,11.11,2.0117,1
-252575359#1,363720368,2586266852,19.57,11.1098,1.7615,1
-255726857#1,1572274220,250931944,161.93,11.11,14.5752,2
-255726858#7,2113349480,13119677318,211.74,13.89,15.2441,2
-25735166#2,280645611,280645603,406.7,13.89,29.2801,1
-25735167#4,295704951,295704964,233.37,11.11,21.0054,1
-25735168#2,280645738,416235919,76.83,11.11,6.9154,1
-25735169,408435645,260316103,93.6,22.2201,4.2124,1
-25917644#0,10054964230,282723555,21.6,13.8898,1.5551,1
-25917644#1,282723555,10054964230,17.34,13.8898,1.2484,1
-25917645#1,282723551,282723550,71.59,13.8899,5.1541,1
-25917646#1,282723550,282723555,87.81,13.89,6.3218,1
-25917646#4,282723577,282723550,180.96,13.89,13.0281,1
-25917647#16,282723631,282723551,451.64,13.89,32.5155,1
-25917647#3,282723577,282723579,196.84,13.89,14.1713,1
-25917647#5,282723551,282723577,89.03,13.8901,6.4096,1
-25917648#1,282723581,282723551,176.84,13.89,12.7315,1
-25917649#0,282723584,282723581,27.3,13.8903,1.9654,1
-25917649#1,282723581,282723584,0.89,13.8846,0.0641,1
-25917652#2,296501314,282723634,88.85,13.89,6.3967,1
-25917652#4,282723631,296501314,152.79,13.89,11.0,1
-25917652#5,282723635,282723631,80.82,13.8899,5.8186,1
-25917652#7,282723632,282723635,93.06,13.89,6.6998,1
-25917653#1,1577628832,282723635,111.01,13.89,7.9921,1
-25917655#3,283267440,294311965,434.12,13.89,31.2541,1
-25919964#2,297323240,282741811,290.24,13.89,20.8956,1
-25919964#3,297323209,297323240,124.91,13.89,8.9928,1
-25919964#4,297323175,297323209,96.55,13.8901,6.951,1
-25919964#5,295144774,297323175,178.52,13.89,12.8524,1
-25926424#3,282813661,282813667,207.45,13.89,14.9352,1
-25926424#8,292443705,282813661,560.68,13.89,40.3657,1
-25926427#0,296180970,296180964,16.56,13.8903,1.1922,1
-25926427#1,296180964,296180970,18.56,13.8901,1.3362,1
-25926428#0,1605629382,296180981,0.2,13.8889,0.0144,1
-25926428#1,296180981,1605629382,38.41,13.89,2.7653,1
-25975413#3,283267192,293815250,98.1,13.8901,7.0626,2
-25975416#4,282813661,296180936,213.81,13.89,15.3931,2
-26144380#2,331969760,286310790,1282.9,11.11,115.4725,1
-26144380#3,338450658,331969760,347.76,11.11,31.3015,1
-26240576#8,287354790,287354791,106.57,11.11,9.5923,1
-26240578#2,416305403,416237495,104.38,11.11,9.3951,1
-26240578#4,416277147,416305403,80.09,11.11,7.2088,1
-26240578#5,1463004904,416277147,22.31,11.11,2.0081,1
-26240580#1,418988973,287354799,64.73,8.33,7.7707,1
-26240580#2,418988974,418988973,69.5,8.33,8.3433,1
-26240580#3,422347593,418988974,27.32,8.33,3.2797,1
-26240659#2,294298864,251576068,130.95,8.33,15.7203,1
-26240660#3,295406694,12035072775,150.08,8.33,18.0168,1
-26241050#4,287360585,250931944,149.88,8.33,17.9928,1
-265303877#4,1570470755,13319810686,95.45,13.8899,6.8719,3
-26639028#0,345084761,345084800,16.59,13.8898,1.1944,2
-26639028#6,1914277251,345084761,122.93,13.8899,8.8503,2
-26639030#1,332419216,290577237,198.87,11.11,17.9001,1
-26741446#2,416297051,421138218,53.68,11.11,4.8317,1
-26753580#1,301490923,293459053,258.26,11.11,23.2457,1
-26753580#2,301490930,301490923,82.28,11.1101,7.4059,1
-26753580#3,301490931,301490930,78.8,11.11,7.0927,1
-26753580#5,329923424,301490931,91.12,11.11,8.2016,1
-26753582#2,293459054,cluster_2465719590_2465719595_293459038,52.92,13.8901,3.8099,2
-26753583#1,328350274,293815250,25.89,22.2194,1.1652,1
-26753583#10,328349949,293815251,94.58,22.2201,4.2565,1
-26753583#11,328349970,328349949,82.83,22.2201,3.7277,1
-26753583#12,295144606,328349970,77.66,22.2203,3.495,1
-26753583#13,295144602,295144606,98.84,22.2202,4.4482,1
-26753583#14,329923481,295144602,63.9,22.2199,2.8758,1
-26753583#15,329923308,329923481,112.1,22.22,5.045,1
-26753583#2,297338222,328350274,29.2,22.2205,1.3141,1
-26753583#3,328351347,297338222,27.09,22.2195,1.2192,1
-26753583#4,293459077,328351347,28.1,22.2205,1.2646,1
-26753583#6,328350306,293459077,76.38,22.2203,3.4374,1
-26753583#7,293459086,328350306,357.47,22.2199,16.0878,1
-26753583#8,1699698670,293459086,50.68,22.2203,2.2808,1
-26753583#9,293815251,1699698670,135.92,22.22,6.117,1
-26786022#2,283267193,283267192,73.44,13.8899,5.2873,1
-26786022#3,283267196,283267193,27.33,13.89,1.9676,1
-26786022#4,283267199,283267196,42.04,13.8902,3.0266,1
-26786022#5,283361015,283267199,1430.44,13.89,102.9834,1
-26786023#0,293815251,4494532663,428.82,13.89,30.8726,1
-26786023#1,328349888,293815251,58.76,13.8899,4.2304,1
-26786023#2,330382360,328349888,82.77,13.8899,5.959,1
-26786023#3,293815255,330382360,74.04,13.8899,5.3305,1
-26786023#4,293815259,293815255,155.77,13.8901,11.2145,1
-26786025#2,295144385,293815289,122.5,11.11,11.0261,1
-26786025#3,293815292,295144385,238.89,11.11,21.5023,1
-26792873#2,422347597,340433834,42.85,11.11,3.8569,1
-26792873#4,418988975,422347597,199.49,11.11,17.9559,1
-26796365#3,287354802,293956352,130.83,11.11,11.7759,1
-26796369#18,306013084,293956368,731.41,11.11,65.8335,1
-26796370#3,1685401927,293956356,162.87,11.11,14.6598,1
-26796370#7,334325786,1685401927,408.42,11.11,36.7615,1
-26796371#3,293956384,1685401927,238.16,11.11,21.4365,1
-26796371#4,334325786,293956384,136.86,11.11,12.3186,1
-26796371#6,293956396,334325786,118.24,11.11,10.6427,1
-26796372#3,293956420,293956398,507.53,11.11,45.6823,1
-26796373#1,293956423,293956384,64.88,11.11,5.8398,1
-26796374#0,492693266,293956423,37.28,11.1101,3.3555,1
-26796374#1,293956423,492693266,34.64,11.11,3.1179,1
-26796375#1,293956528,293956530,59.89,11.1101,5.3906,1
-26796375#2,293956526,293956528,79.92,11.11,7.1935,1
-26796375#3,293956561,293956526,35.97,11.1101,3.2376,1
-26796375#6,293956522,293956561,87.12,11.11,7.8416,1
-26796376#0,1019435810,293956462,29.69,11.1099,2.6724,1
-26796376#1,293956462,1019435810,23.09,11.11,2.0783,1
-26796377#1,293956505,293956447,139.6,11.11,12.5653,1
-26796378#0,293956512,293956505,21.03,11.1099,1.8929,1
-26796378#1,293956505,293956512,34.87,11.11,3.1386,1
-26796379#1,293956447,293956442,52.98,11.1099,4.7687,1
-26796379#2,293956462,293956447,245.16,11.11,22.0666,1
-26796380#1,293956532,293956526,76.69,11.11,6.9028,1
-26796381#0,334325720,293956532,66.09,11.11,5.9487,1
-26796381#1,293956532,334325720,49.89,11.1101,4.4905,1
-26796382#1,293956541,293956528,61.21,11.1099,5.5095,1
-26796383#0,1019435828,293956541,27.28,11.1102,2.4554,1
-26796383#1,293956541,1019435828,26.27,11.1102,2.3645,1
-26796384#2,293956530,293956561,232.77,11.11,20.9514,1
-26796385,293956572,293956530,93.44,11.1101,8.4104,1
-26796386#0,293956605,293956572,44.64,11.11,4.018,1
-26796386#1,293956572,293956605,31.04,11.1099,2.7939,1
-268105813#0,331969552,331969548,20.48,11.1099,1.8434,1
-268105813#1,331969548,331969552,26.03,11.1102,2.3429,1
-268106078,338450585,331969537,15.18,11.1103,1.3663,1
-26824753#0,294269746,294269553,105.57,13.8901,7.6004,1
-26824753#1,294269662,294269746,535.15,13.89,38.5277,1
-26824753#2,294269657,294269662,67.61,13.8901,4.8675,1
-26824753#4,cluster_283267449_334325585,294269657,52.42,13.8901,3.7739,1
-26824754,294269673,294269662,109.65,13.8899,7.8942,1
-26824755#0,294269692,294269673,38.53,13.8902,2.7739,1
-26824755#1,294269673,294269692,39.74,13.8898,2.8611,1
-26824756,294269724,294269657,108.16,13.89,7.7869,1
-26824757#0,1605646977,294269724,29.55,13.8902,2.1274,1
-26824757#1,294269724,1605646977,21.5,13.8898,1.5479,1
-26824758,294269776,294269746,220.93,13.89,15.9057,1
-26824759#0,1605647061,294269776,22.17,13.8901,1.5961,1
-26824759#1,294269776,1605647061,56.38,13.8901,4.059,1
-26825833#2,302857899,294298869,262.58,8.33,31.5222,1
-26825835#1,308232155,cluster_1944491020_481695415,33.28,22.2207,1.4977,1
-26825835#6,302857875,308232155,137.12,22.2201,6.171,1
-26826205#1,294312018,294264112,38.97,13.8901,2.8056,1
-26826205#10,294312055,294312026,303.76,13.89,21.869,1
-26826205#11,294312066,294312055,68.37,13.8901,4.9222,1
-26826205#13,294312075,294312066,84.65,13.89,6.0943,1
-26826205#3,294312021,294312018,116.39,13.89,8.3794,1
-26826205#4,294312022,294312021,77.97,13.89,5.6134,1
-26826205#6,294312026,294312022,92.64,13.8901,6.6695,1
-26826209#2,294312022,294312021,337.03,13.89,24.2642,1
-26826210#1,294312175,294312026,118.32,13.8899,8.5184,1
-26826210#4,294312018,294312175,246.34,13.89,17.7351,1
-26826211#1,294312222,294312175,34.78,13.8898,2.504,1
-26826212#0,294312233,294312222,19.33,13.8905,1.3916,1
-26826212#1,294312222,294312233,19.33,13.8905,1.3916,1
-26826214#1,294312295,294312055,222.33,13.89,16.0065,1
-26826214#4,294312066,294312295,269.61,13.89,19.4104,1
-26826216,294312341,294312295,63.8,13.8901,4.5932,1
-26826217#0,1605647023,294312341,25.63,13.8901,1.8452,1
-26826217#1,294312341,1605647023,18.29,13.8897,1.3168,1
-26826443#2,294320312,294320262,197.15,13.89,14.1937,1
-26826444#1,294320312,296267126,193.19,13.89,13.9086,1
-26826444#3,294320272,294320312,132.74,13.89,9.5565,1
-26826445#1,294320336,294320267,117.47,13.8899,8.4572,1
-26826446#0,294320347,294320336,27.78,13.89,2.0,1
-26826446#1,294320336,294320347,18.55,13.8899,1.3355,1
-26826447#1,294320377,294320264,119.43,13.89,8.5983,1
-26826448#0,1605646952,294320377,22.52,13.8901,1.6213,1
-26826448#1,294320377,1605646952,21.75,13.8898,1.5659,1
-26826450#1,294320454,294320425,118.15,13.89,8.5061,1
-26826451#10,296180936,282813667,367.87,13.89,26.4845,1
-26826451#2,296180940,294320425,394.0,13.89,28.3657,1
-26826451#4,282813667,296180940,61.0,13.8902,4.3916,1
-26826452#0,1605629462,294320454,32.59,13.89,2.3463,1
-26826452#1,294320454,1605629462,29.0,13.8902,2.0878,1
-26826454,1605629276,294320554,122.23,13.8899,8.7999,1
-26826455#0,294320588,1605629276,11.39,13.8902,0.82,1
-26826455#1,1605629276,294320588,26.86,13.8898,1.9338,1
-26826456#2,294320485,294320543,398.26,13.89,28.6724,1
-26935097#0,295144352,295144342,82.08,11.1101,7.3879,1
-26935097#1,295144384,295144352,221.81,11.11,19.9649,1
-26935097#4,295144385,295144384,72.43,11.1099,6.5194,1
-26935098#2,295144412,295144387,452.39,11.11,40.7192,1
-26935099#1,295144439,295144425,107.79,11.11,9.7021,1
-26935099#3,295144453,295144439,567.44,11.11,51.0747,1
-26935101#2,295144439,295144455,244.76,11.11,22.0306,1
-26935102#1,295144478,295144461,66.6,11.11,5.9946,1
-26935102#2,295144525,295144478,159.4,11.11,14.3474,1
-26935102#3,2455621140,295144525,49.5,11.1101,4.4554,1
-26935103#0,2455621140,295144542,0.2,11.1111,0.018,1
-26935103#2,295144542,2455621140,55.52,11.11,4.9973,1
-26935104#1,295144554,295144525,110.79,11.11,9.9721,1
-26935105#1,295144577,295144478,46.81,11.1101,4.2133,1
-26935107#0,2445343076,295144577,28.61,11.1098,2.5752,1
-26935107#1,295144577,2445343076,20.17,11.1099,1.8155,1
-26935109,328354337,328354238,15.8,13.8901,1.1375,1
-26935110#1,329923559,295144606,90.95,13.8899,6.5479,1
-26935110#2,295144616,329923559,20.58,13.8904,1.4816,1
-26935110#3,295144647,295144616,230.43,13.89,16.5896,1
-26935110#4,2445880917,295144647,12.4,13.8904,0.8927,1
-26935112#0,329923749,295144647,148.57,13.89,10.6962,1
-26935112#1,329923828,329923749,91.21,13.89,6.5666,1
-26935112#2,329923903,329923828,76.92,13.89,5.5378,1
-26935112#4,295144682,329923903,51.17,13.8902,3.6839,1
-26935117#3,295144774,cluster_334325602_82831071,338.4,13.89,24.3629,1
-26935117#4,295144792,295144774,126.42,13.89,9.1015,1
-26935118#0,295144805,295144792,26.95,13.8903,1.9402,1
-26935118#1,295144792,295144805,25.27,13.89,1.8193,1
-26935119#2,295144827,cluster_295144813_334325596,57.21,13.89,4.1188,1
-26935119#3,295144812,295144827,32.58,13.8898,2.3456,1
-26935119#5,295144826,295144812,26.81,13.8898,1.9302,1
-26935119#6,295144816,295144826,111.54,13.8901,8.0302,1
-26935119#7,295144826,295144816,270.55,13.89,19.478,1
-26935121,295144828,295144827,17.99,13.8897,1.2952,1
-26935122#0,295144843,295144828,23.31,13.8899,1.6782,1
-26935122#1,295144828,295144843,19.28,13.8905,1.388,1
-26935128#10,299045561,294298844,77.61,8.33,9.3169,1
-26935128#11,302857881,299045561,143.29,8.33,17.2017,1
-26935128#14,cluster_295144862_339573894,302857881,133.4,8.33,16.0144,1
-26935128#17,1999205833,cluster_295144862_339573894,40.06,8.33,4.8091,1
-26935128#3,338849148,cluster_251576070_309711638,129.74,8.33,15.575,1
-26935128#6,309711636,338849148,253.25,8.33,30.4022,1
-26935128#8,294298844,309711636,165.43,8.33,19.8595,1
-26935130#2,295406719,295406714,279.46,11.11,25.1539,1
-26935131#2,295144863,517706894,151.36,11.11,13.6238,1
-26935132#1,338450436,cluster_295144875_295144877,80.37,11.11,7.234,1
-26935132#2,338450433,338450436,70.23,11.1101,6.3213,1
-26937523#2,295175063,295175057,467.86,13.89,33.6832,1
-26937524#1,295175169,295175064,110.9,13.8899,7.9842,1
-26937525#4,295175192,295175071,108.12,13.89,7.784,1
-26937526#2,295175094,295175077,367.98,13.89,26.4924,1
-26958213#4,295406624,cluster_11386320246_295406610,173.08,11.11,15.5788,1
-26958214#11,295406624,329924062,132.19,11.11,11.8983,1
-26958214#12,295406626,295406624,54.56,11.11,4.9109,1
-26958214#13,9791424086,295406626,54.37,11.11,4.8938,1
-26958214#14,295406642,9791424086,19.91,11.1099,1.7921,1
-26958214#16,295406648,295406642,112.81,11.11,10.1539,1
-26958214#21,306013069,295406648,94.72,11.1099,8.5257,1
-26958214#6,299134026,299134041,353.44,11.11,31.8128,1
-26958214#7,299134025,299134026,68.38,11.11,6.1548,1
-26958214#8,299134024,299134025,88.5,11.11,7.9658,1
-26958214#9,329924062,299134024,261.25,11.11,23.5149,1
-26958215#3,293956353,295406663,335.04,11.11,30.1566,1
-26958217#5,cluster_295406695_4612010940_4614302181_6091318478,287356564,104.59,11.11,9.414,1
-26958219#3,309711609,cluster_295406695_4612010940_4614302181_6091318478,128.38,13.89,9.2426,1
-26958219#6,295699028,309711609,167.4,13.89,12.0518,1
-26958221#4,295144863,279068744,232.59,8.33,27.922,2
-26958222#2,344967416,295406701,73.26,11.1099,6.5941,1
-26958222#3,344967396,344967416,78.09,11.11,7.0288,1
-26958222#5,344967365,344967396,78.48,11.11,7.0639,1
-26958223#0,344967313,295406720,110.75,11.11,9.9685,1
-26958223#1,344967255,344967313,117.12,11.11,10.5419,1
-26958223#3,295406722,344967255,246.48,11.11,22.1854,1
-26958225#13,345085110,306201777,351.77,11.11,31.6625,1
-26958225#19,30255446,345085110,177.77,11.11,16.0009,1
-26958226#2,300707088,286311090,60.59,11.1101,5.4536,1
-26958226#5,300707133,300707088,159.73,11.11,14.3771,1
-26958226#9,293956355,300707133,67.76,11.11,6.099,1
-26965294#3,306013441,292190541,134.61,11.11,12.1161,1
-26978794#2,408435647,295699007,218.74,11.11,19.6886,1
-26978850#1,295701329,295700158,27.52,11.1102,2.477,1
-26978850#3,295700159,295701329,45.73,11.11,4.1161,1
-26978907#2,295701309,295701305,115.14,11.11,10.3636,1
-26978907#4,4612010944,295701309,15.36,11.1103,1.3825,1
-26978908#2,295701305,295701315,97.64,11.11,8.7885,1
-26978908#4,295701329,295701305,142.62,11.11,12.8371,1
-26979087#1,499953664,309711607,81.75,11.1101,7.3582,1
-26979087#3,295699025,499953664,71.18,11.1101,6.4068,1
-26979259#3,442760454,2753084568,216.91,11.11,19.5239,1
-26979259#5,295704979,442760454,43.35,11.11,3.9019,1
-26984331#3,310718855,250931959,53.31,13.89,3.838,2
-27006111#1,308232169,336984595,4.22,13.8907,0.3038,1
-27006111#11,336984427,294298844,206.48,13.89,14.8654,1
-27006111#13,cluster_294298830_340433787,336984427,88.19,13.8899,6.3492,1
-27006111#3,340085934,308232169,71.27,13.8901,5.131,1
-27006111#4,294298849,340085934,74.58,13.8901,5.3693,1
-27006111#6,299045565,294298849,84.78,13.8899,6.1037,1
-27006111#8,294298844,299045565,86.19,13.89,6.2052,1
-27007104#1,295175094,cluster_295175096_533769763,51.0,13.89,3.6717,1
-27007104#10,295175063,295175064,48.32,13.8898,3.4788,1
-27007104#11,295175057,295175063,75.86,13.89,5.4615,1
-27007104#16,cluster_295175045_340086020,295175057,186.07,13.89,13.396,1
-27007104#4,295175079,295175094,161.68,13.89,11.64,1
-27007104#5,295175077,295175079,36.68,13.8903,2.6407,1
-27007104#7,295175071,295175077,196.07,13.89,14.1159,1
-27007104#9,295175064,295175071,93.52,13.89,6.7329,1
-27020523#1,296267126,296180940,135.45,13.89,9.7516,1
-27020523#3,294320267,296267126,266.38,13.89,19.1778,1
-27020525#0,282813669,296180964,36.64,13.8898,2.6379,1
-27020525#2,282813677,282813669,116.56,13.8901,8.3916,1
-27020526#0,282813677,1605629382,30.29,13.89,2.1807,1
-27020526#2,282813678,282813677,53.27,13.8901,3.8351,1
-27029216#1,296266992,296266991,53.59,13.8899,3.8582,1
-27029217#0,296267003,296266992,67.16,13.8901,4.8351,1
-27029217#1,296266992,296267003,58.57,13.89,4.2167,1
-27029218#1,296267023,296267014,111.12,13.89,8.0,1
-27029220#0,296267037,296267023,24.31,13.8898,1.7502,1
-27029220#1,296267023,296267037,20.39,13.8896,1.468,1
-27029222,296267066,294320525,114.04,13.89,8.2102,1
-27029223#0,296267076,296267066,15.73,13.8896,1.1325,1
-27029223#1,296267066,296267076,13.27,13.8895,0.9554,1
-27029231#1,296267149,296267145,71.27,13.8901,5.131,1
-27029232#0,296267159,296267149,19.41,13.8901,1.3974,1
-27029232#1,296267149,296267159,15.49,13.8899,1.1152,1
-27046680#2,296501357,296501324,384.24,13.89,27.6631,1
-27046681#1,296501365,296501518,123.57,13.89,8.8963,1
-27046681#2,296501357,296501365,185.62,13.89,13.3636,1
-27046682#1,296501590,296501518,57.22,13.89,4.1195,1
-27046684#2,296501371,296501365,94.54,13.8901,6.8063,1
-27046687#0,296501392,296501371,24.19,13.8903,1.7415,1
-27046687#1,296501371,296501392,17.0,13.89,1.2239,1
-27073086#1,418991454,1553391593,50.51,13.8901,3.6364,2
-27073086#2,418988960,418991454,39.96,13.89,2.8769,2
-27073089#2,295704951,297024110,83.75,11.1099,7.5383,1
-27098626#3,297322540,12364195171,247.91,13.89,17.8481,1
-27098632#2,297322748,297322733,298.92,13.89,21.5205,1
-27098633#1,297322803,297322735,47.25,13.8901,3.4017,1
-27098634#2,297322540,2125413348,148.61,13.89,10.6991,1
-27098634#3,297322733,297322540,71.07,13.8901,5.1166,1
-27098634#4,297322735,297322733,69.47,13.8901,5.0014,1
-27098634#6,297322748,297322735,313.48,13.89,22.5688,1
-27098634#8,297322754,297322748,86.19,13.89,6.2052,1
-27098643,297322764,297322754,108.94,13.8899,7.8431,1
-27098644#0,297322764,297322762,0.2,13.8889,0.0144,1
-27098644#1,297322762,297322764,47.18,13.89,3.3967,1
-27098646#0,297322808,297322803,24.05,13.8897,1.7315,1
-27098646#1,297322803,297322808,19.13,13.8905,1.3772,1
-27098648,297322828,297322824,58.18,13.8901,4.1886,1
-27098649#0,297322842,297322828,15.12,13.8894,1.0886,1
-27098649#1,297322828,297322842,15.69,13.8899,1.1296,1
-27098650,297322888,295144808,510.0,13.89,36.7171,1
-27098653#1,297322935,297322900,31.53,13.8899,2.27,1
-27098654#0,297322943,297322935,21.97,13.8901,1.5817,1
-27098654#1,297322935,297322943,5.01,13.8897,0.3607,1
-27098655#1,297322900,cluster_300707134_300707139,30.12,13.8898,2.1685,1
-27098655#4,297322950,297322900,297.66,13.89,21.4298,1
-27098655#8,297322980,297322950,201.57,13.89,14.5119,1
-27098656#0,2458464742,297322980,12.67,13.8895,0.9122,1
-27098656#1,297322980,2458464742,15.77,13.8906,1.1353,1
-27098658#1,297323012,297322950,30.65,13.8901,2.2066,1
-27098659#0,297323020,297323012,12.63,13.8898,0.9093,1
-27098659#1,297323012,297323020,15.45,13.8901,1.1123,1
-27098668#1,297323178,297323175,62.31,13.8899,4.486,1
-27098670,297323215,297323209,73.61,13.89,5.2995,1
-27098671#1,297323261,297323240,89.01,13.89,6.4082,1
-27098672,297323244,297323240,84.81,13.8901,6.1058,1
-27098674#0,297323185,297323178,24.9,13.8897,1.7927,1
-27098674#1,297323178,297323185,26.9,13.8903,1.9366,1
-27098675#0,297323232,297323215,35.37,13.8902,2.5464,1
-27098675#1,297323215,297323232,25.98,13.8901,1.8704,1
-27098676#0,297323250,297323244,31.25,13.8901,2.2498,1
-27098676#1,297323244,297323250,28.36,13.8897,2.0418,1
-27098677#0,297323267,297323261,27.16,13.8897,1.9554,1
-27098677#1,297323261,297323267,23.24,13.8904,1.6731,1
-27100376#8,283267240,283267193,285.71,13.89,20.5695,1
-27100378#1,297338245,297338222,84.43,13.8899,6.0785,1
-27100380#0,297338265,297338245,23.82,13.89,1.7149,1
-27100380#1,297338245,297338265,21.73,13.8903,1.5644,1
-27100381#3,297338288,293459068,359.62,13.89,25.8906,1
-27127251#0,294320543,294320525,207.03,11.11,18.6346,1
-27127251#1,294320554,294320543,99.47,11.11,8.9532,1
-27127251#2,282813678,294320554,49.56,11.1101,4.4608,1
-27127251#4,cluster_282813679_340086008,282813678,41.52,11.1099,3.7372,1
-27142342#4,2713425617,297794499,608.03,11.11,54.7282,1
-27142349#4,253262192,297794517,353.78,11.11,31.8434,1
-27142368#2,297794521,297794591,349.88,11.11,31.4923,1
-27202412#6,500375337,298505224,111.16,11.11,10.0054,1
-27203035#4,418996072,298510756,127.81,11.11,11.5041,1
-27203087#4,298510750,298511021,179.11,11.11,16.1215,1
-27203087#8,392323912,298510750,122.3,11.11,11.0081,1
-27203123#2,298510752,298511554,120.33,11.11,10.8308,1
-27203123#6,298511555,298510752,180.62,11.11,16.2574,1
-27203308#7,298511554,340433857,217.44,11.11,19.5716,1
-27209884#3,422348163,1946220905,120.24,11.11,10.8227,1
-27209887#6,298584872,295699950,126.89,11.11,11.4212,1
-27209889#3,298584893,13130143614,62.78,11.1099,5.6508,1
-27209893#10,298584894,298584893,135.52,11.11,12.198,1
-27209897#1,416239712,416187388,77.66,11.11,6.9901,1
-27209897#3,416243489,416239712,80.47,11.11,7.243,1
-27209897#6,416224607,416243489,86.04,11.11,7.7444,1
-27228246#4,cluster_261687171_4318791396_4611982702_6538855870,300190245,88.21,11.11,7.9397,1
-27246069#1,299022634,299022625,70.91,13.89,5.1051,1
-27246071#0,299022645,299022634,20.01,13.89,1.4406,1
-27246071#1,299022634,299022645,18.79,13.8897,1.3528,1
-27246072#3,299022670,293459066,599.93,13.89,43.1915,1
-27246074#1,299022674,299022671,49.63,13.8899,3.5731,1
-27246074#2,299022677,299022674,53.23,13.8898,3.8323,1
-27246075#2,299022707,299022674,132.35,13.8901,9.5284,1
-27246076#0,299022692,299022677,30.81,13.8903,2.2181,1
-27246076#1,299022677,299022692,24.51,13.8898,1.7646,1
-27246077#0,299022715,299022707,26.7,13.8903,1.9222,1
-27246077#1,299022707,299022715,15.15,13.8902,1.0907,1
-27246477#1,499953675,499953678,38.89,13.8898,2.7999,1
-27246478#1,299027477,299027461,300.08,13.89,21.604,1
-27247557#1,309711626,387944279,209.2,11.11,18.8299,1
-27247559#10,363709175,363709429,78.05,11.11,7.0252,1
-27247559#12,331969397,363709175,79.47,11.11,7.153,1
-27247559#14,331969334,331969397,121.1,11.11,10.9001,1
-27247559#3,335820946,309711623,87.93,11.11,7.9145,1
-27247559#5,331969416,335820946,110.87,11.11,9.9793,1
-27247559#7,412689890,331969416,65.25,11.11,5.8731,1
-27247559#9,363709429,412689890,76.03,11.11,6.8434,1
-27247562#1,299045559,308232155,243.52,8.33,29.2341,1
-27247562#3,299045561,299045559,69.19,8.33,8.3061,1
-27247562#6,299045563,299045561,86.03,8.33,10.3277,1
-27247563#2,299045559,cluster_299045554_299045555_8637330184,138.29,8.33,16.6014,1
-27247564#0,302857880,cluster_299045554_299045555_8637330184,45.75,8.33,5.4922,1
-27247564#2,302857881,302857880,38.22,8.3301,4.5882,1
-27247564#5,306201538,302857881,85.37,8.33,10.2485,1
-27247564#9,cluster_308232170_339573892,306201538,97.2,8.33,11.6687,1
-27247565#1,330382522,330382526,98.98,11.11,8.9091,1
-27247565#13,cluster_306201556_339271925_339271926_340085904_#1more,cluster_306201559_340085876,147.82,11.11,13.3051,1
-27247565#2,330382521,330382522,32.4,11.11,2.9163,1
-27247565#4,330382520,330382521,70.47,11.1101,6.3429,1
-27247565#6,306201562,330382520,81.54,11.1101,7.3393,1
-27247565#9,cluster_306201559_340085876,306201562,156.61,11.11,14.0963,1
-27247566#10,299045585,309711636,83.83,8.33,10.0636,1
-27247566#13,299045587,299045585,88.57,8.33,10.6327,1
-27247566#16,340085935,299045587,75.32,8.33,9.042,1
-27247566#18,302857898,340085935,77.97,8.33,9.3601,1
-27247566#2,336984417,339271792,104.48,8.33,12.5426,1
-27247566#5,339271794,336984417,83.3,8.33,10.0,1
-27247566#7,309711636,339271794,84.04,8.33,10.0888,1
-27247567#1,339204557,294298869,128.01,8.33,15.3673,1
-27250938#0,418988958,418992828,228.22,13.89,16.4305,2
-27250938#2,338450634,418988958,83.61,13.8901,6.0194,2
-27250938#6,299089256,338450634,309.06,13.89,22.2505,2
-27255022#1,442755834,294320166,94.06,13.89,6.7718,1
-27255022#10,299184002,295175192,375.73,13.89,27.0504,1
-27255022#2,416285286,442755834,88.08,13.8899,6.3413,1
-27255022#4,295175192,416285286,81.62,13.8899,5.8762,1
-27265784#11,299276360,299276352,162.27,11.11,14.6058,1
-27265784#2,299276339,299276338,78.38,11.11,7.0549,1
-27265784#5,299276344,299276339,108.73,11.11,9.7867,1
-27265784#7,344967446,299276344,79.72,11.11,7.1755,1
-27265784#9,299276352,344967446,84.72,11.1099,7.6256,1
-27265785#1,299276374,299276361,503.45,11.11,45.315,1
-27267124#1,255942730,255942731,39.07,8.33,4.6903,1
-27267127#3,369888138,256993290,162.38,11.11,14.6157,1
-27267127#5,260316102,369888138,176.5,11.11,15.8866,1
-27274878#4,295704998,297024074,202.48,11.11,18.225,1
-27274878#5,295704979,295704998,114.73,11.11,10.3267,1
-27343396,411932204,442760457,277.07,11.11,24.9388,1
-27392323#16,300707133,300707088,583.0,11.11,52.4752,1
-27392324#1,2458465705,cluster_300707134_300707139,8.41,13.8893,0.6055,1
-27392324#3,334325970,2458465705,322.33,13.89,23.2059,1
-27392324#5,300707171,334325970,182.84,13.89,13.1634,1
-27392325#1,300707187,300707171,151.31,13.8901,10.8934,1
-27392325#4,300707191,300707187,47.48,13.8899,3.4183,1
-27392326,300707211,300707187,260.85,13.89,18.7797,1
-27459011#1,329251090,301490890,130.91,11.11,11.7831,1
-27459011#3,301490902,329251090,253.78,11.11,22.8425,1
-27459013#2,301490899,301490902,265.09,11.11,23.8605,1
-27459016#0,444672692,301490905,293.57,11.11,26.4239,1
-27459016#2,329250962,444672692,111.31,11.11,10.0189,1
-27459017#2,301490905,444672692,143.96,11.11,12.9577,1
-27459018#3,301490930,301490923,337.2,11.11,30.351,1
-27459019#2,293459040,301490931,546.38,11.11,49.1791,1
-27459020#1,301490943,301490941,67.21,11.11,6.0495,1
-27459020#3,301490944,301490943,71.59,11.1101,6.4437,1
-27459021#1,301490951,301490944,388.37,11.11,34.9568,1
-27459021#3,293459037,301490951,114.66,11.11,10.3204,1
-27459022#2,301490957,293459037,76.56,11.11,6.8911,1
-27459023#2,301490957,301490943,282.62,11.11,25.4383,1
-27459024#0,342187415,301490962,31.17,11.1099,2.8056,1
-27459024#1,301490962,342187415,33.64,11.11,3.0279,1
-27552599#0,1673536205,302464754,783.48,11.11,70.5203,1
-27552599#1,1673536222,1673536205,227.07,11.11,20.4383,1
-27552599#5,302464763,1673536222,163.75,11.11,14.739,1
-27582005#2,302857856,cluster_114197503_302857854,233.7,8.33,28.0552,1
-27582005#5,308232185,302857856,86.08,8.33,10.3337,1
-27582005#8,302857858,308232185,75.92,8.33,9.114,1
-27582008#2,302857856,308232171,210.96,8.33,25.3253,1
-27582008#4,302857899,302857856,82.34,8.33,9.8848,1
-27582009#10,1822055188,295144861,61.71,8.33,7.4082,1
-27582009#4,340085947,296018207,77.34,8.33,9.2845,1
-27582009#6,1801260560,340085947,61.45,8.3299,7.377,1
-27582009#8,295144861,1801260560,62.52,8.33,7.5054,1
-27872865#1,306013066,306013063,107.06,11.11,9.6364,1
-27872865#2,306013067,306013066,76.64,11.11,6.8983,1
-27872865#4,306013069,306013067,74.97,11.11,6.748,1
-27872866#0,293956373,2276974582,191.48,11.11,17.2349,1
-27872866#2,293956355,293956373,76.51,11.11,6.8866,1
-27872867#2,306013090,306013088,249.31,11.11,22.4401,1
-27872867#7,295406702,306013090,231.69,11.11,20.8542,1
-27872868#1,295406705,306013092,61.57,11.1099,5.5419,1
-27872868#10,295406701,295406702,85.35,11.11,7.6823,1
-27872868#7,295406702,295406705,85.62,11.11,7.7066,1
-27872870#4,418988969,30255438,107.27,11.11,9.6553,1
-27872870#5,306013118,418988969,104.38,11.11,9.3951,1
-27872901#0,306013442,335820891,80.75,11.11,7.2682,1
-27872901#2,442760426,306013442,71.36,11.1101,6.423,1
-27872903#2,334623755,295144913,7.1,11.1094,0.6391,1
-27872905#2,298826269,295144913,87.44,11.11,7.8704,1
-27872905#6,298826273,298826269,90.18,11.11,8.117,1
-27888583#3,306201596,338450311,127.04,11.11,11.4347,1
-27888585#2,306201745,8098810933,64.19,11.11,5.7777,1
-28071044#1,308232186,308232185,83.48,8.33,10.0216,1
-28084869#2,283267199,283267196,157.89,13.89,11.3672,1
-28196793#3,309711626,309711623,343.36,11.11,30.9055,1
-28196793#5,443127194,309711626,105.4,11.1101,9.4869,1
-28196793#6,387944278,443127194,19.11,11.1098,1.7201,1
-28196793#7,309711627,387944278,79.91,11.11,7.1926,1
-28196794#4,309711608,4612010942,224.26,11.11,20.1854,1
-28294310#0,376114940,13329700713,17.26,13.8902,1.2426,1
-28294310#1,416200980,376114940,38.93,13.8902,2.8027,1
-28294314#4,299045502,cluster_280645653_310717282,287.63,8.33,34.5294,1
-28294320,21305997,21305996,132.76,16.67,7.964,2
-28294534#1,10538055453,13017180080,335.92,16.67,20.1512,1
-28500881#1,418996078,cluster_21305999_310717158,38.83,13.8902,2.7955,2
-28903124#2,299292021,7742395185,52.71,8.33,6.3277,1
-29514642#11,295144387,295144412,334.98,11.11,30.1512,1
-29514642#12,331664429,295144387,32.03,11.11,2.883,1
-29514642#14,293815289,331664429,61.01,11.1101,5.4914,1
-29514642#3,295144453,cluster_1543766339_334325632,83.35,11.1099,7.5023,1
-29514642#4,295144455,295144453,187.78,11.11,16.9019,1
-29514642#5,295144425,295144455,133.85,11.11,12.0477,1
-29514642#7,301490941,295144425,118.26,11.11,10.6445,1
-29514642#9,295144412,301490941,126.51,11.11,11.387,1
-29798217#1,328346645,293458971,186.91,11.11,16.8236,1
-29798223,328347183,328347159,115.39,11.11,10.3861,1
-29798227#1,328347615,301490951,20.07,11.1099,1.8065,1
-29798230#2,293459056,328348027,37.96,13.89,2.7329,1
-29798232#1,328348214,293459059,64.39,13.89,4.6357,1
-29798232#2,328348395,328348214,165.21,13.89,11.8942,1
-29798234#1,328348735,328348214,166.76,13.89,12.0058,1
-29798237#1,2445342292,328348878,130.49,13.89,9.3945,1
-29798239#5,328349083,328349053,568.64,13.89,40.9388,1
-29798242#1,328350787,328350274,53.17,13.8901,3.8279,1
-29798242#2,328350885,328350787,119.36,13.8901,8.5932,1
-29798244#2,328350885,328350787,345.25,13.89,24.856,1
-29798244#4,328351347,328350885,154.07,13.8899,11.0922,1
-29798247#2,328351618,293459077,310.48,13.89,22.3528,1
-29798250#1,328351901,328350306,101.24,13.89,7.2887,1
-29798262#1,328354585,293459105,102.99,13.89,7.4147,1
-29798265#1,328349949,328349888,161.21,13.89,11.6062,1
-29798267#2,328355015,328349970,261.51,13.89,18.8272,1
-29880248#1,329250481,293458913,10.9,11.11,0.9811,1
-29880253#1,301490899,329251090,62.56,11.1099,5.631,1
-29880253#3,301490902,301490899,73.02,11.1099,6.5725,1
-29880253#6,301490903,301490902,67.66,11.11,6.09,1
-29965241#0,328352005,328351901,18.04,13.8897,1.2988,1
-29965241#1,328351901,328352005,20.19,13.8897,1.4536,1
-29965246#2,299022624,297338288,416.52,13.89,29.987,1
-29965248#2,1699698670,293459086,511.64,13.89,36.8351,1
-29965250#2,329923257,329923235,172.79,13.89,12.4399,1
-29965251,329923258,329923257,55.88,13.8901,4.023,1
-29965253#0,329923305,329923258,27.9,13.8903,2.0086,1
-29965253#1,329923258,329923305,0.2,13.8889,0.0144,1
-29965255#0,328354473,328354585,16.0,13.8901,1.1519,1
-29965255#1,328354585,328354473,14.56,13.8905,1.0482,1
-29965258#1,329923506,329923308,72.87,13.8901,5.2462,1
-29965258#3,329923312,329923506,63.03,13.89,4.5378,1
-29965262,2466643837,301490917,49.64,11.1101,4.468,1
-29965264#1,329923483,329923481,74.38,13.8901,5.3549,1
-29965264#6,329923506,329923483,235.81,13.89,16.977,1
-29965266#1,329923508,329923483,21.72,13.8901,1.5637,1
-29965268#0,329923517,329923508,14.54,13.89,1.0468,1
-29965268#1,329923508,329923517,15.5,13.8901,1.1159,1
-29965271#1,329923537,295144589,77.2,13.8899,5.558,1
-29965273#0,329923547,329923537,15.93,13.8896,1.1469,1
-29965273#1,329923537,329923547,14.77,13.8894,1.0634,1
-29965275#0,328348571,328348395,40.2,13.8898,2.8942,1
-29965275#1,328348395,328348571,34.32,13.8902,2.4708,1
-29965278#0,328348813,328348735,20.53,13.8904,1.478,1
-29965278#1,328348735,328348813,11.99,13.8902,0.8632,1
-29965280#0,2445342292,328348914,0.2,13.8889,0.0144,1
-29965280#1,328348914,2445342292,32.85,13.8901,2.365,1
-29965283#1,329923585,295144616,108.75,13.89,7.8294,1
-29965287#1,329923619,329923559,59.72,13.89,4.2995,1
-29965288#0,329923638,329923619,78.74,13.8901,5.6688,1
-29965288#1,329923619,329923638,84.5,13.89,6.0835,1
-29965301,329923828,329923749,271.92,13.89,19.5767,1
-29965303#3,329923903,329923828,416.63,13.89,29.995,1
-29965305#0,295144554,329923907,40.43,11.1099,3.6391,1
-29965305#1,329923907,295144554,1.34,11.1111,0.1206,1
-29965308#1,329923939,299134026,127.14,11.11,11.4437,1
-29965312#1,329923974,299134025,130.99,11.11,11.7903,1
-29965316#1,329924001,299134024,136.27,11.11,12.2655,1
-29965320,329924120,329924062,162.21,11.11,14.6004,1
-29965325#1,329924198,295406626,39.41,11.1099,3.5473,1
-29965327#0,329924219,329924198,29.13,11.1098,2.622,1
-29965327#1,329924198,329924219,31.18,11.1099,2.8065,1
-29965330#6,295406648,295406642,376.84,11.11,33.919,1
-29965333#2,306013067,306013066,407.15,11.11,36.6472,1
-29965344#0,328347209,328347183,16.84,11.1096,1.5158,1
-29965344#1,328347183,328347209,68.41,11.11,6.1575,1
-29965346#0,329250345,329250481,29.1,11.1098,2.6193,1
-29965346#1,329250481,329250345,27.33,11.1102,2.4599,1
-29965348#0,328347026,328347123,20.38,11.1099,1.8344,1
-29965348#1,328347123,328347026,35.88,11.1101,3.2295,1
-29965350#0,328346710,328346645,43.59,11.11,3.9235,1
-29965350#1,328346645,328346710,53.79,11.11,4.8416,1
-29965352#0,328347697,328347615,29.62,11.1099,2.6661,1
-29965352#1,328347615,328347697,25.07,11.1101,2.2565,1
-29980112#0,293459053,329923351,144.5,11.11,13.0063,1
-29980112#2,301490903,293459053,138.0,11.11,12.4212,1
-29980112#3,301490904,301490903,63.12,11.1099,5.6814,1
-29980112#4,329250962,301490904,87.68,11.11,7.892,1
-29980112#7,301490890,329250962,263.15,11.11,23.6859,1
-29980112#9,295144682,301490890,42.52,11.1099,3.8272,1
-29980113#0,2542647858,301490906,33.97,11.11,3.0576,1
-29980113#1,301490906,2542647858,31.91,11.11,2.8722,1
-29997219#0,1772182829,300707191,72.1,13.89,5.1908,1
-29997219#1,300707191,1772182829,11.75,13.8905,0.8459,1
-29997223#0,300707222,300707211,35.55,13.89,2.5594,1
-29997223#1,300707211,300707222,31.72,13.8897,2.2837,1
-29997227#2,329923235,295144589,223.93,13.89,16.1217,1
-29997227#3,295144600,329923235,66.64,13.89,4.7977,1
-29997227#4,328355015,295144600,73.89,13.8899,5.3197,1
-29997227#6,295144602,328355015,64.36,13.8901,4.6335,1
-30011838#1,330382364,330382360,68.54,13.89,4.9345,1
-30011840#2,293815259,293815255,311.8,13.89,22.4478,1
-30011841#1,330382409,328349815,142.23,13.8901,10.2397,1
-30011842#0,330382418,330382409,24.06,13.8899,1.7322,1
-30011842#1,330382409,330382418,17.07,13.8905,1.2289,1
-30011843#4,330382471,330382425,505.09,13.89,36.3636,1
-30011844#1,330382478,330382472,97.97,13.89,7.0533,1
-30011845#0,330382486,330382478,21.37,13.8902,1.5385,1
-30011845#1,330382478,330382486,20.82,13.8902,1.4989,1
-30011846#0,330382524,416223313,41.57,11.1099,3.7417,1
-30011846#1,330382526,330382524,77.73,11.11,6.9964,1
-30011846#2,330382527,330382526,229.83,11.11,20.6868,1
-30011846#3,330382540,330382527,37.84,11.1101,3.4059,1
-30011848#2,330382527,330382522,268.87,11.11,24.2007,1
-30011849#2,330382521,330382524,218.09,11.11,19.6301,1
-30011851#1,330382611,330382520,119.56,11.11,10.7615,1
-30101770#1,330382612,330382611,80.02,11.11,7.2025,1
-30105625#1,331664433,331664429,195.98,11.11,17.64,1
-30105626#0,331664439,331664433,35.4,11.1101,3.1863,1
-30105626#1,331664433,331664439,30.89,11.1099,2.7804,1
-30105627#1,295144384,295144352,510.21,11.11,45.9235,1
-30105628#1,331664523,295144384,127.71,11.11,11.495,1
-30125154#2,331969122,412684299,239.02,11.11,21.514,1
-30125156#1,363711084,331969125,65.9,11.11,5.9316,1
-30125156#3,412689890,363711084,90.3,11.11,8.1278,1
-30125156#5,331969126,412689890,87.13,11.11,7.8425,1
-30125163#2,331969254,443127179,238.63,11.11,21.4788,1
-30125166#2,443127177,443127178,237.49,11.11,21.3762,1
-30125192#0,412684300,331969396,42.87,11.11,3.8587,1
-30125192#2,331969397,412684300,78.01,11.11,7.0216,1
-30125196#2,331969126,412684300,226.08,11.11,20.3492,1
-30125201#0,331969423,331969417,34.38,11.11,3.0945,1
-30125201#1,331969417,331969423,34.64,11.11,3.1179,1
-30125203#3,338450640,338450634,717.44,13.89,51.6515,1
-30125211#1,331969548,338450584,330.91,11.11,29.7849,1
-30142048#0,1701347075,8932491474,25.22,13.89,1.8157,1
-30142048#2,8932491474,1701347075,20.78,13.8904,1.496,1
-30142050#0,295175184,295175169,36.68,13.8903,2.6407,1
-30142050#1,295175169,295175184,26.53,13.8901,1.91,1
-30142051#0,298025694,298025687,22.14,13.8896,1.594,1
-30142051#1,298025687,298025694,22.89,13.8904,1.6479,1
-30142052#0,298025704,298025699,21.86,13.8899,1.5738,1
-30142052#1,298025699,298025704,22.87,13.8901,1.6465,1
-30167123#0,344967446,332419225,216.86,11.11,19.5194,1
-30167123#10,334623749,344967466,132.45,11.11,11.9217,1
-30167123#12,cluster_334623747_334623751,334623749,14.23,11.1102,1.2808,1
-30167123#3,338450368,344967446,68.63,11.11,6.1773,1
-30167123#4,338450452,338450368,0.2,11.1111,0.018,1
-30167123#6,338450371,338450452,0.2,11.1111,0.018,1
-30167123#7,344967495,338450371,82.86,11.1101,7.4581,1
-30167123#8,344967466,344967495,8.5,11.1097,0.7651,1
-30167124#3,299276344,442399966,178.91,11.11,16.1035,1
-30167125#1,345084900,332419225,76.68,11.11,6.9019,1
-30167125#3,332419229,345084900,74.0,11.1099,6.6607,1
-30167162#3,292190572,332419193,341.38,11.11,30.7273,1
-30288922#4,333850659,298826269,148.23,11.11,13.342,1
-30288922#8,333850655,333850659,107.83,11.11,9.7057,1
-30288923#2,333850662,333850659,197.35,11.11,17.7633,1
-30321824#1,334325905,334325801,488.57,11.11,43.9757,1
-30321824#2,334325825,334325905,67.71,11.11,6.0945,1
-30321824#4,293956373,334325825,86.85,11.11,7.8173,1
-30321825#3,334325905,334325825,502.5,11.11,45.2295,1
-30321826#2,334325973,334325970,62.83,13.89,4.5234,1
-30321827#0,334325993,334325973,20.89,13.8896,1.504,1
-30321827#1,334325973,334325993,15.48,13.8896,1.1145,1
-30327693#1,cluster_300707134_300707139,2458465705,38.11,13.89,2.7437,1
-30368539,418988963,280645645,52.63,11.1099,4.7372,1
-30368662#0,2408401455,335034217,1.39,11.1111,0.1251,1
-30368662#4,335034175,2408401455,76.4,11.11,6.8767,1
-30368663#1,335034220,306013501,139.48,11.11,12.5545,1
-30368664#1,335034178,335034175,141.03,11.11,12.694,1
-30368665#0,2452418977,335034178,34.66,11.11,3.1197,1
-30368665#1,335034178,2452418977,17.67,11.1097,1.5905,1
-30368666#0,335034245,335034220,29.18,11.1098,2.6265,1
-30368666#1,335034220,335034245,19.52,11.1098,1.757,1
-30387736#2,396314667,299391259,77.25,13.8899,5.5616,2
-30518900#3,338849150,336984409,129.16,8.33,15.5054,1
-30518900#6,336984417,338849150,223.97,8.33,26.8872,1
-30518900#9,336984427,336984417,131.69,8.33,15.8091,1
-30518902#1,299045598,cluster_114197503_302857854,165.7,8.33,19.892,1
-30518902#2,336984471,299045598,80.34,8.33,9.6447,1
-30518902#3,339271844,336984471,82.79,8.33,9.9388,1
-30518902#5,336984463,339271844,101.8,8.33,12.2209,1
-30518907#0,336984577,336984595,17.81,8.3298,2.1381,1
-30518907#2,339271876,336984577,75.9,8.33,9.1116,1
-30518907#5,336984585,339271876,76.83,8.33,9.2233,1
-30518907#7,336984582,336984585,13.22,8.3302,1.587,1
-30518910#1,336984635,114197545,45.83,11.11,4.1251,1
-30518912#1,336984664,336984668,154.12,11.11,13.8722,1
-30518912#3,338449445,336984664,44.84,11.11,4.036,1
-30518912#4,336984675,338449445,60.54,11.1101,5.4491,1
-30518912#5,338449550,336984675,83.42,11.1099,7.5086,1
-30518912#7,338449442,338449550,85.78,11.11,7.721,1
-30607757#2,338449449,338449445,76.71,11.11,6.9046,1
-30607757#4,338449471,338449449,244.17,11.11,21.9775,1
-30607757#5,4781390282,338449471,70.76,11.1101,6.369,1
-30607760#2,338449449,338449471,418.93,11.11,37.7075,1
-30607763,338449576,338449550,284.76,11.11,25.631,1
-30607767#0,338449619,338449576,26.23,11.1102,2.3609,1
-30607767#1,338449576,338449619,33.9,11.11,3.0513,1
-30607769#4,336984582,338449983,258.28,8.33,31.006,1
-30607771,338450002,338450000,51.49,8.33,6.1813,1
-30607772#0,338450030,338450002,12.28,8.3299,1.4742,1
-30607772#1,338450002,338450030,12.61,8.33,1.5138,1
-30607774,338450075,336984625,37.55,8.33,4.5078,1
-30607775#0,338450088,338450075,11.39,8.3303,1.3673,1
-30607775#1,338450075,338450088,12.9,8.3301,1.5486,1
-30607776#1,339271891,336984675,130.66,11.11,11.7606,1
-30607776#2,338450120,339271891,57.1,11.11,5.1395,1
-30607781,338450275,338450274,34.27,11.11,3.0846,1
-30607782#0,338450288,338450275,18.8,11.1098,1.6922,1
-30607782#1,338450275,338450288,17.44,11.1097,1.5698,1
-30607783#1,338450311,338450309,75.87,11.11,6.829,1
-30607783#3,1821035843,338450311,78.25,11.11,7.0432,1
-30607783#5,338450312,1821035843,79.76,11.11,7.1791,1
-30607783#7,cluster_338450310_340085901,338450312,104.8,11.1101,9.4329,1
-30607784#1,338450313,338450312,37.44,11.1101,3.3699,1
-30607785#5,1822055188,302857880,143.3,8.33,17.2029,1
-30607785#7,12054185208,1822055188,104.89,8.33,12.5918,1
-30607787#2,1801260560,338450316,146.64,8.33,17.6038,1
-30607787#8,cluster_338450317_7617097819,1801260560,205.4,8.33,24.6579,1
-30607790#2,338450328,1573617448,131.42,11.11,11.829,1
-30607790#6,338450331,338450328,176.19,11.11,15.8587,1
-30607791#1,345084666,338450331,65.07,11.11,5.8569,1
-30607791#5,345084675,345084666,61.87,11.1099,5.5689,1
-30607791#7,338450360,345084675,65.08,11.11,5.8578,1
-30607793,338450404,338450403,20.12,11.1099,1.811,1
-30607795#3,338450433,338450430,169.48,11.11,15.2547,1
-30607796#3,338450436,338450435,189.75,11.11,17.0792,1
-30607797#2,338450371,338450368,66.14,11.11,5.9532,1
-30607798#3,cluster_290577261_541208434,338450452,321.36,11.11,28.9253,1
-30607802#1,517706894,338450486,80.3,11.11,7.2277,1
-30607802#4,418988956,517706894,246.25,11.11,22.1647,1
-30607804#0,418988956,338450522,62.82,11.1099,5.6544,1
-30607804#3,418988957,418988956,74.51,11.11,6.7066,1
-30607805#0,338450553,338450550,9.15,11.1098,0.8236,1
-30607805#4,338450564,338450553,304.08,11.11,27.3699,1
-30607805#5,338450575,338450564,12.08,11.1101,1.0873,1
-30607805#6,340689482,338450575,19.44,11.1098,1.7498,1
-30607807#0,2734621771,331969537,35.93,11.1101,3.234,1
-30607807#1,331969537,2734621771,25.9,11.1102,2.3312,1
-30607808#2,cluster_363717360_412684304,338450586,78.29,11.11,7.0468,1
-30607808#5,363716669,cluster_363717360_412684304,88.84,11.11,7.9964,1
-30607808#7,412684309,363716669,125.97,11.11,11.3384,1
-30607809#3,338450614,338450640,306.39,13.89,22.0583,1
-30607809#4,8386062664,338450614,281.11,13.89,20.2383,1
-30614606#1,338450214,338450199,48.76,11.1101,4.3888,1
-30672672#2,7367755780,339204563,92.86,8.33,11.1477,1
-30672672#6,533847516,7367755780,83.86,8.33,10.0672,1
-30672672#7,533847513,533847516,76.78,8.33,9.2173,1
-30672672#8,338449983,533847513,100.07,8.33,12.0132,1
-30679512#3,7463948896,339271792,130.38,8.33,15.6519,1
-30679513#2,2105727179,339271794,239.13,8.33,28.7071,1
-30679513#6,339271796,2105727179,128.57,8.33,15.4346,1
-30679514#2,339271801,339271797,260.21,8.33,31.2377,1
-30679516#1,339271826,336984436,158.48,8.33,19.0252,1
-30679517#0,339271833,339271826,32.82,8.3299,3.94,1
-30679517#1,339271826,339271833,34.63,8.3299,4.1573,1
-30679518#1,339271846,339271844,35.17,8.33,4.2221,1
-30679519#0,339271853,339271846,20.77,8.33,2.4934,1
-30679519#1,339271846,339271853,19.76,8.3302,2.3721,1
-30679520#1,339271860,336984471,39.22,8.33,4.7083,1
-30679521#0,339271866,339271860,17.12,8.3301,2.0552,1
-30679521#1,339271860,339271866,24.46,8.3299,2.9364,1
-30679522#2,7367755780,339271874,248.02,8.33,29.7743,1
-30679523#6,533847513,339271876,256.2,8.33,30.7563,1
-30679524#0,339271878,339271877,0.2,8.3333,0.024,1
-30679524#1,339271877,339271878,33.48,8.33,4.0192,1
-30679525#1,339271892,339271891,47.76,11.1101,4.2988,1
-30679526#0,339271898,339271892,50.61,11.1099,4.5554,1
-30679526#1,339271892,339271898,53.42,11.11,4.8083,1
-30679529#1,336984664,336984661,41.67,11.1099,3.7507,1
-30679530#1,339271914,339271913,101.82,11.11,9.1647,1
-30679533,339271954,339271937,91.48,11.11,8.234,1
-30679534#0,339271954,339271943,57.26,11.11,5.1539,1
-30679534#1,339271943,339271954,21.13,11.1099,1.9019,1
-30750853#2,1821035843,309711634,77.5,11.11,6.9757,1
-30750853#4,306201582,1821035843,90.08,11.11,8.108,1
-30750859#2,340085930,cluster_13329700753_340085933,38.0,11.1101,3.4203,1
-30750861#2,340085935,340085934,165.23,8.33,19.8355,1
-30750863#4,340085945,340085938,112.06,8.33,13.4526,1
-30750864#2,340085947,340085946,146.85,8.33,17.6291,1
-30750865,340085987,339573880,51.29,13.8899,3.6926,4
-30786240#3,1685306669,332419680,298.45,11.11,26.8632,1
-30786267#1,1583473982,cluster_294298830_340433787,45.87,8.33,5.5066,1
-30794361#2,292190577,340689482,74.98,11.11,6.7489,1
-30794362#4,338450546,340689482,167.28,11.11,15.0567,1
-30794362#7,338450577,338450546,102.72,11.11,9.2457,1
-309238761#1,296266991,2099065320,47.81,11.1101,4.3033,1
-309843493#4,5689341088,297794591,139.29,13.89,10.0281,2
-31026579#2,344967237,344967216,314.74,11.11,28.3294,1
-31026582#2,344967249,344967237,27.89,11.1098,2.5104,1
-31026585#1,344967278,344967276,216.39,11.11,19.477,1
-31026587#1,344967304,344967278,35.8,11.1101,3.2223,1
-31026587#2,344967278,344967304,10.45,11.1099,0.9406,1
-31026590#2,344967316,344967313,279.66,11.11,25.1719,1
-31026593#2,344967328,344967326,33.76,11.11,3.0387,1
-31026597#2,344967379,344967365,244.54,11.11,22.0108,1
-31026598#1,344967444,344967379,66.5,11.11,5.9856,1
-31026598#4,344967385,344967444,69.1,11.11,6.2196,1
-31026599#0,344967441,344967390,64.29,11.11,5.7867,1
-31026599#2,344967393,344967441,65.52,11.11,5.8974,1
-31026601#2,344967413,344967396,244.94,11.11,22.0468,1
-31026603#2,344967438,344967416,246.45,11.11,22.1827,1
-31026604#2,344967444,344967441,134.96,11.11,12.1476,1
-31026605#1,344967475,344967466,24.4,11.1101,2.1962,1
-31026605#10,344967492,344967484,151.27,11.11,13.6157,1
-31026605#4,344967481,344967475,93.65,11.1101,8.4293,1
-31026605#5,344967484,344967481,17.38,11.1097,1.5644,1
-31026606#1,344967475,344967495,20.42,11.1099,1.838,1
-31026607#4,9160868455,cluster_338450190_340085892,158.06,11.11,14.2268,1
-31026608#11,338450199,338450328,194.68,11.11,17.523,1
-31026608#2,345084677,344967583,66.78,11.11,6.0108,1
-31026608#4,cluster_345084660_345084663,345084677,45.13,11.11,4.0621,1
-31026608#7,338450328,cluster_345084660_345084663,61.49,11.1099,5.5347,1
-31033125#3,cluster_345084660_345084663,1575070781,175.0,11.11,15.7516,1
-31033126#2,345084666,cluster_345084660_345084663,174.6,11.11,15.7156,1
-31033127#2,345084677,1575070785,222.87,11.11,20.0603,1
-31033127#5,345084675,345084677,176.0,11.11,15.8416,1
-31033128#2,1549904502,345084681,107.07,11.11,9.6373,1
-31033129#16,412689895,345084713,740.2,11.11,66.6247,1
-31033130#2,1545816723,8241893540,110.22,8.33,13.2317,1
-31033131#3,345084775,345084761,562.63,11.11,50.6418,1
-31033132#2,345084797,345084778,420.12,11.11,37.8146,1
-31033133#1,1914269560,345084800,184.45,11.11,16.6022,1
-31033135#2,345084895,298826273,75.14,11.11,6.7633,1
-31033135#4,345084862,345084895,121.89,11.11,10.9712,1
-31033136#2,345084898,345084895,62.89,11.1099,5.6607,1
-31033137#2,299276352,345084900,191.55,11.11,17.2412,1
-31033138#1,345084903,299276339,102.31,11.11,9.2088,1
-31033140#1,344967484,344967481,163.06,11.11,14.6769,1
-31033144#0,345085090,345085049,394.03,11.11,35.4662,1
-31033144#1,345085049,345085090,102.2,11.11,9.1989,1
-31033147#1,345085051,345085049,33.6,11.11,3.0243,1
-31033150#1,345085066,345085054,54.69,11.11,4.9226,1
-31033157#1,345085090,345085081,41.86,11.1099,3.7678,1
-31033159#18,30255449,345085110,552.58,11.11,49.7372,1
-31033160#2,345085226,345085180,182.44,11.11,16.4212,1
-31033161#2,345085235,345085231,213.84,11.11,19.2475,1
-31739757#4,421138189,416303252,71.43,11.1101,6.4293,1
-317847818#1,cluster_1489279437_1489279440_1489279442_3241620189_#3more,1489268449,48.08,11.1101,4.3276,1
-321232975,8192887980,4790263183,42.81,11.11,3.8533,1
-32306734#3,363709175,363709174,169.78,11.11,15.2817,1
-32306739#2,363709429,363709428,130.5,11.11,11.7462,1
-32306763#1,363711339,412684310,20.98,11.1099,1.8884,1
-32306804#0,331969125,363714030,32.4,11.11,2.9163,1
-32306804#2,363714039,331969125,125.48,11.11,11.2943,1
-32306908#2,411648955,412684194,92.75,11.11,8.3483,1
-32306908#4,363716669,411648955,72.48,11.1099,6.5239,1
-32306908#7,363717148,363716669,294.19,11.11,26.4797,1
-32306925#10,363716843,412684301,91.37,11.11,8.2241,1
-32306925#2,412684305,1546157809,71.33,11.1101,6.4203,1
-32306925#5,363717148,412684305,126.18,11.11,11.3573,1
-32306925#6,412689889,363717148,29.13,11.1098,2.622,1
-32306925#7,412684301,412689889,42.33,11.1099,3.8101,1
-32306929#10,cluster_363717360_412684304,412684301,294.34,11.11,26.4932,1
-32306941#2,1810222135,cluster_363717360_412684304,123.46,11.11,11.1125,1
-32306999#2,363719039,443127180,182.42,11.11,16.4194,1
-32306999#5,363719043,363719039,130.3,11.11,11.7282,1
-32307062#2,363719039,412689889,170.79,11.11,15.3726,1
-32307175#1,363720368,443127185,46.78,11.1101,4.2106,1
-32308211#3,280645659,8492049429,112.47,11.11,10.1233,1
-32308273#3,443127193,442432394,257.38,11.11,23.1665,1
-32308273#6,363728132,443127193,78.31,11.11,7.0486,1
-32308322#10,363719043,443127186,80.32,11.11,7.2295,1
-32308322#3,363730874,443127183,79.4,11.11,7.1467,1
-32308322#6,363731229,363730874,129.91,11.11,11.6931,1
-32308322#7,443127186,363731229,113.18,11.11,10.1872,1
-32308708#2,363730874,443127193,124.35,11.11,11.1926,1
-32308708#5,363730875,363730874,83.62,11.1099,7.5266,1
-32829040#8,408435647,369888510,379.12,11.11,34.1242,1
-33188609#3,376116109,376045510,161.25,11.11,14.514,1
-33191795#1,376116109,376116378,138.45,11.11,12.4617,1
-33191795#3,418996075,376116109,58.3,11.1101,5.2475,1
-33191795#6,376115785,418996075,204.74,11.11,18.4284,1
-33191802#2,418996076,376115373,188.23,11.11,16.9424,1
-33191802#7,376117044,418996076,206.9,11.11,18.6229,1
-33191806#2,418996077,376117786,206.41,11.11,18.5788,1
-33191806#5,376115090,418996077,169.79,11.11,15.2826,1
-33191810#2,412689918,376114940,151.05,11.11,13.5959,1
-33191810#5,376117839,412689918,201.28,11.11,18.117,1
-33191816#2,376119159,376119030,189.1,11.11,17.0207,1
-33191823#2,418996075,418996076,83.58,11.1099,7.523,1
-33191823#4,418996074,418996075,81.36,11.11,7.3231,1
-33407419#4,380059648,380059947,134.2,11.11,12.0792,1
-33407435#2,380059958,390608925,72.27,11.1099,6.505,1
-33407435#4,380059947,380059958,178.75,11.11,16.0891,1
-33407435#6,380060486,380059947,172.68,11.11,15.5428,1
-33407445#4,380060112,387553807,361.27,11.11,32.5176,1
-33407450#2,380060469,380060129,241.5,11.11,21.7372,1
-33407472#2,380060112,380063488,92.44,11.11,8.3204,1
-33580663#11,1553072112,369887847,109.61,11.11,9.8659,1
-33580663#2,443127200,280645744,80.18,11.11,7.2169,1
-33580663#4,443127199,443127200,77.91,11.11,7.0126,1
-33580663#6,443127198,443127199,80.44,11.11,7.2403,1
-33580663#8,369887847,443127198,94.03,11.1101,8.4635,1
-33827807#7,1623257629,297024084,109.42,13.89,7.8776,2
-33833197#2,429385249,387552359,61.44,11.1099,5.5302,1
-33833197#3,297024112,429385249,46.18,11.11,4.1566,1
-33833321,380063483,380060112,135.1,11.11,12.1602,1
-33859797#2,411932233,411932239,68.9,11.11,6.2016,1
-33859797#4,293911791,411932233,120.98,11.11,10.8893,1
-33859797#6,442432398,293911791,69.61,11.11,6.2655,1
-33859797#8,387944279,442432398,91.11,11.11,8.2007,1
-33869037#1,328347026,328346878,130.04,11.11,11.7048,1
-34023020,2466643837,329923351,56.42,11.11,5.0783,1
-34209085#5,298584984,1514895831,129.08,11.11,11.6184,1
-34439181#4,300153147,4250580079,117.03,11.11,10.5338,1
-34850632#2,408435644,260316103,216.75,11.11,19.5095,1
-350415486#2,309711609,418991447,95.19,11.1099,8.568,1
-350415490,3561667625,2090596137,86.13,11.11,7.7525,1
-35115978#1,295699979,420326610,180.17,11.11,16.2169,1
-351917200#2,250197471,250197481,75.24,8.33,9.0324,1
-351917200#3,250197456,250197471,169.94,8.33,20.401,1
-351917200#5,250197486,250197456,119.12,8.33,14.3001,1
-351917201#2,253114351,cluster_13130062297_13329700774_418993207_445219807_#1more,144.91,13.89,10.4327,2
-351917201#3,9442789560,253114351,69.02,13.8901,4.969,2
-351917202,416204116,416185189,248.56,13.89,17.8949,1
-35209941#3,412859589,412859588,277.19,11.11,24.9496,1
-353325198#2,8881878776,8881878777,25.86,11.1102,2.3276,1
-353325502#1,309711633,306201562,79.75,11.11,7.1782,1
-353325502#2,330382612,309711633,21.51,11.11,1.9361,1
-353325502#3,338450309,330382612,40.43,11.1099,3.6391,1
-353325502#5,295144850,338450309,123.1,11.11,11.0801,1
-353325503#3,295406662,287356560,320.33,13.89,23.0619,2
-353325503#5,345084713,295406662,157.48,13.8899,11.3377,2
-353325503#8,293956368,345084713,167.86,13.8899,12.085,2
-35501936#0,8616701655,416297011,71.88,13.8901,5.1749,1
-35501936#1,416297011,8616701655,43.09,13.8901,3.1022,1
-35502235#0,1762715583,416217235,26.58,11.1102,2.3924,1
-35502235#1,416217235,1762715583,31.44,11.1099,2.8299,1
-35502360#0,9934577770,416299449,0.29,11.1111,0.0261,1
-35502655#0,416247353,416246717,5.79,13.8916,0.4168,1
-35502655#1,416246717,416247353,34.86,13.8901,2.5097,1
-35502666#0,416246025,416226879,24.35,11.1101,2.1917,1
-35502666#1,416226879,416246025,27.59,11.1102,2.4833,1
-35502789#0,416194769,416236167,25.21,13.8898,1.815,1
-35502789#1,416236167,416194769,23.3,13.8897,1.6775,1
-35502947#2,443127200,416305910,228.3,13.89,16.4363,1
-35503038#1,416287733,416208085,84.75,11.1099,7.6283,1
-35503038#4,416186645,416287733,86.84,11.11,7.8164,1
-35503038#7,416288983,416186645,85.11,11.11,7.6607,1
-35503038#9,416256692,416288983,54.79,11.11,4.9316,1
-35503437#2,416307389,416300591,133.21,11.11,11.9901,1
-35503944#2,416285286,442755834,409.05,13.89,29.4492,1
-35504005#2,443127194,442432398,206.26,11.11,18.5653,1
-35504111#4,338450614,416214406,324.96,13.89,23.3952,1
-35504197#2,442399959,418988974,302.08,11.11,27.1899,1
-35504314#1,1564571441,8971292136,242.31,13.89,17.4449,1
-35504458#1,416200980,416201077,191.47,11.11,17.234,2
-35504517#0,416262616,416239624,82.73,11.1101,7.4464,1
-35504517#2,442760436,416262616,80.11,11.11,7.2106,1
-35504724#2,416224607,416186645,86.3,11.11,7.7678,1
-35504724#4,421162254,416224607,210.95,11.11,18.9874,1
-35504814#0,416184890,416260625,53.89,11.11,4.8506,1
-35504814#1,416299177,416184890,40.92,11.1099,3.6832,1
-35504814#2,416272373,416299177,70.54,11.1101,6.3492,1
-35504814#5,298511555,416272373,84.95,11.1099,7.6463,1
-35504887#1,1594214801,418988947,70.6,11.1101,6.3546,1
-35504887#3,1594214784,1594214801,134.5,11.11,12.1062,1
-35504887#4,416219720,1594214784,83.75,11.1099,7.5383,1
-35504887#6,416257325,416219720,177.1,11.11,15.9406,1
-35505055#1,418995332,416184890,221.12,11.11,19.9028,1
-35505225#2,418988944,416286375,212.25,11.11,19.1044,1
-35505327#2,416235300,418988941,86.81,11.11,7.8137,1
-35505327#5,416210563,416235300,85.72,11.11,7.7156,1
-35505710#1,416285961,499953664,82.62,11.1101,7.4365,1
-35505710#10,416280816,416295135,64.62,11.11,5.8164,1
-35505710#2,416222177,416285961,60.91,11.1101,5.4824,1
-35505710#4,420326605,416222177,158.41,11.11,14.2583,1
-35505710#8,416295135,420326605,114.85,11.11,10.3375,1
-35505775#2,416240094,418988969,149.72,11.11,13.4761,1
-35506125#1,416204338,416306360,60.94,11.1101,5.4851,1
-35506125#11,295704979,416204338,110.69,11.11,9.9631,1
-35506519#1,416191189,442755844,117.33,11.11,10.5608,1
-35506668#1,416236167,416285286,21.16,13.89,1.5234,1
-35507445#2,420326610,420326608,138.75,11.11,12.4887,1
-35507785#3,416257066,416305687,198.03,8.33,23.7731,1
-35507931#2,418988939,1594214788,308.1,11.11,27.7318,1
-35508767#3,457749580,416301252,150.52,11.11,13.5482,1
-35508824#3,442399964,416259404,75.28,11.11,6.7759,1
-35509181#1,416295938,416219191,214.2,11.11,19.2799,1
-35509311#0,416245143,416232528,19.94,11.1099,1.7948,1
-35509311#2,416208856,416245143,56.24,11.11,5.0621,1
-35509427#2,418988942,418988934,344.91,11.11,31.045,1
-35509427#5,1594214797,418988942,86.99,11.11,7.8299,1
-35509427#6,416300591,1594214797,85.35,11.11,7.6823,1
-35509427#9,1594214801,416300591,80.97,11.11,7.288,1
-35509537#1,416268383,338450614,80.99,13.89,5.8308,1
-35509748#3,7369426378,442760456,74.6,11.11,6.7147,1
-35509802,1772228771,416294844,25.62,11.1101,2.306,1
-35509900#1,416297011,420326318,103.58,13.8899,7.4572,1
-35509922,416265977,442760435,338.05,11.11,30.4275,1
-35510130#2,416210474,443127188,256.87,11.11,23.1206,1
-35510324#4,442760425,442760426,141.63,11.11,12.748,1
-35510492#2,416304448,442755843,121.48,11.11,10.9343,1
-35510492#5,442755846,416304448,123.2,11.11,11.0891,1
-35510706#5,421138189,1772228771,271.86,13.89,19.5724,1
-35510765#2,442435097,280645611,229.23,13.89,16.5032,1
-35510905#5,421163789,416232528,108.88,11.11,9.8002,1
-35511264#2,416294905,442435099,208.02,13.89,14.9762,1
-35511264#5,1592064284,416294905,280.84,13.89,20.2189,1
-35511497#1,416215049,416226879,43.17,11.11,3.8857,1
-35511739#2,416305910,443127197,248.89,8.33,29.8788,1
-35512061#1,416196556,416217136,111.22,11.11,10.0108,1
-35512488#1,416301252,457749583,66.66,11.11,6.0,1
-35512488#2,416243573,416301252,65.73,11.11,5.9163,1
-35512857#2,416295135,442755853,180.43,11.11,16.2403,1
-35512976#1,1677703264,cluster_418988971_442399961,39.94,11.1099,3.595,1
-35512976#3,1543039530,1677703264,49.29,11.1101,4.4365,1
-35513523#2,443127198,416277132,274.49,11.11,24.7066,1
-35514338#2,416266906,416261016,339.86,13.89,24.468,1
-35515132#2,416288983,421146126,130.21,11.11,11.7201,1
-35515132#5,416243489,416288983,86.34,11.11,7.7714,1
-35515139#2,416280816,1349947413,182.13,11.11,16.3933,1
-35515169,416194867,416246717,42.39,13.8902,3.0518,1
-35515192#2,418988945,416287016,213.23,11.11,19.1926,1
-35515205#2,416235300,10220643198,87.24,11.11,7.8524,1
-35515205#5,416218655,416235300,140.16,11.11,12.6157,1
-35515353#2,418996074,416219955,219.85,11.11,19.7885,1
-35515548#3,8241884467,418988968,141.95,11.11,12.7768,1
-35515662#2,418988941,418988931,241.71,11.11,21.7561,1
-35516324#1,416265977,442760437,360.95,11.11,32.4887,1
-35516433#1,cluster_416197277_8905697076,416303252,109.53,11.11,9.8587,1
-35516433#3,416250744,cluster_416197277_8905697076,94.85,11.1099,8.5374,1
-35516433#5,442760458,416250744,119.51,11.11,10.757,1
-35516545#3,cluster_416197277_8905697076,cluster_2144935908_416273779,87.5,11.11,7.8758,1
-35516874#2,416240094,418988966,106.32,11.11,9.5698,1
-35516874#4,418988970,416240094,103.1,11.11,9.2799,1
-35516880#2,1578545678,1578545606,88.71,11.11,7.9847,1
-35516880#4,1647504605,1578545678,88.72,11.11,7.9856,1
-35517427#2,416267212,416204578,121.71,11.11,10.955,1
-35517856#1,416262616,416265977,34.26,11.11,3.0837,1
-35517912#3,416267212,443127192,132.46,11.11,11.9226,1
-35517914#2,416201533,416269081,270.63,13.89,19.4838,1
-35518539#3,457749581,416243573,138.26,11.11,12.4446,1
-35518567#1,442399967,416219358,108.47,11.11,9.7633,1
-35519010#2,416185307,418996078,52.9,11.1099,4.7615,1
-35519046#0,416295938,416279646,150.32,11.11,13.5302,1
-35519046#2,416257066,416295938,68.78,11.11,6.1908,1
-35519046#5,442399965,416257066,214.75,11.11,19.3294,1
-35519086#1,442399968,416217235,49.05,11.1101,4.4149,1
-35519180#1,416245143,416191302,101.47,11.11,9.1332,1
-35519216#3,457749578,416244990,88.13,11.11,7.9325,1
-35519826#2,443127187,416201966,105.77,11.1099,9.5203,1
-35519981#1,416190298,416239712,99.66,11.11,8.9703,1
-35519981#3,418988947,416190298,96.92,11.11,8.7237,1
-35520319#1,416299449,416269424,79.19,11.11,7.1278,1
-35520333#4,416215119,416259404,254.0,11.11,22.8623,1
-35520391#1,416191760,416294155,222.17,11.11,19.9973,1
-35521005#1,416201966,418991454,70.2,11.1101,6.3186,1
-35521005#3,418988962,416201966,198.42,11.11,17.8596,1
-35521005#7,418988963,418988962,287.15,11.11,25.8461,1
-35521429#1,416235919,416302362,119.59,11.11,10.7642,1
-35521441#2,416277599,416215119,140.54,11.11,12.6499,1
-35521820#2,416269476,443127196,227.26,8.33,27.2821,1
-35521862#2,442760429,416211832,259.37,11.11,23.3456,1
-35521885#2,416259148,416261016,227.84,13.89,16.4032,1
-35521885#4,416231955,416259148,158.74,13.89,11.4284,1
-35522154#2,416277132,443127195,205.66,8.33,24.6891,1
-35522795#2,306013433,292190541,319.19,11.11,28.73,1
-35523083,442435101,442435100,357.32,13.89,25.725,1
-35523267#2,442760432,442760433,195.05,11.11,17.5563,1
-35523715,416185189,416208981,98.16,11.11,8.8353,1
-35523751#1,416289981,416299177,208.04,11.11,18.7255,1
-35523966#2,416187388,416294572,94.4,8.33,11.3325,2
-35523966#5,416294155,416187388,99.11,8.33,11.898,2
-35524051#1,416204116,416208981,206.6,13.89,14.874,1
-35524051#2,445219810,416204116,80.07,13.8899,5.7646,1
-35524696#1,442435098,416269081,178.78,13.89,12.8711,1
-35525342#2,442755836,416276102,134.77,11.11,12.1305,1
-35525879#2,418988959,418988958,80.32,11.11,7.2295,1
-35526043#0,416215049,418988949,123.83,11.11,11.1458,1
-35526043#2,421155707,416215049,113.43,11.11,10.2097,1
-35526077#3,443127191,416267212,170.87,11.11,15.3798,1
-35526525#1,416271216,416203321,59.27,11.1101,5.3348,1
-35526525#3,298513378,416271216,80.82,11.11,7.2745,1
-35526795#1,416208011,1947591826,47.08,11.1101,4.2376,1
-35527015#1,438109755,416186844,79.52,11.11,7.1575,1
-35527211#4,1578545606,cluster_418988971_442399961,191.7,11.11,17.2547,1
-35527781#2,416194867,442755833,146.27,13.89,10.5306,1
-35528156#1,416297115,cluster_420326593_420326614,56.89,11.11,5.1206,1
-35528376#3,442755844,4318773471,86.01,11.11,7.7417,1
-35528536#4,416185950,442760444,165.48,11.11,14.8947,1
-35529017#1,442399966,416261099,125.44,11.11,11.2907,1
-35529097#2,418988946,416243489,212.36,11.11,19.1143,1
-35529162#1,416206834,416305403,152.55,11.11,13.7309,1
-35529472#2,416204578,443127189,259.62,11.11,23.3681,1
-35529504#1,420326612,416299582,86.67,11.11,7.8011,1
-35531589#6,1947591826,416214406,307.03,11.11,27.6355,1
-35531648#2,442399962,1578545678,161.19,11.11,14.5086,1
-35531885#2,416257424,416225216,86.46,11.11,7.7822,1
-35532870#1,2190611546,416237495,99.16,11.11,8.9253,1
-35532933#2,443127199,416269476,251.62,11.11,22.6481,1
-35533113#2,420326597,420326601,217.74,11.11,19.5986,1
-35533443#2,442760431,442760434,186.02,11.11,16.7435,1
-35533524#5,416291637,298509028,238.21,11.11,21.441,1
-35534073,416194867,1605629364,134.38,13.89,9.6746,1
-35837379#5,416204338,cluster_376119854_418996073_8190304826,209.18,11.11,18.8281,1
-35837380#3,340433857,418996072,116.92,13.8899,8.4176,2
-35837380#4,6835825382,340433857,37.56,13.89,2.7041,2
-35837482#1,280645641,418996081,49.03,11.1101,4.4131,2
-35837483#1,416294905,331969654,80.18,13.89,5.7725,1
-35837483#2,416259148,416294905,77.45,13.8899,5.576,1
-35837483#5,416266906,416259148,183.68,13.89,13.2239,1
-35837483#6,442435101,416266906,147.54,13.89,10.622,1
-35837483#7,442435102,442435101,221.09,13.89,15.9172,1
-360060392#2,333850655,298825562,222.53,11.11,20.0297,1
-360060393#1,298825558,333850655,66.14,11.11,5.9532,1
-360060396#0,335952330,333850662,51.25,11.1099,4.613,1
-360060396#3,298826279,335952330,38.84,11.1102,3.4959,1
-360060396#4,345084898,298826279,100.12,11.11,9.0117,1
-36038553#0,345084775,10845048005,194.31,11.11,17.4896,1
-36038553#3,345084797,345084775,141.73,11.11,12.757,1
-36038553#7,295144916,345084797,62.95,11.1099,5.6661,1
-362867815#5,293911983,418988975,111.11,11.11,10.0009,1
-362867817#4,2002201332,293911986,118.83,11.11,10.6958,1
-363819359#0,253262184,9434062273,44.06,13.8899,3.1721,1
-363819359#2,250931931,253262184,85.98,13.8899,6.1901,1
-363819359#3,13236828793,250931931,43.35,13.8898,3.121,1
-367255641#1,411929172,418988937,18.26,11.1098,1.6436,1
-374642729#2,21456887,3780382809,51.2,13.89,3.6861,1
-374642839,280645645,280645641,10.17,11.1099,0.9154,1
-37749386#2,cluster_298585004_4318773467_4611981573_4611982703,298585001,88.09,11.11,7.9289,1
-378064881,338450782,392901047,75.01,13.89,5.4003,2
-378064884,260316108,2243680788,62.38,13.89,4.491,2
-378064885,2243680788,338450782,137.83,13.89,9.923,2
-378064886,338450751,2038386672,90.38,13.8901,6.5068,2
-37853939#2,443970618,416277147,168.75,11.11,15.189,1
-37891918#2,416294844,442760427,170.8,11.11,15.3735,1
-37926127#1,416208981,cluster_13130062297_13329700774_418993207_445219807_#1more,88.84,11.11,7.9964,1
-38620171#1,306013088,30255446,82.97,11.1101,7.468,1
-38620171#4,295406719,306013088,84.26,11.1099,7.5842,1
-38620171#8,295406720,295406719,53.45,11.11,4.811,1
-38620172#10,9442302169,344967216,3.98,13.8918,0.2865,2
-38620172#2,30255449,344967316,193.2,13.89,13.9093,2
-38620172#9,344967216,30255449,149.99,13.89,10.7984,2
-38620173#0,295406701,8256400677,148.07,13.89,10.6602,1
-38620173#2,9442302171,295406701,157.48,13.8899,11.3377,1
-38654374#2,7881859029,457749575,33.66,11.11,3.0297,1
-38654375#1,457749580,457749578,66.12,11.11,5.9514,1
-38654375#2,457749581,457749580,67.12,11.11,6.0414,1
-40046732#3,2120142957,481695414,76.86,8.33,9.2269,1
-40046734#3,292190605,292190585,1326.32,16.67,79.5633,1
-40046736,12802051734,290580949,26.51,16.6698,1.5903,3
-404667162#2,328349815,293815259,59.16,11.1101,5.3249,1
-404667162#4,330382425,328349815,83.08,11.1101,7.4779,1
-404667163#0,330382471,330382425,63.99,13.89,4.6069,1
-404667163#1,330382472,330382471,94.65,13.8899,6.8143,1
-404667163#10,295144808,cluster_293815262_334325599,52.04,13.8899,3.7466,1
-404667163#11,297322888,295144808,126.5,13.89,9.1073,1
-404667163#14,297322824,297322888,82.09,13.89,5.91,1
-404667163#16,295144812,297322824,71.9,13.89,5.1764,1
-404667163#3,299022720,330382472,77.69,13.8901,5.5932,1
-404667163#6,cluster_293815262_334325599,299022720,71.14,13.8899,5.1217,1
-405849920#1,4080014775,4080014768,70.67,4.17,16.9472,1
-405849921#2,4080014774,4080014767,70.61,4.17,16.9329,1
-405849922#2,4080014772,4080014764,70.53,4.17,16.9137,1
-405849923#1,4080014764,4080014770,99.24,4.17,23.7986,1
-405849923#2,4080014767,4080014764,35.46,4.17,8.5036,1
-405849924#0,4080014770,4080014769,24.95,4.17,5.9832,1
-405849924#1,4080014772,4080014770,33.69,4.17,8.0791,1
-405849924#2,4080014774,4080014772,35.85,4.17,8.5971,1
-405849924#3,4080014775,4080014774,37.05,4.17,8.8849,1
-405849924#4,4080014776,4080014775,34.18,4.17,8.1966,1
-405849924#6,4080014777,4080014776,43.63,4.17,10.4628,1
-405849925#1,4080014776,7978961180,20.47,11.1099,1.8425,1
-405852062#1,301490906,301490905,89.82,11.11,8.0846,1
-406327107#3,253262188,2716390825,86.58,11.11,7.793,1
-41013284#2,416222177,499953662,52.38,11.1099,4.7147,1
-41013285#2,416285961,499953663,72.04,11.1101,6.4842,1
-41013287#1,499953667,499953666,50.39,11.1099,4.5356,1
-41013288#1,420326318,299027491,56.93,13.8901,4.0986,1
-41013288#3,299027480,420326318,78.61,13.8899,5.6595,1
-41013289#3,299027491,499953675,57.97,13.89,4.1735,1
-41058260#1,421146123,500375328,127.42,11.11,11.4689,1
-41168679#2,443127184,363731229,126.11,11.11,11.351,1
-41168680#1,363731229,1621912299,48.68,11.1101,4.3816,1
-41168698#1,416269081,443127200,81.32,13.8899,5.8546,1
-41168699#2,1983147608,502840361,156.3,8.33,18.7635,1
-41169446#3,298509028,293302282,113.41,13.8899,8.1649,2
-41183908#3,298584876,298584875,112.17,13.89,8.0756,2
-41183911#12,293911986,297024118,88.5,13.89,6.3715,2
-41183911#3,298584872,298584886,155.83,13.89,11.2189,2
-41183911#6,297024118,298584872,99.62,13.8899,7.1721,2
-41183913#3,297024108,295704964,139.71,11.11,12.5752,1
-41183913#4,412859589,297024108,62.92,11.1099,5.6634,1
-41183914#2,9448986030,297024077,89.89,11.11,8.0909,2
-41183920#1,309711631,295699028,167.46,13.8899,12.0562,1
-41183921#5,411648963,283678986,170.75,13.89,12.293,1
-41183921#8,299045489,411648963,223.96,13.89,16.1238,1
-41183922#1,499953662,499953663,59.15,11.1101,5.324,1
-41183922#3,299045545,499953662,182.68,11.11,16.4428,1
-414284068#5,252828860,408430803,80.1,11.11,7.2097,1
-41864758#2,517706745,cluster_1721795850_517706752,80.53,8.33,9.6675,1
-41864768#1,517706896,517706895,74.35,11.1099,6.6922,1
-421340960#1,252828863,9442600127,132.2,13.8901,9.5176,1
-421342687#1,1334076400,256993301,43.17,22.2205,1.9428,1
-421342688#2,256993301,253114357,96.29,11.11,8.667,1
-421916448,252828918,4216578875,29.2,22.2205,1.3141,1
-424521824#1,297024108,297024109,276.52,11.11,24.8893,1
-424521825#1,297024109,297024112,39.83,11.1099,3.5851,1
-424545774#3,256993289,408435628,43.82,11.11,3.9442,1
-424546249#5,1983147608,256993289,88.94,22.22,4.0027,2
-424546250#0,502840361,1983147608,0.2,22.2222,0.009,2
-424546250#3,338450579,502840361,87.45,22.2202,3.9356,2
-424546349#1,8477238550,13432233936,25.63,22.2193,1.1535,1
-424546990#2,21456887,21456894,55.2,13.8899,3.9741,3
-424547420#2,335820950,298584827,46.47,11.11,4.1827,1
-424547424#2,298584852,15434374,30.74,11.1099,2.7669,2
-424550646#1,1946220905,335820951,99.32,11.11,8.9397,1
-424550646#7,293911986,1946220905,62.84,11.1099,5.6562,1
-424632442#2,8189608957,295704951,68.56,11.11,6.171,1
-424635156#1,300190242,300186055,94.37,11.1101,8.4941,1
-424635161#4,300190245,300190242,259.04,11.11,23.3159,1
-425752469#2,4250580079,299045451,47.86,11.1101,4.3078,2
-425795644#2,255942727,255942728,181.28,8.33,21.7623,1
-42685767#4,2716390825,253262190,95.19,11.1099,8.568,1
-42687477#1,338450000,533847502,172.7,8.33,20.7323,1
-42687477#2,533847493,338450000,132.04,8.33,15.8511,1
-42687477#3,336984625,533847493,63.45,8.3301,7.617,1
-42687477#5,533847516,336984625,154.95,8.33,18.6014,1
-42687479#1,533847502,533847493,190.05,8.33,22.8151,1
-42687479#3,338449442,533847502,136.0,8.33,16.3265,1
-42687479#5,114197533,338449442,239.73,8.33,28.7791,1
-428946041#1,297024077,7369497883,36.51,11.1101,3.2862,1
-428946045#2,298584886,297024077,104.87,13.8901,7.55,2
-428946109#3,1553072912,338450579,270.76,13.89,19.4932,2
-43352723#1,12708745103,545312773,25.04,11.1101,2.2538,1
-446609646#3,2753073648,293911678,52.07,13.8901,3.7487,1
-446609647#1,297024084,293911678,17.24,13.8898,1.2412,2
-446858333#1,30255446,4440816377,83.09,13.89,5.982,1
-446932866#2,1701347075,295175079,234.97,13.89,16.9165,1
-448581673#10,331969465,12034992496,349.41,8.33,41.946,1
-451917728#1,4487224450,253114357,31.21,11.1099,2.8092,2
-459090866#1,287354800,1677703303,41.34,11.1099,3.721,1
-466414682,290580949,481695396,15.61,27.7807,0.5619,2
-466414683#1,114158636,481695408,43.46,16.6699,2.6071,2
-466814519#6,502855751,293911983,99.32,11.11,8.9397,1
-466823667#0,250197421,7041183462,31.08,13.8899,2.2376,1
-466823667#1,250197418,250197421,79.36,13.8899,5.7135,1
-466823667#2,9442600129,250197418,27.79,13.8901,2.0007,1
-466823668#1,9442675964,293302280,27.71,22.2195,1.2471,2
-466956851#1,376116378,9442405984,17.53,13.8895,1.2621,2
-466956851#4,376117044,376116378,83.48,13.89,6.0101,2
-466956851#5,376117786,376117044,83.35,13.89,6.0007,2
-466956851#7,376117839,376117786,83.12,13.8899,5.9842,2
-466956852#1,cluster_280645653_310717282,8189144851,41.06,11.1099,3.6958,1
-466956853#1,443127187,299045492,201.49,13.89,14.5061,1
-466956853#2,2256352486,443127187,42.82,13.89,3.0828,1
-467027539#15,cluster_267812728_335616696,cluster_267812666_533789218,1519.73,11.11,136.7894,1
-467317205#2,cluster_334325593_84075613,283267240,201.03,16.67,12.0594,2
-467317206#0,293459054,293459105,275.29,22.22,12.3893,1
-467317206#10,293459066,299022670,84.81,22.2202,3.8168,1
-467317206#12,299022720,293459066,70.51,22.2198,3.1733,1
-467317206#15,299022625,299022720,142.92,22.2201,6.432,1
-467317206#16,293459068,299022625,41.25,22.2204,1.8564,1
-467317206#17,299022624,293459068,46.08,22.2201,2.0738,1
-467317206#18,297338288,299022624,174.13,22.2201,7.8366,1
-467317206#2,328348027,293459054,44.26,22.22,1.9919,1
-467317206#21,293815250,297338288,223.4,22.22,10.054,1
-467317206#3,293459056,328348027,3.09,22.2142,0.1391,1
-467317206#4,293459059,293459056,86.68,22.2199,3.901,1
-467317206#5,328348878,293459059,27.49,22.2195,1.2372,1
-467317206#6,328349053,328348878,66.54,22.22,2.9946,1
-467317206#7,299022671,328349053,150.75,22.2201,6.7844,1
-467317206#8,328349083,299022671,30.1,22.2206,1.3546,1
-467317206#9,299022670,328349083,132.52,22.22,5.964,1
-467317207#0,295144588,329923308,76.51,22.22,3.4433,1
-467317207#1,293459105,295144588,68.37,22.2197,3.077,1
-467317208,11989097530,13015332260,188.43,16.6701,11.3035,1
-467601309#3,295406697,9448986018,70.31,11.1101,6.3285,1
-467711265#1,cluster_292443711_334325581,13329633896,48.54,13.89,3.4946,1
-468198748#1,4627621475,4627621476,36.34,4.17,8.7146,1
-468198749#1,4627621477,4627621478,37.11,4.17,8.8993,1
-468198750#1,4627621478,4627621480,30.5,4.17,7.3141,1
-468198750#2,4627621476,4627621478,31.36,4.17,7.5204,1
-468198750#5,4627621479,4627621476,43.23,4.17,10.3669,1
-468734453#2,499953666,411932239,129.63,13.89,9.3326,2
-468734453#3,1553073708,499953666,68.71,13.8901,4.9467,2
-468734453#5,1553074296,1553073708,88.95,13.89,6.4039,2
-468738916#4,442760436,1013323719,273.5,11.11,24.6175,1
-468770498#3,cluster_255942734_4612010949_6091318466_6091318467,13277070109,130.92,11.11,11.784,1
-468770499#3,1575070781,1573617448,94.67,11.1099,8.5212,1
-468770499#8,1575070785,1575070781,135.15,11.11,12.1647,1
-468770499#9,1575070800,1575070785,41.6,11.1099,3.7444,1
-468770500#1,295406663,287354804,58.49,11.1101,5.2646,1
-468770501#0,1906476090,13264826401,0.22,11.1111,0.0198,1
-468770501#10,418988968,287354802,192.22,11.11,17.3015,1
-468770501#13,306201754,418988968,128.44,11.11,11.5608,1
-468770501#3,287354802,1906476090,268.43,11.11,24.1611,1
-468770503#1,336984668,306013063,144.43,11.11,13.0,1
-468770503#2,338450274,336984668,91.89,11.11,8.2709,1
-468770503#3,339271913,338450274,70.16,11.1101,6.315,1
-468770503#6,287356560,339271913,69.36,11.11,6.243,1
-468770504#7,295406662,306013069,323.72,11.11,29.1377,1
-468770505#10,11386320244,339271937,116.61,11.1101,10.4959,1
-468770505#8,339271937,299134041,466.05,11.11,41.9487,1
-469453995#0,1507618123,9442302175,0.2,13.8889,0.0144,2
-469453995#1,442399962,1507618123,11.51,13.8892,0.8287,2
-469453995#2,8256534784,442399962,26.16,13.8898,1.8834,2
-469453995#3,cluster_418988971_442399961,8256534784,47.06,13.8902,3.388,2
-469453995#6,421138214,cluster_418988971_442399961,57.56,13.89,4.144,2
-469454000#3,9442302168,cluster_251817694_3144361905_4711821578_8891450375_#1more,123.24,13.89,8.8726,3
-469454004#0,332419680,4711821577,45.97,13.8899,3.3096,2
-469454012#1,295406722,293956368,127.28,13.89,9.1634,2
-469454012#5,cluster_251817694_3144361905_4711821578_8891450375_#1more,295406722,276.84,13.89,19.9309,2
-469454017#0,293956356,293956355,40.21,11.1099,3.6193,1
-469454017#1,334325801,293956356,418.28,11.11,37.649,1
-469454017#3,293956420,334325801,74.11,11.1099,6.6706,1
-469454017#4,293956396,293956420,125.71,11.11,11.315,1
-469454017#5,293956398,293956396,56.63,11.11,5.0972,1
-469454017#7,293956367,293956398,42.61,11.11,3.8353,1
-469454024#1,293956442,286311090,182.48,13.89,13.1375,2
-469454024#2,1685306650,293956442,46.42,13.8899,3.342,2
-471827762#9,298825562,1587958288,271.08,11.11,24.3996,1
-471827763#0,416269424,412689902,89.48,11.11,8.054,1
-471827763#1,442399967,416269424,96.82,11.11,8.7147,1
-471827763#2,442399968,442399967,79.78,11.11,7.1809,1
-471827763#4,1587958288,442399968,74.0,11.1099,6.6607,1
-472474080#5,114197616,13251917735,309.33,13.89,22.27,2
-472475678#1,cluster_1475177974_293956350_8241462469,30255438,22.17,13.8901,1.5961,2
-472475679#1,9442302173,418988966,112.86,13.8899,8.1253,1
-472475680#1,cluster_1475177974_293956350_8241462469,30255438,19.76,11.1099,1.7786,1
-472477879#1,cluster_1944491020_481695415,cluster_294298830_340433787,7.3,22.2222,0.3285,1
-473035832,2256351534,418992829,45.81,13.8898,3.2981,2
-473035833#1,418992828,299045509,19.84,13.8897,1.4284,2
-473294818#3,13322081229,442399964,132.75,11.11,11.9487,1
-473294821#1,295144913,9721605085,138.53,11.11,12.4689,1
-473338925#1,298584875,12803499336,61.43,13.89,4.4226,2
-473338926#1,298584875,9442789575,47.48,13.8899,3.4183,2
-4747231#3,335820950,21456887,167.04,13.89,12.0259,2
-4747232#7,cluster_21305999_310717158,21305998,116.32,13.89,8.3744,2
-474806606#1,290577275,295144913,12.33,11.1101,1.1098,2
-474807570#2,993665189,298825565,37.01,13.89,2.6645,3
-474807572#1,298825565,412862913,59.65,11.1101,5.369,2
-486411070#12,418991447,309711618,183.0,11.11,16.4716,1
-486411070#3,309711617,4790263183,101.97,11.11,9.1782,1
-486411070#6,309711618,309711617,169.09,11.11,15.2196,1
-487923856#4,4803110849,297024108,99.47,11.11,8.9532,1
-494848227#1,283267192,4866124419,166.77,16.67,10.0042,2
-498955431#1,331969417,331969416,24.82,11.1101,2.234,1
-499499043#1,301490962,301490957,18.83,11.1098,1.6949,1
-499499473#1,293956442,293956522,26.37,11.1102,2.3735,1
-499499474,286311094,4907687400,72.69,13.8899,5.2333,2
-503072518,328354238,328354337,12.71,13.8907,0.915,1
-503072519,301490917,2466643837,0.23,11.1111,0.0207,1
-503474534#2,287354793,340433834,178.7,8.33,21.4526,1
-503474537#1,293911678,2002201332,15.22,13.8894,1.0958,2
-505692150#4,298584879,298584878,97.2,11.11,8.7489,1
-505692151#5,298584878,298584893,57.22,11.11,5.1503,1
-507674247#1,295704964,295704979,99.13,11.11,8.9226,1
-507674248#3,302857874,255942725,85.07,13.8899,6.1246,1
-50876999#5,250197418,250197359,78.56,8.33,9.431,1
-50877086#0,253114366,4487224450,149.33,11.11,13.441,1
-50877086#3,13319810691,253114366,259.6,11.11,23.3663,1
-50877086#6,445219810,13319810691,89.54,11.11,8.0594,1
-50877086#7,380044976,445219810,209.68,11.11,18.8731,1
-50880914#2,295699026,309711608,167.2,11.11,15.0495,1
-50880914#5,309711632,295699026,167.35,11.11,15.063,1
-50880914#8,283678987,309711632,148.19,11.11,13.3384,1
-515343215#2,260316103,338450203,89.99,22.2198,4.05,1
-515343216#3,338450203,256993290,99.4,22.2202,4.4734,1
-516873093#0,1613212227,252828918,33.05,8.33,3.9676,1
-516873093#4,299292021,1613212227,58.16,8.33,6.982,1
-530922339#1,418988967,287354800,66.63,13.8899,4.797,3
-53164150#1,2220284425,293815289,392.59,13.89,28.2642,1
-543605853#1,5255035756,412684309,81.2,11.11,7.3087,1
-543605853#4,5255035757,5255035756,78.28,11.11,7.0459,1
-543605855,5255035756,411648955,142.08,11.11,12.7885,1
-545182960#2,390111756,6091347617,85.53,8.33,10.2677,1
-56079352,2038386672,396314667,117.95,13.89,8.4917,2
-582910829,9584102224,9584102225,25.77,11.1102,2.3195,2
-582910832#1,1564571441,442760429,81.46,13.8899,5.8647,1
-582910835#1,442760431,13252209958,47.38,13.8899,3.4111,1
-582910835#3,442760432,442760431,121.52,13.8901,8.7487,1
-582910835#4,387526911,442760432,68.41,13.8901,4.9251,1
-582910838#2,416279122,1564571441,83.94,13.89,6.0432,1
-582910838#4,416225216,416279122,72.87,13.8901,5.2462,1
-582910838#5,416294844,416225216,70.14,13.8899,5.0497,1
-582910840#10,457749575,457749578,79.35,13.8901,5.7127,1
-582910840#5,457749583,1564571441,175.66,13.89,12.6465,1
-582910840#7,457749578,457749583,162.0,13.89,11.6631,1
-588173549#3,411932239,411929140,133.26,11.11,11.9946,1
-588185159#2,442755833,294320062,222.05,11.11,19.9865,1
-588185159#4,294320166,442755833,267.79,11.11,24.1035,1
-588185160#1,294320485,294320525,230.73,13.89,16.6112,1
-588185160#2,294320425,294320485,23.58,13.8902,1.6976,1
-588185161#1,296180936,cluster_11970617681_1551209896,39.28,13.8902,2.8279,2
-598403688#2,301490905,301490904,66.91,11.11,6.0225,1
-607971782,12052070211,12052070210,31.54,13.89,2.2707,1
-607979204#1,302857858,294298864,83.96,8.33,10.0792,1
-607979205#1,302857860,294298864,84.56,8.33,10.1513,1
-607979205#3,338849148,302857860,86.18,8.33,10.3457,1
-607979205#6,2105727179,338849148,84.11,8.33,10.0972,1
-607979206#2,308232187,308232186,130.04,8.33,15.611,1
-607981948#1,338450640,331969760,390.05,13.89,28.0814,1
-607981949#11,299045545,420326605,111.5,11.11,10.036,1
-607981949#5,299045540,1553074296,287.3,11.11,25.8596,1
-607981949#7,420326605,299045540,66.38,11.11,5.9748,1
-62299803#4,340085948,250931958,288.25,8.33,34.6038,1
-62299904#2,481695414,293302280,29.36,13.8897,2.1138,1
-627701081#1,339271801,299045598,79.24,8.33,9.5126,1
-627701081#3,299045594,339271801,96.74,8.33,11.6134,1
-627701081#5,339204561,299045594,80.82,8.33,9.7023,1
-648054406#3,339271796,6084895932,102.01,13.8901,7.3441,1
-648928683#5,255942741,cluster_1575070792_4612010948_6091318468_6091318470,80.61,11.11,7.2556,1
-648928683#8,260316102,255942741,62.06,11.1099,5.586,1
-648928683#9,256993424,260316102,29.13,11.1098,2.622,1
-650609430#1,295144588,328354238,88.23,13.8899,6.3521,1
-650613061#1,442432394,443127186,125.73,11.11,11.3168,1
-650613061#3,309711623,442432394,113.68,11.11,10.2322,1
-650695181,416268326,416268383,138.25,13.89,9.9532,1
-65253529#1,3241611539,287354793,78.66,11.11,7.0801,1
-653293172#3,9695530873,cluster_5562961553_6928676075,82.42,2.78,29.6475,1
-655099413#2,295406696,298513389,36.84,11.1101,3.3159,1
-682330823#2,250197390,250197386,78.03,8.33,9.3673,1
-682330823#3,250197393,250197390,78.51,8.33,9.425,1
-682330823#5,250197384,250197393,61.35,8.3301,7.3649,1
-682330824#4,250197472,250197466,161.97,8.33,19.4442,1
-696525114#1,9442789562,6541054300,15.56,13.8904,1.1202,3
-708915783#2,294298849,299045587,167.78,8.33,20.1417,1
-708915783#5,308232164,294298849,78.42,8.33,9.4142,1
-708915783#7,cluster_308232170_339573892,308232164,183.03,8.33,21.9724,1
-708915784#2,299045587,302857858,182.46,8.33,21.904,1
-722721108#2,340085936,1801260561,82.5,8.33,9.904,1
-722800915#1,340085948,4458644201,48.07,22.2197,2.1634,1
-722800916,390111756,340085948,24.81,22.2192,1.1166,2
-729743019#3,15434380,4318786921,81.25,11.11,7.3132,1
-733063347#4,250197374,250197378,80.58,13.89,5.8013,1
-733063347#7,2372876949,250197374,43.57,13.89,3.1368,1
-733321306#1,30255443,344967438,102.17,13.8899,7.3557,2
-733411317#2,292190614,292190605,497.94,16.67,29.8704,2
-737674941#1,297794591,250197364,80.89,13.89,5.8236,3
-738089021#4,250931959,6091317360,8.2,13.8889,0.5904,1
-738633021#3,253114357,11154333393,125.0,11.11,11.2511,1
-739451210#0,cluster_287356568_4614303593,11999409402,0.53,13.8743,0.0382,1
-740014898#7,6084895932,cluster_1710899578_5562961547,161.8,13.89,11.6487,1
-741063237#1,292190572,290577234,47.56,13.8902,3.424,2
-758735344#3,252828920,7086411992,66.94,13.89,4.8193,2
-759411359#2,408435643,408435647,156.96,11.11,14.1278,1
-759411360#1,408435646,408435643,95.14,11.1099,8.5635,1
-760780905#2,387526911,306013441,194.21,11.11,17.4806,1
-788225134#1,295704964,1911930957,49.54,11.1101,4.459,1
-788225136#2,1911930952,416299634,34.76,11.11,3.1287,1
-798221180#1,308232159,481695414,25.21,13.8898,1.815,1
-798221180#3,340085938,308232159,51.6,13.89,3.7149,1
-798221180#6,302857874,340085938,70.46,13.89,5.0727,1
-829507378#1,1544446031,256993281,44.47,8.3301,5.3385,1
-829507380#1,308232186,302857899,85.48,8.33,10.2617,1
-832708890#1,287354792,287354791,16.46,11.1104,1.4815,1
-839910525#1,cluster_298513384_6835868988,6835868989,56.07,13.8901,4.0367,1
-843737976#2,542897507,4781390282,153.02,13.8899,11.0166,1
-85464294#2,298511021,416289981,172.61,11.11,15.5365,1
-85518605#4,442760456,cluster_1489279437_1489279440_1489279442_3241620189_#3more,122.62,11.11,11.0369,2
-85518605#6,416289811,442760456,59.62,11.1101,5.3663,2
-85518605#8,421163789,416289811,98.73,11.11,8.8866,2
-85518614#1,376115090,416200980,19.51,13.8901,1.4046,1
-85518614#14,cluster_1489279437_1489279440_1489279442_3241620189_#3more,414478048,154.58,13.89,11.1289,1
-85518614#2,416257325,376115090,46.18,13.89,3.3247,1
-85518614#3,376115373,416257325,19.99,13.8897,1.4392,1
-85518614#4,416218154,376115373,49.33,13.8899,3.5515,1
-85518614#5,376115785,416218154,17.45,13.89,1.2563,1
-85518614#6,416218655,376115785,49.58,13.8899,3.5695,1
-85518614#7,416219955,416218655,16.06,13.8903,1.1562,1
-85518614#8,418996080,416219955,54.95,13.8899,3.9561,1
-85518614#9,414478048,418996080,14.08,13.8897,1.0137,1
-85518624#2,1489841890,335958276,133.01,11.11,11.9721,1
-85518626#3,4318773469,298584984,83.64,11.1099,7.5284,1
-85561445#2,345085180,295144916,170.43,13.89,12.27,1
-85561445#4,cluster_290577265_541208444_8105157841,345085180,121.4,13.89,8.7401,1
-85561461#4,9448986019,9448986020,56.26,11.11,5.0639,1
-85561484#1,13329633884,298513378,43.64,13.8901,3.1418,2
-85565016#2,442399958,416200370,77.28,11.11,6.9559,1
-85624827#1,418992829,299045509,19.6,13.8899,1.4111,2
-85624828#2,298584871,298509040,148.13,11.11,13.333,1
-85630799#5,298584886,298584885,121.76,11.11,10.9595,1
-85630802#1,416305403,993341018,112.77,11.11,10.1503,1
-85647152#2,1999217108,cluster_412689897_6302226011_6302226012,132.33,11.11,11.9109,1
-85647155#24,295144850,412689895,532.79,13.89,38.3578,2
-85647155#8,412689895,306013087,235.88,13.89,16.982,2
-85647156#1,306013455,292190572,57.2,13.8899,4.1181,1
-85647156#2,292190577,306013455,90.53,13.8901,6.5176,1
-85647156#3,418988957,292190577,188.83,13.89,13.5947,1
-85647156#6,cluster_292190578_8881861579_8881861591,418988957,73.14,13.8899,5.2657,1
-85647157#3,412862913,cluster_261687171_4318791396_4611982702_6538855870,457.71,11.11,41.198,2
-85652531#0,328347159,293458965,394.71,11.11,35.5275,1
-85652531#1,293458913,328347159,90.83,11.11,8.1755,1
-85652531#2,328346878,293458913,348.26,11.11,31.3465,1
-85652531#3,293458971,328346878,114.54,11.11,10.3096,1
-85652531#5,293459037,293458971,77.5,11.11,6.9757,1
-85652531#8,301490944,293459037,282.46,11.11,25.4239,1
-85690592#2,335952330,517706896,238.76,11.11,21.4905,1
-85759868#2,9584102244,295406696,37.55,13.8899,2.7034,2
-85759878#12,295699950,298584885,153.98,13.89,11.0857,1
-85759878#14,295699952,295699950,63.43,13.89,4.5666,1
-85759878#6,298584885,297024081,101.81,13.8901,7.3297,1
-85762005#1,443127191,1947591826,90.38,11.11,8.135,1
-85762005#3,338450586,443127191,57.55,11.11,5.18,1
-85807028,292190553,292190541,192.76,13.89,13.8776,1
-85883178#4,1013323718,387526911,28.48,13.89,2.0504,2
-85883186#4,12751376389,335820892,51.22,13.8902,3.6875,2
-861242285#1,336984409,339271796,84.45,13.89,6.0799,2
-861242285#3,250931958,336984409,58.78,13.8901,4.2318,2
-861242286#2,251576067,302857899,131.66,8.33,15.8055,1
-87093770,9442789571,9442789572,85.68,13.8899,6.1685,2
-87139180#2,298825562,298825565,460.41,11.11,41.441,2
-87139189#3,1013323719,1013323718,96.33,11.11,8.6706,2
-871538243#1,298025687,298025682,191.66,13.89,13.7984,1
-87656285#4,1587958288,442760436,163.15,11.11,14.685,1
-877412544,676441729,1534614712,14.44,13.89,1.0396,2
-877412546,8163580148,8163580147,11.46,13.8892,0.8251,1
-877412547,8163580146,8163580152,12.21,13.8908,0.879,1
-877412548,8163580147,442399958,13.02,13.8895,0.9374,2
-877412549#1,8163580152,8163580148,16.96,13.8903,1.221,2
-877412552#1,298509039,298510756,40.16,11.1099,3.6148,1
-877412555#1,8163580153,13329633884,7.04,13.8911,0.5068,1
-880442351#2,299045489,8189158183,22.36,11.11,2.0126,1
-880442352#1,8189144851,299045489,36.8,11.1101,3.3123,2
-880486029#2,283678984,613999354,63.62,13.8899,4.5803,2
-880486030#1,283678984,9442789573,57.04,13.8898,4.1066,2
-880486031#1,8189608931,283678984,73.26,13.89,5.2743,3
-880486032#5,418996081,1623257629,77.55,13.8899,5.5832,2
-880486042#1,2753084568,418996081,121.72,13.8901,8.7631,3
-880486042#3,8189608958,2753084568,101.5,13.89,7.3074,3
-880486043#1,418996081,8189608957,26.79,11.1102,2.4113,1
-880486044,295704980,8189608958,37.17,13.8901,2.676,2
-880486045#1,8189608959,295704980,28.47,13.8898,2.0497,3
-880486046#0,380063488,8189608960,48.66,11.1101,4.3798,1
-880486046#1,331969465,380063488,63.66,11.1099,5.73,1
-880486047#1,2261910377,331969127,21.85,11.11,1.9667,2
-880486048#1,280645715,2261910377,5.33,11.1111,0.4797,1
-880486049#1,1826354837,280645715,19.18,11.1098,1.7264,1
-880486050,8189608960,1826354837,21.22,11.1099,1.91,2
-880486051#2,13131909136,8189608961,47.74,22.2202,2.1485,1
-880486052#1,331969654,8189608962,46.68,22.2201,2.1008,1
-880560560#2,299045492,418988962,105.91,11.1099,9.5329,1
-880560560#5,299045502,299045492,106.62,11.11,9.5968,1
-880864111#1,369888138,408435644,122.99,11.11,11.0702,1
-881218489,8195956655,cluster_251576066_2614057273_2614057276_2614057277_#5more,12.69,13.8901,0.9136,4
-881218490,8195956656,8195956655,38.9,13.8899,2.8006,3
-881218491#1,8195956657,cluster_251576066_2614057273_2614057276_2614057277_#5more,21.48,13.8903,1.5464,3
-881218492,cluster_251576066_2614057273_2614057276_2614057277_#5more,8195956658,45.89,13.8901,3.3038,2
-881218493#1,8195956658,2113349480,61.68,13.89,4.4406,3
-88147083#2,256993299,15434363,17.84,22.2195,0.8029,1
-88147083#4,4216578875,256993299,45.52,22.2201,2.0486,1
-88147086#1,418988965,287354800,195.37,11.11,17.5851,1
-884249114#2,418991455,1463979935,49.76,11.1101,4.4788,1
-884249115#1,392323928,298511554,50.46,11.1099,4.5419,1
-884249115#3,392323912,392323928,92.52,11.11,8.3276,1
-884249116#1,416232528,298584879,41.33,11.1099,3.7201,1
-884249117#0,438109755,1463004904,108.95,11.11,9.8065,1
-884249117#2,287354793,438109755,43.39,11.11,3.9055,1
-884249118#1,4627621479,299045502,65.21,11.11,5.8695,1
-884249118#5,4080014773,4627621479,103.49,11.11,9.315,1
-884249118#8,4080014777,4080014773,71.01,11.1101,6.3915,1
-884249119#1,442432391,295704998,43.63,11.11,3.9271,1
-884249119#4,295704980,442432391,127.58,11.11,11.4833,1
-884249120#1,3780382810,309711618,45.66,11.11,4.1098,1
-884249121#4,309711617,335820950,129.67,11.11,11.6715,1
-884264947#9,21305998,21305997,284.11,16.67,17.0432,2
-884463024#1,443127189,443127190,92.18,11.11,8.297,1
-884463024#3,443127188,443127189,63.02,11.1099,5.6724,1
-884463024#7,299045511,443127188,215.71,11.11,19.4158,1
-884463025#2,416210474,443127180,50.8,11.1099,4.5725,1
-884463025#6,416204578,416210474,121.01,11.11,10.892,1
-884463025#9,416214406,416204578,90.96,11.11,8.1872,1
-884463026#4,8241893540,1820676308,224.16,8.33,26.91,1
-884463027#1,1545816723,306013118,111.63,8.33,13.401,1
-884463028#4,1573617448,cluster_1573617449_4612010955_4614302186_4614303596,178.14,11.11,16.0342,1
-884463029#2,1801260561,cluster_256993284_4612010951_4614303589_6091318462,83.04,13.89,5.9784,1
-884463029#5,296018207,1801260561,80.15,13.8901,5.7703,1
-885321359#0,418988945,411929172,174.38,11.11,15.6958,1
-885321359#1,418988944,418988945,86.45,11.11,7.7813,1
-885321359#10,418988948,418988947,77.41,11.11,6.9676,1
-885321359#2,418988943,418988944,85.17,11.11,7.6661,1
-885321359#4,421162254,418988943,85.9,11.11,7.7318,1
-885321359#5,418988946,421162254,86.03,11.11,7.7435,1
-885321359#7,418988947,418988946,81.48,11.1101,7.3339,1
-886364682#1,8241893540,345084759,23.79,8.3301,2.8559,1
-886364701#0,1481954812,8241893609,0.2,11.1111,0.018,1
-886364701#2,8241893609,1481954812,69.71,11.11,6.2745,1
-886523200#0,250197472,250197473,55.24,8.3299,6.6315,1
-886523200#2,250197470,250197472,80.59,8.33,9.6747,1
-886523200#5,250197481,250197470,76.48,8.33,9.1813,1
-886523201#5,250197469,250197421,84.93,8.33,10.1957,1
-888052958#1,1677703264,8256534784,114.48,13.89,8.2419,1
-902902755,338450596,8386062664,63.69,13.89,4.5853,1
-928024362,15434374,502855751,141.73,11.11,12.757,1
-92882664#4,298584836,298584837,108.9,11.11,9.802,1
-92884021#2,298584825,9442600170,42.01,11.1099,3.7813,1
-92884452#5,335820951,502855751,104.94,11.1101,9.4455,1
-935034904#3,283678986,309711631,144.89,13.8901,10.4312,1
-935034905#1,309711631,309711617,105.34,11.1101,9.4815,1
-935034906#2,295701315,295701309,136.32,11.11,12.27,1
-935034906#5,309711607,295701315,139.46,11.11,12.5527,1
-935034907#11,309711618,295699028,105.37,11.1101,9.4842,1
-935034907#3,295699026,295699025,83.61,11.1099,7.5257,1
-935034907#7,295699028,295699026,81.72,11.1101,7.3555,1
-935034908#0,cluster_420326593_420326614,420326597,80.57,11.11,7.252,1
-935034908#4,299045540,cluster_420326593_420326614,205.28,11.11,18.477,1
-935034908#6,295699979,299045540,29.25,11.1098,2.6328,1
-935034909#1,cluster_309711635_338450163,1999205833,61.16,11.1099,5.505,1
-937810957,298584984,2027440548,33.2,13.8901,2.3902,1
-937811901,2160064016,298584984,34.34,11.11,3.0909,1
-937811902#4,298584897,2160064016,74.03,11.1099,6.6634,1
-937847749#3,299045492,299045489,286.01,11.11,25.7435,1
-944092400#0,280645659,cluster_280645653_310717282,56.02,11.11,5.0423,1
-944092400#1,387944279,280645659,76.5,11.11,6.8857,1
-944092401#1,363711084,363709428,71.46,11.1101,6.432,1
-945680415,376119030,376117839,80.36,16.6701,4.8206,2
-948313321#2,298513378,298513376,96.82,13.89,6.9705,1
-948313322#1,298825565,457749575,83.88,13.8899,6.0389,1
-948313323#1,442760429,292190555,77.36,13.8899,5.5695,1
-959971788#3,279068744,344967365,221.05,11.11,19.8965,1
-959971792#1,8881861575,cluster_292190578_8881861579_8881861591,13.86,13.8906,0.9978,2
-959971793,344967326,8881861575,74.48,13.8901,5.3621,2
-959971842,344967379,344967326,78.32,13.89,5.6386,2
-959971845,344967413,344967379,79.81,13.8899,5.7459,2
-959971846,344967393,344967413,53.88,13.8902,3.879,2
-959971847,344967438,344967393,12.67,13.8895,0.9122,2
-959971850#1,306013090,30255443,77.92,13.89,5.6098,2
-959971850#5,295406714,306013090,82.84,13.89,5.964,2
-959971852#3,295406714,295406705,196.69,11.11,17.7039,1
-959971853#1,306013087,295406714,50.36,13.8901,3.6256,2
-959972001,338450235,13329700752,33.57,11.11,3.0216,1
-961180338#0,344967249,344967237,4.98,11.1111,0.4482,1
-961180338#1,344967276,344967249,67.85,11.11,6.1071,1
-961180338#5,344967255,344967276,89.71,11.11,8.0747,1
-962754880#1,416196556,8905697073,6.35,11.1092,0.5716,1
-962754881#1,cluster_416197277_8905697076,416281449,6.8,11.1093,0.6121,1
-967116541#1,416218154,416210563,159.5,11.11,14.3564,1
-967116542#2,416219720,416210563,80.97,11.11,7.288,1
-967116542#5,416201077,416219720,70.15,11.1101,6.3141,1
-967116543#2,416307389,1594214784,80.39,11.11,7.2358,1
-967116543#5,10220643199,416307389,89.34,11.11,8.0414,1
-967116544#2,416300591,418988946,69.07,11.11,6.2169,1
-967116545,416210563,416307389,83.5,11.1099,7.5158,1
-967116570#2,1594214797,421162254,70.56,11.1101,6.351,1
-967122697#2,416294155,416190298,76.77,11.11,6.91,1
-967122730#2,416186645,421146123,130.01,11.11,11.7021,1
-969454590#2,12969191289,1013323718,22.71,13.8899,1.635,2
-970244736,339271878,533847513,61.74,8.33,7.4118,1
-970244737#2,336984577,533847516,257.94,8.33,30.9652,1
-970244738,533847502,338449983,58.67,8.33,7.0432,1
-970244770,300707171,300707174,11.71,13.8892,0.8431,1
-970244778#0,336984534,336984463,107.99,8.33,12.964,1
-970244778#1,336984514,336984534,144.67,8.33,17.3673,1
-970244778#2,336984534,336984514,67.75,8.33,8.1333,1
-970530568,332419225,332419216,39.0,11.1098,3.5104,1
-970530575#1,442399966,332419211,47.32,11.1101,4.2592,1
-995118574#3,1947591826,338450596,151.03,13.89,10.8733,1
1004455321#0,292190572,299276361,427.43,13.89,30.7725,1
1004455331,299276361,345085054,22.7,13.8897,1.6343,1
1004455332,345085054,9267707208,32.4,13.8901,2.3326,1
1023951574,9442302167,293815289,106.65,13.89,7.6782,2
1023951575,286311094,9442302167,48.3,13.8901,3.4773,1
1023951576,1685306650,1685306649,77.77,13.89,5.599,3
1023951577#0,9442302168,1685306669,58.96,13.8899,4.2448,2
1023951577#2,1685306669,286311090,39.83,13.8901,2.8675,2
1023951578#0,9442302169,cluster_251817694_3144361905_4711821578_8891450375_#1more,79.55,13.8901,5.7271,3
1023951579#0,30255446,344967316,105.86,13.89,7.6213,2
1023951579#3,344967316,30255449,191.63,13.89,13.7963,2
1023951580,9442302170,4440816377,66.48,13.8899,4.7862,1
1023951581#0,30255443,9442302170,61.84,13.8901,4.4521,1
1023951582#0,9442302171,30255443,85.65,13.89,6.1663,3
1023951583#0,cluster_1475177974_293956350_8241462469,9442302172,42.79,13.8902,3.0806,1
1023951584#0,9442302173,30255438,74.75,13.8899,5.3816,3
1023951585,1475151214,418988966,0.2,13.8889,0.0144,1
1023951587,418988967,1475151214,79.24,13.8901,5.7048,2
1023951588#0,421138214,287354800,61.98,13.89,4.4622,3
1023951589#0,298509028,9442302175,65.28,13.89,4.6998,2
1023960570#0,8189608959,9442405983,147.55,13.8899,10.6228,2
1023960571#0,9442405983,21456881,64.88,13.89,4.671,3
1023960572#0,297024074,21456881,40.57,11.1099,3.6517,2
1023960573#0,21456881,9442405984,100.99,13.89,7.2707,2
1023960574#0,376119030,21305998,72.1,16.6701,4.3251,4
1023965122#0,21456881,1553391593,64.95,13.8901,4.676,2
1023965123#0,418988960,299045509,50.96,13.8901,3.6688,3
1023965124#0,2256351534,299045505,23.33,13.8902,1.6796,1
1023965124#1,299045505,363730875,81.74,13.89,5.8848,1
1023965124#2,363730875,443127184,118.12,13.8899,8.504,1
1023965124#3,443127184,9442456743,92.31,13.89,6.6458,1
1023965125#0,9442456743,299045511,55.28,13.8901,3.9798,2
1023965126#0,299045511,9442456744,45.28,13.89,3.2599,1
1023965127#0,9442456746,299391259,92.19,13.8901,6.6371,2
1023965128#0,9442456745,338450586,65.68,13.8899,4.7286,1
1023965129#0,338450586,9442456746,47.55,13.8901,3.4233,2
1023981531,9442600117,cluster_295406695_4612010940_4614302181_6091318478,66.26,13.8901,4.7703,2
1023981535#0,cluster_1575070783_4612010953_4614302185_6091318473,9442600119,6.75,13.8889,0.486,1
1023981536#0,9442600120,cluster_1575070792_4612010948_6091318468_6091318470,31.32,13.8898,2.2549,2
1023981537#0,4612010954,9442600120,9.68,13.8901,0.6969,1
1023981538#0,cluster_1575070792_4612010948_6091318468_6091318470,9442600121,90.25,13.89,6.4975,1
1023981539#0,9442600121,cluster_1573617449_4612010955_4614302186_4614303596,47.98,13.8899,3.4543,2
1023981540#0,9491076056,cluster_255942734_4612010949_6091318466_6091318467,43.98,13.89,3.1663,2
1023981541#0,cluster_255942734_4612010949_6091318466_6091318467,9442600123,112.8,13.8899,8.121,1
1023981542#0,9442600123,cluster_256993284_4612010951_4614303589_6091318462,55.43,13.8901,3.9906,2
1023981543#0,9442600124,255942725,85.61,13.8901,6.1634,2
1023981544#0,9442600125,255942729,2.48,13.8936,0.1785,1
1023981544#1,255942729,9442600124,11.27,13.8896,0.8114,1
1023981545#0,9442600126,416270941,2.35,13.8889,0.1692,2
1023981545#1,416270941,9442600125,19.15,13.8899,1.3787,2
1023981546#0,15434363,9442600127,65.1,13.8901,4.6868,1
1023981547,9442600128,4616498255,43.19,13.8901,3.1094,1
1023981548#0,4616498255,12052070210,28.61,13.8897,2.0598,1
1023981549#0,9442600129,250931960,43.47,13.89,3.1296,2
1023981550#0,250197378,7041183462,35.41,13.8901,2.5493,1
1023981551#0,250197369,1592027518,36.81,13.89,2.6501,2
1023981552,2372876949,250197369,25.76,13.8898,1.8546,2
1023981553#0,1592027518,9442600131,32.76,8.3299,3.9328,1
1023981596#0,9442600163,cluster_255942734_4612010949_6091318466_6091318467,75.86,13.89,5.4615,2
1023981597,9491076055,9442600164,64.26,13.8901,4.6263,1
1023981598#0,9442600164,cluster_1573617449_4612010955_4614302186_4614303596,66.34,13.89,4.7761,2
1023981599#0,cluster_1575070792_4612010948_6091318468_6091318470,9442600165,68.66,13.8901,4.9431,1
1023981600#0,9442600165,cluster_1575070783_4612010953_4614302185_6091318473,56.49,13.8898,4.067,2
1023981601#0,cluster_1575070783_4612010953_4614302185_6091318473,9442600166,17.59,11.1097,1.5833,1
1023981602#0,9442600166,1612688174,125.21,11.11,11.27,2
1023981603#0,1832275456,cluster_287356568_4614303593,77.7,13.8899,5.594,2
1023981604#0,9442600167,cluster_295406695_4612010940_4614302181_6091318478,61.11,13.8899,4.3996,2
1023981605#0,cluster_295406695_4612010940_4614302181_6091318478,1832275456,58.76,13.8899,4.2304,1
1023981606#0,9442600168,21456894,58.13,13.8901,4.185,1
1023981607#0,9442600169,15434374,40.81,11.1099,3.6733,2
1023987959#0,442766018,15434363,34.81,22.2201,1.5666,2
1023987960,9442675964,442766018,10.82,22.2222,0.4869,2
1023987962,390111756,9442675965,15.3,22.219,0.6886,1
1023987963#0,310718855,4458644201,44.87,22.2195,2.0194,1
1023987964#0,9442675967,250931958,89.99,11.11,8.0999,2
1023987965#0,250931958,5562961578,76.03,11.11,6.8434,1
1023987966,5562961578,cluster_5562961553_6928676075,64.62,11.11,5.8164,2
1023987968#0,9442675968,6091317360,25.22,13.89,1.8157,2
1023987969#0,250931958,9442675968,90.68,13.8901,6.5284,2
1023987970,1669486645,250931960,66.32,13.8899,4.7747,2
1023987971#0,250197479,252828857,158.85,13.89,11.4363,3
1023987971#3,252828857,252828858,99.18,13.89,7.1404,3
1023987971#7,252828858,256993922,93.78,13.89,6.7516,3
1023987971#9,256993922,9442675970,95.92,13.89,6.9057,3
1023987972#0,9442675970,283678999,42.5,13.8898,3.0598,4
1023987973#0,442435096,13131909136,60.4,13.8898,4.3485,3
1023987975,260316108,340433767,86.63,13.8899,6.2369,2
1023987977#0,250197480,250197378,81.73,13.89,5.8841,3
1023987978#0,250197378,9442675972,14.35,13.8902,1.0331,2
1024001996#0,9442789560,13319810691,104.25,13.89,7.5054,3
1024001998#0,9442789561,13319810686,28.61,13.8897,2.0598,3
1024001999,9442789562,9442789561,7.77,13.8899,0.5594,3
1024002000#0,252828920,6541054300,48.81,13.8902,3.514,2
1024002001#0,9442789568,280645603,41.14,13.8902,2.9618,2
1024002001#1,280645603,7086411992,3.99,13.8879,0.2873,2
1024002002#0,1553072912,9442789569,60.12,13.89,4.3283,2
1024002003#0,1553050146,1553072912,84.88,13.8899,6.1109,3
1024002004#0,283678986,9442789570,79.12,13.89,5.6962,2
1024002005#0,9442789571,283678986,61.17,13.89,4.4039,3
1024002007#0,293911986,9442789573,11.48,13.8899,0.8265,2
1024002008#0,9442789574,297024077,24.72,13.89,1.7797,2
1024002009,9442789575,298584875,47.46,13.8902,3.4168,3
1024002010,9442789576,9442789575,33.02,13.8903,2.3772,3
1024002011#0,298584879,9442789576,37.86,13.89,2.7257,2
1024002012#0,9442789577,298584879,76.82,13.89,5.5306,3
1024002013#0,298585000,298584936,110.39,13.8901,7.9474,2
1024002013#3,298584936,418988937,112.06,13.89,8.0677,2
1024728901#0,295406696,9448986018,23.38,11.1101,2.1044,1
1024728902#0,9448986019,298510756,32.97,11.11,2.9676,2
1024728904#0,1475138181,cluster_2306411109_420326577,26.91,11.1102,2.4221,2
1024728905#0,9448986021,9448986022,4.1,13.8889,0.2952,1
1024728906,9448986022,1914277251,1.97,13.8928,0.1418,1
1024728907#0,cluster_290577265_541208444_8105157841,345084778,76.34,13.8901,5.496,1
1024728908,9448986023,345084800,18.16,13.8902,1.3074,1
1024728909#0,345084778,9448986023,16.44,13.8898,1.1836,1
1024728910,290577234,332419684,22.28,13.8903,1.604,2
1024728911,338450474,cluster_290577261_541208434,19.38,13.8905,1.3952,1
1024728912#0,cluster_290577261_541208434,1557145390,21.44,13.8896,1.5436,2
1024728912#1,1557145390,9448986025,30.58,13.8899,2.2016,2
1024728913#0,9448986025,292190566,43.35,13.8898,3.121,3
1024728918#0,297024081,1489637009,30.56,11.1099,2.7507,1
1024728919#0,1489637009,295406697,79.02,11.11,7.1125,1
1024728920#0,9448986030,297024081,21.65,11.11,1.9487,2
1024728921#0,412859589,7369497883,35.78,11.1101,3.2205,1
1025389571#0,297322754,297322814,91.79,13.8899,6.6084,1
1025389598#0,296501314,296501324,61.93,13.89,4.4586,1
1025389598#2,296501324,296501590,46.14,13.8901,3.3218,1
1025389598#4,296501590,296501518,2.85,13.8889,0.2052,1
1027223831,392323916,cluster_299089253_392900721,14.31,13.8905,1.0302,2
1027223832,310717148,cluster_299089253_392900721,110.83,13.89,7.9791,2
1029445590#0,cluster_255942734_4612010949_6091318466_6091318467,9491076055,43.68,13.89,3.1447,1
1029445591,9442600122,9491076056,33.81,13.8901,2.4341,2
1029468064,2103068306,310717070,253.23,25.0,10.1292,3
1033108834#0,cluster_298585004_4318773467_4611981573_4611982703,4318773469,113.96,13.8899,8.2045,1
1033108836#0,cluster_298585004_4318773467_4611981573_4611982703,9584102241,228.7,11.11,20.5851,1
1033109127,6835868985,cluster_1592136105_4611993426_6835825384,78.8,13.8901,5.6731,2
1035878761#0,1509407617,295406696,32.83,13.8898,2.3636,2
1035878874#0,306201745,293956353,30.49,11.1099,2.7444,1
1035878874#1,293956353,295406694,144.21,11.11,12.9802,1
1037428644#0,9556765873,293911983,74.17,13.89,5.3398,2
1037428728#0,500375337,9584102247,43.48,13.89,3.1303,1
1037428996#0,306201754,1677703303,168.72,11.11,15.1863,1
1037429000#0,287354802,306201745,67.58,11.11,6.0828,1
1037829043#0,338450584,338450585,37.79,11.1101,3.4014,1
1037829043#1,338450585,12034992496,170.49,11.11,15.3456,1
1040958489#0,252828856,3780395178,131.46,8.33,15.7815,1
1040978932#0,298584871,421138218,18.73,11.1098,1.6859,2
1040978934#0,9584102220,cluster_1592136105_4611993426_6835825384,53.19,11.11,4.7876,2
1040978935#0,9584102221,442755843,23.89,13.8903,1.7199,1
1040978935#2,442755843,298585001,77.45,13.8899,5.576,1
1040978935#7,298585001,2027440548,72.76,13.89,5.2383,1
1040978936,442755844,9584102221,43.47,13.89,3.1296,1
1040978937#0,9584102222,442755844,45.5,13.8902,3.2757,2
1040978938#0,9584102223,442755851,3.05,13.8889,0.2196,1
1040978938#1,442755851,9584102222,20.47,13.8902,1.4737,1
1040978939#0,1507472822,300190245,36.91,11.1101,3.3222,2
1040978940,416217136,1507472822,161.21,11.11,14.5104,1
1040978941,9584102224,416217136,12.72,11.1101,1.1449,2
1040978942#0,416303252,9584102225,22.25,11.11,2.0027,1
1040978943#0,9584102226,416303252,40.45,11.1099,3.6409,2
1040978944,9584102227,9584102226,20.73,11.1099,1.8659,1
1040978945,335820953,9584102227,13.62,11.1102,1.2259,1
1040978946,cluster_15434382_4674699479_4674699484_8893238440_#2more,9584102228,43.78,13.89,3.1519,1
1040978961#0,335820892,306013442,142.03,11.11,12.784,2
1040978962#0,9584102237,335820892,54.27,13.8901,3.9071,3
1040978963#0,421138189,12751665809,69.37,13.8901,4.9942,1
1040978964#0,9584102239,421138189,108.63,13.8901,7.8207,2
1040978965#0,9584102240,cluster_261687171_4318791396_4611982702_6538855870,73.62,13.89,5.3002,2
1040978966#0,9584102241,cluster_261687171_4318791396_4611982702_6538855870,54.71,13.89,3.9388,2
1040978967#0,1489841889,cluster_298585004_4318773467_4611981573_4611982703,41.97,11.1099,3.7777,2
1040978968,4318773469,9584102242,45.12,13.8899,3.2484,1
1040978969#0,5824671919,cluster_392323913_4318773456_4611981570_6835868990,77.65,13.8899,5.5904,2
1040978970,392323915,5824671919,5.25,13.8889,0.378,1
1040978971,9584102243,6835825381,73.34,13.8899,5.2801,2
1040978972#0,9584102244,6835868989,14.05,13.8903,1.0115,1
1040978973#0,9584102245,1509407617,3.89,13.8879,0.2801,1
1040978975,9584102247,9556765873,12.36,13.8908,0.8898,2
1040978976,9556778321,9584102248,20.22,13.8902,1.4557,1
1044397206#0,298584878,9610108483,103.99,11.11,9.36,1
1044397207#0,9610108483,298584876,24.93,11.1101,2.2439,2
104496711#0,298584896,298584892,89.88,11.11,8.09,1
104496711#2,298584892,545312693,86.37,11.11,7.7741,1
1051419671#0,cluster_255942734_4612010949_6091318466_6091318467,338450211,34.02,22.2193,1.5311,1
1051419672#0,13382612922,256993290,89.33,22.2197,4.0203,1
1054111414,298584837,335820951,91.36,13.89,6.5774,1
1054111415,295699952,298584837,27.27,13.8899,1.9633,2
1054111420#0,421138233,298584825,33.38,13.8898,2.4032,2
1056114120#0,cluster_15434382_4674699479_4674699484_8893238440_#2more,12751376391,52.09,13.8899,3.7502,2
1056115834#0,1489841890,412935618,315.74,11.11,28.4194,1
1058012203#0,cluster_290577265_541208444_8105157841,9721605084,54.58,11.11,4.9127,1
1058012204#0,9721605084,338450435,18.72,11.1098,1.685,1
1058012204#1,338450435,338450430,65.29,11.11,5.8767,1
1058012204#2,338450430,9721605085,123.88,11.11,11.1503,1
106194246#0,279068742,306201777,317.94,13.89,22.8898,2
106194246#13,306201777,338450577,137.51,13.89,9.8999,2
106194246#16,338450577,cluster_292190578_8881861579_8881861591,76.06,13.89,5.4759,2
106194267#0,335034217,4553256683,201.86,16.67,12.1092,2
1065984982#0,295144863,292190566,76.06,11.11,6.8461,2
1066272893#0,9791424086,295406626,334.36,11.11,30.0954,1
1066272930#0,329924062,329924120,164.65,11.11,14.82,1
1071281183#0,298584825,298584827,47.12,11.1101,4.2412,1
1073483403#0,299045502,363728132,117.44,11.11,10.5707,1
1073483403#2,363728132,443127183,123.13,11.11,11.0828,1
1073483403#3,443127183,299045505,66.17,11.11,5.9559,1
1073483447#0,331969126,412684299,74.78,11.11,6.7309,1
1073483447#1,412684299,443127179,77.48,11.11,6.9739,1
1073483447#2,443127179,443127178,68.11,11.11,6.1305,1
1073483447#3,443127178,331969127,67.56,11.11,6.081,1
1075196285#0,13072530262,253114349,87.35,13.89,6.2887,1
1075196285#3,253114349,256993773,53.69,13.8899,3.8654,1
1075196285#4,256993773,15434359,21.6,13.8898,1.5551,1
1075196285#5,15434359,11154333393,19.66,13.8901,1.4154,1
1075196285#7,11154333393,253262185,54.64,13.8899,3.9338,1
1075199410#0,292190553,292190555,177.4,13.89,12.7718,1
1075228281,13329700738,306201589,22.48,11.11,2.0234,2
1075228283#0,298584892,298584894,60.1,11.1101,5.4095,1
1075228288#0,295704980,418988962,125.78,11.11,11.3213,1
1079306708,338450640,443127190,366.77,11.11,33.0126,1
1080858424#0,298510754,298510752,103.73,11.11,9.3366,1
1080860806,298513389,295406696,37.1,11.1101,3.3393,1
1081649486#0,429385249,297024118,161.26,11.11,14.5149,1
1081649666#0,1553073708,309711629,99.66,11.11,8.9703,1
1082414388#0,309711627,299045532,73.48,11.1099,6.6139,1
1082414389#0,299045532,380063483,364.53,11.11,32.811,1
1082414407#0,309711627,390608925,60.65,11.1101,5.459,1
1082414407#2,390608925,411929139,55.74,11.11,5.0171,1
1082414407#4,411929139,1553073708,72.01,11.1101,6.4815,1
1082414987#0,380060486,380060469,84.74,11.1099,7.6274,1
1082414987#3,380060469,380060187,60.52,11.1101,5.4473,1
1082414993,380060112,380063483,68.31,11.11,6.1485,1
1082414994#0,380063483,380060486,86.48,11.11,7.784,1
1082557528#0,295699964,411929140,46.6,11.1101,4.1944,1
1082558012#0,416280816,cluster_420326593_420326614,51.77,11.1099,4.6598,1
1082558170#1,442755853,1349947413,81.6,11.1101,7.3447,1
1082558170#2,1349947413,442755852,37.82,11.1101,3.4041,1
1083384630#0,298584936,1514895831,105.22,11.1101,9.4707,1
1084372237#0,380060486,9936793088,54.99,11.11,4.9496,1
1086321648#0,256993302,256993301,125.2,8.33,15.03,1
1093692645#0,416286375,416287016,75.82,11.11,6.8245,1
1093692645#2,416287016,298585000,68.67,11.11,6.1809,1
1093693909#0,442755847,416208085,80.03,11.11,7.2034,1
1093694367#0,416264089,416286375,86.2,11.11,7.7588,1
1093694368#0,416224607,416264089,86.15,11.11,7.7543,1
1093703601#0,1588088092,411929172,10.44,11.1099,0.9397,2
1097586596,422347593,340433834,114.38,8.33,13.7311,1
1097586676#0,309711609,309711608,80.1,11.11,7.2097,1
1097586676#4,309711608,309711607,85.0,11.1099,7.6508,1
1097586676#8,309711607,499953663,77.58,11.11,6.9829,1
1097586698#0,408435646,408435644,92.77,11.11,8.3501,1
1104513689#0,297024118,298584837,150.13,11.11,13.5131,1
1105653636,10117541313,298513376,46.62,13.8899,3.3564,1
1105653637#0,12912059504,412935618,117.92,13.8899,8.4896,1
1105653637#2,412935618,10117541314,24.88,13.8901,1.7912,1
1106182344,8386062664,338450596,64.3,13.8901,4.6292,1
1106182514#0,412684309,412684305,285.52,11.11,25.6994,1
1106182694#0,412684305,363714030,174.64,11.11,15.7192,1
1106182871#1,1546157809,363709174,47.68,11.1101,4.2916,1
1106182967,363709174,363709428,73.36,11.1099,6.6031,1
1106183021#0,4080014767,4080014768,36.31,4.17,8.7074,1
1106183021#3,4080014768,4080014771,34.78,4.17,8.3405,1
1106183021#6,4080014771,4080014773,43.64,4.17,10.4652,1
1106183072,4080014771,7978961180,50.34,4.17,12.0719,1
1106979648#0,cluster_392323913_4318773456_4611981570_6835868990,10129296995,22.05,13.8898,1.5875,1
1107889671#0,392323912,1489841890,111.19,11.11,10.0081,1
1107889672#0,cluster_392323913_4318773456_4611981570_6835868990,392323912,127.32,11.11,11.4599,1
1107891951#0,10136635288,418988941,69.47,11.11,6.2529,1
1107891951#2,418988941,418996080,123.14,11.11,11.0837,1
1107891952,10136635288,418988940,8.98,11.1097,0.8083,1
1107910711#0,298584897,cluster_392323913_4318773456_4611981570_6835868990,78.68,11.11,7.0819,1
1108161404#0,cluster_261687171_4318791396_4611982702_6538855870,4318773471,108.5,13.89,7.8114,1
1108254067#0,332419216,332419211,43.48,11.11,3.9136,1
1108254067#1,332419211,332419193,81.44,11.1101,7.3303,1
1108254071#0,300153147,442760457,141.3,11.11,12.7183,1
1108254073,418988976,9442600169,1.96,11.1111,0.1764,1
1109207337,363714030,331969125,33.17,11.11,2.9856,1
1109207371#0,387944278,387553807,77.63,11.11,6.9874,1
1109207372#0,387553807,380060112,360.64,11.11,32.4608,1
1110152109#0,442760458,500375328,159.11,11.11,14.3213,2
1110615406#0,2105727179,338849150,85.76,8.33,10.2953,1
1116480694#0,295144588,295144589,81.38,13.89,5.8589,1
1116480699#0,329923257,295144600,93.16,13.89,6.707,1
1116688387#0,8256534784,1677703264,120.49,13.89,8.6746,1
1117506108#0,1594214797,10220643199,137.93,11.11,12.4149,1
1117506109#0,10220643198,418988940,90.17,11.11,8.1161,1
1126373902#0,442755851,1588087912,259.38,11.11,23.3465,1
1130755851,10538055453,329923312,27.71,16.6697,1.6623,2
1130755852,cluster_1575535670_1575535690_334326003_89228924,481695373,222.3,16.67,13.3353,2
1132593891#0,13330071529,287354804,200.55,11.11,18.0513,1
1140618521#0,10627514428,298513389,11.37,11.11,1.0234,2
1159086379#0,294320267,294320272,103.29,11.11,9.297,1
1159086379#2,294320272,294320262,113.96,11.11,10.2574,1
1159086380,296266991,13329700701,30.3,11.1099,2.7273,1
1159086381#0,282723632,294320264,115.88,13.89,8.3427,1
1159086381#2,294320264,294320267,79.85,13.8901,5.7487,1
1160957649#0,418996078,376119159,118.09,11.11,10.6292,1
1160957649#2,376119159,412689918,80.06,11.11,7.2061,1
1160957652#0,412689918,418996077,81.79,11.1101,7.3618,1
1160957652#3,418996077,418996076,81.8,11.1101,7.3627,1
1160957654#0,418996074,cluster_376119854_418996073_8190304826,84.62,11.1099,7.6166,1
1161581671#0,418988948,418988949,189.49,11.11,17.0558,1
1161581671#3,418988949,411932204,93.86,11.1101,8.4482,1
1164299611#0,416215978,1594214784,75.98,11.11,6.8389,1
1166011315,1667842661,416237495,47.17,11.1101,4.2457,1
1166017726#0,cluster_1475177974_293956350_8241462469,7617097874,56.32,11.11,5.0693,1
1166017727,7617097874,10845048005,46.91,11.1101,4.2223,1
1166017728#0,10845048005,7617097874,45.92,11.11,4.1332,1
1166017730#0,9442302172,8256400677,44.26,13.8898,3.1865,1
1166017731#0,8256400677,9442302172,45.98,13.89,3.3103,1
1177985060#0,329923312,329923351,112.55,11.11,10.1305,1
1178811836#0,457749581,457749579,38.26,11.1101,3.4437,1
1188522284#0,12761537057,340085946,46.58,8.3301,5.5918,1
1188522284#2,340085946,338450316,61.44,8.3299,7.3758,1
1188522284#4,338450316,cluster_299045554_299045555_8637330184,62.41,8.33,7.4922,1
1188522443#0,412689895,1820676308,210.58,11.11,18.9541,1
1189775603,292190560,9448986020,73.84,11.1099,6.6463,1
1189775847#0,295406697,298509040,101.05,11.11,9.0954,1
1189776503#0,298584871,295699950,119.73,11.11,10.7768,1
1194880848,421146123,300186055,79.06,11.11,7.1161,1
1196192976#0,297024112,297024110,70.55,11.1101,6.3501,1
1196929615,416211832,8971292136,95.17,11.1099,8.5662,1
1198563779#0,11118327803,8603157394,169.75,13.89,12.221,1
1198563781#1,8603157394,11118327803,93.07,13.89,6.7005,1
1206482067#0,3780381657,252828856,71.37,13.8901,5.1382,3
1206482067#3,252828856,250197479,87.01,13.89,6.2642,3
1206482076#0,250197468,250197471,161.48,8.33,19.3854,1
1208296568#0,11195990511,338450214,22.51,11.11,2.0261,2
1209920417#0,10627514428,340433857,109.86,11.11,9.8884,1
1210604495#0,9442789570,283678987,0.2,13.8889,0.0144,2
1210604495#1,283678987,411932239,150.31,13.8899,10.8215,2
1214582542#0,253114349,253114354,86.62,8.33,10.3986,1
1214582587#0,250197407,250197371,54.11,8.33,6.4958,1
1214923979#0,295699979,420326608,50.79,11.1099,4.5716,1
1214923979#1,420326608,295699025,226.5,11.11,20.387,1
1215662201#0,308232159,308232155,83.74,8.33,10.0528,1
1215662202#0,302857870,339271792,90.05,8.33,10.8103,1
1215662203#0,252828919,252828863,85.24,8.33,10.2329,1
1227864252,cluster_11386320246_295406610,11386320240,48.57,11.1101,4.3717,1
1227864253#0,11386320240,cluster_11386320246_295406610,49.23,11.1101,4.4311,1
1227864253#1,cluster_11386320246_295406610,11386320244,25.08,11.1101,2.2574,1
1227864254,11386320244,cluster_11386320246_295406610,25.16,11.1101,2.2646,2
1253793166#0,1592064280,255942741,341.68,11.11,30.7543,1
1257047395#0,363719043,363714039,127.14,11.11,11.4437,1
1257047395#1,363714039,335820946,109.97,11.11,9.8983,1
1257047395#4,335820946,331969122,108.11,11.11,9.7309,1
1257047395#6,331969122,331969254,80.53,11.11,7.2484,1
1257047395#7,331969254,443127177,64.55,11.11,5.8101,1
1257047395#8,443127177,299045530,66.94,11.11,6.0252,1
1257047423#0,9936793088,280645744,189.26,11.11,17.0351,1
1264991141#0,6084895932,6928676082,67.21,13.8901,4.8387,1
1274741392#0,411929140,420326612,25.77,11.1102,2.3195,1
1274741392#1,420326612,420326610,131.63,11.11,11.8479,1
1276257988#0,299045511,443127185,71.57,11.1101,6.4419,1
1276257988#2,443127185,363719043,115.38,11.11,10.3852,1
1283480506#0,290577275,442399964,99.88,11.11,8.9901,1
1283482531,416243573,4313418422,336.9,11.11,30.324,1
1283482532#0,338450546,338450549,147.31,11.11,13.2592,1
1283482532#2,338450549,338450550,0.2,11.1111,0.018,1
1283482533#0,418988957,338450546,83.53,11.1099,7.5185,1
1283482535#0,295699025,295699964,141.84,11.11,12.7669,1
1283812546#0,298825558,442399963,73.35,11.1099,6.6022,1
1283812546#2,442399963,442398939,125.15,11.11,11.2646,1
1283812546#4,442398939,344967492,90.57,11.11,8.1521,1
1283812546#5,344967492,299276338,87.74,11.11,7.8974,1
1283812548#0,298825562,333850662,108.68,11.11,9.7822,1
1284524333#0,306013087,306013084,98.19,11.11,8.838,1
1284524333#3,306013084,295406720,187.66,11.11,16.8911,1
1284878799#0,255942725,255942735,86.6,8.33,10.3962,1
1288540981,295699007,408435628,69.76,11.11,6.279,1
1288541714#0,408435647,420326597,108.19,11.11,9.7381,1
1288541714#2,420326597,cluster_420326593_420326614,80.53,11.11,7.2484,1
1291118645#0,cluster_11970617681_1551209896,292190614,43.48,16.6699,2.6083,2
1291118646,cluster_11970617681_1551209896,296180936,39.89,13.8898,2.8719,1
1291118649#0,292190614,cluster_11970617681_1551209896,42.42,16.6699,2.5447,3
1291118650,2140181671,1572274226,48.42,16.6701,2.9046,4
1291118651,339573882,1572274262,61.08,16.6699,3.6641,4
1291118652#0,11970617687,cluster_260316116_340086006_481695404_481695407,88.42,13.8901,6.3657,3
1291135986#0,252828863,9442600128,2.55,13.8889,0.1836,1
1291967931#0,255942735,256993282,134.32,8.33,16.1248,1
1291967932#0,256993282,255942732,149.2,8.33,17.9112,1
1293297060,11989097530,389902926,62.5,11.1099,5.6256,1
1293297061#0,295144461,cluster_287356562_334325617,54.69,13.8899,3.9374,1
1294642482#0,335820951,1946220905,98.83,11.11,8.8956,1
1294642483#0,335820951,421138233,48.54,13.89,3.4946,1
1294795038,8192887980,4790263183,13.05,11.1102,1.1746,1
1294795041,4790263183,309711617,102.38,11.11,9.2151,1
1294896911#0,299045563,308232164,85.63,8.33,10.2797,1
1294896912#0,308232164,308232165,160.46,8.33,19.2629,1
1294896913#0,250197404,250197376,143.98,8.33,17.2845,1
1294896914,340433767,499953675,65.13,13.89,4.689,3
1294896915,6091317342,250197485,7.28,13.8905,0.5241,3
1294896916#0,306201582,306201589,37.98,11.1101,3.4185,1
1299155917#1,331969334,338450584,73.36,11.1099,6.6031,1
1299155918#2,412684310,331969334,288.17,11.11,25.9379,1
1299157081,12034992496,331969465,350.55,8.33,42.0828,1
1299164711#0,12035072774,287356564,93.56,11.1101,8.4212,1
1299164712#0,295406694,12035072774,77.77,8.33,9.3361,1
1299164713#0,499953671,12035072775,82.64,11.1101,7.4383,1
1299177843#0,287356560,306201562,263.98,8.33,31.6903,1
1299330491,418988965,287354799,20.14,11.1099,1.8128,1
1299348105#0,418995332,416203321,50.37,11.1099,4.5338,1
1299350814#0,416294155,418988948,96.77,11.11,8.7102,2
1300157752#0,416257066,442398939,94.48,11.1099,8.5041,1
1300305316#0,293956368,2276974582,203.12,8.33,24.3842,1
1300310831#0,293459039,cluster_2465719590_2465719595_293459038,60.2,11.1101,5.4185,1
1300310832#0,329923424,293459040,40.04,8.33,4.8067,1
1300310832#1,293459040,293459039,168.97,8.33,20.2845,1
1300312431#0,301490944,517706745,143.79,8.33,17.2617,1
1300312431#2,517706745,cluster_1721795850_517706752,10.46,8.33,1.2557,1
1300312432,cluster_1721795850_517706752,12044128826,2.87,8.3309,0.3445,1
1300400868#0,12044992548,252828921,53.95,13.89,3.8841,1
1301206500#0,12052070211,250931960,24.18,13.8902,1.7408,1
1301392111#0,418991455,411648963,105.14,11.1101,9.4635,1
1301392112#0,331969465,416235919,58.54,11.1101,5.2691,1
1301392113#0,283678987,310717268,174.71,11.11,15.7255,1
1301392113#8,310717268,cluster_280645653_310717282,226.64,11.11,20.3996,1
1301392114#0,299045530,387553807,141.77,11.11,12.7606,1
1301392114#3,387553807,299045532,67.84,11.11,6.1062,1
1301392114#5,299045532,380059958,71.13,11.1101,6.4023,1
1301392114#6,380059958,1553074296,140.16,11.11,12.6157,1
1301409525#0,12054185208,cluster_338450314_412689899,28.91,11.1098,2.6022,1
1301409526#1,cluster_306201556_339271925_339271926_340085904_#1more,1999205832,105.81,11.1099,9.5239,1
1303060992#0,cluster_15434372_4612010943_6091318476_6091318477,12346588499,60.31,11.1101,5.4284,1
1303060993#0,cluster_15434372_4612010943_6091318476_6091318477,4612010944,49.86,11.1101,4.4878,1
130351081,282813661,13329633894,34.3,11.11,3.0873,1
130351083,294311865,294264112,67.16,13.8901,4.8351,1
1304343300#0,298509040,298584885,117.48,11.11,10.5743,1
1304388666#0,444672672,416279122,171.78,11.11,15.4617,1
1305186235#2,302857870,293302280,72.01,22.2198,3.2408,1
1305436335#0,cluster_1543766339_334325632,4895169845,518.26,13.89,37.3117,2
1305659439#0,416191189,442755847,126.22,11.11,11.3609,1
1306384199#0,335820950,309711617,129.66,11.11,11.6706,1
1308338677#0,298513378,1544266225,31.93,13.8899,2.2988,2
1308338678,418995334,6835868987,2.8,13.8889,0.2016,2
1308539774#0,298826273,298826279,74.91,11.11,6.7426,1
1309577633,1870942094,1309577633-AddedOffRampNode,401.5,25.0,16.06,3
1309577633-AddedOffRampEdge,1309577633-AddedOffRampNode,299089229,94.12,25.0,3.7648,4
1310458622,1553079107,24486683,253.71,25.0,10.1484,3
1310463769,392900889,24486675,158.17,25.0,6.3268,3
1310769971#0,255942727,369887847,299.52,11.11,26.9595,1
1310963344#0,442399963,416277599,77.88,11.11,7.0099,1
1310963344#2,416277599,416259404,81.34,11.11,7.3213,1
1310963345#0,416215119,442398939,77.73,11.11,6.9964,1
1310963450#0,299276338,416279646,52.65,11.1099,4.739,1
1310963450#1,416279646,12134911232,92.4,11.11,8.3168,1
1313017952#0,418988948,416215978,219.09,11.11,19.7201,2
1313017953#0,416215978,416201077,84.1,11.1099,7.5698,2
1318607641#0,cluster_256993284_4612010951_4614303589_6091318462,9442600163,96.04,13.8901,6.9143,1
1318607642#0,cluster_256993284_4612010951_4614303589_6091318462,256993285,80.85,8.33,9.7059,1
1318607642#10,256993286,256993287,305.09,8.33,36.6255,1
1318607642#4,256993285,256993283,132.18,8.33,15.8679,1
1318607642#7,256993283,256993286,114.59,8.33,13.7563,1
1319483411#0,cluster_260316116_340086006_481695404_481695407,cluster_282813679_340086008,337.66,16.67,20.2555,2
132686422#0,1703857751,9584102246,154.67,13.8901,11.1353,1
133041330#0,411648963,310717268,86.45,11.11,7.7813,1
133041330#4,310717268,293911791,146.34,11.11,13.1719,1
133041330#8,293911791,309711627,211.74,11.11,19.0585,1
1332930339#0,253262192,253262193,72.22,13.8901,5.1994,1
1333384888#0,339204557,299045598,68.17,8.33,8.1837,1
1333572209#0,442399958,1534614712,31.33,13.8899,2.2556,1
1334575879#0,4612010942,cluster_15434372_4612010943_6091318476_6091318477,51.61,11.1099,4.6454,1
1334575880,12346588499,9442600167,38.76,13.89,2.7905,1
1343335885#0,2713425617,253262191,4.77,8.3304,0.5726,1
1343335885#3,253262191,253262190,258.68,8.33,31.054,1
134777695#0,287354790,418988978,36.36,11.1101,3.2727,2
1348013981#0,418988956,338450516,70.55,11.1101,6.3501,1
1348014030#0,295144863,345085235,134.16,11.11,12.0756,1
1348014030#4,345085235,345085226,28.01,11.1098,2.5212,1
1348014030#5,345085226,cluster_295144875_295144877,28.12,11.1098,2.5311,1
1348014033#0,306013455,517706894,79.59,11.11,7.1638,1
1349462003#0,296501357,296266991,49.65,13.8901,3.5745,1
1359965487#0,cluster_251576070_309711638,251576076,146.46,8.33,17.5822,1
1359965488#0,302857874,340085945,35.41,13.8901,2.5493,1
1359965488#2,340085945,302857875,34.11,13.8901,2.4557,1
1359965493#0,1553072112,280645611,81.5,13.8901,5.8675,1
1359965493#3,280645611,13131909139,88.65,13.89,6.3823,1
1360231859#0,cluster_1592136105_4611993426_6835825384,298584876,121.08,13.8899,8.7171,2
1360246090#0,13301907136,1573617448,155.01,11.11,13.9523,1
1360246091#0,cluster_1573617449_4612010955_4614302186_4614303596,1573617448,178.29,11.11,16.0477,1
1360246092#0,1575070800,287354804,52.26,11.1099,4.7039,1
1368837291,3780395178,299292021,214.75,8.33,25.7803,1
1369079902,1544266225,418996072,142.81,13.89,10.2815,2
137435479#0,1507618124,1507618123,60.49,13.8901,4.3549,1
1376769307,2220284425,286311097,38.09,11.1101,3.4284,1
1376889049,13329574191,344967583,135.44,11.11,12.1908,1
1377144093#0,12751376331,cluster_15434382_4674699479_4674699484_8893238440_#2more,61.11,13.8899,4.3996,3
1377144100#0,12751376389,442760425,1.15,13.8889,0.0828,2
1377144100#1,442760425,12751376390,7.16,13.8894,0.5155,2
1377144101#0,12751376390,442760427,233.95,13.89,16.8431,1
1377144102#0,12751376391,335820892,8.43,13.8903,0.6069,2
1377144105,12751665809,9584102237,32.6,13.8901,2.347,2
1378242894#0,302857875,12761537057,27.4,8.33,3.2893,1
1378242895#0,296018207,12761537059,38.11,22.2203,1.7151,1
1378242896#0,302857875,12761537058,86.39,22.2202,3.8879,1
1378242897#0,12761537059,340433794,83.25,22.2201,3.7466,1
1378442995,299027480,299027481,21.99,13.8896,1.5832,1
1380614380#0,114158636,12782278410,30.13,16.6704,1.8074,2
1382744704,12802051734,481695408,24.06,16.6701,1.4433,3
138286856#0,298510752,298510750,169.62,11.11,15.2673,1
1382907817#0,421163789,12803499336,12.27,13.8895,0.8834,2
1383914890#0,12813288166,292443705,30.46,16.6703,1.8272,3
1383914890#2,292443705,292190605,83.27,16.67,4.9952,3
1383942272#0,12073327064,cluster_251576066_2614057273_2614057276_2614057277_#5more,104.31,13.89,7.5097,3
1384258008#0,1837119678,12816306815,29.73,13.8899,2.1404,2
1384258009,12816306815,302464763,14.75,13.8902,1.0619,3
1385198446,cluster_295144813_334325596,4492572290,197.17,16.67,11.8278,2
1385198447,12824679027,cluster_295144813_334325596,62.48,16.6698,3.7481,3
1390241127#0,302857898,114197516,40.58,8.3301,4.8715,1
1390241127#3,114197516,339204563,160.65,8.33,19.2857,1
1390241128#0,339204563,299045594,239.77,8.33,28.7839,1
1390241128#2,299045594,336984436,94.98,8.33,11.4022,1
1390241128#3,336984436,336984463,122.21,8.33,14.6711,1
1394907768,993665189,12912059504,2.77,13.8917,0.1994,1
140025117#0,418988943,418988942,70.1,11.1101,6.3096,1
140025117#3,418988942,418988939,56.56,11.11,5.0909,1
140025117#5,418988939,418988940,63.69,11.1099,5.7327,1
140025118#0,442760457,421155707,86.21,11.11,7.7597,1
140025118#2,421155707,416215978,135.03,11.11,12.1539,1
140025119#0,418988940,418988932,281.63,11.11,25.3492,1
1410832690,1838323753,1838323759,9.55,13.8909,0.6875,2
1411375957#0,12968776798,cluster_10782939_340086040_533769764_533769766,38.43,16.6703,2.3053,4
1412099823,12976074115,12976074114,11.75,16.669,0.7049,3
1413213286,481695373,cluster_300707134_300707139,13.15,16.6709,0.7888,2
1413416068,cluster_300707134_300707139,292190585,47.7,16.6702,2.8614,1
1414013313#0,279068744,12993728887,110.96,13.89,7.9885,1
1414013314#0,12993728887,345085231,26.34,13.8902,1.8963,2
1414013314#1,345085231,295144916,18.75,13.8899,1.3499,2
1415827215#0,299183801,cluster_295175096_533769763,137.15,16.6699,8.2274,2
1415827215#1,cluster_295175096_533769763,12968776798,59.62,16.6699,3.5765,2
1416294553,329923312,13015332260,34.01,16.6699,2.0402,1
1416517089,295144682,13017180080,25.78,16.6699,1.5465,1
1416517090,1838323753,13017180081,35.97,16.6698,2.1578,1
1416517091,13017180081,295144682,23.29,16.6702,1.3971,2
1418247094#0,cluster_293815262_334325599,13033241463,156.93,16.67,9.4139,2
1418247095,13033241463,cluster_334325602_82831071,27.69,16.6697,1.6611,3
141893273#0,13131909139,442435099,75.07,8.33,9.012,1
141893273#6,442435099,416261016,82.12,8.33,9.8583,1
141893273#7,416261016,442435100,83.14,8.33,9.9808,1
141893273#9,442435100,412689860,90.53,8.33,10.8679,1
141893616#0,1553074296,380059648,154.44,13.89,11.1188,2
141893616#4,380059648,1514664671,53.8,13.89,3.8733,2
1419957459,310717154,9907483911,20.43,13.8904,1.4708,1
1419957460#0,12697044460,299045451,32.28,13.8898,2.324,3
1421989915,2296395497,292190541,56.29,13.8898,4.0526,2
1422478720#0,1592027518,1592027522,24.76,13.8898,1.7826,1
1422478721,1592027522,13072530262,23.86,13.8899,1.7178,1
1422981039,13081115612,13077532485,114.84,16.6701,6.889,2
1422981040,13077532485,283267240,33.84,16.67,2.03,3
1423237836#0,283267192,13081115612,36.4,16.6697,2.1836,2
1425760809,cluster_283267449_334325585,4442004884,201.08,16.67,12.0624,2
1425760810,13105386589,cluster_283267449_334325585,24.55,16.6701,1.4727,3
1427142112#0,250931944,13119677318,15.3,13.8901,1.1015,2
143420382#3,306013118,418988970,114.74,11.11,10.3276,1
143420382#5,418988970,306201754,176.26,11.11,15.865,1
143520543,1570470755,cluster_13130062297_13329700774_418993207_445219807_#1more,23.23,13.8902,1.6724,2
143520547#5,250197481,250197480,161.86,13.89,11.653,3
143668952#0,1572274258,340085983,34.53,11.11,3.108,1
143668953#0,1572274258,1572274220,84.2,11.1099,7.5788,1
143668954#0,1572274220,1572274258,87.43,11.11,7.8695,1
143668956#0,cluster_5562961553_6928676075,cluster_1710899578_5562961547,149.37,11.11,13.4446,1
143668956#4,cluster_1710899578_5562961547,cluster_1551395091_5562961541,116.8,11.1099,10.5131,1
143668956#6,cluster_1551395091_5562961541,340085983,368.26,11.11,33.1467,1
143668957#0,340085983,cluster_1551395091_5562961541,364.7,11.11,32.8263,1
143668957#11,cluster_1710899578_5562961547,cluster_5562961553_6928676075,148.85,11.11,13.3978,1
143668957#15,cluster_5562961553_6928676075,9442675967,42.42,11.1099,3.8182,1
143668957#8,cluster_1551395091_5562961541,cluster_1710899578_5562961547,114.15,11.11,10.2745,1
143668958#0,1572274262,1572274240,18.94,22.2196,0.8524,1
143668960#0,1572274226,2067978508,32.25,22.2199,1.4514,1
143668963#0,1986114285,1572274271,31.46,22.2207,1.4158,1
143766272#0,299027461,502840355,40.6,13.8898,2.923,1
143796439#0,252828860,250197466,78.37,11.11,7.054,1
143796439#11,250197480,250197468,78.7,11.11,7.0837,1
143796439#14,250197468,250197467,78.18,11.11,7.0369,1
143796439#15,250197467,250197463,78.46,11.11,7.0621,1
143796439#18,250197463,253114354,117.34,11.11,10.5617,1
143796439#20,253114354,253114356,81.68,11.1101,7.3519,1
143796439#22,253114356,253114357,77.83,11.11,7.0054,1
143796439#4,250197466,250197469,80.63,11.11,7.2574,1
143796439#8,250197469,250197480,74.62,11.11,6.7165,1
1441662515#0,474770401,114158636,39.54,13.8898,2.8467,2
1442311830,253262188,9434062273,18.09,13.8897,1.3024,1
1442622796#0,13236828792,250197371,109.24,13.8899,7.8647,1
1442622796#2,250197371,250197376,88.07,13.8901,6.3405,1
1442622796#3,250197376,cluster_250197382_338849141_6389831235,73.82,13.89,5.3146,1
1442622797,250197361,13236828792,26.22,13.8899,1.8877,1
1442622798#0,250197361,250197410,46.5,8.33,5.5822,1
1442622799,13236828793,250197361,21.02,13.8902,1.5133,2
1444228994,302464763,13251917735,15.19,13.8899,1.0936,2
1444267562#0,292190555,13252209958,15.26,13.8904,1.0986,1
1445744607#0,287354804,13264826401,14.56,11.1103,1.3105,1
1447069678#0,338450214,13277070109,37.83,11.1101,3.405,1
1450317016#0,338450214,13301907136,23.14,11.11,2.0828,1
1451000358#0,cluster_286306354_340086015,340086019,195.56,16.6699,11.7313,2
1451000359,1572274779,cluster_286306354_340086015,23.03,16.6703,1.3815,3
1451889588,338450211,13315820512,0.2,22.2222,0.009,1
1452636040#0,13322081229,298825558,33.47,11.11,3.0126,2
1453486580,338450360,13329574191,35.3,11.1101,3.1773,1
1453492641,676441729,cluster_2306411109_420326577,4.01,13.8899,0.2887,2
1453492644#0,8477238550,256993289,40.1,22.2198,1.8047,2
1453492654,13329633893,282813661,34.84,13.8899,2.5083,2
1453492655,13329633894,296267014,35.34,11.1101,3.1809,1
1453492656,296267014,13329633895,27.71,11.1102,2.4941,1
1453492657#0,13329633895,2099065320,57.72,11.11,5.1953,1
1453492658,517706844,13329633896,5.78,13.8909,0.4161,1
1453492659,294264112,517706844,32.67,13.8897,2.3521,1
1453492660,294312075,294311865,34.29,13.8899,2.4687,1
1453492661#0,294311965,294312075,105.81,13.89,7.6177,1
1453492662,292443707,294311965,38.32,13.8901,2.7588,2
1453492663,283267440,292443707,4.0,13.8889,0.288,1
1453492664,13329633897,283267440,31.72,13.8897,2.2837,2
1453492665#0,13329633898,13329633897,254.67,13.89,18.3348,1
1453492666,296267145,13329633898,33.26,13.8902,2.3945,1
1453492667,13329633899,296267145,17.92,13.8904,1.2901,1
1453492668#0,282723632,13329633899,35.03,13.8898,2.522,1
1453492669,13329633900,282723632,33.72,11.11,3.0351,2
1453492670,13329700701,13329633900,62.07,11.1099,5.5869,1
1453492676#0,12662559492,13329700713,29.29,13.8901,2.1087,1
1453492677#0,13329700713,12662559492,27.99,13.8901,2.0151,1
1453492678#0,13329700764,12662559492,79.65,13.8901,5.7343,2
1453492684,9907483911,12697044460,18.27,13.8904,1.3153,2
1453492694,4711826490,306201596,25.91,11.1102,2.3321,2
1453492695,13329700730,4711826490,8.71,11.1097,0.784,2
1453492696#0,13329700737,13329700738,27.89,11.1098,2.5104,1
1453492697#0,13329700738,13329700737,27.63,11.1102,2.4869,1
1453492698,306201596,13329700737,24.18,11.1101,2.1764,1
1453492699,306201589,8881878777,20.92,11.1099,1.883,1
1453492701#0,cluster_13329700753_340085933,13329700752,31.17,11.1099,2.8056,1
1453492702#0,13329700752,cluster_13329700753_340085933,31.67,11.1099,2.8506,1
1453492703,8881878776,cluster_13329700753_340085933,16.35,11.1104,1.4716,1
1453492718#0,299045451,13329700764,67.74,13.89,4.8769,1
1453502129#0,298825558,13329684337,22.14,11.11,1.9928,1
1453536843,344967583,13330071529,36.48,11.1101,3.2835,1
145388253#0,cluster_334325593_84075613,282723579,161.82,16.6699,9.7073,2
145388253#11,282741811,297322814,140.46,16.67,8.4259,2
145388253#16,297322814,282723634,184.68,16.67,11.0786,2
145388253#23,282723634,12364195171,124.25,16.67,7.4535,2
145388253#29,12364195171,12813288166,230.93,16.67,13.853,2
145388253#8,282723579,282741811,202.78,16.67,12.1644,2
145390019#0,418996079,1588088186,94.58,11.1099,8.5131,1
145390027#0,1588087912,1588087948,127.28,11.11,11.4563,1
145390028#0,414478048,1588088186,75.35,11.11,6.7822,1
145390028#2,1588088186,1588088195,132.89,11.11,11.9613,1
145390036#0,cluster_376119854_418996073_8190304826,376045510,66.62,11.11,5.9964,1
145390036#2,376045510,297024074,81.58,11.1101,7.3429,1
145390039#2,cluster_1489279437_1489279440_1489279442_3241620189_#3more,12708745103,39.79,11.1099,3.5815,1
145390039#5,12708745103,418996079,26.37,11.1102,2.3735,1
145390039#6,418996079,cluster_376119854_418996073_8190304826,158.82,11.11,14.2952,1
145390040,1588088092,418988934,63.23,11.1099,5.6913,1
145390064#0,300186055,1588087948,56.83,11.11,5.1152,1
145390064#2,1588087948,416287733,63.05,11.1099,5.6751,1
145390064#4,416287733,416264089,86.25,11.11,7.7633,1
145390064#7,416264089,418988943,211.05,11.11,18.9964,1
145886211#3,253262185,256993302,33.11,13.8902,2.3837,1
145886211#4,256993302,11118327803,25.22,13.89,1.8157,1
145888253#0,412689855,1592064284,95.44,13.8901,6.8711,1
145888253#2,1592064284,8770896924,564.78,13.89,40.6609,1
145889150#0,414872744,412689855,100.04,13.89,7.2023,1
145889151#0,299027477,414872744,191.17,13.89,13.7631,1
145891361#0,1592136089,442755843,50.45,11.1099,4.541,1
145891362#0,418988960,1592136109,163.46,11.11,14.7129,1
145891373#0,300190245,9584102223,64.03,13.89,4.6098,1
145891375#0,cluster_1592136105_4611993426_6835825384,295406697,114.11,11.11,10.2709,1
145891376#0,cluster_15434382_4674699479_4674699484_8893238440_#2more,335820953,68.94,11.11,6.2052,1
145891378#0,298584897,15434380,88.97,11.11,8.0081,1
145891378#2,15434380,13130143614,134.21,11.11,12.0801,1
145891378#7,13130143614,9584102220,63.32,11.1099,5.6994,1
145891387#0,335958276,335957004,61.15,11.1099,5.5041,1
1459191760,13315820512,13382612921,18.51,22.2209,0.833,1
1459191761,13382612921,1592064280,6.31,22.2183,0.284,2
1459191762,1592064280,13382612922,16.18,22.2192,0.7282,1
146415445#0,298584894,15434380,58.74,11.1101,5.2871,1
146415446#0,392323928,392323915,120.98,11.11,10.8893,1
1464324180,408435645,13432233936,12.0,22.2181,0.5401,1
1464324181,13432233936,8477238550,25.11,22.2193,1.1301,1
147349540,282813669,1605629477,21.6,13.8898,1.5551,1
147353574#0,1577628832,282723661,31.72,13.8897,2.2837,1
147353574#1,282723661,1577628832,28.08,13.89,2.0216,1
148218600#0,1613212227,1613212236,27.9,22.2205,1.2556,1
154892959,1673536222,1673536205,234.56,11.11,21.1125,1
157931979#0,1701620285,114197533,37.95,13.8899,2.7322,2
157931979#1,114197533,cluster_339271915_339271936,41.69,13.8902,3.0014,2
157931979#3,cluster_339271915_339271936,cluster_336984543_340085925,93.88,13.89,6.7588,2
164567612#1,cluster_2469488290_306013490,335034175,399.97,11.11,36.0009,1
164567612#10,335034175,306013501,88.0,11.11,7.9208,1
164567612#13,306013501,1761863805,319.64,11.11,28.7705,1
165070199#0,298585000,cluster_295699948_442755845_8905696885,108.41,11.11,9.7579,1
165070199#4,cluster_295699948_442755845_8905696885,298585001,119.84,11.11,10.7867,1
165214994,8905697073,416281449,64.94,11.11,5.8452,1
168060427#0,cluster_336984543_340085925,338450120,69.04,11.11,6.2142,1
168447355,338450564,338450575,53.0,11.1099,4.7705,1
168447356#0,338450549,338450553,42.5,11.1099,3.8254,1
171179360#0,363711339,1822540148,111.78,11.11,10.0612,1
171179360#1,1822540148,363711339,101.54,11.11,9.1395,1
171733409#0,418988959,9125521177,231.18,11.11,20.8083,1
172812298#0,418988937,9442789577,172.51,13.89,12.4197,2
172812300#0,300190242,1588087912,73.98,13.8901,5.3261,2
172812300#2,1588087912,442755847,74.41,13.89,5.3571,2
172812300#5,442755847,442755846,72.57,13.8901,5.2246,2
172812300#6,442755846,298585000,80.36,13.8899,5.7855,2
172866161#0,345084903,2641132493,44.03,11.11,3.9631,1
172866161#1,2641132493,345084903,46.49,11.11,4.1845,1
172999527,1727351004,1838323753,63.72,13.8899,4.5875,2
174381151#0,416302362,1850773136,49.61,11.1101,4.4653,1
174381151#1,1850773136,416302362,36.05,11.1101,3.2448,1
176086942#0,287354790,9584102245,37.44,13.8898,2.6955,1
176086947#0,335820950,613999354,85.09,13.89,6.126,2
176086966,8189608931,2002201332,41.93,13.8901,3.0187,2
176086984#0,283678984,9442789572,86.45,13.89,6.2239,2
176087116#0,13350672184,474770401,269.75,13.89,19.4204,1
176087117#0,12782278410,253262191,154.07,16.6699,9.2424,2
176087117#11,253262192,250197364,89.28,16.6701,5.3557,2
176087117#9,253262191,253262192,87.15,16.6699,5.228,2
180987753#0,cluster_2306411109_420326577,9448986021,86.97,13.8901,6.2613,1
182463031#0,1928166925,253262190,448.89,11.11,40.4041,1
182704478,279396675,cluster_267812728_335616696,58.62,13.89,4.2203,2
184011890#0,cluster_1944491020_481695415,cluster_294298830_340433787,9.2,22.2222,0.414,1
184296885#0,416208011,1947591832,43.56,11.11,3.9208,1
184296885#1,1947591832,416208011,30.57,11.1099,2.7516,1
187675773#0,256993288,252828857,185.33,11.11,16.6814,1
187675774#0,256993289,256993287,128.2,8.33,15.3902,1
187675774#4,256993287,256993288,150.12,8.33,18.0216,1
187679408#0,1514664671,380060187,125.92,13.89,9.0655,2
187679408#2,380060187,369888510,55.05,13.8899,3.9633,2
187679408#5,369888510,1553050146,96.7,13.8901,6.9618,2
187683778#0,442755852,420326601,38.9,11.1098,3.5014,1
187683778#1,420326601,408435643,74.29,11.1099,6.6868,1
187683778#2,408435643,295699007,109.36,11.11,9.8434,1
187686032#0,369887847,416201533,84.33,13.8899,6.0713,1
187686032#2,416201533,442435096,117.69,13.89,8.473,1
187688031#0,502840355,1873900667,35.81,13.8901,2.5781,1
187688031#1,1873900667,502840355,21.53,13.8903,1.55,1
187824056,340433794,11195990511,64.6,11.11,5.8146,1
187957279#0,330382364,1985900122,29.77,13.8898,2.1433,1
187957279#1,1985900122,330382364,27.2,13.8903,1.9582,1
187977745#0,187977745#0-AddedOnRampNode,cluster_256993752_481695401_533789219_533789220,390.36,13.89,28.1037,2
187977745#0-AddedOnRampEdge,1572274271,187977745#0-AddedOnRampNode,94.54,13.8901,6.8063,3
188300799#0,421138218,298584836,62.91,11.1099,5.6625,1
188300799#2,298584836,502855751,83.7,11.1099,7.5338,1
188978502#0,13131909136,442435097,109.67,22.2202,4.9356,1
188978502#3,442435097,8189608962,41.85,22.2205,1.8834,1
188978503#0,299045530,331969127,236.86,11.11,21.3195,1
188978504#0,309711626,299045530,86.73,11.11,7.8065,1
189273915#1,cluster_309711635_338450163,309711634,194.69,11.11,17.5239,1
189273915#4,309711634,309711633,170.44,11.11,15.3411,1
189273916#0,1999205832,cluster_308232139_339573893,41.0,8.3299,4.922,1
189273916#12,299045585,302857860,266.4,8.33,31.9808,1
189273916#15,302857860,251576069,132.02,8.33,15.8487,1
189273916#3,cluster_308232139_339573893,306201538,81.38,8.33,9.7695,1
189273916#5,306201538,299045563,139.16,8.33,16.7059,1
189273916#6,299045563,299045565,79.78,8.33,9.5774,1
189273916#9,299045565,299045585,165.56,8.33,19.8752,1
189277203#0,1999217108,295144861,37.84,8.33,4.5426,1
189277203#2,295144861,cluster_299045554_299045555_8637330184,144.56,8.33,17.3541,1
192794592#0,252828923,250197481,208.67,13.89,15.023,3
192794593#0,12761537058,296018207,49.42,22.2202,2.2241,2
192796147,cluster_282813679_340086008,1572274779,370.26,16.67,22.2112,2
192796148,2067978508,339573880,54.98,16.6702,3.2981,2
193422713#0,306013433,292190553,82.71,11.1101,7.4446,1
193422713#3,292190553,442760434,70.57,11.1101,6.3519,1
193422713#6,442760434,442760433,25.39,11.1101,2.2853,1
193422713#9,442760433,306013441,66.72,11.11,6.0054,1
193422722#0,306013433,444672672,172.97,11.11,15.5689,1
193817493#0,10117541314,298511021,89.38,11.11,8.045,1
193817493#1,298511021,298511555,185.9,11.11,16.7327,1
193817493#3,298511555,10117541313,56.78,11.11,5.1107,1
193818031,11386320240,306013063,336.48,11.11,30.2862,1
193818032#0,cluster_287356562_334325617,300707174,121.21,11.11,10.91,1
193818032#3,300707174,299134041,62.17,11.1099,5.5959,1
193912296#0,380045138,412689860,181.36,13.89,13.0569,1
193912296#1,412689860,13319810686,499.25,13.89,35.9431,1
194225547#0,442760443,442760444,72.82,11.1099,6.5545,1
194225558#0,287354793,287354792,240.45,11.11,21.6427,1
196464729#0,cluster_336984543_340085925,114197545,109.77,13.89,7.9028,2
196464729#1,114197545,287356560,168.39,13.89,12.1231,2
196464733#0,cluster_412689897_6302226011_6302226012,cluster_338450314_412689899,70.18,11.1101,6.3168,1
196464733#2,cluster_338450314_412689899,cluster_338450310_340085901,37.64,11.1101,3.3879,1
196464733#3,cluster_338450310_340085901,cluster_309711635_338450163,79.02,11.11,7.1125,1
196464733#5,cluster_309711635_338450163,cluster_306201556_339271925_339271926_340085904_#1more,88.58,11.11,7.973,1
196464733#8,cluster_306201556_339271925_339271926_340085904_#1more,cluster_336984543_340085925,277.68,11.11,24.9937,1
196464736#0,1986114285,cluster_260316116_340086006_481695404_481695407,21.8,16.6705,1.3077,3
196464738#0,cluster_412689897_6302226011_6302226012,cluster_338450317_7617097819,55.23,11.11,4.9712,1
196464738#2,cluster_338450317_7617097819,cluster_338450190_340085892,106.04,11.1099,9.5446,1
196464738#4,cluster_338450190_340085892,338450199,17.88,11.1097,1.6094,1
198694586#0,8163580146,292190560,62.49,13.8901,4.4989,3
198995089#0,9584102246,287354790,84.72,13.8899,6.0994,2
199916196#1,500375328,300190242,156.07,11.11,14.0477,2
202029543#0,255942727,283678999,138.21,13.89,9.9503,2
202030870#0,2120142957,cluster_1944491020_481695415,2.16,8.3301,0.2593,1
202440242#0,295144850,338450360,126.74,11.11,11.4077,1
204494124#0,2144935899,cluster_2144935908_416273779,108.99,11.11,9.8101,1
204494124#1,cluster_2144935908_416273779,2144936033,381.12,11.11,34.3042,1
204494125#1,2144936033,cluster_2144935908_416273779,62.31,11.1099,5.6085,1
204494125#2,cluster_2144935908_416273779,2144935899,108.75,11.11,9.7885,1
204494126#0,2144935899,335820953,16.79,11.1096,1.5113,1
214495784#0,292190605,12073327064,99.08,13.89,7.1332,2
216278611,338450660,338450661,72.63,25.0,2.9052,2
216278612,338450662,310717201,313.35,25.0,12.534,2
216278615,338450661,338450662,174.56,25.0,6.9824,3
216278616,2103068296,338450660,163.02,25.0,6.5208,3
216278617,310717070,344446974,293.69,25.0,11.7476,2
216279411,2256349210,24486492,315.57,25.0,12.6228,2
216279767#0,9442456744,443127180,183.99,13.89,13.2462,1
216279767#1,443127180,363716843,52.11,13.8901,3.7516,1
216279767#2,363716843,502840329,13.69,13.89,0.9856,1
216279767#4,502840329,443127192,46.95,13.8901,3.3801,1
216279767#6,443127192,9442456745,131.14,13.89,9.4413,1
216279902#0,2256352486,299045509,42.76,13.8899,3.0785,2
217608324#0,418988963,418991455,226.89,11.11,20.4221,1
217608324#9,418991455,2090596137,166.91,11.11,15.0234,1
217608339#0,418988963,8189158183,74.7,11.11,6.7237,1
217920227#1,306201589,340085931,45.02,11.11,4.0522,1
218188039#1,335957004,1489841889,2.41,11.1111,0.2169,1
220078253,442760444,306013433,70.05,11.1101,6.3051,1
220078254#0,416185950,444672672,69.97,13.8901,5.0374,1
220078254#2,444672672,292190555,84.72,13.8899,6.0994,1
220078255#0,442760427,416185950,70.54,13.8899,5.0785,1
224109041#0,cluster_1592136105_4611993426_6835825384,418995334,21.12,13.8902,1.5205,1
224109042#0,298584875,9442789574,70.13,13.8899,5.049,2
224109043#0,280645738,442435098,94.49,22.2199,4.2525,1
224109043#3,442435098,8189608961,263.41,22.2201,11.8546,1
224109900#0,1553072912,380060129,116.81,22.2199,5.257,1
224109900#2,380060129,280645744,70.47,22.2198,3.1715,1
224109900#3,280645744,280645738,267.46,22.22,12.0369,1
224111393#0,9442789569,416305910,10.01,13.8893,0.7207,2
224111393#1,416305910,416269476,80.49,13.89,5.7948,2
224111393#2,416269476,416277132,80.03,13.89,5.7617,2
224111393#4,416277132,255942727,89.85,13.89,6.4687,2
224262404#0,cluster_292190578_8881861579_8881861591,338450516,75.13,13.8901,5.4089,2
224262404#2,338450516,279068744,174.55,13.89,12.5666,2
224262442#0,298509039,287354791,82.36,11.1101,7.4131,1
224262443#0,298509039,298513389,65.64,11.11,5.9082,1
225757571,299089229,24486492,2069.45,25.0,82.778,2
225757572#0,225757572#0-AddedOnRampNode,331969691,761.86,25.0,30.4744,2
225757572#0-AddedOnRampEdge,24486661,225757572#0-AddedOnRampNode,96.3,25.0,3.852,5
225757572#1,225757572#1-AddedOnRampNode,1553079107,294.32,25.0,11.7728,2
225757572#1-AddedOnRampEdge,331969691,225757572#1-AddedOnRampNode,94.53,25.0,3.7812,3
228055699#0,13329684337,442399965,64.3,11.11,5.7876,1
228055699#3,442399965,412689902,247.4,11.11,22.2682,1
228056638#0,15434374,9442600168,71.82,13.8901,5.1706,1
228056639#0,298584876,297024081,104.27,13.8901,7.5068,1
228056640#0,309711631,309711632,81.51,11.1101,7.3366,1
228056640#3,309711632,295699964,111.26,11.11,10.0144,1
23156769#0,6952902963,250197440,67.54,8.33,8.108,1
23156770#0,9442600131,250197384,44.24,8.33,5.3109,1
23156770#1,250197384,250197397,87.69,8.33,10.527,1
23156770#4,250197397,250197361,112.59,8.33,13.5162,1
23156771#0,250197369,250197467,81.84,8.33,9.8247,1
23156772#0,250197374,250197468,85.24,8.33,10.2329,1
23156773#0,499953675,412689855,219.18,13.89,15.7797,3
23156773#2,412689855,331969654,263.39,13.89,18.9626,3
23156776#0,250197402,250197400,78.35,8.33,9.4058,1
23156776#2,250197400,250197397,95.31,8.33,11.4418,1
23156778#0,250197469,250197470,161.59,8.33,19.3986,1
23156779#0,1592027522,250197463,82.97,8.33,9.9604,1
23156779#4,250197463,250197456,161.88,8.33,19.4334,1
23156780#0,252828918,1613212236,31.36,11.1099,2.8227,1
23156780#2,1613212236,252828919,84.84,11.1099,7.6364,1
23156780#6,252828919,408430803,70.47,11.1101,6.3429,1
23156781#0,250197371,250197400,46.09,8.33,5.533,1
23156781#3,250197400,250197393,83.05,8.33,9.97,1
23156781#6,250197393,250197369,81.42,8.33,9.7743,1
23156783#0,250197440,250197421,83.13,8.33,9.9796,1
23156784#0,250197473,250197477,148.98,8.33,17.8848,1
23156784#1,250197477,250197476,163.78,8.33,19.6615,1
23156785#0,250197477,250197479,110.39,8.33,13.2521,1
23156786#0,3780381657,250197473,10.65,8.3301,1.2785,1
23156786#2,250197473,250197472,55.29,8.3299,6.6375,1
23156787#0,250197418,250197466,83.98,8.33,10.0816,1
23156788#0,6091317342,250197359,161.51,8.33,19.389,1
23156789#0,250197386,cluster_250197382_338849141_6389831235,60.45,13.8898,4.3521,3
23177686#0,250197376,250197402,9.18,8.3303,1.102,1
23177686#2,250197402,250197390,81.16,8.33,9.7431,1
23177686#4,250197390,250197374,81.46,8.33,9.7791,1
23200736#0,250931931,253262187,168.15,8.33,20.1861,1
23200736#5,253262187,15434359,182.16,8.33,21.8679,1
23200738#0,250931944,1572274220,161.24,11.11,14.5131,1
23200739#0,8195956656,251576067,172.06,13.89,12.3873,2
23200739#10,251576069,cluster_251576070_309711638,79.78,13.89,5.7437,2
23200739#13,cluster_251576070_309711638,339271796,85.6,13.89,6.1627,2
23200739#4,251576067,308232187,85.0,13.89,6.1195,2
23200739#5,308232187,251576068,75.74,13.8901,5.4528,2
23200739#8,251576068,251576069,82.76,13.8901,5.9582,2
23200741#0,1669486645,250197359,80.27,22.2201,3.6125,1
232495314#0,cluster_2469488290_306013490,2408401455,324.46,16.67,19.4637,2
232495314#3,2408401455,12701599108,39.26,16.6702,2.3551,2
23250092#0,251576067,251576071,146.71,8.33,17.6122,1
23250093#0,336984689,251576068,146.52,8.33,17.5894,1
23250094#0,251576071,336984689,182.12,8.33,21.8631,1
23250095#0,308232187,251576074,41.73,8.33,5.0096,1
23250096#0,251576069,251576075,137.25,8.33,16.4766,1
23250097#0,251576076,cluster_1551395091_5562961541,189.26,13.89,13.6256,1
23349346#0,250931960,252828860,82.39,13.89,5.9316,2
23349346#7,252828860,252828861,57.97,13.89,4.1735,2
23349346#9,252828861,3780381657,87.58,13.8899,6.3053,2
23349347#0,252828861,252828862,64.65,13.8901,4.6544,1
23349377#0,252828863,6091347617,75.18,8.33,9.0252,1
23349380#0,cluster_287356568_4614303593,418991447,18.13,11.1097,1.6319,1
23349381#0,256993822,252828858,157.22,8.33,18.8739,1
23349382,252828922,250197476,28.79,8.33,3.4562,1
23349383#0,250197476,252828923,13.56,13.8906,0.9762,1
23377454#0,253114354,250197486,153.51,8.33,18.4286,1
23377454#2,250197486,253114350,99.51,8.33,11.946,1
23377454#4,253114350,253114364,202.34,8.33,24.2905,1
23377454#5,253114364,253114351,75.83,8.33,9.1032,1
23377456#0,253114356,253114365,196.83,8.33,23.6291,1
23377456#3,253114365,253114364,284.16,8.33,34.1128,1
23377456#5,253114364,253114363,279.39,8.33,33.5402,1
23377457#0,1111318641,2451243512,12.9,8.3301,1.5486,1
23377457#1,2451243512,1111318641,46.61,8.3301,5.5954,1
23377459#0,4211155936,1669486645,69.0,13.89,4.9676,3
23391383#0,253262184,253262186,180.95,8.33,21.7227,1
23391383#7,253262186,253262185,222.25,8.33,26.6807,1
23391384#0,253262186,253262187,85.98,8.33,10.3217,1
235910935,344967385,344967390,127.51,11.11,11.477,1
23627269#0,255942732,256993288,305.15,8.33,36.6327,1
23627269#7,256993288,256993822,103.28,8.33,12.3986,1
23627269#9,256993822,255942728,89.57,8.33,10.7527,1
23627271#0,255942729,256993281,235.09,8.33,28.2221,1
23627275#0,255942735,256993285,146.87,8.33,17.6315,1
23627275#4,256993285,1592064280,154.65,8.33,18.5654,1
236847226#0,13131909136,299027461,92.3,13.8899,6.6451,3
236847226#2,299027461,414872744,86.1,13.89,6.1987,3
236847226#4,414872744,299027491,182.38,13.89,13.1303,3
236847227#0,299027491,260316108,211.19,13.89,15.2045,3
237176713#0,1111318641,253114363,78.18,8.33,9.3854,1
237176713#10,253114365,253114366,79.83,8.33,9.5834,1
237176713#3,253114363,253114350,84.13,8.33,10.0996,1
237176713#7,253114350,253114365,120.29,8.33,14.4406,1
23729768#0,256993283,256993290,123.28,8.33,14.7995,1
23729770#0,252828857,250197476,189.55,11.11,17.0612,1
23729771#0,256993283,256993282,145.64,8.33,17.4838,1
23729773#0,416270941,256993299,101.87,13.8899,7.3341,1
23729774#0,256993301,8060737230,255.94,8.33,30.7251,1
23729775#0,283678999,9442789568,54.18,13.8902,3.9006,2
23729845#0,256993773,256993774,110.26,8.33,13.2365,1
23729855#0,252828858,12044992548,137.07,8.33,16.455,1
23729858#0,15434363,9442600126,51.06,13.8901,3.676,1
23729868#0,338450579,443127197,77.75,8.33,9.3337,1
23729868#2,443127197,443127196,79.39,8.33,9.5306,1
23729868#3,443127196,443127195,80.66,8.33,9.6831,1
23729868#5,443127195,255942728,79.71,8.33,9.569,1
23729868#7,255942728,256993922,152.04,8.33,18.2521,1
23780917#0,250197440,250197386,76.26,8.33,9.1549,1
238024149#0,279068741,328227860,438.25,16.67,26.2897,2
239951644#1,418988931,1489268449,26.04,11.1102,2.3438,1
239951645#0,418988934,1594214788,80.0,11.11,7.2007,1
239951645#1,1594214788,418988932,47.37,11.1101,4.2637,1
239951645#2,418988932,418988931,88.42,11.11,7.9586,1
239995958#0,267232978,250197364,603.06,13.89,43.4168,1
24006646#0,8195956657,294298869,94.27,13.89,6.7869,2
24006646#1,294298869,cluster_114197503_302857854,78.55,13.8901,5.6551,2
24006646#10,339271874,114197525,13.42,13.8895,0.9662,2
24006646#11,114197525,308232169,23.3,13.8897,1.6775,2
24006646#13,308232169,308232165,76.9,13.8899,5.5364,2
24006646#15,308232165,cluster_302857895_336984590,120.75,13.89,8.6933,2
24006646#20,cluster_302857895_336984590,1701620285,38.11,13.89,2.7437,2
24006646#3,cluster_114197503_302857854,339271797,98.09,13.89,7.0619,2
24006646#4,339271797,308232171,84.72,13.8899,6.0994,2
24006646#6,308232171,114197516,80.93,13.89,5.8265,2
24006646#9,114197516,339271874,96.96,13.8899,6.9806,2
24159180#1,cluster_295144473_481695380,295144461,285.19,11.11,25.6697,1
24159181#0,9584102248,500375337,26.17,13.8899,1.8841,2
24576403#0,338450199,cluster_338450190_340085892,18.47,11.1098,1.6625,1
24576403#1,cluster_338450190_340085892,cluster_338450317_7617097819,100.37,11.11,9.0342,1
24636861#0,cluster_267812666_533789218,cluster_267812728_335616696,1507.96,11.11,135.73,1
246965159#0,421146128,421146126,183.3,11.11,16.4986,1
246965160#0,421146126,421146123,84.75,11.1099,7.6283,1
250623167#0,cluster_292443711_334325581,294269482,153.73,13.89,11.0677,1
250623168#0,2570295552,cluster_292443711_334325581,77.26,13.8899,5.5623,3
252551396,340086019,cluster_295175045_340086020,56.75,16.6701,3.4043,3
252551492#0,533769769,cluster_10782939_340086040_533769764_533769766,207.81,16.67,12.4661,2
252551492#3,cluster_10782939_340086040_533769764_533769766,cluster_295175096_533769763,106.42,16.6701,6.3839,2
252551492#5,cluster_295175096_533769763,533769751,582.9,16.67,34.967,2
252575359#0,363720368,2586266852,31.56,11.1099,2.8407,1
252575359#1,2586266852,363720368,28.49,11.1098,2.5644,1
255726858#0,13119677318,2113349480,212.54,13.89,15.3017,2
255726859,340085987,250931944,113.84,13.89,8.1958,2
255730887#0,2614090263,cluster_256993752_481695401_533789219_533789220,48.47,11.1101,4.3627,2
25634438#0,cluster_267812728_335616696,533769792,67.44,13.89,4.8553,3
25735166#0,280645603,280645611,406.69,13.89,29.2793,1
25735167#0,295704964,295704951,233.33,11.11,21.0018,1
25735168#0,416235919,280645738,76.9,11.11,6.9217,1
25735169,260316103,408435645,92.77,22.2198,4.1751,1
25917644#0,282723555,10054964230,31.55,13.8901,2.2714,1
25917644#1,10054964230,282723555,26.51,13.8898,1.9086,1
25917645#0,282723550,282723551,71.59,13.8899,5.1541,1
25917646#0,282723555,282723550,87.81,13.89,6.3218,1
25917646#2,282723550,282723577,187.08,13.89,13.4687,1
25917647#0,282723579,282723577,196.82,13.89,14.1699,1
25917647#4,282723577,282723551,89.22,13.8901,6.4233,1
25917647#6,282723551,282723631,451.96,13.89,32.5385,1
25917648#0,282723551,282723581,182.21,13.89,13.1181,1
25917649#0,282723581,282723584,42.55,13.8898,3.0634,1
25917649#1,282723584,282723581,3.59,13.8878,0.2585,1
25917652#0,282723634,296501314,88.93,13.8901,6.4024,1
25917652#3,296501314,282723631,152.68,13.89,10.9921,1
25917652#5,282723631,282723635,80.82,13.8899,5.8186,1
25917652#6,282723635,282723632,93.06,13.89,6.6998,1
25917653#0,282723635,1577628832,110.94,13.8901,7.987,1
25917655#0,294311965,283267440,446.42,13.89,32.1397,1
25919964#0,282741811,297323240,290.2,13.89,20.8927,1
25919964#3,297323240,297323209,123.41,13.89,8.8848,1
25919964#4,297323209,297323175,95.25,13.8899,6.8575,1
25919964#5,297323175,295144774,184.3,13.89,13.2685,1
25926424#0,282813667,282813661,210.03,13.89,15.121,1
25926424#4,282813661,292443705,560.67,13.89,40.365,1
25926427#0,296180964,296180970,24.88,13.8901,1.7912,1
25926427#1,296180970,296180964,27.86,13.8897,2.0058,1
25926428#0,296180981,1605629382,0.2,13.8889,0.0144,1
25926428#1,1605629382,296180981,56.03,13.8901,4.0338,1
25975413#0,293815250,283267192,93.63,13.89,6.7408,2
25975416#0,296180936,282813661,216.05,13.89,15.5544,1
26144380#3,331969760,338450658,347.65,11.11,31.2916,1
26240576#0,287354791,287354790,106.04,11.1099,9.5446,1
26240578#0,416237495,416305403,104.38,11.11,9.3951,1
26240578#3,416305403,416277147,80.1,11.11,7.2097,1
26240578#5,416277147,1463004904,22.31,11.11,2.0081,1
26240580#0,287354799,418988973,65.53,8.33,7.8667,1
26240580#2,418988973,418988974,69.28,8.33,8.3169,1
26240580#3,418988974,422347593,27.03,8.33,3.2449,1
26240659#0,251576068,294298864,130.94,8.33,15.7191,1
26240660#0,12035072775,295406694,150.11,8.33,18.0204,1
26241050#0,250931944,287360585,149.15,8.33,17.9052,1
26241052#0,287360585,287360610,28.84,8.33,3.4622,1
26241052#2,287360610,287360585,23.47,8.3301,2.8175,1
26512533#0,9721605085,295144913,137.32,11.11,12.36,2
26512539#0,332419684,290577237,11.98,13.8899,0.8625,2
26512539#1,290577237,332419229,79.31,13.8899,5.7099,2
26512539#2,332419229,299276360,58.74,13.8901,4.2289,2
26512539#4,299276360,338450474,62.4,13.8901,4.4924,2
26512542#0,cluster_290577261_541208434,cluster_295144875_295144877,73.7,13.8899,5.306,1
26512542#2,cluster_295144875_295144877,cluster_290577265_541208444_8105157841,188.2,13.89,13.5493,1
265303877#0,13319810686,1570470755,95.58,13.89,6.8812,2
26639028#0,345084800,345084761,16.59,13.8898,1.1944,1
26639028#1,345084761,1914277251,122.85,13.89,8.8445,1
26639029#0,292190566,338450486,116.01,13.8899,8.3521,2
26639029#3,338450486,292190571,0.2,13.8889,0.0144,2
26639029#4,292190571,290577234,27.4,13.8903,1.9726,2
26639030#0,290577237,332419216,200.18,11.11,18.018,1
26741442,cluster_294298830_340433787,293302280,64.59,11.11,5.8137,2
26741443#0,250197485,250931959,84.49,13.89,6.0828,2
26741446#0,421138218,416297051,53.68,11.11,4.8317,1
26753580#0,293459053,301490923,262.04,11.11,23.586,1
26753580#2,301490923,301490930,82.28,11.1101,7.4059,1
26753580#3,301490930,301490931,78.8,11.11,7.0927,1
26753580#4,301490931,329923424,93.4,11.1101,8.4068,1
26753582#0,cluster_2465719590_2465719595_293459038,293459054,52.9,13.89,3.8085,2
26753583#0,293815250,328350274,26.25,22.2194,1.1814,1
26753583#10,293815251,328349949,97.03,22.2199,4.3668,1
26753583#11,328349949,328349970,82.83,22.2201,3.7277,1
26753583#12,328349970,295144606,79.39,22.22,3.5729,1
26753583#13,295144606,295144602,98.34,22.2202,4.4257,1
26753583#14,295144602,329923481,62.97,22.2203,2.8339,1
26753583#15,329923481,329923308,115.98,22.2201,5.2196,1
26753583#2,328350274,297338222,29.2,22.2205,1.3141,1
26753583#3,297338222,328351347,27.09,22.2195,1.2192,1
26753583#4,328351347,293459077,28.1,22.2205,1.2646,1
26753583#5,293459077,328350306,74.34,22.2202,3.3456,1
26753583#7,328350306,293459086,363.13,22.22,16.3425,1
26753583#8,293459086,1699698670,49.92,22.2202,2.2466,1
26753583#9,1699698670,293815251,135.18,22.22,6.0837,1
26786022#0,283267192,283267193,73.45,13.8899,5.288,1
26786022#3,283267193,283267196,28.86,13.8897,2.0778,1
26786022#4,283267196,283267199,43.75,13.8902,3.1497,1
26786022#5,283267199,283361015,1425.92,13.89,102.658,1
26786023#0,4494532663,293815251,426.91,13.89,30.7351,1
26786023#1,293815251,328349888,60.03,13.89,4.3218,1
26786023#2,328349888,330382360,82.85,13.8901,5.9647,1
26786023#3,330382360,293815255,73.15,13.8899,5.2664,1
26786023#4,293815255,293815259,155.18,13.89,11.1721,1
26786025#0,293815289,295144385,121.7,11.11,10.9541,1
26786025#3,295144385,293815292,238.9,11.11,21.5032,1
26792873#0,340433834,422347597,42.74,11.11,3.847,1
26792873#3,422347597,418988975,199.23,11.11,17.9325,1
26796364#0,10845048005,345084775,194.29,11.11,17.4878,1
26796365#0,293956352,287354802,131.05,11.11,11.7957,1
26796369#0,293956368,306013084,727.94,11.11,65.5212,1
26796370#0,293956356,1685401927,157.56,11.11,14.1818,1
26796370#4,1685401927,334325786,414.94,11.11,37.3483,1
26796371#0,1685401927,293956384,236.78,11.11,21.3123,1
26796371#4,293956384,334325786,134.21,11.11,12.0801,1
26796371#5,334325786,293956396,115.37,11.11,10.3843,1
26796372#0,293956398,293956420,492.2,11.11,44.3024,1
26796373#0,293956384,293956423,64.87,11.11,5.8389,1
26796374#0,293956423,492693266,46.76,11.1101,4.2088,1
26796374#1,492693266,293956423,43.5,11.11,3.9154,1
26796375#0,293956530,293956528,58.18,11.1101,5.2367,1
26796375#2,293956528,293956526,77.71,11.11,6.9946,1
26796375#3,293956526,293956561,35.97,11.1101,3.2376,1
26796375#4,293956561,293956522,89.96,11.11,8.0972,1
26796376#0,293956462,1019435810,39.42,11.1099,3.5482,1
26796376#1,1019435810,293956462,31.39,11.1099,2.8254,1
26796377#0,293956447,293956505,145.88,11.11,13.1305,1
26796378#0,293956505,293956512,27.61,11.1102,2.4851,1
26796378#1,293956512,293956505,46.07,11.11,4.1467,1
26796379#0,293956442,293956447,55.51,11.11,4.9964,1
26796379#2,293956447,293956462,241.95,11.11,21.7777,1
26796380#0,293956526,293956532,78.03,11.11,7.0234,1
26796381#0,293956532,334325720,75.39,11.11,6.7858,1
26796381#1,334325720,293956532,55.09,11.11,4.9586,1
26796382#0,293956528,293956541,61.22,11.1099,5.5104,1
26796383#0,293956541,1019435828,36.67,11.1101,3.3006,1
26796383#1,1019435828,293956541,34.84,11.11,3.1359,1
26796384#0,293956561,293956530,227.25,11.11,20.4545,1
26796385,293956530,293956572,93.12,11.1101,8.3816,1
26796386#0,293956572,293956605,53.21,11.11,4.7894,1
26796386#1,293956605,293956572,36.72,11.1101,3.3051,1
268105813#0,331969548,331969552,28.61,11.1098,2.5752,1
268105813#1,331969552,331969548,35.98,11.1101,3.2385,1
268106078,331969537,338450585,15.18,11.1103,1.3663,1
26824753#0,294269553,294269746,104.24,13.89,7.5047,1
26824753#1,294269746,294269662,544.25,13.89,39.1829,1
26824753#2,294269662,294269657,65.39,13.89,4.7077,1
26824753#3,294269657,cluster_283267449_334325585,51.95,13.89,3.7401,1
26824754,294269662,294269673,111.34,13.8901,8.0158,1
26824755#0,294269673,294269692,47.46,13.8902,3.4168,1
26824755#1,294269692,294269673,48.68,13.8899,3.5047,1
26824756,294269657,294269724,112.14,13.8901,8.0734,1
26824757#0,294269724,1605646977,39.91,13.89,2.8733,1
26824757#1,1605646977,294269724,29.47,13.8898,2.1217,1
26824758,294269746,294269776,227.1,13.89,16.3499,1
26824759#0,294269776,1605647061,27.94,13.8901,2.0115,1
26824759#1,1605647061,294269776,66.48,13.8899,4.7862,1
26825833#0,294298869,302857899,262.61,8.33,31.5258,1
26825835#1,cluster_1944491020_481695415,308232155,33.28,22.2207,1.4977,1
26825835#2,308232155,302857875,137.15,22.2199,6.1724,1
26826205#0,294264112,294312018,39.46,13.89,2.8409,1
26826205#11,294312055,294312066,66.95,13.89,4.82,1
26826205#12,294312066,294312075,85.09,13.89,6.126,1
26826205#2,294312018,294312021,114.01,13.8899,8.2081,1
26826205#4,294312021,294312022,77.97,13.89,5.6134,1
26826205#5,294312022,294312026,89.27,13.8901,6.4269,1
26826205#7,294312026,294312055,298.32,13.89,21.4773,1
26826209#0,294312021,294312022,326.84,13.89,23.5306,1
26826210#0,294312026,294312175,120.23,13.8899,8.6559,1
26826210#2,294312175,294312018,240.75,13.89,17.3326,1
26826211#0,294312175,294312222,34.79,13.8899,2.5047,1
26826212#0,294312222,294312233,28.32,13.8898,2.0389,1
26826212#1,294312233,294312222,28.09,13.8901,2.0223,1
26826214#0,294312055,294312295,217.3,13.89,15.6443,1
26826214#2,294312295,294312066,263.19,13.89,18.9482,1
26826216,294312295,294312341,66.04,13.89,4.7545,1
26826217#0,294312341,1605647023,35.68,13.8898,2.5688,1
26826217#1,1605647023,294312341,26.6,13.8903,1.915,1
26826443#0,294320262,294320312,189.83,13.89,13.6667,1
26826444#0,296267126,294320312,197.29,13.89,14.2037,1
26826444#2,294320312,294320272,132.72,13.89,9.5551,1
26826445#0,294320267,294320336,117.26,13.8901,8.442,1
26826446#0,294320336,294320347,37.74,13.8898,2.7171,1
26826446#1,294320347,294320336,26.55,13.8903,1.9114,1
26826447#0,294320264,294320377,118.9,13.89,8.5601,1
26826448#0,294320377,1605646952,31.7,13.8901,2.2822,1
26826448#1,1605646952,294320377,30.44,13.89,2.1915,1
26826450#0,294320425,294320454,113.94,13.89,8.203,1
26826451#3,296180940,282813667,60.98,13.89,4.3902,1
26826451#5,282813667,296180936,363.07,13.89,26.1389,1
26826452#0,294320454,1605629462,42.07,13.89,3.0288,1
26826452#1,1605629462,294320454,37.66,13.89,2.7113,1
26826454,294320554,1605629276,123.19,13.89,8.869,1
26826455#1,294320588,1605629276,39.04,13.8898,2.8107,1
26826455#2,1605629276,294320588,17.42,13.8904,1.2541,1
26826456#0,294320543,294320485,395.6,13.89,28.4809,1
26935097#0,295144342,295144352,82.15,11.1101,7.3942,1
26935097#1,295144352,295144384,225.91,11.11,20.3339,1
26935097#2,295144384,295144385,71.81,11.1101,6.4635,1
26935098#0,295144387,295144412,443.39,11.11,39.9091,1
26935099#0,295144425,295144439,105.76,11.1099,9.5194,1
26935099#2,295144439,295144453,558.64,11.11,50.2826,1
26935101#0,295144455,295144439,250.49,11.11,22.5464,1
26935102#0,295144461,295144478,66.67,11.11,6.0009,1
26935102#2,295144478,295144525,154.17,11.11,13.8767,1
26935102#3,295144525,2455621140,49.09,11.1101,4.4185,1
26935103#1,2455621140,295144542,71.78,11.1101,6.4608,1
26935103#3,295144542,2455621140,0.1,11.1111,0.009,1
26935104#0,295144525,295144554,114.95,11.11,10.3465,1
26935105#0,295144478,295144577,46.68,11.1101,4.2016,1
26935107#0,295144577,2445343076,39.03,11.1098,3.5131,1
26935107#1,2445343076,295144577,28.22,11.1098,2.5401,1
26935109,328354238,328354337,25.33,13.8901,1.8236,1
26935110#0,295144606,329923559,88.3,13.89,6.3571,1
26935110#2,329923559,295144616,20.58,13.8904,1.4816,1
26935110#3,295144616,295144647,232.03,13.89,16.7048,1
26935110#4,295144647,2445880917,12.4,13.8904,0.8927,1
26935112#0,295144647,329923749,150.6,13.89,10.8423,1
26935112#1,329923749,329923828,88.62,13.8901,6.3801,1
26935112#2,329923828,329923903,76.53,13.89,5.5097,1
26935112#3,329923903,295144682,51.17,13.8902,3.6839,1
26935117#1,cluster_334325602_82831071,295144774,341.34,13.89,24.5745,1
26935117#4,295144774,295144792,125.27,13.89,9.0187,1
26935118#0,295144792,295144805,34.03,13.8898,2.45,1
26935118#1,295144805,295144792,31.08,13.8899,2.2376,1
26935119#1,cluster_295144813_334325596,295144827,57.21,13.89,4.1188,1
26935119#3,295144827,295144812,32.58,13.8898,2.3456,1
26935119#4,295144812,295144826,26.81,13.8898,1.9302,1
26935119#6,295144826,295144816,111.85,13.8899,8.0526,1
26935119#7,295144816,295144826,284.38,13.89,20.4737,1
26935121,295144827,295144828,17.99,13.8897,1.2952,1
26935122#0,295144828,295144843,32.76,13.8902,2.3585,1
26935122#1,295144843,295144828,27.51,13.8897,1.9806,1
26935128#0,cluster_251576070_309711638,338849148,129.76,8.33,15.5774,1
26935128#11,299045561,302857881,143.29,8.33,17.2017,1
26935128#12,302857881,cluster_295144862_339573894,133.05,8.33,15.9724,1
26935128#16,cluster_295144862_339573894,1999205833,40.06,8.33,4.8091,1
26935128#4,338849148,309711636,253.66,8.33,30.4514,1
26935128#7,309711636,294298844,165.42,8.33,19.8583,1
26935128#9,294298844,299045561,77.61,8.33,9.3169,1
26935130#0,295406714,295406719,279.46,11.11,25.1539,1
26935131#0,517706894,295144863,149.73,11.11,13.477,1
26935132#0,cluster_295144875_295144877,338450436,79.48,11.11,7.1539,1
26935132#2,338450436,338450433,71.19,11.1101,6.4077,1
26937523#0,295175057,295175063,479.57,13.89,34.5263,1
26937524#0,295175064,295175169,107.88,13.8901,7.7667,1
26937525#0,295175071,295175192,108.97,13.89,7.8452,1
26937526#0,295175077,295175094,376.42,13.89,27.1001,1
26937527#0,295175079,1701347075,244.06,13.89,17.5709,1
26958213#1,cluster_11386320246_295406610,295406624,172.66,11.11,15.541,1
26958214#0,299134041,299134026,358.05,11.11,32.2277,1
26958214#10,329924062,295406624,129.56,11.11,11.6616,1
26958214#12,295406624,295406626,54.56,11.11,4.9109,1
26958214#13,295406626,9791424086,52.87,11.1099,4.7588,1
26958214#14,9791424086,295406642,19.91,11.1099,1.7921,1
26958214#15,295406642,295406648,113.81,11.11,10.2439,1
26958214#17,295406648,306013069,95.4,11.1099,8.5869,1
26958214#7,299134026,299134025,68.38,11.11,6.1548,1
26958214#8,299134025,299134024,88.5,11.11,7.9658,1
26958214#9,299134024,329924062,264.1,11.11,23.7714,1
26958215#0,295406663,293956353,337.16,11.11,30.3474,1
26958216#0,295406694,cluster_15434372_4612010943_6091318476_6091318477,99.34,8.33,11.9256,1
26958217#0,287356564,cluster_295406695_4612010940_4614302181_6091318478,104.64,11.11,9.4185,1
26958219#0,cluster_295406695_4612010940_4614302181_6091318478,309711609,128.4,13.8899,9.2441,1
26958219#4,309711609,295699028,167.42,13.89,12.0533,1
26958221#0,279068744,295144863,232.56,8.33,27.9184,2
26958222#0,295406701,344967416,73.19,11.1099,6.5878,1
26958222#3,344967416,344967396,78.09,11.11,7.0288,1
26958222#4,344967396,344967365,78.44,11.11,7.0603,1
26958223#0,295406720,344967313,110.75,11.11,9.9685,1
26958223#1,344967313,344967255,117.12,11.11,10.5419,1
26958223#2,344967255,295406722,245.46,11.11,22.0936,1
26958225#0,306201777,345085110,351.82,11.11,31.667,1
26958225#14,345085110,30255446,177.84,11.11,16.0072,1
26958226#0,286311090,300707088,61.06,11.1101,5.4959,1
26958226#3,300707088,300707133,158.78,11.11,14.2916,1
26958226#6,300707133,293956355,67.76,11.11,6.099,1
26965294#0,292190541,306013441,131.01,11.11,11.7921,1
26965294#4,306013441,387526911,194.18,11.11,17.4779,1
26978794#0,295699007,408435647,216.54,11.11,19.4905,1
26978838#0,cluster_295699948_442755845_8905696885,1514895831,113.57,11.11,10.2223,1
26978838#2,1514895831,298584896,117.11,11.11,10.541,1
26978850#0,295700158,295701329,27.53,11.1102,2.4779,1
26978850#2,295701329,295700159,45.73,11.11,4.1161,1
26978907#0,295701305,295701309,115.2,11.11,10.369,1
26978907#3,295701309,4612010944,15.39,11.1103,1.3852,1
26978908#0,295701315,295701305,100.17,11.11,9.0162,1
26978908#3,295701305,295701329,142.63,11.11,12.838,1
26979087#0,309711607,499953664,81.76,11.1101,7.3591,1
26979087#2,499953664,295699025,71.32,11.1101,6.4194,1
26979259#0,2753084568,442760454,218.86,11.11,19.6994,1
26979259#4,442760454,295704979,42.64,11.11,3.838,1
26984331#0,250931959,310718855,53.02,13.8901,3.8171,1
27006111#0,336984595,308232169,3.5,13.8889,0.252,1
27006111#12,336984427,cluster_294298830_340433787,88.19,13.8899,6.3492,1
27006111#2,308232169,340085934,70.88,13.8899,5.103,1
27006111#4,340085934,294298849,74.58,13.8901,5.3693,1
27006111#5,294298849,299045565,84.77,13.8899,6.103,1
27006111#7,299045565,294298844,86.19,13.89,6.2052,1
27006111#9,294298844,336984427,207.21,13.89,14.9179,1
27007104#1,cluster_295175096_533769763,295175094,50.96,13.8901,3.6688,1
27007104#10,295175064,295175063,48.32,13.8898,3.4788,1
27007104#11,295175063,295175057,74.69,13.8901,5.3772,1
27007104#12,295175057,cluster_295175045_340086020,189.45,13.89,13.6393,1
27007104#2,295175094,295175079,161.48,13.89,11.6256,1
27007104#5,295175079,295175077,37.73,13.8902,2.7163,1
27007104#6,295175077,295175071,196.91,13.89,14.1764,1
27007104#8,295175071,295175064,97.81,13.8899,7.0418,1
27020523#0,296180940,296267126,133.64,13.89,9.6213,1
27020523#2,296267126,294320267,265.58,13.89,19.1202,1
27020525#0,296180964,282813669,36.37,13.8902,2.6184,1
27020525#1,282813669,282813677,118.47,13.8899,8.5292,1
27020526#0,1605629382,282813677,30.46,13.8903,2.1929,1
27020526#1,282813677,282813678,53.27,13.8901,3.8351,1
27029216#0,296266991,296266992,53.59,13.8899,3.8582,1
27029217#0,296266992,296267003,75.11,13.89,5.4075,1
27029217#1,296267003,296266992,64.96,13.8901,4.6767,1
27029218#0,296267014,296267023,117.78,13.89,8.4795,1
27029220#0,296267023,296267037,33.73,13.8898,2.4284,1
27029220#1,296267037,296267023,29.13,13.8899,2.0972,1
27029222,294320525,296267066,113.46,13.8899,8.1685,1
27029223#0,296267066,296267076,25.03,13.8901,1.802,1
27029223#1,296267076,296267066,21.48,13.8903,1.5464,1
27029231#0,296267145,296267149,71.28,13.8901,5.1317,1
27029232#0,296267149,296267159,27.4,13.8903,1.9726,1
27029232#1,296267159,296267149,21.52,13.8901,1.5493,1
27046680#0,296501324,296501357,379.32,13.89,27.3089,1
27046681#0,296501518,296501365,123.76,13.89,8.91,1
27046681#2,296501365,296501357,185.62,13.89,13.3636,1
27046682#0,296501518,296501590,46.45,13.8901,3.3441,1
27046684#0,296501365,296501371,94.68,13.89,6.8164,1
27046687#0,296501371,296501392,32.18,13.8898,2.3168,1
27046687#1,296501392,296501371,21.01,13.89,1.5126,1
27073086#0,1553391593,418991454,50.51,13.8901,3.6364,2
27073086#2,418991454,418988960,39.96,13.89,2.8769,2
27073087#0,387552359,297024084,3.51,11.1111,0.3159,1
27073089#0,297024110,295704951,85.61,11.11,7.7057,1
27098626#0,12364195171,297322540,248.16,13.89,17.8661,1
27098632#0,297322733,297322748,303.43,13.89,21.8452,1
27098633#0,297322735,297322803,47.52,13.8899,3.4212,1
27098634#0,2125413348,297322540,147.69,13.89,10.6328,1
27098634#3,297322540,297322733,70.96,13.89,5.1087,1
27098634#4,297322733,297322735,69.64,13.8899,5.0137,1
27098634#5,297322735,297322748,307.44,13.89,22.1339,1
27098634#7,297322748,297322754,90.13,13.8901,6.4888,1
27098643,297322754,297322764,114.71,13.8899,8.2585,1
27098644#0,297322762,297322764,0.2,13.8889,0.0144,1
27098644#1,297322764,297322762,64.68,13.89,4.6566,1
27098646#0,297322803,297322808,33.47,13.8903,2.4096,1
27098646#1,297322808,297322803,27.84,13.8901,2.0043,1
27098648,297322824,297322828,57.78,13.8901,4.1598,1
27098649#0,297322828,297322842,24.39,13.8903,1.7559,1
27098649#1,297322842,297322828,24.48,13.8901,1.7624,1
27098650,295144808,297322888,524.57,13.89,37.766,1
27098653#0,297322900,297322935,32.1,13.8901,2.311,1
27098654#0,297322935,297322943,34.97,13.8902,2.5176,1
27098654#1,297322943,297322935,10.03,13.89,0.7221,1
27098655#0,cluster_300707134_300707139,297322900,34.11,13.8901,2.4557,1
27098655#2,297322900,297322950,290.38,13.89,20.9057,1
27098655#5,297322950,297322980,196.1,13.89,14.1181,1
27098656#0,297322980,2458464742,21.01,13.89,1.5126,1
27098656#1,2458464742,297322980,25.58,13.8901,1.8416,1
27098658#0,297322950,297323012,30.66,13.8903,2.2073,1
27098659#0,297323012,297323020,21.34,13.8896,1.5364,1
27098659#1,297323020,297323012,24.36,13.8898,1.7538,1
27098668#0,297323175,297323178,61.25,13.8901,4.4096,1
27098670,297323209,297323215,74.23,13.8901,5.3441,1
27098671#0,297323240,297323261,87.87,13.8901,6.3261,1
27098672,297323240,297323244,82.76,13.8901,5.9582,1
27098674#0,297323178,297323185,33.58,13.8898,2.4176,1
27098674#1,297323185,297323178,35.93,13.8897,2.5868,1
27098675#0,297323215,297323232,43.55,13.8902,3.1353,1
27098675#1,297323232,297323215,30.52,13.8898,2.1973,1
27098676#0,297323244,297323250,39.05,13.8899,2.8114,1
27098676#1,297323250,297323244,34.15,13.89,2.4586,1
27098677#0,297323261,297323267,34.34,13.8899,2.4723,1
27098677#1,297323267,297323261,29.16,13.8897,2.0994,1
27100376#0,283267193,283267240,279.82,13.89,20.1454,1
27100378#0,297338222,297338245,83.54,13.89,6.0144,1
27100380#0,297338245,297338265,33.17,13.8903,2.388,1
27100380#1,297338265,297338245,30.45,13.8902,2.1922,1
27100381#0,293459068,297338288,351.34,13.89,25.2945,1
27127251#0,294320525,294320543,209.0,11.11,18.8119,1
27127251#1,294320543,294320554,101.74,11.11,9.1575,1
27127251#2,294320554,282813678,50.01,11.1099,4.5014,1
27127251#3,282813678,cluster_282813679_340086008,41.75,11.1099,3.7579,1
27142342#0,297794499,2713425617,607.87,11.11,54.7138,1
27142349#0,297794517,253262192,353.84,11.11,31.8488,1
27142368#0,297794591,297794521,350.17,11.11,31.5185,1
27163538#1,cluster_286306354_340086015,298025682,221.26,13.89,15.9294,1
27163539,298025682,298025699,76.08,13.8901,5.4773,1
27202412#0,298505224,500375337,111.29,11.11,10.0171,1
27202891#0,418988975,442399959,99.7,11.11,8.9739,1
27202891#3,442399959,298505224,38.14,11.1101,3.4329,1
27202891#4,298505224,1647504605,30.45,11.1099,2.7408,1
27202891#6,1647504605,298509028,131.57,11.11,11.8425,1
27203035#0,298510756,418996072,127.81,11.11,11.5041,1
27203087#0,298511021,298510750,179.1,11.11,16.1206,1
27203087#5,298510750,392323912,122.29,11.11,11.0072,1
27203123#0,298511554,298510752,120.33,11.11,10.8308,1
27203123#3,298510752,298511555,181.15,11.11,16.3051,1
27203303#0,298510754,298513376,183.19,11.11,16.4887,1
27203308#0,340433857,298511554,217.52,11.11,19.5788,1
27209884#0,1946220905,422348163,123.63,11.11,11.1278,1
27209887#0,295699950,298584872,126.7,11.11,11.4041,1
27209889#0,13130143614,298584893,62.82,11.1099,5.6544,1
27209893#0,298584893,298584894,135.52,11.11,12.198,1
27209897#0,416187388,416239712,77.66,11.11,6.9901,1
27209897#2,416239712,416243489,80.5,11.11,7.2457,1
27209897#4,416243489,416224607,85.95,11.11,7.7363,1
27228246#0,300190245,cluster_261687171_4318791396_4611982702_6538855870,86.49,11.11,7.7849,1
27246069#0,299022625,299022634,69.38,13.8899,4.995,1
27246071#0,299022634,299022645,29.39,13.8901,2.1159,1
27246071#1,299022645,299022634,27.43,13.89,1.9748,1
27246072#0,293459066,299022670,609.83,13.89,43.9042,1
27246074#0,299022671,299022674,48.2,13.8901,3.4701,1
27246074#2,299022674,299022677,53.01,13.8901,3.8164,1
27246075#0,299022674,299022707,127.25,13.89,9.1613,1
27246076#0,299022677,299022692,40.51,13.8899,2.9165,1
27246076#1,299022692,299022677,32.87,13.8897,2.3665,1
27246077#0,299022707,299022715,37.46,13.89,2.6969,1
27246077#1,299022715,299022707,22.37,13.8901,1.6105,1
27246477#0,499953678,499953675,37.32,13.8901,2.6868,1
27246478#0,299027461,299027477,305.14,13.89,21.9683,1
27246478#2,299027477,299027480,168.13,13.89,12.1044,1
27247559#0,309711623,335820946,88.03,11.11,7.9235,1
27247559#10,363709429,363709175,78.05,11.11,7.0252,1
27247559#11,363709175,331969397,79.47,11.11,7.153,1
27247559#13,331969397,331969334,121.1,11.11,10.9001,1
27247559#4,335820946,331969416,110.87,11.11,9.9793,1
27247559#6,331969416,412689890,65.21,11.11,5.8695,1
27247559#8,412689890,363709429,76.01,11.11,6.8416,1
27247562#0,308232155,299045559,243.53,8.33,29.2353,1
27247562#2,299045559,299045561,68.86,8.33,8.2665,1
27247562#4,299045561,299045563,86.04,8.33,10.3289,1
27247563#0,cluster_299045554_299045555_8637330184,299045559,138.29,8.33,16.6014,1
27247564#0,cluster_299045554_299045555_8637330184,302857880,45.75,8.33,5.4922,1
27247564#1,302857880,302857881,37.91,8.33,4.551,1
27247564#3,302857881,306201538,85.34,8.33,10.2449,1
27247564#6,306201538,cluster_308232170_339573892,99.43,8.33,11.9364,1
27247565#0,330382526,330382522,101.02,11.11,9.0927,1
27247565#11,cluster_306201559_340085876,cluster_306201556_339271925_339271926_340085904_#1more,148.12,11.11,13.3321,1
27247565#2,330382522,330382521,32.4,11.11,2.9163,1
27247565#3,330382521,330382520,70.47,11.1101,6.3429,1
27247565#5,330382520,306201562,81.47,11.1101,7.333,1
27247565#7,306201562,cluster_306201559_340085876,156.66,11.11,14.1008,1
27247566#0,339271792,336984417,104.47,8.33,12.5414,1
27247566#11,299045585,299045587,88.58,8.33,10.6339,1
27247566#14,299045587,340085935,75.32,8.33,9.042,1
27247566#17,340085935,302857898,77.84,8.33,9.3445,1
27247566#3,336984417,339271794,83.3,8.33,10.0,1
27247566#6,339271794,309711636,84.04,8.33,10.0888,1
27247566#8,309711636,299045585,83.84,8.33,10.0648,1
27247567#0,294298869,339204557,130.27,8.33,15.6387,1
27250936,299089229,8401095378,496.31,25.0,19.8524,2
27250938#1,418988958,338450634,83.68,13.8899,6.0245,2
27250938#3,338450634,299089256,308.93,13.89,22.2412,2
27255022#0,294320166,442755834,96.31,13.8899,6.9338,1
27255022#2,442755834,416285286,89.4,13.89,6.4363,1
27255022#3,416285286,295175192,83.54,13.89,6.0144,1
27255022#5,295175192,299184002,374.76,13.89,26.9806,1
27265784#0,299276338,299276339,77.94,11.11,7.0153,1
27265784#10,299276352,299276360,160.88,11.11,14.4806,1
27265784#3,299276339,299276344,107.88,11.11,9.7102,1
27265784#6,299276344,344967446,81.71,11.1101,7.3546,1
27265784#8,344967446,299276352,85.25,11.11,7.6733,1
27265785#0,299276361,299276374,508.26,11.11,45.748,1
27267124#0,255942731,255942730,39.08,8.33,4.6915,1
27267125#0,255942732,256993286,148.08,8.33,17.7767,1
27267125#5,256993286,338450203,98.48,8.33,11.8223,1
27267126#0,256993281,255942730,170.6,8.33,20.4802,1
27267127#0,256993290,369888138,161.94,11.11,14.5761,1
27267127#4,369888138,260316102,178.01,11.11,16.0225,1
27274877#0,24486675,299391259,331.08,25.0,13.2432,1
27274878#0,297024074,295704998,204.58,11.11,18.414,1
27274878#5,295704998,295704979,114.73,11.11,10.3267,1
27343396,442760457,411932204,277.08,11.11,24.9397,1
27392323#0,300707088,300707133,593.67,11.11,53.4356,1
27392324#1,cluster_300707134_300707139,2458465705,5.71,13.8896,0.4111,1
27392324#2,2458465705,334325970,326.77,13.89,23.5256,1
27392324#4,334325970,300707171,185.43,13.89,13.3499,1
27392325#0,300707171,300707187,154.36,13.89,11.113,1
27392325#2,300707187,300707191,51.5,13.89,3.7077,1
27392326,300707187,300707211,260.85,13.89,18.7797,1
27459011#0,301490890,329251090,130.91,11.11,11.7831,1
27459011#2,329251090,301490902,245.13,11.11,22.0639,1
27459013#0,301490902,301490899,254.31,11.11,22.8902,1
27459016#1,444672692,329250962,108.71,11.11,9.7849,1
27459017#0,444672692,301490905,144.24,11.11,12.9829,1
27459018#0,301490923,301490930,326.93,11.11,29.4266,1
27459019#0,301490931,293459040,538.44,11.11,48.4644,1
27459020#0,301490941,301490943,68.19,11.11,6.1377,1
27459020#2,301490943,301490944,72.08,11.1101,6.4878,1
27459021#0,301490944,301490951,382.68,11.11,34.4446,1
27459021#2,301490951,293459037,109.56,11.11,9.8614,1
27459022#0,293459037,301490957,76.53,11.11,6.8884,1
27459023#0,301490943,301490957,282.75,11.11,25.45,1
27459024#0,301490962,342187415,37.38,11.1101,3.3645,1
27459024#1,342187415,301490962,41.05,11.1099,3.6949,1
27552599#0,302464754,1673536205,778.53,11.11,70.0747,1
27552599#1,1673536205,1673536222,228.84,11.11,20.5977,1
27552599#2,1673536222,302464763,166.15,11.11,14.955,1
27582005#0,cluster_114197503_302857854,302857856,233.7,8.33,28.0552,1
27582005#3,302857856,308232185,86.14,8.33,10.3409,1
27582005#6,308232185,302857858,75.93,8.33,9.1152,1
27582007#0,339271874,302857898,80.92,8.33,9.7143,1
27582008#0,308232171,302857856,213.09,8.33,25.581,1
27582008#3,302857856,302857899,82.34,8.33,9.8848,1
27582009#0,296018207,340085947,77.51,8.33,9.3049,1
27582009#5,340085947,1801260560,61.45,8.3299,7.377,1
27582009#7,1801260560,295144861,62.52,8.33,7.5054,1
27582009#9,295144861,1822055188,61.66,8.33,7.4022,1
27872865#0,306013063,306013066,106.21,11.1099,9.5599,1
27872865#2,306013066,306013067,76.64,11.11,6.8983,1
27872865#3,306013067,306013069,75.05,11.11,6.7552,1
27872866#0,2276974582,293956373,191.45,11.11,17.2322,1
27872866#1,293956373,293956355,76.51,11.11,6.8866,1
27872867#0,306013088,306013090,249.27,11.11,22.4365,1
27872867#3,306013090,295406702,231.69,11.11,20.8542,1
27872868#0,306013092,295406705,61.57,11.1099,5.5419,1
27872868#2,295406705,295406702,85.62,11.11,7.7066,1
27872868#8,295406702,295406701,85.35,11.11,7.6823,1
27872869#0,1481954812,306013118,224.89,11.11,20.2421,1
27872870#0,30255438,418988969,109.22,11.11,9.8308,1
27872870#5,418988969,306013118,104.38,11.11,9.3951,1
27872901#0,335820891,306013442,80.63,11.11,7.2574,1
27872901#1,306013442,442760426,71.37,11.1101,6.4239,1
27872901#3,442760426,442760443,275.2,11.11,24.7705,1
27872903#0,295144913,334623755,7.12,11.1094,0.6409,1
27872905#3,298826269,298826273,90.38,11.11,8.135,1
27888568#0,114197545,cluster_306201559_340085876,266.98,11.11,24.0306,1
27888568#5,cluster_306201559_340085876,309711634,77.61,11.11,6.9856,1
27888583#0,338450311,306201596,126.93,11.11,11.4248,1
27888584#0,1906476090,345084681,93.02,11.11,8.3726,1
27888584#2,345084681,293956352,154.63,11.11,13.9181,1
27888585#0,8098810933,306201745,65.5,11.11,5.8956,1
28071044#0,308232185,308232186,83.47,8.33,10.0204,1
28084869#0,283267196,283267199,171.11,13.89,12.3189,1
28196793#0,309711623,309711626,343.39,11.11,30.9082,1
28196793#4,309711626,443127194,105.41,11.1101,9.4878,1
28196793#6,443127194,387944278,19.11,11.1098,1.7201,1
28196793#7,387944278,309711627,79.91,11.11,7.1926,1
28196794#0,4612010942,309711608,222.05,11.11,19.9865,1
28294310#0,13329700713,376114940,17.26,13.8902,1.2426,2
28294310#1,376114940,416200980,38.93,13.8902,2.8027,2
28294312#0,cluster_21305999_310717158,310717201,317.55,22.22,14.2912,1
28294314#0,cluster_280645653_310717282,299045502,287.54,8.33,34.5186,1
28294318,310717145,310717148,88.92,13.8901,6.4017,3
28294320,21305996,21305997,132.76,16.67,7.964,2
28294534#0,13017180080,10538055453,335.93,16.67,20.1518,1
284110120#1,1474005612,253262193,6.49,13.8913,0.4672,1
284110120#2,253262193,1474005612,38.95,13.8899,2.8042,1
28500881#0,cluster_21305999_310717158,418996078,38.91,13.89,2.8013,2
28500881#2,418996078,299045451,110.65,13.8899,7.9662,2
28903124#0,7742395185,299292021,52.76,8.33,6.3337,1
29514642#1,cluster_1543766339_334325632,295144453,82.18,11.1101,7.3969,1
29514642#10,295144412,295144387,333.9,11.11,30.054,1
29514642#12,295144387,331664429,31.31,11.1099,2.8182,1
29514642#13,331664429,293815289,60.6,11.1101,5.4545,1
29514642#4,295144453,295144455,185.84,11.11,16.7273,1
29514642#5,295144455,295144425,136.65,11.11,12.2997,1
29514642#6,295144425,301490941,120.72,11.11,10.8659,1
29514642#8,301490941,295144412,128.98,11.11,11.6094,1
29798217#0,293458971,328346645,185.89,11.11,16.7318,1
29798223,328347159,328347183,118.49,11.11,10.6652,1
29798227#0,301490951,328347615,20.07,11.1099,1.8065,1
29798230#0,328348027,293459056,48.92,13.8898,3.522,1
29798232#0,293459059,328348214,64.2,13.8901,4.622,1
29798232#2,328348214,328348395,156.22,13.89,11.2469,1
29798234#0,328348214,328348735,160.03,13.89,11.5212,1
29798237#0,328348878,2445342292,130.47,13.89,9.3931,1
29798239#0,328349053,328349083,555.89,13.89,40.0209,1
29798242#0,328350274,328350787,52.58,13.8898,3.7855,1
29798242#2,328350787,328350885,117.59,13.89,8.4658,1
29798244#0,328350787,328350885,332.86,13.89,23.964,1
29798244#3,328350885,328351347,153.01,13.89,11.0158,1
29798247#0,293459077,328351618,313.05,13.89,22.5378,1
29798250#0,328350306,328351901,105.77,13.8901,7.6148,1
29798262#0,293459105,328354585,103.89,13.89,7.4795,1
29798265#0,328349888,328349949,155.76,13.89,11.2138,1
29798267#0,328349970,328355015,256.84,13.89,18.491,1
29880248#0,293458913,329250481,10.65,11.11,0.9586,1
29880253#0,329251090,301490899,63.29,11.1099,5.6967,1
29880253#2,301490899,301490902,73.54,11.1099,6.6193,1
29880253#4,301490902,301490903,67.88,11.11,6.1098,1
29965241#0,328351901,328352005,26.35,13.8904,1.897,1
29965241#1,328352005,328351901,29.36,13.8897,2.1138,1
29965246#0,297338288,299022624,403.87,13.89,29.0763,1
29965248#0,293459086,1699698670,499.82,13.89,35.9842,1
29965250#0,329923235,329923257,178.12,13.89,12.8236,1
29965251,329923257,329923258,55.88,13.8901,4.023,1
29965253#0,329923258,329923305,44.35,13.8902,3.1929,1
29965253#1,329923305,329923258,0.2,13.8889,0.0144,1
29965255#0,328354585,328354473,25.22,13.89,1.8157,1
29965255#1,328354473,328354585,23.32,13.89,1.6789,1
29965258#0,329923308,329923506,72.87,13.8901,5.2462,1
29965258#2,329923506,329923312,63.09,13.8901,4.5421,1
29965262,301490917,2466643837,67.01,11.11,6.0315,1
29965264#0,329923481,329923483,74.44,13.8899,5.3593,1
29965264#2,329923483,329923506,240.16,13.89,17.2901,1
29965266#0,329923483,329923508,21.72,13.8901,1.5637,1
29965268#0,329923508,329923517,23.47,13.89,1.6897,1
29965268#1,329923517,329923508,24.32,13.89,1.7509,1
29965271#0,295144589,329923537,78.99,13.8901,5.6868,1
29965273#0,329923537,329923547,25.15,13.8897,1.8107,1
29965273#1,329923547,329923537,23.04,13.8904,1.6587,1
29965275#0,328348395,328348571,48.15,13.8901,3.4665,1
29965275#1,328348571,328348395,40.05,13.8899,2.8834,1
29965278#0,328348735,328348813,31.77,13.8897,2.2873,1
29965278#1,328348813,328348735,18.41,13.8901,1.3254,1
29965280#0,328348914,2445342292,0.2,13.8889,0.0144,1
29965280#1,2445342292,328348914,47.99,13.89,3.455,1
29965283#0,295144616,329923585,110.61,13.89,7.9633,1
29965287#0,329923559,329923619,60.32,13.89,4.3427,1
29965288#0,329923619,329923638,88.42,13.8901,6.3657,1
29965288#1,329923638,329923619,94.53,13.89,6.8056,1
29965301,329923749,329923828,279.54,13.89,20.1253,1
29965303#0,329923828,329923903,406.53,13.89,29.2678,1
29965305#1,295144554,329923907,2.36,11.1111,0.2124,1
29965305#2,329923907,295144554,56.8,11.11,5.1125,1
29965308#0,299134026,329923939,127.13,11.11,11.4428,1
29965312#0,299134025,329923974,130.99,11.11,11.7903,1
29965316#0,299134024,329924001,136.27,11.11,12.2655,1
29965325#0,295406626,329924198,38.68,11.1102,3.4815,1
29965327#0,329924198,329924219,37.59,11.1101,3.3834,1
29965327#1,329924219,329924198,40.54,11.1099,3.649,1
29965330#0,295406642,295406648,367.09,11.11,33.0414,1
29965333#0,306013066,306013067,397.03,11.11,35.7363,1
29965344#0,328347183,328347209,17.26,11.1097,1.5536,1
29965344#1,328347209,328347183,81.76,11.1101,7.3591,1
29965346#0,329250481,329250345,37.99,11.1101,3.4194,1
29965346#1,329250345,329250481,35.92,11.1101,3.2331,1
29965348#1,328347026,328347123,47.33,11.1101,4.2601,1
29965348#2,328347123,328347026,27.0,11.1102,2.4302,1
29965350#0,328346645,328346710,48.89,11.1101,4.4005,1
29965350#1,328346710,328346645,61.29,11.1099,5.5167,1
29965352#0,328347615,328347697,39.36,11.1099,3.5428,1
29965352#1,328347697,328347615,33.28,11.11,2.9955,1
29980112#0,329923351,293459053,144.5,11.11,13.0063,1
29980112#1,293459053,301490903,137.76,11.11,12.3996,1
29980112#3,301490903,301490904,63.12,11.1099,5.6814,1
29980112#4,301490904,329250962,84.79,11.1099,7.6319,1
29980112#5,329250962,301490890,260.22,11.11,23.4221,1
29980112#8,301490890,295144682,42.52,11.1099,3.8272,1
29980113#0,301490906,2542647858,43.4,11.11,3.9064,1
29980113#1,2542647858,301490906,40.72,11.1099,3.6652,1
29997219#0,300707191,1772182829,84.39,13.89,6.0756,1
29997219#1,1772182829,300707191,13.25,13.8903,0.9539,1
29997223#0,300707211,300707222,42.15,13.8898,3.0346,1
29997223#1,300707222,300707211,37.19,13.8898,2.6775,1
29997227#0,295144589,329923235,233.88,13.89,16.838,1
29997227#3,329923235,295144600,66.94,13.89,4.8193,1
29997227#4,295144600,328355015,74.66,13.89,5.3751,1
29997227#5,328355015,295144602,64.31,13.8901,4.6299,1
29997271#0,299027481,420326441,31.14,13.89,2.2419,1
29997271#1,420326441,299027481,41.27,13.89,2.9712,1
30011838#0,330382360,330382364,68.14,13.89,4.9057,1
30011840#0,293815255,293815259,321.61,13.89,23.1541,1
30011841#0,328349815,330382409,142.95,13.89,10.2916,1
30011842#0,330382409,330382418,34.33,13.8898,2.4716,1
30011842#1,330382418,330382409,25.0,13.8897,1.7999,1
30011843#0,330382425,330382471,493.3,13.89,35.5148,1
30011844#0,330382472,330382478,100.54,13.89,7.2383,1
30011845#0,330382478,330382486,30.53,13.8899,2.198,1
30011845#1,330382486,330382478,29.85,13.8902,2.149,1
30011846#0,416223313,330382524,41.57,11.1099,3.7417,1
30011846#1,330382524,330382526,77.12,11.11,6.9415,1
30011846#2,330382526,330382527,229.83,11.11,20.6868,1
30011846#3,330382527,330382540,37.84,11.1101,3.4059,1
30011847#0,330382540,330382539,69.42,11.11,6.2484,1
30011847#4,330382539,330382540,2.24,11.1111,0.2016,1
30011848#0,330382522,330382527,274.64,11.11,24.7201,1
30011849#0,330382524,330382521,222.48,11.11,20.0252,1
30011851#0,330382520,330382611,121.57,11.11,10.9424,1
30101769#0,2243680788,24486685,443.15,25.0,17.726,1
30101770#0,330382611,330382612,80.13,11.11,7.2124,1
30105625#0,331664429,331664433,195.93,11.11,17.6355,1
30105626#0,331664433,331664439,44.55,11.11,4.0099,1
30105626#1,331664439,331664433,39.55,11.1099,3.5599,1
30105627#0,295144352,295144384,523.08,11.11,47.0819,1
30105628#0,295144384,331664523,133.24,11.11,11.9928,1
30125154#0,412684299,331969122,239.02,11.11,21.514,1
30125156#0,331969125,363711084,66.02,11.11,5.9424,1
30125156#2,363711084,412689890,90.05,11.11,8.1053,1
30125156#4,412689890,331969126,87.39,11.11,7.8659,1
30125163#0,443127179,331969254,237.81,11.11,21.405,1
30125166#0,443127178,443127177,237.49,11.11,21.3762,1
30125192#0,331969396,412684300,42.87,11.11,3.8587,1
30125192#1,412684300,331969397,78.01,11.11,7.0216,1
30125196#0,412684300,331969126,225.11,11.11,20.2619,1
30125201#0,331969417,331969423,42.94,11.11,3.865,1
30125201#1,331969423,331969417,43.21,11.11,3.8893,1
30125203#0,338450634,338450640,718.32,13.89,51.7149,1
30125211#0,338450584,331969548,325.83,11.11,29.3276,1
30125225,2038386672,331969691,508.0,25.0,20.32,1
30142048#1,1701347075,8932491474,29.12,13.8898,2.0965,1
30142048#3,8932491474,1701347075,35.93,13.8897,2.5868,1
30142050#0,295175169,295175184,46.76,13.8898,3.3665,1
30142050#1,295175184,295175169,33.97,13.8903,2.4456,1
30142051#0,298025687,298025694,31.18,13.8899,2.2448,1
30142051#1,298025694,298025687,32.06,13.8902,2.3081,1
30142052#0,298025699,298025704,30.84,13.89,2.2203,1
30142052#1,298025704,298025699,32.17,13.8897,2.3161,1
30167123#0,332419225,344967446,216.89,11.11,19.5221,1
30167123#1,344967446,338450368,69.14,11.11,6.2232,1
30167123#11,334623749,cluster_334623747_334623751,14.25,11.1102,1.2826,1
30167123#4,338450368,338450452,0.2,11.1111,0.018,1
30167123#5,338450452,338450371,0.2,11.1111,0.018,1
30167123#7,338450371,344967495,82.04,11.1101,7.3843,1
30167123#8,344967495,344967466,8.5,11.1097,0.7651,1
30167123#9,344967466,334623749,133.31,11.11,11.9991,1
30167124#0,442399966,299276344,178.91,11.11,16.1035,1
30167125#0,332419225,345084900,76.68,11.11,6.9019,1
30167125#2,345084900,332419229,74.21,11.1099,6.6796,1
30167162#0,332419193,292190572,337.97,11.11,30.4203,1
30167163,292190571,332419684,19.28,13.8905,1.388,1
30288922#0,298826269,333850659,147.96,11.11,13.3177,1
30288922#5,333850659,333850655,107.84,11.11,9.7066,1
30288923#0,333850659,333850662,197.36,11.11,17.7642,1
30321824#0,334325801,334325905,479.61,11.11,43.1692,1
30321824#2,334325905,334325825,67.71,11.11,6.0945,1
30321824#3,334325825,293956373,86.88,11.11,7.82,1
30321825#0,334325825,334325905,512.52,11.11,46.1314,1
30321826#0,334325970,334325973,62.87,13.8899,4.5263,1
30321827#0,334325973,334325993,30.86,13.8903,2.2217,1
30321827#1,334325993,334325973,23.28,13.8902,1.676,1
30327693#0,2458465705,cluster_300707134_300707139,48.98,13.8899,3.5263,1
30340930#0,338450433,338450405,56.54,11.11,5.0891,1
30340930#1,338450405,338450403,1.21,11.1111,0.1089,1
30340930#2,338450403,338450429,0.43,11.1111,0.0387,1
30340930#3,338450429,334623749,194.22,11.11,17.4815,1
30340932,cluster_334623747_334623751,334623755,14.04,11.1102,1.2637,1
30340933#0,cluster_334623747_334623751,338450404,224.93,11.11,20.2457,1
30340933#2,338450404,338450433,59.48,11.1101,5.3537,1
30368539,280645645,418988963,52.63,11.1099,4.7372,2
30368662#0,335034217,2408401455,1.39,11.1111,0.1251,1
30368662#1,2408401455,335034175,76.4,11.11,6.8767,1
30368663#0,306013501,335034220,139.48,11.11,12.5545,1
30368664#0,335034175,335034178,141.03,11.11,12.694,1
30368665#0,335034178,2452418977,46.15,11.11,4.1539,1
30368665#1,2452418977,335034178,24.63,11.1101,2.2169,1
30368666#0,335034220,335034245,39.7,11.1099,3.5734,1
30368666#1,335034245,335034220,26.72,11.1102,2.405,1
30387736#0,299391259,396314667,77.26,13.8899,5.5623,2
30518900#0,336984409,338849150,128.93,8.33,15.4778,1
30518900#4,338849150,336984417,224.4,8.33,26.9388,1
30518900#7,336984417,336984427,132.15,8.33,15.8643,1
30518902#0,cluster_114197503_302857854,299045598,165.7,8.33,19.892,1
30518902#2,299045598,336984471,81.04,8.33,9.7287,1
30518902#3,336984471,339271844,84.23,8.33,10.1116,1
30518902#4,339271844,336984463,101.8,8.33,12.2209,1
30518905#0,114197525,336984595,21.28,13.8903,1.532,1
30518906#0,336984582,cluster_302857895_336984590,44.19,8.33,5.3049,1
30518907#0,336984595,336984577,17.81,8.3298,2.1381,1
30518907#1,336984577,339271876,75.94,8.33,9.1164,1
30518907#3,339271876,336984585,76.83,8.33,9.2233,1
30518907#6,336984585,336984582,13.22,8.3302,1.587,1
30518910#0,114197545,336984635,45.83,11.11,4.1251,1
30518912#0,336984668,336984664,154.13,11.11,13.8731,1
30518912#2,336984664,338449445,44.84,11.11,4.036,1
30518912#4,338449445,336984675,60.54,11.1101,5.4491,1
30518912#5,336984675,338449550,82.95,11.1101,7.4662,1
30518912#6,338449550,338449442,86.22,11.11,7.7606,1
30607757#0,338449445,338449449,76.87,11.11,6.919,1
30607757#3,338449449,338449471,243.77,11.11,21.9415,1
30607757#5,338449471,4781390282,70.3,11.1101,6.3276,1
30607760#0,338449471,338449449,428.85,11.11,38.6004,1
30607763,338449550,338449576,285.96,11.11,25.739,1
30607767#0,338449576,338449619,35.05,11.1101,3.1548,1
30607767#1,338449619,338449576,43.31,11.11,3.8983,1
30607769#0,338449983,336984582,258.28,8.33,31.006,1
30607771,338450000,338450002,51.49,8.33,6.1813,1
30607772#0,338450002,338450030,20.63,8.33,2.4766,1
30607772#1,338450030,338450002,21.58,8.3301,2.5906,1
30607774,336984625,338450075,37.55,8.33,4.5078,1
30607775#0,338450075,338450088,19.48,8.3301,2.3385,1
30607775#1,338450088,338450075,22.1,8.3299,2.6531,1
30607776#0,336984675,339271891,130.67,11.11,11.7615,1
30607776#2,339271891,338450120,57.1,11.11,5.1395,1
30607781,338450274,338450275,34.27,11.11,3.0846,1
30607782#0,338450275,338450288,28.04,11.1098,2.5239,1
30607782#1,338450288,338450275,25.95,11.1102,2.3357,1
30607783#0,338450309,338450311,75.98,11.11,6.8389,1
30607783#2,338450311,1821035843,78.26,11.11,7.0441,1
30607783#4,1821035843,338450312,79.76,11.11,7.1791,1
30607783#6,338450312,cluster_338450310_340085901,104.8,11.1101,9.4329,1
30607784#0,338450312,338450313,37.44,11.1101,3.3699,1
30607785#0,302857880,1822055188,143.52,8.33,17.2293,1
30607785#6,1822055188,12054185208,104.89,8.33,12.5918,1
30607787#0,338450316,1801260560,146.64,8.33,17.6038,1
30607787#3,1801260560,cluster_338450317_7617097819,204.29,8.33,24.5246,1
30607788#0,1575070800,cluster_1575070783_4612010953_4614302185_6091318473,204.62,11.11,18.4176,1
30607790#0,1573617448,338450328,128.96,11.11,11.6076,1
30607790#3,338450328,338450331,178.19,11.11,16.0387,1
30607791#0,338450331,345084666,68.15,11.11,6.1341,1
30607791#2,345084666,345084675,61.87,11.1099,5.5689,1
30607791#6,345084675,338450360,65.08,11.11,5.8578,1
30607793,338450403,338450404,20.12,11.1099,1.811,1
30607794#0,338450405,338450429,111.05,11.11,9.9955,1
30607795#0,338450430,338450433,170.59,11.11,15.3546,1
30607796#0,338450435,338450436,189.74,11.11,17.0783,1
30607797#0,338450368,338450371,76.44,11.11,6.8803,1
30607798#0,338450452,cluster_290577261_541208434,322.67,11.11,29.0432,1
30607802#0,338450486,517706894,80.24,11.11,7.2223,1
30607802#2,517706894,418988956,244.91,11.11,22.0441,1
30607804#0,338450522,418988956,63.3,11.1099,5.6976,1
30607804#1,418988956,418988957,75.71,11.11,6.8146,1
30607805#0,338450550,338450553,10.37,11.1099,0.9334,1
30607805#1,338450553,338450564,309.36,11.11,27.8452,1
30607805#5,338450564,338450575,14.49,11.1103,1.3042,1
30607805#6,338450575,340689482,19.44,11.1098,1.7498,1
30607807#0,331969537,2734621771,25.58,11.1101,2.3024,1
30607807#1,2734621771,331969537,17.73,11.1097,1.5959,1
30607808#0,338450586,cluster_363717360_412684304,78.29,11.11,7.0468,1
30607808#4,cluster_363717360_412684304,363716669,88.9,11.11,8.0018,1
30607808#6,363716669,412684309,126.63,11.11,11.3978,1
30607808#8,412684309,412684310,73.15,11.1099,6.5842,1
30607809#0,338450640,338450614,308.59,13.89,22.2167,1
30607809#4,338450614,8386062664,280.48,13.89,20.1929,1
30607813,cluster_299089253_392900721,299089256,180.36,13.89,12.9849,2
30607818,338450662,8947325195,317.1,22.22,14.2709,1
30607826#0,418992828,418992829,25.48,22.2203,1.1467,1
30614606#0,338450199,338450214,48.76,11.1101,4.3888,1
30637385,310717070,310717107,225.47,25.0,9.0188,1
30637388#0,cluster_250197382_338849141_6389831235,250197487,13.53,22.2204,0.6089,1
30637389#0,338849157,338849165,16.24,22.2192,0.7309,1
306619670#0,cluster_2465719590_2465719595_293459038,cluster_295144473_481695380,290.47,11.11,26.1449,1
30672672#0,339204563,7367755780,92.86,8.33,11.1477,1
30672672#3,7367755780,533847516,83.82,8.33,10.0624,1
30672672#7,533847516,533847513,76.84,8.33,9.2245,1
30672672#8,533847513,338449983,100.07,8.33,12.0132,1
30679512#0,339271792,7463948896,130.34,8.33,15.6471,1
30679513#0,339271794,2105727179,238.61,8.33,28.6447,1
30679513#3,2105727179,339271796,128.5,8.33,15.4262,1
30679514#0,339271797,339271801,257.54,8.33,30.9172,1
30679516#0,336984436,339271826,152.26,8.33,18.2785,1
30679517#0,339271826,339271833,38.8,8.3299,4.6579,1
30679517#1,339271833,339271826,41.35,8.33,4.964,1
30679518#0,339271844,339271846,35.18,8.33,4.2233,1
30679519#0,339271846,339271853,29.97,8.3301,3.5978,1
30679519#1,339271853,339271846,28.89,8.33,3.4682,1
30679520#0,336984471,339271860,39.22,8.33,4.7083,1
30679521#0,339271860,339271866,21.88,8.3298,2.6267,1
30679521#1,339271866,339271860,32.03,8.3301,3.8451,1
30679522#0,339271874,7367755780,247.83,8.33,29.7515,1
30679523#0,339271876,533847513,256.5,8.33,30.7923,1
30679524#0,339271877,339271878,0.56,8.3333,0.0672,1
30679524#1,339271878,339271877,50.41,8.33,6.0516,1
30679525#0,339271891,339271892,47.76,11.1101,4.2988,1
30679526#0,339271892,339271898,59.39,11.1101,5.3456,1
30679526#1,339271898,339271892,62.56,11.1099,5.631,1
30679527,336984661,336984635,174.52,11.11,15.7084,1
30679528,336984635,336984661,176.13,11.11,15.8533,1
30679529#0,336984661,336984664,41.67,11.1099,3.7507,1
30679530#0,339271913,339271914,101.82,11.11,9.1647,1
30679531#0,cluster_339271915_339271936,cluster_306201556_339271925_339271926_340085904_#1more,288.79,11.11,25.9937,1
30679532#0,cluster_306201556_339271925_339271926_340085904_#1more,cluster_339271915_339271936,289.57,11.11,26.0639,1
30679533,339271937,339271954,93.93,11.1101,8.4545,1
30679534#0,339271943,339271954,69.04,11.11,6.2142,1
30679534#1,339271954,339271943,21.13,11.1099,1.9019,1
30704639#0,1822055188,cluster_295144862_339573894,69.03,8.33,8.2869,1
30704639#1,cluster_295144862_339573894,cluster_308232139_339573893,95.0,8.33,11.4046,1
30704639#2,cluster_308232139_339573893,cluster_308232170_339573892,94.15,8.33,11.3025,1
30704639#3,cluster_308232170_339573892,cluster_302857895_336984590,179.53,8.33,21.5522,1
30704639#6,cluster_302857895_336984590,336984585,41.36,8.33,4.9652,1
30704640#0,cluster_302857895_336984590,cluster_308232170_339573892,176.31,8.33,21.1657,1
30704640#3,cluster_308232170_339573892,cluster_308232139_339573893,94.11,8.33,11.2977,1
30704640#4,cluster_308232139_339573893,cluster_295144862_339573894,94.85,8.33,11.3866,1
30704640#5,cluster_295144862_339573894,1822055188,74.96,8.33,8.9988,1
30750853#0,309711634,1821035843,77.63,11.11,6.9874,1
30750853#3,1821035843,306201582,90.08,11.11,8.108,1
30750854#0,309711634,cluster_306201559_340085876,79.38,11.11,7.1449,1
30750854#3,cluster_306201559_340085876,114197545,264.84,11.11,23.838,1
30750855#0,cluster_336984543_340085925,cluster_306201556_339271925_339271926_340085904_#1more,279.74,11.11,25.1791,1
30750855#10,cluster_338450310_340085901,cluster_338450314_412689899,37.59,11.1101,3.3834,1
30750855#11,cluster_338450314_412689899,5033066040,37.64,11.1101,3.3879,1
30750855#5,cluster_306201556_339271925_339271926_340085904_#1more,cluster_309711635_338450163,83.63,11.1099,7.5275,1
30750855#8,cluster_309711635_338450163,cluster_338450310_340085901,77.62,11.11,6.9865,1
30750856#0,338450120,cluster_336984543_340085925,73.72,11.1099,6.6355,1
30750859#0,cluster_13329700753_340085933,340085930,37.98,11.1101,3.4185,1
30750861#0,340085934,340085935,165.23,8.33,19.8355,1
30750863#0,340085938,340085945,117.28,8.33,14.0792,1
30750864#0,340085946,340085947,146.71,8.33,17.6122,1
30750865,339573880,340085987,50.22,13.8898,3.6156,2
30750868,339573880,1986114285,38.31,16.6703,2.2981,4
30786240#0,332419680,1685306669,293.4,11.11,26.4086,1
30786262,340433707,30786262-AddedOffRampNode,277.39,25.0,11.0956,1
30786262-AddedOffRampEdge,30786262-AddedOffRampNode,340433753,95.68,25.0,3.8272,2
30786265#0,340433753,340433767,133.01,25.0,5.3204,1
30786267#0,cluster_294298830_340433787,1583473982,45.87,8.33,5.5066,1
30794361#0,340689482,292190577,75.03,11.11,6.7534,1
30794362#0,340689482,338450546,167.48,11.11,15.0747,1
30794362#5,338450546,338450577,102.74,11.11,9.2475,1
309115710#0,481695382,cluster_2465719590_2465719595_293459038,187.72,11.11,16.8965,2
309115710#2,cluster_2465719590_2465719595_293459038,389902926,70.88,11.1101,6.3798,2
309115711,481695379,cluster_295144473_481695380,68.48,16.6699,4.108,2
309115713,3144328382,481695379,46.6,16.6702,2.7954,3
309115714#0,cluster_1575535670_1575535690_334326003_89228924,3144328382,47.4,16.6702,2.8434,2
309115716#0,3144328380,cluster_1575535670_1575535690_334326003_89228924,49.46,16.67,2.967,4
309115717#0,cluster_295144473_481695380,3144328380,119.9,16.6699,7.1926,2
309115718,3144328383,cluster_1575535670_1575535690_334326003_89228924,132.32,16.67,7.9376,3
309115719,cluster_295144473_481695380,481695382,90.28,11.11,8.126,1
309238761#0,2099065320,296266991,47.63,11.1101,4.2871,2
30976377#0,331969760,338450640,390.08,13.89,28.0835,1
30976378,299089235,2103068296,311.63,25.0,12.4652,2
309843493#0,297794591,5689341088,139.27,13.8901,10.0266,2
31026579#0,344967216,344967237,309.05,11.11,27.8173,1
31026582#0,344967237,344967249,37.32,11.1101,3.3591,1
31026585#0,344967276,344967278,216.4,11.11,19.4779,1
31026587#0,344967278,344967304,49.54,11.1101,4.459,1
31026587#2,344967304,344967278,14.7,11.1103,1.3231,1
31026590#0,344967313,344967316,279.66,11.11,25.1719,1
31026593#0,344967326,344967328,34.18,11.11,3.0765,1
31026595#0,344967328,13266867432,12.6,11.1101,1.1341,1
31026595#1,13266867432,344967328,47.69,11.1101,4.2925,1
31026597#0,344967365,344967379,244.67,11.11,22.0225,1
31026598#0,344967379,344967444,66.59,11.11,5.9937,1
31026598#2,344967444,344967385,68.76,11.11,6.189,1
31026599#0,344967390,344967441,63.35,11.1099,5.7021,1
31026599#1,344967441,344967393,65.54,11.11,5.8992,1
31026601#0,344967396,344967413,245.04,11.11,22.0558,1
31026603#0,344967416,344967438,246.71,11.11,22.2061,1
31026604#0,344967441,344967444,134.94,11.11,12.1458,1
31026605#0,344967466,344967475,22.23,11.11,2.0009,1
31026605#2,344967475,344967481,93.77,11.1101,8.4401,1
31026605#5,344967481,344967484,17.69,11.1097,1.5923,1
31026605#6,344967484,344967492,151.94,11.11,13.676,1
31026606#0,344967495,344967475,22.87,11.11,2.0585,1
31026607#1,cluster_338450190_340085892,9160868455,157.61,11.11,14.1863,1
31026608#0,344967583,345084677,67.55,11.11,6.0801,1
31026608#3,345084677,cluster_345084660_345084663,44.71,11.11,4.0243,1
31026608#6,cluster_345084660_345084663,338450328,61.49,11.1099,5.5347,1
31026608#8,338450328,338450199,196.37,11.11,17.6751,1
31033125#0,1575070781,cluster_345084660_345084663,174.04,11.11,15.6652,1
31033126#0,cluster_345084660_345084663,345084666,174.6,11.11,15.7156,1
31033127#0,1575070785,345084677,221.79,11.11,19.9631,1
31033127#3,345084677,345084675,175.72,11.11,15.8164,1
31033128#0,345084681,1549904502,106.97,11.11,9.6283,1
31033129#0,345084713,412689895,741.37,11.11,66.73,1
31033130#0,8241893540,1545816723,110.34,8.33,13.2461,1
31033131#0,345084761,345084775,565.05,11.11,50.8596,1
31033132#0,345084778,345084797,422.68,11.11,38.045,1
31033133#0,345084800,1914269560,184.4,11.11,16.5977,1
31033135#0,298826273,345084895,76.65,11.11,6.8992,1
31033135#3,345084895,345084862,122.11,11.11,10.991,1
31033136#0,345084895,345084898,62.91,11.1099,5.6625,1
31033137#0,345084900,299276352,192.94,11.11,17.3663,1
31033138#0,299276339,345084903,102.28,11.11,9.2061,1
31033140#0,344967481,344967484,172.85,11.11,15.5581,1
31033144#1,345085090,345085049,96.69,11.11,8.703,1
31033144#2,345085049,345085090,379.53,11.11,34.1611,1
31033147#0,345085049,345085051,33.6,11.11,3.0243,1
31033150#0,345085054,345085066,55.61,11.11,5.0054,1
31033152,345085081,345085066,30.14,11.1099,2.7129,1
31033155,345085066,345085081,27.74,11.1102,2.4968,1
31033157#0,345085081,345085090,41.69,11.1099,3.7525,1
31033159#0,345085110,30255449,546.74,11.11,49.2115,1
31033160#0,345085180,345085226,183.1,11.11,16.4806,1
31033161#0,345085231,345085235,212.8,11.11,19.1539,1
31739757#0,416303252,421138189,71.41,11.1101,6.4275,1
317846804,3241611539,292190560,31.79,11.1099,2.8614,2
317847818#0,1489268449,cluster_1489279437_1489279440_1489279442_3241620189_#3more,47.72,11.1101,4.2952,2
321232975,4790263183,8192887980,58.67,11.1101,5.2808,1
32306734#0,363709174,363709175,169.99,11.11,15.3006,1
32306739#0,363709428,363709429,130.47,11.11,11.7435,1
32306756#0,412684310,1546157809,255.77,11.11,23.0216,1
32306763#0,412684310,363711339,22.18,11.11,1.9964,1
32306804#1,331969125,363714039,127.44,11.11,11.4707,1
32306908#0,412684194,411648955,92.75,11.11,8.3483,1
32306908#3,411648955,363716669,72.48,11.1099,6.5239,1
32306908#5,363716669,363717148,294.24,11.11,26.4842,1
32306925#0,1546157809,412684305,71.36,11.1101,6.423,1
32306925#3,412684305,363717148,126.15,11.11,11.3546,1
32306925#6,363717148,412689889,29.13,11.1098,2.622,1
32306925#7,412689889,412684301,42.33,11.1099,3.8101,1
32306925#8,412684301,363716843,91.39,11.11,8.2259,1
32306929#0,412684301,cluster_363717360_412684304,294.32,11.11,26.4914,1
32306941#0,cluster_363717360_412684304,1810222135,123.46,11.11,11.1125,1
32306999#0,443127180,363719039,182.9,11.11,16.4626,1
32306999#3,363719039,363719043,134.17,11.11,12.0765,1
32307062#0,412689889,363719039,170.79,11.11,15.3726,1
32307082#0,363719039,363714030,164.74,11.11,14.8281,1
32307175#0,443127185,363720368,47.38,11.1101,4.2646,1
32308211#0,8492049429,280645659,114.63,11.11,10.3177,1
32308273#0,442432394,443127193,257.32,11.11,23.1611,1
32308273#4,443127193,363728132,78.25,11.11,7.0432,1
32308322#0,443127183,363730874,79.39,11.11,7.1458,1
32308322#4,363730874,363731229,129.8,11.11,11.6832,1
32308322#7,363731229,443127186,113.18,11.11,10.1872,1
32308322#8,443127186,363719043,81.34,11.11,7.3213,1
32308708#0,443127193,363730874,124.36,11.11,11.1935,1
32308708#3,363730874,363730875,83.62,11.1099,7.5266,1
32829040#0,369888510,408435647,381.12,11.11,34.3042,1
33188609#0,376045510,376116109,161.23,11.11,14.5122,1
33191795#0,376116378,376116109,138.45,11.11,12.4617,1
33191795#2,376116109,418996075,58.65,11.1101,5.279,1
33191795#4,418996075,376115785,205.07,11.11,18.4581,1
33191802#0,376115373,418996076,187.66,11.11,16.8911,1
33191802#3,418996076,376117044,207.34,11.11,18.6625,1
33191806#0,376117786,418996077,206.55,11.11,18.5914,1
33191806#3,418996077,376115090,170.25,11.11,15.324,1
33191810#0,376114940,412689918,150.59,11.11,13.5545,1
33191810#3,412689918,376117839,201.18,11.11,18.108,1
33191816#0,376119030,376119159,189.12,11.11,17.0225,1
33191823#0,418996076,418996075,83.55,11.1099,7.5203,1
33191823#3,418996075,418996074,81.37,11.11,7.324,1
33407419#0,380059947,380059648,134.18,11.11,12.0774,1
33407435#0,390608925,380059958,72.18,11.1101,6.4968,1
33407435#3,380059958,380059947,178.79,11.11,16.0927,1
33407435#5,380059947,380060486,172.68,11.11,15.5428,1
33407439#0,293911678,2753073648,52.08,13.8899,3.7495,1
33407450#0,380060129,380060469,242.15,11.11,21.7957,1
33407472#0,380063488,380060112,90.93,11.11,8.1845,1
33580663#0,280645744,443127200,80.18,11.11,7.2169,1
33580663#3,443127200,443127199,77.91,11.11,7.0126,1
33580663#5,443127199,443127198,80.44,11.11,7.2403,1
33580663#7,443127198,369887847,94.03,11.1101,8.4635,1
33580663#9,369887847,1553072112,109.28,11.11,9.8362,1
33827807#0,297024084,1623257629,109.42,13.89,7.8776,2
33833197#0,387552359,429385249,62.59,11.1099,5.6337,1
33833197#3,429385249,297024112,46.18,11.11,4.1566,1
33833321,380060112,380063483,145.24,11.11,13.0729,1
33859797#0,411932239,411932233,69.11,11.11,6.2205,1
33859797#3,411932233,293911791,121.0,11.11,10.8911,1
33859797#5,293911791,442432398,69.61,11.11,6.2655,1
33859797#7,442432398,387944279,91.14,11.11,8.2034,1
33869037#0,328346878,328347026,126.51,11.11,11.387,1
34023020,329923351,2466643837,56.42,11.11,5.0783,1
34209085#0,1514895831,298584984,129.07,11.11,11.6175,1
34209086,392323916,338450661,289.11,25.0,11.5644,1
34258243,310717148,2103068296,431.98,25.0,17.2792,1
34258244,392900727,344446974,361.01,25.0,14.4404,1
34258245,299089235,cluster_299089253_392900721,405.47,25.0,16.2188,1
34258251,260316108,392900889,456.36,25.0,18.2544,1
34258255,24486683,338450782,579.17,25.0,23.1668,1
34439180,310717201,2256349210,176.98,25.0,7.0792,3
34439181#0,4250580079,300153147,115.93,11.11,10.4347,1
34442226,396314667,2038386672,117.92,13.8899,8.4896,3
34442227,34442227-AddedOnRampNode,392900889,264.22,25.0,10.5688,2
34442227-AddedOnRampEdge,24486685,34442227-AddedOnRampNode,94.48,25.0,3.7792,3
34442228,24486675,1870942094,483.64,25.0,19.3456,2
34442229,24486683,392901090,554.85,25.0,22.194,2
34850632#0,260316103,408435644,216.89,11.11,19.5221,1
34850633#0,408435645,408435646,246.79,11.11,22.2133,1
350415486#0,418991447,309711609,97.58,11.11,8.7831,1
350415490,2090596137,3561667625,86.13,11.11,7.7525,1
35115977#0,411929139,411932233,215.9,11.11,19.4329,1
35115978#0,420326610,295699979,183.42,11.11,16.5095,1
351917200#0,250197481,250197471,75.25,8.33,9.0336,1
351917200#3,250197471,250197456,169.94,8.33,20.401,1
351917200#4,250197456,250197486,119.16,8.33,14.3049,1
351917201#1,cluster_13130062297_13329700774_418993207_445219807_#1more,253114351,144.11,13.89,10.3751,2
351917201#3,253114351,9442789560,69.02,13.8901,4.969,2
351917202,416185189,416204116,254.34,13.89,18.311,1
35209941#0,412859588,412859589,277.16,11.11,24.9469,1
353325198#0,8881878777,8881878776,25.87,11.1102,2.3285,1
353325502#0,306201562,309711633,79.73,11.11,7.1764,1
353325502#2,309711633,330382612,21.51,11.11,1.9361,1
353325502#3,330382612,338450309,40.43,11.1099,3.6391,1
353325502#4,338450309,295144850,123.12,11.11,11.0819,1
353325503#0,287356560,295406662,318.41,13.89,22.9237,2
353325503#4,295406662,345084713,157.41,13.89,11.3326,2
353325503#6,345084713,293956368,167.87,13.89,12.0857,2
35501936#0,416297011,8616701655,82.42,13.8899,5.9338,1
35501936#1,8616701655,416297011,52.95,13.89,3.8121,1
35502235#0,416217235,1762715583,35.2,11.1101,3.1683,1
35502235#1,1762715583,416217235,41.85,11.1099,3.7669,1
35502360#0,416299449,9934577770,0.29,11.1111,0.0261,1
35502360#1,9934577770,416299449,398.18,11.11,35.8398,1
35502655#0,416246717,416247353,9.12,13.8897,0.6566,1
35502655#1,416247353,416246717,49.47,13.8898,3.5616,1
35502666#0,416226879,416246025,32.9,11.11,2.9613,1
35502666#1,416246025,416226879,36.99,11.1101,3.3294,1
35502789#0,416236167,416194769,34.19,13.8899,2.4615,1
35502789#1,416194769,416236167,32.4,13.8901,2.3326,1
35502947#0,416305910,443127200,228.3,13.89,16.4363,1
35503038#0,416208085,416287733,83.7,11.1099,7.5338,1
35503038#2,416287733,416186645,86.84,11.11,7.8164,1
35503038#5,416186645,416288983,85.11,11.11,7.6607,1
35503038#8,416288983,416256692,54.79,11.11,4.9316,1
35503437#0,416300591,416307389,133.2,11.11,11.9892,1
35503614#0,cluster_2306411109_420326577,993341018,21.04,11.1099,1.8938,1
35503944#0,442755834,416285286,400.34,13.89,28.8222,1
35504005#0,442432398,443127194,206.26,11.11,18.5653,1
35504111#0,416214406,338450614,324.93,13.89,23.3931,1
35504120,416269655,416256692,101.69,11.11,9.153,1
35504197#0,418988974,442399959,302.22,11.11,27.2025,1
35504314#0,8971292136,1564571441,239.94,13.89,17.2743,1
35504458#0,416201077,416200980,191.47,11.11,17.234,2
35504517#0,416239624,416262616,82.99,11.1101,7.4698,1
35504517#1,416262616,442760436,80.09,11.11,7.2088,1
35504724#0,416186645,416224607,86.29,11.11,7.7669,1
35504724#3,416224607,421162254,210.92,11.11,18.9847,1
35504814#0,416260625,416184890,53.89,11.11,4.8506,1
35504814#1,416184890,416299177,40.92,11.1099,3.6832,1
35504814#2,416299177,416272373,70.54,11.1101,6.3492,1
35504814#3,416272373,298511555,84.82,11.1099,7.6346,1
35504887#0,418988947,1594214801,70.6,11.1101,6.3546,1
35504887#2,1594214801,1594214784,134.62,11.11,12.117,1
35504887#4,1594214784,416219720,83.75,11.1099,7.5383,1
35504887#5,416219720,416257325,177.62,11.11,15.9874,1
35505055#0,416184890,418995332,219.41,11.11,19.7489,1
35505225#0,416286375,418988944,212.25,11.11,19.1044,1
35505327#0,418988941,416235300,86.86,11.11,7.8182,1
35505327#3,416235300,416210563,85.7,11.11,7.7138,1
35505710#0,499953664,416285961,83.46,11.1099,7.5122,1
35505710#2,416285961,416222177,60.91,11.1101,5.4824,1
35505710#3,416222177,420326605,158.41,11.11,14.2583,1
35505710#5,420326605,416295135,114.95,11.11,10.3465,1
35505710#9,416295135,416280816,64.91,11.11,5.8425,1
35505775#0,418988969,416240094,149.77,11.11,13.4806,1
35506125#0,416306360,416204338,60.94,11.1101,5.4851,1
35506125#2,416204338,295704979,109.59,11.11,9.8641,1
35506359#3,cluster_1489279437_1489279440_1489279442_3241620189_#3more,416306360,77.89,11.11,7.0108,1
35506519#0,442755844,416191189,117.33,11.11,10.5608,1
35506668#0,416285286,416236167,21.16,13.89,1.5234,1
35507445#0,420326608,420326610,138.76,11.11,12.4896,1
35507785#0,416305687,416257066,197.33,8.33,23.6891,1
35507931#0,1594214788,418988939,308.32,11.11,27.7516,1
35508767#0,416301252,457749580,150.26,11.11,13.5248,1
35508824#0,416259404,442399964,75.22,11.11,6.7705,1
35509181#0,416219191,416295938,213.57,11.11,19.2232,1
35509311#0,416232528,416245143,19.94,11.1099,1.7948,1
35509311#1,416245143,416208856,56.24,11.11,5.0621,1
35509427#0,418988934,418988942,346.14,11.11,31.1557,1
35509427#3,418988942,1594214797,86.99,11.11,7.8299,1
35509427#6,1594214797,416300591,85.35,11.11,7.6823,1
35509427#7,416300591,1594214801,80.96,11.11,7.2871,1
35509537#0,338450614,416268383,81.7,13.8901,5.8819,1
35509748#0,442760456,7369426378,74.44,11.11,6.7003,1
35509779#0,416271216,416272373,214.8,11.11,19.3339,1
35509801,416294844,1772228771,25.68,11.1101,2.3114,1
35509900#0,420326318,416297011,103.57,13.8901,7.4564,1
35509922,442760435,416265977,338.2,11.11,30.441,1
35510130#0,443127188,416210474,256.88,11.11,23.1215,1
35510324#0,442760426,442760425,141.5,11.11,12.7363,1
35510492#0,442755843,416304448,121.54,11.11,10.9397,1
35510492#3,416304448,442755846,123.2,11.11,11.0891,1
35510511#0,416191189,416304448,71.62,11.1101,6.4464,1
35510511#3,416304448,cluster_295699948_442755845_8905696885,82.53,11.1101,7.4284,1
35510706#0,1772228771,421138189,272.61,13.89,19.6263,1
35510765#0,280645611,442435097,229.26,13.89,16.5054,1
35510905#0,416232528,421163789,108.87,11.11,9.7993,1
35511264#0,442435099,416294905,207.57,13.89,14.9438,1
35511264#3,416294905,1592064284,280.84,13.89,20.2189,1
35511497#0,416226879,416215049,43.17,11.11,3.8857,1
35511643#0,416208856,418988934,167.44,11.11,15.0711,2
35511739#0,443127197,416305910,248.89,8.33,29.8788,1
35512061#0,416217136,416196556,111.22,11.11,10.0108,1
35512488#0,457749583,416301252,66.93,11.11,6.0243,1
35512488#2,416301252,416243573,65.73,11.11,5.9163,1
35512857#0,442755853,416295135,179.65,11.11,16.1701,1
35512976#0,cluster_418988971_442399961,1677703264,39.95,11.1099,3.5959,1
35512976#2,1677703264,1543039530,49.28,11.1101,4.4356,1
35513523#0,416277132,443127198,274.49,11.11,24.7066,1
35513857#0,418988973,421138214,256.01,11.11,23.0432,1
35514338#0,416261016,416266906,337.08,13.89,24.2678,1
35515132#0,421146126,416288983,130.26,11.11,11.7246,1
35515132#3,416288983,416243489,86.34,11.11,7.7714,1
35515139#0,1349947413,416280816,181.9,11.11,16.3726,1
35515169,416246717,416194867,45.36,13.8898,3.2657,1
35515192#0,416287016,418988945,212.93,11.11,19.1656,1
35515205#0,10220643198,416235300,88.91,11.11,8.0027,1
35515205#3,416235300,416218655,140.79,11.11,12.6724,1
35515353#0,416219955,418996074,219.92,11.11,19.7948,1
35515465#0,442760443,442760427,160.11,8.33,19.2209,1
35515548#0,418988968,8241884467,141.9,11.11,12.7723,1
35515662#0,418988931,418988941,241.99,11.11,21.7813,1
35516324#0,442760437,416265977,361.27,11.11,32.5176,1
35516433#0,416303252,cluster_416197277_8905697076,109.53,11.11,9.8587,1
35516433#3,cluster_416197277_8905697076,416250744,94.85,11.1099,8.5374,1
35516433#4,416250744,442760458,118.16,11.11,10.6355,1
35516545#1,cluster_2144935908_416273779,cluster_416197277_8905697076,87.5,11.11,7.8758,1
35516874#0,418988966,416240094,106.32,11.11,9.5698,1
35516874#3,416240094,418988970,103.09,11.11,9.279,1
35516880#0,1578545606,1578545678,88.7,11.11,7.9838,1
35516880#3,1578545678,1647504605,88.74,11.11,7.9874,1
35517427#0,416204578,416267212,121.58,11.11,10.9433,1
35517856#0,416265977,416262616,34.26,11.11,3.0837,1
35517912#0,443127192,416267212,132.46,11.11,11.9226,1
35517914#0,416269081,416201533,270.63,13.89,19.4838,1
35518539#0,416243573,457749581,138.11,11.11,12.4311,1
35518567#0,416219358,442399967,108.42,11.11,9.7588,1
35519010#0,418996078,416185307,52.9,11.1099,4.7615,1
35519046#0,416279646,416295938,152.01,11.11,13.6823,1
35519046#1,416295938,416257066,68.79,11.11,6.1917,1
35519046#3,416257066,442399965,214.76,11.11,19.3303,1
35519086#0,416217235,442399968,49.06,11.1101,4.4158,1
35519180#0,416191302,416245143,101.48,11.11,9.1341,1
35519216#0,416244990,457749578,87.84,11.11,7.9064,1
35519606#0,416250744,416196556,159.46,11.11,14.3528,1
35519718#0,416232926,416265573,144.36,16.6699,8.6599,2
35519826#0,416201966,443127187,105.78,11.1099,9.5212,1
35519981#0,416239712,416190298,99.65,11.11,8.9694,1
35519981#2,416190298,418988947,96.92,11.11,8.7237,1
35520319#0,416269424,416299449,78.68,11.11,7.0819,1
35520333#0,416259404,416215119,263.3,11.11,23.6994,1
35520391#0,416294155,416191760,222.3,11.11,20.009,1
35521005#0,418991454,416201966,70.2,11.1101,6.3186,1
35521005#2,416201966,418988962,198.43,11.11,17.8605,1
35521005#4,418988962,418988963,287.26,11.11,25.856,1
35521429#0,416302362,416235919,119.93,11.11,10.7948,1
35521441#0,416215119,416277599,140.54,11.11,12.6499,1
35521820#0,443127196,416269476,227.27,8.33,27.2833,1
35521862#0,416211832,442760429,260.19,11.11,23.4194,1
35521885#0,416261016,416259148,227.38,13.89,16.3701,1
35521885#3,416259148,416231955,163.88,13.89,11.7984,1
35521948#0,416265573,533769769,679.35,27.78,24.4546,2
35522154#0,443127195,416277132,205.66,8.33,24.6891,1
35522795#0,292190541,306013433,323.9,11.11,29.1539,1
35523083,442435100,442435101,357.53,13.89,25.7401,1
35523231,416256692,416269655,101.67,11.11,9.1512,1
35523267#0,442760433,442760432,195.04,11.11,17.5554,1
35523686,416281449,8905697073,64.96,11.11,5.847,1
35523715,416208981,416185189,99.57,11.11,8.9622,1
35523751#0,416299177,416289981,209.27,11.11,18.8362,1
35523966#0,416294572,416187388,94.39,8.33,11.3313,2
35523966#3,416187388,416294155,99.11,8.33,11.898,2
35524051#0,416208981,416204116,206.6,13.89,14.874,1
35524051#2,416204116,445219810,80.06,13.8899,5.7639,1
35524154#0,416299177,416203321,216.3,11.11,19.4689,1
35524696#0,416269081,442435098,178.77,13.89,12.8704,1
35525342#0,416276102,442755836,132.79,11.11,11.9523,1
35525789#0,442760454,442432391,110.82,11.11,9.9748,1
35525879#0,418988958,418988959,80.33,11.11,7.2304,1
35525984#0,418988967,418988964,175.09,11.11,15.7597,1
35526043#0,418988949,416215049,123.83,11.11,11.1458,1
35526043#1,416215049,421155707,113.43,11.11,10.2097,1
35526077#0,416267212,443127191,170.78,11.11,15.3717,1
35526525#0,416203321,416271216,59.27,11.1101,5.3348,1
35526525#2,416271216,298513378,80.82,11.11,7.2745,1
35526795#0,1947591826,416208011,47.08,11.1101,4.2376,1
35527015#0,416186844,438109755,79.51,11.11,7.1566,1
35527181#0,443127190,416214406,272.29,11.11,24.5086,1
35527211#0,cluster_418988971_442399961,1578545606,191.72,11.11,17.2565,1
35527397#0,416289811,416208856,106.64,11.11,9.5986,2
35527781#0,442755833,416194867,144.79,13.8901,10.424,1
35528156#0,cluster_420326593_420326614,416297115,56.89,11.11,5.1206,1
35528376#0,4318773471,442755844,85.93,11.11,7.7345,1
35528536#0,442760444,416185950,165.49,11.11,14.8956,1
35529017#0,416261099,442399966,124.84,11.11,11.2367,1
35529097#0,416243489,418988946,212.36,11.11,19.1143,1
35529162#0,416305403,416206834,152.55,11.11,13.7309,1
35529472#0,443127189,416204578,259.62,11.11,23.3681,1
35529504#0,416299582,420326612,86.59,11.11,7.7939,1
35531589#0,416214406,1947591826,306.93,11.11,27.6265,1
35531648#0,1578545678,442399962,161.14,11.11,14.5041,1
35531885#0,416225216,416257424,86.43,11.11,7.7795,1
35532870#0,416237495,2190611546,99.16,11.11,8.9253,1
35532933#0,416269476,443127199,251.62,11.11,22.6481,1
35533113#0,420326601,420326597,217.97,11.11,19.6193,1
35533443#0,442760434,442760431,185.53,11.11,16.6994,1
35533524#0,298509028,416291637,238.45,11.11,21.4626,1
35534073,1605629364,416194867,128.94,13.8901,9.2829,1
35837379#0,cluster_376119854_418996073_8190304826,416204338,211.83,11.11,19.0666,1
35837380#0,418996072,340433857,116.92,13.8899,8.4176,2
35837380#4,340433857,6835825382,37.56,13.89,2.7041,2
35837482#0,418996081,280645641,48.94,11.1101,4.405,1
35837483#0,331969654,416294905,80.18,13.89,5.7725,1
35837483#2,416294905,416259148,77.45,13.8899,5.576,1
35837483#3,416259148,416266906,183.83,13.89,13.2347,1
35837483#6,416266906,442435101,148.94,13.89,10.7228,1
35837483#7,442435101,442435102,222.23,13.89,15.9993,1
360060393#0,333850655,298825558,66.14,11.11,5.9532,1
360060395#0,298825562,333850655,222.44,11.11,20.0216,1
360060396#0,333850662,335952330,51.25,11.1099,4.613,1
360060396#1,335952330,298826279,38.84,11.1102,3.4959,1
360060396#4,298826279,345084898,100.12,11.11,9.0117,1
360060396#5,345084898,1475138181,531.9,11.11,47.8758,1
36038553#1,345084775,345084797,141.72,11.11,12.7561,1
36038553#4,345084797,295144916,62.74,11.1099,5.6472,1
36175400#0,422347597,422347593,111.56,5.56,20.0647,1
362867814#1,442755836,418988975,66.46,11.11,5.982,1
362867815#0,418988975,293911983,111.33,11.11,10.0207,1
362867816#0,9442789573,283678984,55.14,13.8899,3.9698,3
362867817#0,293911986,2002201332,121.27,11.11,10.9154,1
363819359#0,9434062273,253262184,44.06,13.8899,3.1721,1
363819359#1,253262184,250931931,85.98,13.8899,6.1901,1
363819359#3,250931931,13236828793,43.35,13.8898,3.121,1
367255641#0,418988937,411929172,18.29,11.1098,1.6463,1
374642654#0,cluster_1573617449_4612010955_4614302186_4614303596,cluster_1575070792_4612010948_6091318468_6091318470,146.55,13.8899,10.5508,1
374642729#0,3780382809,21456887,51.21,13.8901,3.6868,1
374642839,280645641,280645645,10.17,11.1099,0.9154,1
37749386#0,298585001,cluster_298585004_4318773467_4611981573_4611982703,87.88,11.11,7.91,1
378054441,340433707,24486685,381.95,25.0,15.278,2
378054443#0,340433753,260316108,76.76,25.0,3.0704,1
378064881,392901047,338450782,75.67,13.89,5.4478,2
378064884,2243680788,260316108,62.38,13.89,4.491,2
378064885,338450782,2243680788,137.83,13.89,9.923,3
378064886,2038386672,338450751,90.38,13.8901,6.5068,2
37853939#0,416277147,443970618,168.78,11.11,15.1917,1
37891918#0,442760427,416294844,170.75,11.11,15.369,1
384921496#0,7935712602,cluster_10782939_340086040_533769764_533769766,746.23,16.67,44.7648,2
38620171#0,30255446,306013088,82.93,11.1101,7.4644,1
38620171#2,306013088,295406719,84.26,11.1099,7.5842,1
38620171#5,295406719,295406720,53.45,11.11,4.811,1
38620172#10,344967216,9442302169,3.98,13.8918,0.2865,2
38620172#3,30255449,344967216,149.99,13.89,10.7984,2
38620173#0,8256400677,295406701,148.07,13.89,10.6602,1
38620173#1,295406701,9442302171,157.48,13.8899,11.3377,1
38654374#0,457749575,7881859029,33.66,11.11,3.0297,1
38654375#0,457749578,457749580,66.12,11.11,5.9514,1
38654375#2,457749580,457749581,67.12,11.11,6.0414,1
38896608#1,cluster_10782939_340086040_533769764_533769766,340086051,727.18,16.67,43.6221,2
38896609,1606967757,cluster_295175045_340086020,539.49,16.67,32.3629,2
40046730,481695373,3144328383,82.09,16.6701,4.9244,2
40046731#0,481695396,cluster_256993752_481695401_533789219_533789220,288.42,13.89,20.7646,2
40046732#0,481695414,2120142957,76.98,8.33,9.2413,1
40046733#0,389902926,cluster_2465719590_2465719595_293459038,71.64,11.1101,6.4482,3
40046734#0,292190585,292190605,1326.3,16.67,79.5621,1
40046735#0,cluster_11970617681_1551209896,2140181671,65.61,27.7797,2.3618,2
40046736,290580949,12802051734,25.47,16.6699,1.5279,2
4018682#0,21305997,21305998,283.65,16.67,17.0156,3
404667162#0,293815259,328349815,60.76,11.1101,5.4689,1
404667162#3,328349815,330382425,83.07,11.1101,7.477,1
404667163#0,330382425,330382471,62.36,13.8899,4.4896,1
404667163#1,330382471,330382472,95.52,13.89,6.8769,1
404667163#11,295144808,297322888,129.72,13.89,9.3391,1
404667163#12,297322888,297322824,82.17,13.8899,5.9158,1
404667163#15,297322824,295144812,71.9,13.89,5.1764,1
404667163#2,330382472,299022720,77.69,13.8901,5.5932,1
404667163#4,299022720,cluster_293815262_334325599,70.84,13.8899,5.1001,1
404667163#8,cluster_293815262_334325599,295144808,52.57,13.8901,3.7847,1
40558339#0,cluster_287356562_334325617,cluster_1543766339_334325632,671.81,13.89,48.3665,2
40558340#1,cluster_286311093_334325650_4907687396_4907687397,12976074115,291.37,16.67,17.4787,2
405849920#0,4080014768,4080014775,70.67,4.17,16.9472,1
405849921#0,4080014767,4080014774,70.62,4.17,16.9353,1
405849922#0,4080014764,4080014772,70.52,4.17,16.9113,1
405849923#0,4080014770,4080014764,104.31,4.17,25.0144,1
405849923#2,4080014764,4080014767,35.46,4.17,8.5036,1
405849924#0,4080014769,4080014770,24.95,4.17,5.9832,1
405849924#1,4080014770,4080014772,33.69,4.17,8.0791,1
405849924#2,4080014772,4080014774,35.85,4.17,8.5971,1
405849924#3,4080014774,4080014775,37.05,4.17,8.8849,1
405849924#4,4080014775,4080014776,34.18,4.17,8.1966,1
405849924#5,4080014776,4080014777,43.63,4.17,10.4628,1
405849925#0,7978961180,4080014776,20.47,11.1099,1.8425,1
405852062#0,301490905,301490906,89.26,11.11,8.0342,1
406327107#0,2716390825,253262188,86.64,11.11,7.7984,2
406327726#0,250197359,6952902963,2.35,22.2117,0.1058,2
406327726#1,6952902963,542938148,151.44,22.2199,6.8155,1
406327726#7,542938148,cluster_250197382_338849141_6389831235,6.17,22.2182,0.2777,1
406327727#0,9442675972,250197386,61.53,13.89,4.4298,3
406327761#0,cluster_250197382_338849141_6389831235,250197487,6.49,13.8913,0.4672,2
406327762#0,250197487,250197490,127.42,13.89,9.1735,4
40855071#0,cluster_334325593_84075613,13105386589,326.22,16.67,19.5693,2
40855073#0,cluster_292443711_334325581,cluster_283267449_334325585,320.87,16.67,19.2484,2
40855073#2,cluster_283267449_334325585,cluster_334325593_84075613,360.35,16.67,21.6167,2
40855074,cluster_334325602_82831071,4895174142,276.93,16.67,16.6125,2
41013284#0,499953662,416222177,52.49,11.1099,4.7246,1
41013285#0,499953663,416285961,71.96,11.1101,6.477,1
41013287#0,499953666,499953667,50.39,11.1099,4.5356,1
41013288#0,299027491,420326318,57.82,13.89,4.1627,1
41013288#2,420326318,299027480,77.82,13.89,5.6026,1
41013289#0,499953675,299027491,58.55,13.8899,4.2153,1
41058260#0,500375328,421146123,128.35,11.11,11.5527,1
41168677#0,416210474,502840329,76.42,11.11,6.8785,1
41168679#0,363731229,443127184,125.36,11.11,11.2835,1
41168680#0,1621912299,363731229,49.25,11.1101,4.4329,1
41168698#0,443127200,416269081,80.76,13.8899,5.8143,1
41168699#0,502840361,1983147608,167.51,8.33,20.1092,1
41169444#0,21456894,cluster_287356568_4614303593,233.68,13.89,16.8236,1
41169446#0,293302282,298509028,114.22,13.89,8.2232,2
41169447#0,cluster_256993752_481695401_533789219_533789220,11970617687,409.25,13.89,29.4636,2
41169450#0,cluster_267812728_335616696,cluster_267812666_533789218,1045.0,11.11,94.0594,1
41183908#0,298584875,298584876,112.39,13.8901,8.0914,2
41183911#0,298584886,298584872,155.78,13.89,11.2153,2
41183911#4,298584872,297024118,99.65,13.8901,7.1742,2
41183911#7,297024118,293911986,88.0,13.89,6.3355,2
41183912#0,12803499336,298584875,62.57,13.8899,4.5047,3
41183913#0,295704964,297024108,139.81,11.11,12.5842,1
41183913#4,297024108,412859589,62.92,11.1099,5.6634,1
41183914#0,297024077,9448986030,90.12,11.11,8.1116,1
41183920#0,295699028,309711631,167.45,13.89,12.0554,1
41183921#0,283678986,411648963,170.67,13.89,12.2873,1
41183921#6,411648963,299045489,223.96,13.89,16.1238,1
41183922#0,499953663,499953662,59.15,11.1101,5.324,1
41183922#2,499953662,299045545,184.98,11.11,16.6499,1
41183922#4,299045545,442755853,140.33,11.11,12.631,1
414283943#0,250931959,4211155936,80.48,13.89,5.7941,2
414284068#0,408430803,252828860,80.51,11.11,7.2466,2
41864758#0,cluster_1721795850_517706752,517706745,91.47,8.33,10.9808,1
41864759#0,4711856139,332419679,13.12,22.2185,0.5905,1
41864768#0,517706895,517706896,74.36,11.1099,6.6931,1
4187061,338450665,24486661,1771.55,25.0,70.862,2
421340532#0,250197490,6091317342,91.0,13.8899,6.5515,3
421340960#0,9442600127,252828863,132.15,13.8901,9.514,1
421342687#0,256993301,1334076400,43.62,22.22,1.9631,1
421342688#0,253114357,256993301,96.14,11.11,8.6535,1
421916448,4216578875,252828918,29.2,22.2205,1.3141,2
424521825#0,297024112,297024109,39.78,11.1099,3.5806,1
424521825#2,297024109,297024108,276.28,11.11,24.8677,1
424521826#0,297024109,297024110,58.11,11.11,5.2304,1
424545774#0,408435628,256993289,43.75,11.11,3.9379,2
424546249#0,256993289,1983147608,88.96,22.22,4.0036,2
424546250#0,1983147608,502840361,0.2,22.2222,0.009,2
424546250#1,502840361,338450579,87.21,22.2202,3.9248,2
424546990#0,21456894,21456887,53.93,13.8902,3.8826,2
424547420#0,298584827,335820950,46.48,11.11,4.1836,2
424547423,298584852,9442600170,40.32,11.1099,3.6292,2
424547424#0,15434374,298584852,30.23,11.1099,2.721,1
424547481#0,293302282,9556778321,78.6,13.8901,5.6587,1
424550646#2,1946220905,293911986,62.76,11.1099,5.649,1
424631676#0,418988937,298584896,102.72,11.11,9.2457,1
424632442#0,295704951,8189608957,66.79,11.11,6.0117,1
424635156#0,300186055,300190242,94.28,11.1101,8.486,1
424635161#0,300190242,300190245,259.04,11.11,23.3159,1
425752469#0,299045451,4250580079,47.99,11.1101,4.3195,1
425795644#0,255942728,255942727,181.32,8.33,21.7671,1
42684286#0,cluster_10782939_340086040_533769764_533769766,4612132723,918.42,16.67,55.0942,2
42685767#0,253262190,2716390825,95.19,11.1099,8.568,1
42685769#0,cluster_256993752_481695401_533789219_533789220,1928166925,255.45,11.11,22.9928,1
42685770#0,1928166925,2614090263,192.53,11.11,17.3294,1
42685771#0,cluster_267812666_533789218,cluster_256993752_481695401_533789219_533789220,42.59,13.8902,3.0662,3
42685772#0,cluster_256993752_481695401_533789219_533789220,cluster_267812666_533789218,43.22,13.89,3.1116,2
42687473#0,334325643,cluster_286311093_334325650_4907687396_4907687397,209.05,16.67,12.5405,3
42687476,334325517,cluster_1543766339_334325632,398.62,16.67,23.9124,2
42687477#0,533847502,338450000,168.07,8.33,20.1765,1
42687477#2,338450000,533847493,128.2,8.33,15.3902,1
42687477#3,533847493,336984625,62.73,8.33,7.5306,1
42687477#4,336984625,533847516,152.49,8.33,18.3061,1
42687479#0,533847493,533847502,190.04,8.33,22.8139,1
42687479#2,533847502,338449442,138.46,8.33,16.6218,1
42687479#4,338449442,114197533,239.72,8.33,28.7779,1
428946041#0,7369497883,297024077,36.34,11.1101,3.2709,2
428946045#0,297024077,298584886,104.83,13.8899,7.5472,2
428946109#0,338450579,1553072912,270.88,13.89,19.5018,2
43190674,338450474,1557145390,21.57,13.8901,1.5529,1
43190675#0,cluster_295144875_295144877,cluster_290577261_541208434,73.99,13.8899,5.3269,1
43190679#0,cluster_290577265_541208444_8105157841,cluster_295144875_295144877,187.98,13.89,13.5335,1
432205400#0,421138189,9584102240,266.47,13.89,19.1843,1
432205401#0,cluster_261687171_4318791396_4611982702_6538855870,4313418422,74.59,13.8899,5.3701,1
432205401#3,4313418422,9584102239,143.29,13.8899,10.3161,1
43251386#0,542938148,250197487,13.67,22.2204,0.6152,1
432953273#1,4318773471,cluster_298585004_4318773467_4611981573_4611982703,168.36,13.8899,12.121,1
43352723#0,545312773,12708745103,25.42,11.1101,2.288,1
43358488#0,442760443,442760426,275.29,11.11,24.7786,1
446609647#0,293911678,297024084,17.24,13.8898,1.2412,2
446858333#0,4440816377,30255446,83.02,13.8899,5.977,2
446998435,294269482,2570295552,63.73,13.89,4.5882,1
446998573#0,4442004885,cluster_292443711_334325581,163.24,16.6701,9.7924,3
446998574#0,cluster_292443711_334325581,283263329,226.68,16.67,13.5981,2
446998575#0,334325580,4442004885,233.56,16.67,14.0108,2
446998576#0,4442004884,cluster_292443711_334325581,112.38,16.6699,6.7415,3
451917728#0,253114357,4487224450,30.88,11.1099,2.7795,1
452464117#0,4492572289,cluster_293815262_334325599,148.59,16.67,8.9136,3
452464118#0,cluster_293815262_334325599,cluster_295144813_334325596,296.9,16.67,17.8104,2
452464118#2,cluster_295144813_334325596,cluster_334325593_84075613,203.93,16.6699,12.2334,2
452464119#0,4492572290,cluster_293815262_334325599,91.68,16.67,5.4997,3
452464120#0,cluster_334325593_84075613,12824679027,133.27,16.67,7.9946,2
459090866#0,1677703303,287354800,41.32,11.1099,3.7192,2
459481931#0,8891800729,cluster_2469488290_306013490,60.56,16.6699,3.6329,3
459481932#0,4553256683,cluster_2469488290_306013490,116.54,16.67,6.991,3
459481933#0,cluster_2469488290_306013490,4711835378,70.29,16.6698,4.2166,2
459486799#0,328227860,cluster_286311093_334325650_4907687396_4907687397,133.36,16.67,8.0,4
466399522#0,255942725,cluster_256993284_4612010951_4614303589_6091318462,146.89,13.89,10.5752,1
466399523#0,cluster_287356568_4614303593,9442600117,70.74,13.8899,5.0929,1
466399524#0,4612010944,9442600118,265.99,11.11,23.9415,1
466399526#0,9442600118,cluster_1575070783_4612010953_4614302185_6091318473,60.73,11.1101,5.4662,2
466399528#0,9442600119,4612010954,61.82,13.8899,4.4507,2
466402905#0,9584102242,cluster_392323913_4318773456_4611981570_6835868990,62.36,13.8899,4.4896,2
466414379#0,4612132723,279396675,99.67,16.67,5.979,3
466414682,481695396,290580949,15.61,27.7807,0.5619,3
466414683#0,481695408,114158636,43.48,16.6699,2.6083,3
466814518#0,293911983,1703857751,77.44,13.8901,5.5752,1
466814519#0,293911983,502855751,99.51,11.11,8.9568,1
466823667#0,7041183462,250197421,31.08,13.8899,2.2376,1
466823667#1,250197421,250197418,79.36,13.8899,5.7135,1
466823667#2,250197418,9442600129,27.79,13.8901,2.0007,1
466823668#0,293302280,9442675964,27.9,22.2205,1.2556,1
466956851#0,9442405984,376116378,17.53,13.8895,1.2621,2
466956851#2,376116378,376117044,83.48,13.89,6.0101,2
466956851#5,376117044,376117786,83.35,13.89,6.0007,2
466956851#6,376117786,376117839,83.01,13.8901,5.9762,2
466956852#0,8189144851,cluster_280645653_310717282,41.06,11.1099,3.6958,1
466956853#0,299045492,443127187,201.46,13.89,14.504,1
466956853#2,443127187,2256352486,42.82,13.89,3.0828,1
467317205#0,283267240,cluster_334325593_84075613,201.02,16.67,12.0588,2
467317206#1,293459054,328348027,45.57,22.2195,2.0509,1
467317206#10,299022670,293459066,85.39,22.2202,3.8429,1
467317206#11,293459066,299022720,70.38,22.2201,3.1674,1
467317206#13,299022720,299022625,143.35,22.22,6.4514,1
467317206#16,299022625,293459068,41.25,22.2204,1.8564,1
467317206#17,293459068,299022624,45.56,22.2201,2.0504,1
467317206#18,299022624,297338288,176.4,22.22,7.9388,1
467317206#19,297338288,293815250,227.75,22.2199,10.2498,1
467317206#3,328348027,293459056,3.56,22.2222,0.1602,1
467317206#4,293459056,293459059,88.28,22.22,3.973,1
467317206#5,293459059,328348878,27.49,22.2195,1.2372,1
467317206#6,328348878,328349053,66.54,22.22,2.9946,1
467317206#7,328349053,299022671,148.08,22.2199,6.6643,1
467317206#8,299022671,328349083,30.1,22.2206,1.3546,1
467317206#9,328349083,299022670,136.21,22.2199,6.1301,1
467317207#0,329923308,295144588,77.35,22.22,3.4811,1
467317207#1,295144588,293459105,67.34,22.22,3.0306,1
467317207#2,293459105,293459054,275.27,22.22,12.3884,1
467317208,13015332260,11989097530,188.29,16.6701,11.2951,1
467601309#0,9448986018,295406697,72.14,11.1101,6.4932,1
467711265#0,13329633896,cluster_292443711_334325581,48.11,13.8902,3.4636,2
468198748#0,4627621476,4627621475,36.37,4.17,8.7218,1
468198749#0,4627621478,4627621477,37.12,4.17,8.9017,1
468198750#0,4627621480,4627621478,30.51,4.17,7.3165,1
468198750#2,4627621478,4627621476,31.36,4.17,7.5204,1
468198750#3,4627621476,4627621479,43.17,4.17,10.3525,1
468734453#0,411932239,499953666,128.71,13.89,9.2664,2
468734453#3,499953666,1553073708,68.71,13.8901,4.9467,2
468734453#4,1553073708,1553074296,88.87,13.8901,6.3981,2
468736240#0,287354792,442755836,211.05,11.11,18.9964,1
468738913#0,298825565,298825562,459.17,11.11,41.3294,2
468738916#0,1013323719,442760436,273.48,11.11,24.6157,1
468770498#0,13277070109,cluster_255942734_4612010949_6091318466_6091318467,130.99,11.11,11.7903,1
468770499#0,1573617448,1575070781,94.67,11.1099,8.5212,1
468770499#4,1575070781,1575070785,134.44,11.11,12.1008,1
468770499#9,1575070785,1575070800,41.5,11.1099,3.7354,1
468770500#0,287354804,295406663,58.51,11.1101,5.2664,1
468770500#2,295406663,499953671,85.11,11.11,7.6607,1
468770501#0,13264826401,1906476090,0.22,11.1111,0.0198,1
468770501#1,1906476090,287354802,268.4,11.11,24.1584,1
468770501#11,418988968,306201754,128.44,11.11,11.5608,1
468770501#4,287354802,418988968,192.26,11.11,17.3051,1
468770503#0,306013063,336984668,144.43,11.11,13.0,1
468770503#2,336984668,338450274,91.89,11.11,8.2709,1
468770503#3,338450274,339271913,70.16,11.1101,6.315,1
468770503#4,339271913,287356560,69.36,11.11,6.243,1
468770504#0,306013069,295406662,322.77,11.11,29.0522,1
468770505#0,299134041,339271937,466.05,11.11,41.9487,1
468770505#9,339271937,11386320244,116.65,11.1101,10.4995,1
468770506#0,cluster_287356562_334325617,2341508003,107.74,16.67,6.4631,2
468770508#0,cluster_1575535670_1575535690_334326003_89228924,cluster_334325602_82831071,397.71,16.67,23.8578,2
468770508#2,cluster_334325602_82831071,4492572289,36.7,16.6697,2.2016,2
469453995#0,9442302175,1507618123,0.2,13.8889,0.0144,2
469453995#1,1507618123,442399962,11.51,13.8892,0.8287,2
469453995#2,442399962,8256534784,26.16,13.8898,1.8834,2
469453995#3,8256534784,cluster_418988971_442399961,46.92,13.8899,3.378,2
469453995#5,cluster_418988971_442399961,421138214,57.57,13.89,4.1447,2
469454000#0,cluster_251817694_3144361905_4711821578_8891450375_#1more,9442302168,123.35,13.89,8.8805,2
469454004#0,4711821577,332419680,45.97,13.8899,3.3096,2
469454004#1,332419680,390961829,397.48,13.89,28.6163,2
469454012#0,293956368,295406722,127.28,13.89,9.1634,2
469454012#2,295406722,cluster_251817694_3144361905_4711821578_8891450375_#1more,279.66,13.89,20.1339,2
469454017#0,293956355,293956356,40.21,11.1099,3.6193,1
469454017#1,293956356,334325801,422.01,11.11,37.9847,1
469454017#2,334325801,293956420,74.11,11.1099,6.6706,1
469454017#4,293956420,293956396,125.71,11.11,11.315,1
469454017#5,293956396,293956398,58.62,11.1101,5.2763,1
469454017#6,293956398,293956367,42.61,11.11,3.8353,1
469454024#0,286311090,293956442,182.44,13.89,13.1346,2
469454024#2,293956442,1685306650,46.42,13.8899,3.342,2
471827762#0,1587958288,298825562,270.65,11.11,24.3609,1
471827763#0,412689902,416269424,89.83,11.11,8.0855,1
471827763#1,416269424,442399967,96.82,11.11,8.7147,1
471827763#2,442399967,442399968,79.78,11.11,7.1809,1
471827763#3,442399968,1587958288,74.0,11.1099,6.6607,1
472474080#0,13251917735,114197616,303.3,13.89,21.8359,2
472474081#0,cluster_292190580_4711835381_4711856130_4711856131,1837119678,32.37,13.8897,2.3305,2
472474082#0,338849157,cluster_292190580_4711835381_4711856130_4711856131,16.9,13.89,1.2167,3
472475678#0,30255438,cluster_1475177974_293956350_8241462469,22.32,13.8901,1.6069,1
472475679#0,418988966,9442302173,112.91,13.8899,8.1289,1
472475680#0,30255438,cluster_1475177974_293956350_8241462469,19.79,11.1099,1.7813,1
472477879#0,cluster_294298830_340433787,cluster_1944491020_481695415,7.25,22.2188,0.3263,1
473035832,418992829,2256351534,45.81,13.8898,3.2981,1
473035833#0,299045509,418992828,20.78,13.8904,1.496,2
473036197#0,cluster_295406695_4612010940_4614302181_6091318478,4612010942,101.52,13.8899,7.3089,1
473268684#0,cluster_260316116_340086006_481695404_481695407,1572274271,10.33,13.89,0.7437,2
473268687#0,1572274226,cluster_260316116_340086006_481695404_481695407,26.14,16.6699,1.5681,3
473268690#0,cluster_260316116_340086006_481695404_481695407,2067978508,7.26,16.6705,0.4355,2
473268695#0,cluster_260316116_340086006_481695404_481695407,1572274240,9.25,16.6697,0.5549,2
473268697#0,1572274262,cluster_260316116_340086006_481695404_481695407,6.03,16.6713,0.3617,3
473287103,5001639089,310717145,143.21,13.89,10.3103,2
473294815#0,334623755,cluster_334623747_334623751,26.05,11.1102,2.3447,1
473294818#0,442399964,13322081229,132.73,11.11,11.9469,1
4747230#0,21456894,293302282,97.07,13.89,6.9885,2
4747231#0,21456887,335820950,164.7,13.8899,11.8575,2
4747232#0,21305998,cluster_21305999_310717158,116.91,13.8901,8.4168,2
474806606#0,295144913,290577275,12.42,11.1101,1.1179,1
474806607#0,295144913,298826269,87.48,11.11,7.874,1
474807570#0,298825565,993665189,37.13,13.8902,2.6731,1
474807572#0,412862913,298825565,60.89,11.1101,5.4806,2
477891585#0,4711821577,cluster_251817694_3144361905_4711821578_8891450375_#1more,90.91,13.89,6.545,3
477892303#0,295144850,13329700730,25.77,11.1102,2.3195,2
477892304,306201596,295144850,75.14,11.11,6.7633,3
477893199#0,cluster_292190580_4711835381_4711856130_4711856131,338849165,17.08,16.6699,1.0246,2
477893203,279068742,4711835382,29.5,13.8902,2.1238,2
477893204#0,4711835382,cluster_292190580_4711835381_4711856130_4711856131,28.84,13.8901,2.0763,4
477893205#0,332419679,279068742,46.04,13.8901,3.3146,2
477895538#0,cluster_292190580_4711835381_4711856130_4711856131,390961829,95.33,13.89,6.8632,2
477895541#0,cluster_292190580_4711835381_4711856130_4711856131,332419679,13.13,13.8898,0.9453,2
477895554#0,4711856139,cluster_292190580_4711835381_4711856130_4711856131,15.26,13.8904,1.0986,3
477895558,1837119678,4711856139,4.93,13.8912,0.3549,4
477895565,390961829,338849157,65.14,13.89,4.6897,4
483686423#0,cluster_251817694_3144361905_4711821578_8891450375_#1more,4711821577,91.77,13.89,6.6069,2
486411070#4,309711617,309711618,169.03,11.11,15.2142,1
486411070#7,309711618,418991447,180.65,11.11,16.2601,1
487923856#0,297024108,4803110849,99.81,11.11,8.9838,1
494848227#0,4866124419,283267192,166.75,16.67,10.003,2
498035961#0,4895169844,cluster_287356562_334325617,78.62,16.6698,4.7163,3
498035962#0,4895169845,cluster_287356562_334325617,141.28,13.8901,10.1713,3
498036187#0,2341508003,cluster_1575535670_1575535690_334326003_89228924,130.56,16.6701,7.832,4
498036188#0,4895174142,cluster_1575535670_1575535690_334326003_89228924,118.98,16.6699,7.1374,3
498955431#0,331969416,331969417,24.81,11.1101,2.2331,1
499498993#0,293458860,cluster_1721795850_517706752,54.61,8.33,6.5558,1
499499043#0,301490957,301490962,18.82,11.1098,1.694,1
499499473#0,293956522,293956442,26.37,11.1102,2.3735,2
499499474,4907687400,286311094,72.7,13.89,5.234,2
499499476#1,cluster_286311093_334325650_4907687396_4907687397,1685306649,105.1,13.89,7.5666,2
499499477#1,cluster_286311093_334325650_4907687396_4907687397,4907687400,72.14,13.8899,5.1937,2
499499478#0,1685306649,cluster_286311093_334325650_4907687396_4907687397,105.38,13.8899,7.5868,3
499499479#0,4907687400,cluster_286311093_334325650_4907687396_4907687397,72.66,13.89,5.2311,3
503072518,328354337,328354238,20.81,13.89,1.4982,1
503072519,2466643837,301490917,0.23,11.1111,0.0207,1
503474536,340433834,287354793,177.25,8.33,21.2785,1
503474537#0,2002201332,293911678,15.22,13.8894,1.0958,2
505692150#0,298584878,298584879,97.17,11.11,8.7462,1
505692151#0,298584893,298584878,57.12,11.11,5.1413,2
505692152#0,545312693,298584878,50.08,11.1099,4.5077,2
507674247#0,295704979,295704964,98.95,11.11,8.9064,1
507674248#0,255942725,302857874,85.07,13.8899,6.1246,1
50876999#0,250197359,250197418,79.83,8.33,9.5834,1
50877086#0,4487224450,253114366,149.33,11.11,13.441,1
50877086#1,253114366,13319810691,259.56,11.11,23.3627,1
50877086#4,13319810691,445219810,89.59,11.11,8.0639,1
50877086#7,445219810,380044976,209.46,11.11,18.8533,1
50880914#0,309711608,295699026,167.19,11.11,15.0486,1
50880914#3,295699026,309711632,167.35,11.11,15.063,1
50880914#6,309711632,283678987,148.49,11.11,13.3654,1
513624910#0,412859588,297024109,70.74,11.1101,6.3672,1
515343215#0,338450203,260316103,89.95,22.2198,4.0482,1
515343216#0,256993290,338450203,99.25,22.22,4.4667,1
515344940#0,cluster_338450317_7617097819,cluster_412689897_6302226011_6302226012,54.83,11.11,4.9352,2
515344941#0,5033066040,cluster_412689897_6302226011_6302226012,24.8,11.1101,2.2322,2
516873091#0,255942730,255942732,107.69,8.33,12.928,1
516873092#0,256993282,256993281,105.58,8.33,12.6747,1
516873093#0,252828918,1613212227,33.05,8.33,3.9676,1
516873093#1,1613212227,299292021,58.16,8.33,6.982,1
523613583,310717122,310717145,165.27,25.0,6.6108,1
530922339#0,287354800,418988967,66.62,13.8899,4.7963,2
53164150#0,293815289,2220284425,391.91,13.89,28.2153,1
543605853#0,412684309,5255035756,81.23,11.11,7.3114,1
543605853#2,5255035756,5255035757,78.35,11.11,7.0522,1
543605855,411648955,5255035756,142.08,11.11,12.7885,1
545182960#0,6091347617,390111756,85.53,8.33,10.2677,1
545182961#0,9442675965,302857870,121.36,22.2202,5.4617,1
582910829,9584102225,9584102224,25.77,11.1102,2.3195,2
582910832#0,442760429,1564571441,81.46,13.8899,5.8647,1
582910835#0,13252209958,442760431,47.23,13.89,3.4003,1
582910835#2,442760431,442760432,122.9,13.89,8.8481,1
582910835#4,442760432,387526911,68.41,13.8901,4.9251,1
582910838#0,1564571441,416279122,84.16,13.8901,6.059,1
582910838#3,416279122,416225216,72.9,13.8899,5.2484,1
582910838#5,416225216,416294844,70.14,13.8899,5.0497,1
582910840#0,1564571441,457749583,175.62,13.89,12.6436,1
582910840#6,457749583,457749578,161.96,13.89,11.6602,1
582910840#8,457749578,457749575,79.31,13.8899,5.7099,1
588173549#0,411929140,411932239,133.48,11.11,12.0144,1
588185159#0,294320062,442755833,222.14,11.11,19.9946,1
588185159#3,442755833,294320166,269.12,11.11,24.2232,1
588185160#0,294320525,294320485,235.1,13.89,16.9258,1
588185160#2,294320485,294320425,23.58,13.8902,1.6976,1
588185160#3,294320425,296180940,397.68,13.89,28.6307,1
598403688#0,301490904,301490905,67.0,11.11,6.0306,1
598403688#3,301490905,444672692,282.96,11.11,25.4689,1
607971782,12052070210,12052070211,31.54,13.89,2.2707,2
607979204#0,294298864,302857858,83.93,8.33,10.0756,1
607979205#0,294298864,302857860,84.56,8.33,10.1513,1
607979205#2,302857860,338849148,86.18,8.33,10.3457,1
607979205#4,338849148,2105727179,84.11,8.33,10.0972,1
607979206#0,308232186,308232187,130.02,8.33,15.6086,1
607979207#0,308232186,294298864,75.71,8.33,9.0888,2
607981949#0,1553074296,299045540,288.72,11.11,25.9874,1
607981949#6,299045540,420326605,65.37,11.11,5.8839,1
607981949#8,420326605,299045545,112.88,11.11,10.1602,1
62299828#0,cluster_295175045_340086020,cluster_10782939_340086040_533769764_533769766,531.14,16.67,31.862,2
62299876#0,cluster_295175045_340086020,cluster_286306354_340086015,244.35,16.67,14.6581,2
62299876#2,cluster_286306354_340086015,cluster_282813679_340086008,402.87,16.67,24.1674,2
62299904#0,293302280,481695414,29.54,13.8901,2.1267,1
627701081#0,299045598,339271801,79.86,8.33,9.587,1
627701081#2,339271801,299045594,96.72,8.33,11.611,1
627701081#4,299045594,339204561,80.77,8.33,9.6963,1
648054406#0,6084895932,339271796,102.01,13.8901,7.3441,1
648928670#0,250197485,6091317360,86.52,13.8901,6.2289,1
648928683#0,cluster_1575070792_4612010948_6091318468_6091318470,255942741,80.69,11.11,7.2628,1
648928683#6,255942741,260316102,62.06,11.1099,5.586,1
648928683#9,260316102,256993424,29.13,11.1098,2.622,1
648928684#0,1612688174,cluster_15434372_4612010943_6091318476_6091318477,240.8,11.11,21.6742,1
648928690#0,cluster_256993284_4612010951_4614303589_6091318462,255942725,147.24,13.89,10.6004,1
649204914#0,cluster_1573617449_4612010955_4614302186_4614303596,9442600122,96.07,13.89,6.9165,1
650609430#0,328354238,295144588,88.85,13.89,6.3967,1
650613061#0,443127186,442432394,125.73,11.11,11.3168,1
650613061#2,442432394,309711623,113.68,11.11,10.2322,1
650695181,416268383,416268326,139.44,13.89,10.0389,1
65253529#0,287354793,3241611539,78.64,11.11,7.0783,1
653293172#1,cluster_5562961553_6928676075,9695530873,80.44,2.78,28.9353,1
672981308,6302226026,338450235,10.0,11.1099,0.9001,2
672981315#0,cluster_412689897_6302226011_6302226012,6302226026,7.19,11.1094,0.6472,1
672981319#0,338450235,cluster_412689897_6302226011_6302226012,22.36,11.11,2.0126,2
682330823#0,250197386,250197390,78.01,8.33,9.3649,1
682330823#3,250197390,250197393,78.51,8.33,9.425,1
682330823#4,250197393,250197384,60.86,8.33,7.3061,1
682330824#0,250197466,250197472,161.99,8.33,19.4466,1
696525114#0,6541054300,9442789562,15.57,13.8894,1.121,2
696525115#0,6541054300,252828920,47.1,13.8901,3.3909,2
708915783#0,299045587,294298849,167.78,8.33,20.1417,1
708915783#3,294298849,308232164,78.43,8.33,9.4154,1
708915783#6,308232164,cluster_308232170_339573892,183.02,8.33,21.9712,1
708915784#0,302857858,299045587,182.77,8.33,21.9412,1
722721108#0,1801260561,340085936,82.6,8.33,9.916,1
722800914#0,283678999,1553072112,363.59,13.89,26.1764,3
722800914#4,1553072112,442435096,206.58,13.89,14.8726,3
722800915#0,4458644201,340085948,48.02,22.2202,2.1611,1
722800916,340085948,390111756,24.81,22.2192,1.1166,1
729743007#0,298584876,cluster_1592136105_4611993426_6835825384,120.83,13.8899,8.6991,2
729743008#0,cluster_298513384_6835868988,6835825382,28.96,13.8897,2.085,2
729743009#0,6835825382,cluster_298513384_6835868988,29.49,13.8901,2.1231,3
729743010#0,6835825381,6835868985,2.11,13.8907,0.1519,1
729743011,6835868987,cluster_298513384_6835868988,42.1,13.8898,3.031,3
729743012#0,cluster_298513384_6835868988,392323915,269.45,13.89,19.3988,1
729743013#0,cluster_298513384_6835868988,6835868985,1.88,13.895,0.1353,2
729743014#0,6835825381,cluster_298513384_6835868988,0.1,13.8889,0.0072,1
729743015,6835868989,cluster_298513384_6835868988,56.22,13.8901,4.0475,2
729743017,10129296995,335957004,159.64,11.11,14.369,1
729743018#0,cluster_392323913_4318773456_4611981570_6835868990,4318786921,90.01,13.89,6.4802,1
729743018#5,4318786921,9584102243,183.25,13.89,13.1929,1
729743019#0,4318786921,15434380,81.29,11.11,7.3168,1
733063347#0,250197378,250197374,80.46,13.8899,5.7927,1
733063347#5,250197374,2372876949,43.62,13.89,3.1404,1
733411317#0,292190605,292190614,498.23,16.67,29.8878,2
737670546#0,250197364,253262188,220.16,13.89,15.8503,1
737674941#0,250197364,297794591,80.43,13.89,5.7905,2
738089021#0,6091317360,250931959,8.21,13.8894,0.5911,1
738334663#1,cluster_256993752_481695401_533789219_533789220,481695396,285.07,13.89,20.5234,2
738633021#0,11154333393,253114357,125.33,11.11,11.2808,1
739451210#0,11999409402,cluster_287356568_4614303593,0.53,13.8743,0.0382,1
739451211#0,cluster_287356568_4614303593,21456894,231.96,13.89,16.6998,1
740014898#1,cluster_1710899578_5562961547,6084895932,164.19,13.89,11.8207,1
741063237#0,290577234,292190572,47.61,13.8902,3.4276,2
751074985,751074985-AddedOnRampNode,cluster_11970617681_1551209896,51.83,16.6699,3.1092,2
751074985-AddedOnRampEdge,1572274240,751074985-AddedOnRampNode,94.51,16.6699,5.6695,3
758735344#0,7086411992,252828920,66.93,13.8899,4.8186,3
759411359#0,408435647,408435643,155.39,11.11,13.9865,1
759411360#0,408435643,408435646,95.04,11.1099,8.5545,1
788225134#0,1911930957,295704964,50.14,11.1099,4.5131,1
788225135#0,1911930952,1911930957,49.82,11.1101,4.4842,1
788225136#0,416299634,1911930952,35.79,11.1101,3.2214,1
788225137,7369426378,416299634,23.9,11.1101,2.1512,1
788225138#0,1911930957,1911930952,50.01,11.1099,4.5014,1
788225139,416299634,7369426378,24.31,11.1101,2.1881,1
798221180#0,481695414,308232159,25.21,13.8898,1.815,1
798221180#2,308232159,340085938,51.59,13.8899,3.7142,1
798221180#4,340085938,302857874,70.6,13.89,5.0828,1
825325802#0,331969654,13131909139,204.28,13.89,14.707,3
825325802#4,13131909139,6541054306,396.43,13.89,28.5407,3
825325803#0,4711835378,cluster_292190580_4711835381_4711856130_4711856131,56.45,16.6701,3.3863,4
829507378#0,256993281,1544446031,44.48,8.3301,5.3397,1
829507380#0,302857899,308232186,85.48,8.33,10.2617,1
829507381#0,250931958,340085948,293.57,8.33,35.2425,1
832708890#0,287354791,287354792,16.51,11.1104,1.486,1
839888270#0,502855751,15434374,141.73,11.11,12.757,1
843737976#0,4781390282,542897507,149.54,13.89,10.766,1
85464294#0,416289981,298511021,173.81,11.11,15.6445,1
85464295#0,418988964,418988965,75.08,5.56,13.5036,1
85518605#0,cluster_1489279437_1489279440_1489279442_3241620189_#3more,442760456,122.62,11.11,11.0369,2
85518605#5,442760456,416289811,59.63,11.1101,5.3672,2
85518605#7,416289811,421163789,98.74,11.11,8.8875,2
85518614#0,416200980,376115090,19.61,13.8901,1.4118,1
85518614#10,414478048,cluster_1489279437_1489279440_1489279442_3241620189_#3more,154.9,13.89,11.1519,1
85518614#2,376115090,416257325,46.18,13.89,3.3247,1
85518614#3,416257325,376115373,19.99,13.8897,1.4392,1
85518614#4,376115373,416218154,49.33,13.8899,3.5515,1
85518614#5,416218154,376115785,17.45,13.89,1.2563,1
85518614#6,376115785,416218655,49.58,13.8899,3.5695,1
85518614#7,416218655,416219955,16.06,13.8903,1.1562,1
85518614#8,416219955,418996080,54.95,13.8899,3.9561,1
85518614#9,418996080,414478048,14.08,13.8897,1.0137,1
85518624#0,335958276,1489841890,133.04,11.11,11.9748,1
85518626#0,298584984,4318773469,83.63,11.1099,7.5275,1
85561445#0,295144916,345085180,169.56,13.89,12.2073,1
85561445#3,345085180,cluster_290577265_541208444_8105157841,120.6,13.89,8.6825,1
85561461#0,9448986020,9448986019,56.25,11.11,5.063,1
85561484#0,298513378,13329633884,43.63,13.89,3.1411,1
85565016#0,416200370,442399958,77.4,11.11,6.9667,1
85624827#0,299045509,418992829,19.5,13.8899,1.4039,1
85624828#0,298509040,298584871,148.14,11.11,13.3339,1
85630799#0,298584885,298584886,121.69,11.11,10.9532,1
85630800#0,418988978,298509040,47.61,11.1101,4.2853,1
85630802#0,993341018,416305403,112.77,11.11,10.1503,1
85647152#0,cluster_412689897_6302226011_6302226012,1999217108,132.39,11.11,11.9163,1
85647155#0,306013087,412689895,235.88,13.89,16.982,1
85647155#9,412689895,295144850,533.0,13.89,38.3729,1
85647156#0,292190572,306013455,57.15,13.8899,4.1145,1
85647156#2,306013455,292190577,90.41,13.89,6.509,1
85647156#3,292190577,418988957,188.62,13.89,13.5796,1
85647156#4,418988957,cluster_292190578_8881861579_8881861591,73.14,13.8899,5.2657,1
85647157#0,cluster_261687171_4318791396_4611982702_6538855870,412862913,457.87,11.11,41.2124,2
85647158#0,412862913,993665189,70.44,11.1101,6.3402,1
85652531#0,293458965,328347159,393.82,11.11,35.4473,1
85652531#1,328347159,293458913,89.03,11.11,8.0135,1
85652531#2,293458913,328346878,343.65,11.11,30.9316,1
85652531#3,328346878,293458971,112.83,11.11,10.1557,1
85652531#4,293458971,293459037,77.51,11.11,6.9766,1
85652531#6,293459037,301490944,283.18,11.11,25.4887,1
85759868#0,295406696,9584102244,37.65,13.8899,2.7106,1
85759878#0,297024081,298584885,102.0,13.89,7.3434,1
85759878#13,295699950,295699952,64.31,13.8901,4.6299,1
85759878#7,298584885,295699950,154.03,13.89,11.0893,1
85760586#0,298584896,298584897,128.95,11.11,11.6067,1
85762005#0,1947591826,443127191,90.38,11.11,8.135,1
85762005#2,443127191,338450586,56.29,11.11,5.0666,1
85807028,292190541,292190553,193.11,13.89,13.9028,1
85883178#0,387526911,1013323718,28.48,13.89,2.0504,2
85883186#0,335820892,12751376389,51.14,13.8899,3.6818,2
861242285#0,339271796,336984409,84.55,13.89,6.0871,3
861242285#2,336984409,250931958,59.08,13.8901,4.2534,3
861242286#0,302857899,251576067,131.66,8.33,15.8055,1
862190643#0,302857874,1801260561,147.41,8.33,17.6963,1
86968412#0,cluster_286311093_334325650_4907687396_4907687397,334325517,214.4,16.67,12.8614,2
86968419#0,cluster_1543766339_334325632,334325643,387.38,16.67,23.2382,2
86968423#0,cluster_1575535670_1575535690_334326003_89228924,4895169844,159.91,16.67,9.5927,2
87093770,9442789572,9442789571,85.61,13.8901,6.1634,2
87139189#0,1013323718,1013323719,96.57,11.11,8.6922,1
871538111,cluster_10782939_340086040_533769764_533769766,1606967757,2.33,27.7712,0.0839,2
871538112#0,cluster_282813679_340086008,339573882,260.32,16.67,15.6161,2
871538243#0,298025682,298025687,198.31,13.89,14.2772,1
87656285#0,442760436,1587958288,161.69,11.11,14.5536,1
877412544,1534614712,676441729,14.44,13.89,1.0396,1
877412545#0,1534614712,442399958,29.67,13.8898,2.1361,1
877412546,8163580147,8163580148,11.46,13.8892,0.8251,2
877412547,8163580152,8163580146,12.21,13.8908,0.879,2
877412548,442399958,8163580147,13.02,13.8895,0.9374,1
877412549#0,8163580148,8163580152,16.76,13.8903,1.2066,2
877412552#0,298510756,298509039,40.38,11.1099,3.6346,1
877412554,8163580153,292190560,49.03,13.8899,3.5299,3
877412555#0,13329633884,8163580153,7.16,13.8894,0.5155,2
880442351#0,8189158183,299045489,22.35,11.11,2.0117,2
880442352#0,299045489,8189144851,36.8,11.1101,3.3123,1
880486029#0,613999354,283678984,63.65,13.8901,4.5824,3
880486031#0,283678984,8189608931,73.2,13.8899,5.27,2
880486032#0,1623257629,418996081,77.4,13.8899,5.5724,3
880486033#0,418996081,2753084568,121.85,13.89,8.7725,2
880486042#2,2753084568,8189608958,101.57,13.8899,7.3125,2
880486043#0,8189608957,418996081,27.42,11.1102,2.468,2
880486044,8189608958,295704980,37.17,13.8901,2.676,3
880486045#0,295704980,8189608959,28.47,13.8898,2.0497,2
880486046#0,8189608960,380063488,48.66,11.1101,4.3798,1
880486046#1,380063488,331969465,63.24,11.1099,5.6922,1
880486047#0,331969127,2261910377,21.87,11.11,1.9685,1
880486048#0,2261910377,280645715,5.34,11.1111,0.4806,1
880486049#0,280645715,1826354837,19.33,11.1098,1.7399,2
880486050,1826354837,8189608960,21.22,11.1099,1.91,1
880486051#0,8189608961,13131909136,47.74,22.2202,2.1485,2
880486052#0,8189608962,331969654,44.77,22.2195,2.0149,2
880500186,cluster_299089253_392900721,2256342789,278.78,13.89,20.0706,2
880500187,299089256,8189726929,39.86,13.89,2.8697,2
880501526,8189726929,392323916,107.06,13.89,7.7077,3
880560560#0,418988962,299045492,105.9,11.1099,9.532,1
880560560#3,299045492,299045502,106.57,11.11,9.5923,1
880816998#0,252828922,252828923,31.31,13.8902,2.2541,3
880816999#0,252828920,252828921,254.26,13.89,18.3053,4
880817000#0,252828921,252828922,75.33,13.8901,5.4233,4
880817012,cluster_13130062297_13329700774_418993207_445219807_#1more,416208981,90.12,11.11,8.1116,1
880817024#0,6541054306,252828920,36.46,13.8901,2.6249,4
880864111#0,408435644,369888138,121.1,11.11,10.9001,1
881192786#0,418992828,418988958,226.58,13.89,16.3125,2
881218489,cluster_251576066_2614057273_2614057276_2614057277_#5more,8195956655,12.69,13.8901,0.9136,2
881218490,8195956655,8195956656,38.85,13.8899,2.797,2
881218491#0,cluster_251576066_2614057273_2614057276_2614057277_#5more,8195956657,21.48,13.8903,1.5464,2
881218492,8195956658,cluster_251576066_2614057273_2614057276_2614057277_#5more,45.89,13.8901,3.3038,4
881218493#0,2113349480,8195956658,61.85,13.8901,4.4528,2
88147083#0,15434363,256993299,17.78,22.2194,0.8002,1
88147083#3,256993299,4216578875,45.42,22.22,2.0441,1
88147085#0,299292021,3780395178,216.6,8.33,26.0024,1
88147086#0,287354800,418988965,195.38,11.11,17.586,1
884249114#0,1463979935,418991455,49.79,11.1101,4.4815,1
884249115#0,298511554,392323928,50.46,11.1099,4.5419,1
884249115#2,392323928,392323912,92.53,11.11,8.3285,1
884249116#0,298584879,416232528,40.8,11.1099,3.6724,1
884249117#0,1463004904,438109755,108.95,11.11,9.8065,1
884249117#1,438109755,287354793,43.39,11.11,3.9055,1
884249118#0,299045502,4627621479,65.21,11.11,5.8695,1
884249118#2,4627621479,4080014773,103.49,11.11,9.315,1
884249118#6,4080014773,4080014777,71.08,11.1101,6.3978,1
884249118#9,4080014777,309711623,66.54,11.11,5.9892,1
884249119#0,295704998,442432391,43.62,11.11,3.9262,1
884249119#2,442432391,295704980,125.54,11.11,11.2997,1
884249120#0,309711618,3780382810,46.65,11.1101,4.1989,1
884249121#5,309711617,309711631,105.36,11.1101,9.4833,1
884463024#0,443127190,443127189,92.18,11.11,8.297,1
884463024#2,443127189,443127188,63.02,11.1099,5.6724,1
884463024#4,443127188,299045511,214.85,11.11,19.3384,1
884463025#0,443127180,416210474,50.05,11.1099,4.505,1
884463025#3,416210474,416204578,120.97,11.11,10.8884,1
884463025#7,416204578,416214406,90.96,11.11,8.1872,1
884463026#0,1820676308,8241893540,219.95,8.33,26.4046,1
884463027#0,306013118,1545816723,111.49,8.33,13.3842,1
884463029#0,cluster_256993284_4612010951_4614303589_6091318462,1801260561,83.03,13.89,5.9777,1
884463029#3,1801260561,296018207,80.16,13.8899,5.7711,1
885321359#0,411929172,418988945,174.38,11.11,15.6958,1
885321359#1,418988945,418988944,86.45,11.11,7.7813,1
885321359#2,418988944,418988943,85.17,11.11,7.6661,1
885321359#3,418988943,421162254,85.89,11.11,7.7309,1
885321359#5,421162254,418988946,86.03,11.11,7.7435,1
885321359#6,418988946,418988947,81.52,11.1101,7.3375,1
885321359#8,418988947,418988948,77.41,11.11,6.9676,1
886364682#0,345084759,8241893540,23.79,8.3301,2.8559,1
886364701#0,8241893609,1481954812,0.2,11.1111,0.018,1
886364701#1,1481954812,8241893609,51.13,11.1099,4.6022,1
886523200#1,250197472,250197470,80.59,8.33,9.6747,1
886523200#3,250197470,250197481,76.47,8.33,9.1801,1
886523201#0,250197421,250197469,85.02,8.33,10.2065,1
902902784#0,286310790,331969760,1282.77,11.11,115.4608,1
904609089,8401095378,299089235,6.61,25.0,0.2644,3
904609090,344446974,24486661,451.82,25.0,18.0728,3
921519964,1545816723,293956352,346.63,8.33,41.6122,1
92882536#0,298584872,412859588,77.01,11.11,6.9316,1
92882664#0,298584837,298584836,108.88,11.11,9.8002,1
92884021#0,9442600170,298584825,41.97,11.1099,3.7777,2
92884452#0,502855751,335820951,104.81,11.1101,9.4338,1
92885119#0,418996072,298510754,97.0,11.11,8.7309,1
935034904#0,309711631,283678986,144.79,13.8901,10.424,1
935034906#0,295701309,295701315,138.95,11.11,12.5068,1
935034906#3,295701315,309711607,139.46,11.11,12.5527,1
935034907#0,295699025,295699026,83.59,11.1099,7.5239,1
935034907#4,295699026,295699028,81.77,11.1101,7.36,1
935034907#8,295699028,309711618,104.66,11.11,9.4203,1
935034908#2,cluster_420326593_420326614,299045540,204.19,11.11,18.3789,1
935034908#5,299045540,295699979,29.25,11.1098,2.6328,1
935034909#0,1999205833,cluster_309711635_338450163,61.27,11.1099,5.5149,1
937810957,2027440548,298584984,33.2,13.8901,2.3902,2
937811901,298584984,2160064016,34.34,11.11,3.0909,1
937811902#0,2160064016,298584897,74.29,11.1099,6.6868,2
937847749#0,299045489,299045492,285.92,11.11,25.7354,1
944092400#0,cluster_280645653_310717282,280645659,57.51,11.11,5.1764,1
944092400#1,280645659,387944279,75.15,11.11,6.7642,1
944092400#2,387944279,309711626,208.31,11.11,18.7498,1
944092401#0,363709428,363711084,72.32,11.1099,6.5095,1
945680415,376117839,376119030,80.36,16.6701,4.8206,3
948313321#0,298513376,298513378,96.79,13.89,6.9683,1
948313322#0,457749575,298825565,83.91,13.8901,6.041,1
948313323#0,292190555,442760429,77.37,13.89,5.5702,1
959971788#0,344967365,279068744,221.03,11.11,19.8947,1
959971792#0,cluster_292190578_8881861579_8881861591,8881861575,13.87,13.8894,0.9986,2
959971794#0,8881861575,cluster_292190578_8881861579_8881861591,20.03,22.221,0.9014,1
959971795,8881861575,344967326,74.47,13.89,5.3614,2
959971841,344967326,344967379,78.17,13.89,5.6278,2
959971844,344967379,344967413,79.54,13.8901,5.7264,2
959971846,344967413,344967393,53.88,13.8902,3.879,2
959971847,344967393,344967438,12.67,13.8895,0.9122,2
959971848#0,344967438,30255443,101.73,13.89,7.324,2
959971850#2,306013090,295406714,82.84,13.89,5.964,1
959971851#0,30255443,306013090,76.93,13.89,5.5385,1
959971852#0,295406705,295406714,196.69,11.11,17.7039,1
959971853#0,295406714,306013087,50.36,13.8901,3.6256,1
959972001,13329700752,338450235,33.57,11.11,3.0216,2
961180338#0,344967237,344967249,4.98,11.1111,0.4482,1
961180338#1,344967249,344967276,67.85,11.11,6.1071,1
961180338#2,344967276,344967255,89.71,11.11,8.0747,1
961221621,338849165,8891800729,53.51,16.6698,3.21,3
962754880#0,8905697073,416196556,6.34,11.1092,0.5707,1
962754881#0,416281449,cluster_416197277_8905697076,6.8,11.1093,0.6121,1
967099711#0,8947325195,cluster_21305999_310717158,18.96,22.2196,0.8533,2
967116541#0,416210563,416218154,160.09,11.11,14.4095,1
967116542#0,416210563,416219720,80.93,11.11,7.2844,1
967116542#3,416219720,416201077,70.06,11.1101,6.306,1
967116543#0,1594214784,416307389,80.39,11.11,7.2358,1
967116543#3,416307389,10220643199,90.83,11.11,8.1755,1
967116544#0,418988946,416300591,69.06,11.11,6.216,1
967116545,416307389,416210563,83.51,11.1099,7.5167,1
967116570#0,421162254,1594214797,70.56,11.1101,6.351,1
967122697#0,416190298,416294155,76.63,11.11,6.8974,1
967122730#0,421146123,416186645,130.01,11.11,11.7021,1
967122747#0,416208085,416286375,88.93,11.11,8.0045,1
969454590#0,1013323718,12969191289,22.73,13.8902,1.6364,2
970244736,533847513,339271878,61.07,8.33,7.3313,1
970244737#0,533847516,336984577,257.94,8.33,30.9652,1
970244738,338449983,533847502,58.67,8.33,7.0432,1
970244770,300707174,300707171,11.6,13.8906,0.8351,1
970244778#0,336984463,336984534,107.79,8.33,12.94,1
970244778#1,336984534,336984514,153.07,8.33,18.3758,1
970244778#2,336984514,336984534,72.32,8.33,8.6819,1
970530568,332419216,332419225,37.89,11.1101,3.4104,1
970530575#0,332419211,442399966,47.32,11.1101,4.2592,1
995118574#0,338450596,1947591826,152.73,13.89,10.9957,1
995773486#0,517706896,335952330,238.66,11.11,21.4815,1
995773487#0,412935618,517706896,168.23,11.11,15.1422,1
