Case,Nodes,Edges,ParkingLots,TotalSpots,FeasibleSpots,Source,Destination,Alpha,Wmax,Cmax,WeightW,runtime_ms,ParkingNode,ParkingSpotIndex,ParkingSpotId,SpotClass,drive_time_hr,internal_drive_time_hr,internal_walk_time_hr,external_walk_distance_km,external_walk_time_hr,walk_time_hr,parking_cost,objective,DrivePath,WalkPath
N1000_C10_I1,1000,3252,50,1456,6,988,1000,0.9,0.5,20.5,0.9,102219.49,995,1,995_S001,near,0.2000000000000002,0.001563,0.002861,0.12,0.024,0.026861,18.32,1.1419449532964858,988->981->877->874->865->857->856->851->818->813->810->812->805->786->762->761->757->755->725->715->711->723->705->696->691->697->689->687->681->674->667->659->657->636->609->599->592->588->576->574->586->568->575->581->560->549->547->545->543->540->566->561->548->542->530->534->539->526->525->527->508->501->476->469->463->450->436->430->422->415->408->393->387->381->372->375->371->362->373->361->356->350->353->365->348->346->366->344->349->334->337->331->329->324->321->314->309->298->296->289->284->266->262->259->254->235->233->232->244->230->425->424->420->418->409->198->392->390->383->380->385->183->178->335->333->326->164->163->162->155->172->175->169->153->137->246->243->132->138->130->120->117->115->315->305->303->41->40->66->39->69->68->63->21->1->5->6->2->7->14->15->18->24->19->28->22->30->34->54->53->89->49->85->111->100->119->114->129->122->123->125->133->134->143->146->156->166->177->167->158->170->173->185->192->199->204->202->260->263->268->275->288->290->293->297->306->317->358->363->379->384->402->394->407->396->397->401->406->398->399->403->413->440->449->455->460->468->462->471->482->495->497->517->518->537->546->551->553->554->555->562->569->570->573->593->600->602->615->628->637->642->658->668->694->700->713->721->734->745->748->749->753->763->765->764->766->783->793->816->821->826->830->976->978->985->995,995->1000
N1000_C1_I1,1000,3252,50,1456,31,988,1000,0.9,0.5,20.5,0.9,25789.655,985,94,985_S003,near,0.2002000000000003,0.002449,0.005257,0.1733,0.0347,0.039957,12.69,14.369724000000017,988->981->877->874->865->857->856->851->813->810->805->786->762->761->757->755->725->715->711->723->705->696->691->697->689->687->695->681->674->667->661->659->669->657->636->609->599->592->588->576->574->586->568->575->581->564->560->549->547->545->543->540->566->538->561->532->542->534->539->526->525->522->508->501->476->469->463->467->450->436->430->422->415->408->393->387->372->375->371->362->373->356->350->353->348->346->366->344->349->334->337->331->329->324->321->314->309->298->299->296->289->284->266->262->259->254->235->233->232->244->230->425->206->209->201->409->404->392->390->383->385->183->178->174->168->164->163->316->162->175->169->153->137->132->130->120->117->112->115->315->303->41->40->56->69->68->106->102->35->23->21->1->5->9->10->6->2->3->13->14->15->18->24->19->28->20->26->33->30->34->54->29->49->85->100->111->119->114->122->123->125->133->134->181->143->146->156->166->167->158->173->185->192->199->197->204->202->260->263->268->275->288->290->293->306->317->358->363->379->384->394->407->396->397->401->406->398->403->413->440->449->455->460->461->462->471->482->497->517->518->536->537->546->551->553->554->555->562->569->570->573->593->600->602->615->628->637->642->658->668->694->700->713->721->734->745->748->749->753->763->765->764->766->783->784->793->791->815->822->821->826->830->933->944->946->956->948->976->978->985,985->1000
N1000_C2_I1,1000,3584,50,1456,31,988,1000,0.9,0.5,20.5,0.9,131112.303,985,93,985_S002,near,0.1307,0.002077,0.004301,0.1733,0.0347,0.039001,12.58,0.7606877008806677,988->877->874->661->659->657->636->609->599->592->588->576->574->586->568->575->564->560->549->547->545->362->361->441->242->241->40->78->77->143->146->156->166->177->449->453->455->460->468->462->471->482->497->517->518->537->546->551->553->555->562->569->570->573->593->784->791->976->978->985,985->1000
N1000_C3_I1,1000,3352,100,2922,31,988,1000,0.9,0.5,20.5,0.9,115033.062,956,198,956_S001,near,0.19580000000000025,0.001766,0.004021,0.2695,0.0539,0.057921,11.81,0.9990739613813893,988->877->874->865->857->856->851->813->810->812->805->786->762->776->761->757->755->741->725->715->711->708->705->696->691->697->698->689->687->695->681->674->667->659->657->636->609->599->592->588->576->574->586->568->575->581->564->560->549->547->545->543->540->538->561->548->542->534->539->526->525->524->522->508->519->501->476->469->463->450->439->437->436->430->408->393->387->381->372->375->371->362->361->356->350->365->348->346->349->334->337->331->329->324->321->314->309->298->296->299->289->284->266->262->259->254->235->233->232->244->230->229->219->217->228->210->418->409->404->392->390->190->183->178->174->168->164->163->162->155->172->169->272->246->137->132->130->120->117->88->79->97->93->99->61->51->60->50->48->64->62->41->40->66->56->44->77->37->102->103->104->68->63->21->1->9->10->11->16->17->15->24->19->28->20->26->30->34->54->29->49->98->121->85->111->119->114->122->123->125->133->134->181->191->194->189->216->187->177->167->158->173->185->197->204->202->260->265->263->275->288->290->293->306->317->358->363->379->384->394->407->396->397->401->406->398->399->403->413->440->449->453->455->460->468->462->471->482->495->497->517->518->537->546->551->553->554->555->562->569->570->573->593->600->602->615->628->637->642->658->668->694->700->709->713->721->734->745->748->749->753->763->765->764->766->783->793->816->822->821->826->830->948->956,956->1000
N1000_C4_I1,1000,3252,50,1456,109,988,1000,0.9,1.0,20.5,0.9,108774.958,995,2,995_S002,near,0.19600000000000026,0.001838,0.003154,0.12,0.024,0.027154,17.59,0.6920142350072378,988->877->874->865->861->857->856->851->818->813->810->805->786->762->761->757->755->725->715->711->723->705->696->691->697->698->689->687->681->674->667->661->659->657->636->609->599->592->588->576->574->586->568->575->564->560->549->547->545->543->540->538->566->561->548->532->542->534->539->526->525->527->522->508->501->476->469->463->450->439->437->436->430->422->415->408->393->387->381->372->375->371->362->361->356->350->365->348->346->349->334->337->331->329->324->321->309->298->299->296->289->487->485->479->475->458->464->456->457->441->438->425->206->209->201->198->196->193->190->390->383->380->370->339->338->341->333->326->318->301->278->277->272->246->242->241->239->238->108->105->110->115->315->42->41->40->78->55->37->75->84->91->86->68->63->23->21->1->2->3->13->10->11->15->18->24->19->28->22->30->33->45->27->34->54->29->89->98->94->67->85->100->119->114->122->123->125->133->152->134->181->191->194->189->216->187->177->167->158->173->185->197->192->204->202->260->263->268->275->288->290->293->297->306->317->358->363->379->384->402->394->407->396->397->401->406->398->403->413->440->454->449->455->460->468->471->482->495->497->517->518->536->537->546->551->553->555->562->569->570->573->593->600->602->615->628->637->642->658->668->694->700->709->713->721->734->745->748->749->753->763->764->766->783->793->784->791->815->816->821->826->830->933->944->946->948->976->978->985->995,995->1000
N1000_C5_I1,1000,3252,50,1456,31,988,1000,0.9,0.5,20.5,0.9,101694.117,995,3,995_S003,near,0.2756000000000001,0.002344,0.004586,0.12,0.024,0.028586,17.63,0.9972777782548592,988->877->874->865->857->856->851->813->810->812->805->786->762->761->757->755->741->725->715->711->708->705->696->691->697->698->689->687->681->674->667->659->669->657->636->609->599->592->588->576->574->586->568->575->564->560->549->547->545->543->540->566->561->548->542->534->539->526->525->524->522->508->519->501->476->469->463->450->439->437->436->430->408->393->387->372->375->371->362->361->356->350->365->353->348->346->366->349->334->337->331->329->324->321->314->309->298->299->296->289->284->266->262->259->254->235->233->232->230->229->217->228->210->206->209->201->198->392->390->383->183->178->174->168->164->326->318->301->278->162->175->169->153->137->132->130->120->117->88->50->48->47->64->62->74->66->40->78->86->84->46->102->23->21->1->2->3->4->8->12->18->24->19->28->22->26->32->45->33->30->34->54->53->89->49->121->98->94->67->85->100->119->114->129->122->123->125->133->134->181->143->146->156->166->177->167->158->170->173->185->192->204->202->260->263->268->275->288->290->293->306->317->358->363->379->384->394->407->396->397->401->406->398->403->413->440->449->455->460->468->462->471->482->495->497->517->518->536->537->546->551->553->554->555->562->569->570->573->593->600->602->615->628->637->642->658->668->694->700->709->713->721->734->745->748->749->753->763->765->764->766->783->793->816->815->822->821->826->830->976->978->985->995,995->1000
N1000_C6_I1,1000,3252,50,1456,31,988,1000,0.9,0.5,20.5,0.9,107450.128,985,94,985_S003,near,0.7021999999999996,0.002486,0.005294,0.1733,0.0347,0.039994,12.7,1.31231979273969,988->877->874->865->861->857->856->851->813->810->805->786->762->776->757->755->741->725->715->711->723->705->696->691->697->689->687->695->681->674->667->661->659->669->657->636->609->599->592->588->576->574->586->568->575->581->564->560->549->547->545->543->540->538->561->548->542->530->534->539->526->525->522->508->501->476->469->463->450->439->437->436->430->408->393->387->372->375->371->362->373->361->356->350->365->348->346->366->349->334->337->331->329->324->321->309->298->296->289->487->500->266->262->259->254->475->458->464->456->457->451->441->232->230->244->438->425->424->420->418->409->404->392->390->383->380->183->190->370->174->168->164->163->301->292->162->155->175->169->153->137->132->138->130->120->92->52->51->60->48->65->74->66->40->56->69->179->176->182->9->5->2->7->14->16->4->8->12->24->19->28->20->26->30->34->54->53->89->29->49->85->100->119->114->122->123->125->133->152->134->143->191->184->189->216->187->177->167->158->170->173->185->192->197->199->204->202->260->263->275->288->290->293->306->317->358->363->379->384->402->394->407->396->397->401->406->398->399->403->413->440->454->449->455->460->461->462->471->482->497->517->518->536->537->546->551->553->554->555->562->569->570->573->593->600->602->615->628->637->642->658->668->694->700->713->721->734->745->748->749->753->763->765->764->766->783->784->793->816->821->826->830->978->985,985->1000
N1000_C7_I1,1000,3252,50,1456,31,988,1000,0.9,0.5,20.5,0.9,105893.299,995,1,995_S001,near,0.2105000000000002,0.001563,0.002861,0.12,0.024,0.026861,17.46,0.9667398099413846,988->981->969->961->929->924->917->912->907->904->903->896->892->905->888->885->878->877->874->865->861->857->856->851->813->810->812->805->786->762->761->776->757->755->725->715->711->723->705->696->691->697->689->687->681->674->667->659->669->657->636->609->599->592->588->576->574->586->568->575->564->581->560->549->547->545->543->540->538->561->532->542->530->534->539->526->525->522->527->519->501->476->469->463->450->437->436->430->422->415->408->393->387->372->375->371->362->373->356->350->365->348->346->366->349->334->337->331->329->324->321->314->309->298->296->289->487->485->479->475->458->464->456->457->441->438->425->206->209->201->198->196->392->390->190->183->178->174->341->338->164->163->301->292->316->162->155->172->169->153->147->132->138->130->120->117->115->315->305->303->41->62->59->82->78->86->84->68->63->23->21->1->2->7->14->15->17->18->12->24->19->28->22->30->33->27->34->54->29->49->98->94->67->85->100->119->114->122->123->125->133->134->181->143->146->156->166->167->158->173->185->197->204->202->260->263->275->288->290->293->306->317->358->363->379->384->394->407->396->397->401->406->398->403->413->440->449->455->460->461->462->468->471->482->495->497->517->518->537->546->551->553->555->562->569->570->573->593->600->602->615->628->637->642->658->668->694->700->709->713->721->734->745->748->749->753->763->765->764->766->783->793->784->791->815->822->816->821->826->830->978->985->995,995->1000
N1000_C8_I1,1000,3252,50,1456,31,988,1000,0.1,0.5,20.5,0.1,99863.217,995,1,995_S001,near,0.2105000000000002,0.001563,0.002861,0.12,0.024,0.026861,17.46,0.9667398099413846,988->981->969->961->929->924->917->912->907->904->903->896->892->905->888->885->878->877->874->865->861->857->856->851->813->810->812->805->786->762->761->776->757->755->725->715->711->723->705->696->691->697->689->687->681->674->667->659->669->657->636->609->599->592->588->576->574->586->568->575->564->581->560->549->547->545->543->540->538->561->532->542->530->534->539->526->525->522->527->519->501->476->469->463->450->437->436->430->422->415->408->393->387->372->375->371->362->373->356->350->365->348->346->366->349->334->337->331->329->324->321->314->309->298->296->289->487->485->479->475->458->464->456->457->441->438->425->206->209->201->198->196->392->390->190->183->178->174->341->338->164->163->301->292->316->162->155->172->169->153->147->132->138->130->120->117->115->315->305->303->41->62->59->82->78->86->84->68->63->23->21->1->2->7->14->15->17->18->12->24->19->28->22->30->33->27->34->54->29->49->98->94->67->85->100->119->114->122->123->125->133->134->181->143->146->156->166->167->158->173->185->197->204->202->260->263->275->288->290->293->306->317->358->363->379->384->394->407->396->397->401->406->398->403->413->440->449->455->460->461->462->468->471->482->495->497->517->518->537->546->551->553->555->562->569->570->573->593->600->602->615->628->637->642->658->668->694->700->709->713->721->734->745->748->749->753->763->765->764->766->783->793->784->791->815->822->816->821->826->830->978->985->995,995->1000
N1000_C9_I1,1000,3252,50,1456,21,988,1000,0.9,0.5,15.0,0.9,94251.528,985,93,985_S002,near,0.2057000000000001,0.002077,0.004301,0.1733,0.0347,0.039001,12.58,0.9915496690031091,988->877->874->865->857->856->851->813->810->805->786->762->776->757->755->741->725->715->711->723->705->696->691->697->689->687->681->674->667->661->659->657->636->609->599->592->588->576->574->586->568->575->564->560->549->547->545->543->540->566->561->548->542->530->534->539->526->525->522->527->519->501->476->469->463->467->450->437->436->430->422->415->408->393->387->381->372->375->371->362->361->356->350->353->365->348->346->349->334->337->331->329->324->321->309->298->296->299->289->284->266->262->259->254->458->464->456->457->451->441->438->425->424->420->418->409->198->196->390->383->380->339->338->164->163->162->175->169->153->137->246->242->251->138->130->120->92->52->51->50->60->48->65->74->66->56->69->25->31->102->171->182->9->10->11->14->7->3->4->8->15->24->19->28->20->22->30->33->45->27->34->54->29->49->98->67->85->100->119->114->129->122->123->125->133->134->181->191->184->194->189->216->187->177->167->158->173->185->197->199->192->204->202->260->265->263->268->275->288->290->293->297->306->317->358->363->379->384->402->394->407->396->397->401->406->398->399->403->413->440->454->449->455->460->461->462->471->482->495->497->517->518->536->537->546->551->553->554->555->562->569->570->573->593->600->602->615->628->637->642->658->668->694->700->713->721->734->745->748->749->753->763->765->764->766->783->793->816->821->826->830->978->985,985->1000
N10_C10_I1,10,46,2,62,6,8,10,0.9,0.5,20.5,0.9,1216.402,5,1,5_S001,near,0.0087,0.00179,0.004023,0.2661,0.0532,0.057222999999999996,14.58,0.7973669865280615,8->7->5,5->10
N10_C1_I1,10,46,2,62,2,8,10,0.9,0.5,20.5,0.9,78.752,5,1,5_S001,near,0.0087,0.00176,0.003992,0.2661,0.0532,0.057192,9.13,4.566208,8->7->5,5->10
N10_C2_I1,10,52,2,62,2,8,10,0.9,0.5,20.5,0.9,971.391,5,1,5_S001,near,0.0076,0.00179,0.004023,0.2661,0.0532,0.057222999999999996,9.17,0.9741587232446856,8->5,5->10
N10_C3_I1,10,46,2,62,2,8,10,0.9,0.5,20.5,0.9,1224.68,5,1,5_S001,near,0.0087,0.00179,0.004023,0.2661,0.0532,0.057222999999999996,9.17,0.9745517395070769,8->7->5,5->10
N10_C4_I1,10,46,2,62,2,8,10,0.9,1.0,20.5,0.9,854.831,5,1,5_S001,near,0.0087,0.001577,0.002959,0.2661,0.0532,0.056159,9.32,0.9771942264288743,8->7->5,5->10
N10_C5_I1,10,46,2,62,2,8,10,0.9,0.5,20.5,0.9,1267.524,5,1,5_S001,near,0.0113,0.00179,0.004023,0.2661,0.0532,0.057222999999999996,9.17,0.9754330856478606,8->7->6->5,5->10
N10_C6_I1,10,46,2,62,2,8,10,0.9,0.5,20.5,0.9,1218.608,5,1,5_S001,near,0.0259,0.00179,0.004023,0.2661,0.0532,0.057222999999999996,9.17,0.9794015542415802,8->7->5,5->10
N10_C7_I1,10,46,2,62,2,8,10,0.9,0.5,20.5,0.9,980.439,5,1,5_S001,near,0.0087,0.00179,0.004023,0.2661,0.0532,0.057222999999999996,9.17,0.9745517395070769,8->7->5,5->10
N10_C8_I1,10,46,2,62,2,8,10,0.1,0.5,20.5,0.1,957.546,5,1,5_S001,near,0.0087,0.00179,0.004023,0.2661,0.0532,0.057222999999999996,9.17,0.9745517395070769,8->7->5,5->10
N10_C9_I1,10,46,2,62,2,8,10,0.9,0.5,15.0,0.9,899.941,5,1,5_S001,near,0.0087,0.00179,0.004023,0.2661,0.0532,0.057222999999999996,9.17,0.9745517395070769,8->7->5,5->10
N1500_C10_I1,1500,4728,75,2274,26,1492,1500,0.9,0.5,20.5,0.9,164589.496,1463,448,1463_S003,near,0.23630000000000043,0.002418,0.005231,0.1857,0.0371,0.042331,19.14,1.0394358035020093,1492->1490->1298->1290->1281->1274->1270->1279->1277->1262->1257->1254->1252->1219->1206->1228->1212->1203->1194->1197->1183->1177->1170->1153->1152->1149->1142->1134->1130->1125->1117->1113->1129->1111->1099->1089->1075->1069->1065->1064->1063->1051->1055->1042->1039->1050->1037->1036->1027->1006->988->981->969->929->924->917->912->904->903->896->892->905->888->885->878->877->874->865->857->856->851->813->810->805->786->762->776->757->755->741->725->715->711->708->705->696->691->697->689->687->681->674->667->659->669->657->636->609->599->592->588->576->574->586->568->575->564->560->549->547->545->543->540->538->566->561->548->542->530->534->539->526->525->527->519->501->476->469->463->467->450->436->430->415->408->393->387->381->372->371->362->373->356->350->353->365->348->635->626->625->606->608->616->603->614->612->594->331->329->324->321->314->493->509->514->523->535->298->299->296->289->284->266->262->259->254->235->233->458->464->456->457->451->206->209->201->198->409->410->404->392->390->383->380->370->178->174->168->164->163->175->169->153->147->110->115->117->120->90->60->51->74->75->86->91->9->10->3->4->8->12->24->19->20->32->30->22->26->33->45->27->34->54->29->89->98->94->121->85->100->119->114->129->122->123->125->133->134->181->143->146->189->216->156->166->167->177->187->195->211->212->227->185->192->204->202->260->265->263->268->275->288->290->293->297->306->317->358->363->379->384->394->407->396->397->401->406->398->403->413->440->449->453->455->460->468->462->471->482->497->517->518->537->546->551->553->554->555->562->569->570->573->593->600->602->615->628->637->642->658->668->694->700->713->721->734->745->748->749->753->763->765->764->766->783->793->791->815->816->822->821->826->830->839->842->854->849->852->860->864->876->866->867->870->880->882->887->893->894->910->933->944->946->948->956->976->978->985->991->995->1017->1024->1031->1068->1071->1077->1079->1091->1092->1100->1110->1120->1122->1139->1167->1168->1181->1175->1189->1192->1204->1182->1184->1193->1205->1210->1223->1229->1230->1241->1232->1237->1242->1244->1251->1269->1463,1463->1500
N1500_C1_I1,1500,4728,75,2274,60,1492,1500,0.9,0.5,20.5,0.9,56776.866,1497,383,1497_S001,near,0.2197000000000004,0.001593,0.002949,0.1288,0.0258,0.028749,15.37,15.039268000000023,1492->1298->1290->1281->1274->1270->1279->1277->1262->1257->1254->1234->1252->1219->1206->1228->1203->1194->1197->1177->1170->1153->1152->1149->1142->1134->1130->1125->1117->1113->1129->1111->1099->1089->1075->1069->1065->1064->1063->1051->1042->1039->1050->1037->1036->1027->1006->988->981->969->929->924->917->912->907->904->903->896->892->905->888->885->878->877->874->865->857->856->851->813->810->812->805->786->762->776->757->755->741->725->715->711->723->708->705->696->691->697->698->689->687->695->681->674->667->659->657->636->609->599->592->588->576->574->586->568->575->564->560->549->547->545->543->540->538->561->532->542->534->530->539->526->525->524->522->508->519->501->476->469->463->450->437->436->430->415->408->393->387->381->372->371->362->361->356->350->365->348->346->349->334->337->331->329->324->321->309->298->299->289->284->266->485->479->475->458->464->456->457->441->206->209->201->198->409->404->392->390->383->385->380->339->338->341->333->326->318->301->292->153->117->115->79->88->83->73->116->126->127->71->70->80->104->25->36->46->35->21->63->68->91->9->1->2->3->7->16->14->11->4->17->15->8->12->18->24->19->28->26->30->34->54->53->89->98->67->85->100->119->114->122->123->125->133->134->181->143->146->156->166->177->167->158->170->173->212->224->231->192->199->204->202->260->263->268->275->288->290->293->297->306->317->358->363->379->384->394->407->396->397->401->406->398->399->403->413->440->449->453->455->460->461->462->471->482->497->517->518->537->546->551->553->555->562->569->570->573->593->600->602->615->628->637->642->658->668->694->700->713->721->734->745->748->749->753->763->764->766->783->793->791->815->816->821->826->830->839->854->842->849->852->860->864->866->867->870->880->882->887->893->894->910->933->944->946->948->976->978->985->991->995->1011->1017->1024->1031->1068->1071->1077->1079->1091->1092->1100->1110->1120->1122->1139->1167->1168->1181->1175->1189->1178->1192->1204->1180->1182->1184->1193->1205->1210->1223->1229->1230->1241->1232->1237->1242->1244->1251->1269->1453->1462->1463->1481->1497,1497->1500
N1500_C2_I1,1500,5226,75,2274,60,1492,1500,0.9,0.5,20.5,0.9,149222.023,1463,446,1463_S001,near,0.18240000000000006,0.001608,0.003325,0.1857,0.0371,0.040425,9.68,0.8842479310864436,1492->1490->1488->1254->1257->1262->1279->1270->1274->1281->1290->1063->1051->1055->1042->1039->1050->1037->1036->1027->1006->988->981->969->961->929->924->917->912->904->903->896->892->669->659->661->667->674->836->868->422->415->408->393->387->381->424->425->105->57->52->70->65->127->136->187->195->482->497->517->518->536->537->546->766->783->793->784->791->815->816->1079->1091->1100->1110->1120->1116->1122->1139->1381->1382->1387->1390->1403->1417->1408->1269->1497->1499->1481->1463,1463->1500
N1500_C3_I1,1500,4878,150,4498,60,1492,1500,0.9,0.5,20.5,0.9,211706.029,1499,358,1499_S002,near,0.2671000000000006,0.002017,0.003976,0.12,0.024,0.027976,15.46,1.0713755148909179,1492->1488->1495->1479->1486->1298->1290->1281->1274->1270->1279->1262->1257->1254->1234->1231->1219->1206->1212->1228->1203->1194->1197->1183->1177->1170->1153->1152->1149->1142->1134->1130->1125->1117->1113->1129->1111->1099->1089->1075->1069->1065->1064->1063->1051->1042->1039->1050->1037->1036->1027->1006->988->981->969->961->929->924->917->912->907->904->903->896->892->905->888->885->878->877->874->865->861->857->856->851->813->810->805->786->762->776->761->757->755->741->725->715->711->723->705->696->691->697->698->689->687->681->674->667->661->659->657->636->609->599->592->588->576->574->586->568->575->581->560->549->547->545->543->540->566->561->548->532->542->530->539->526->524->525->527->522->508->519->501->476->469->463->467->450->439->437->436->430->408->393->387->381->372->371->362->361->356->350->365->348->346->344->366->349->625->606->608->616->603->614->612->594->587->329->324->321->558->552->521->520->514->516->509->493->284->266->492->487->485->479->475->458->464->456->457->441->438->206->420->418->409->198->196->193->190->183->385->380->339->338->341->333->164->163->175->172->169->153->147->272->132->138->319->311->305->303->42->47->295->276->41->101->82->104->36->46->145->23->21->1->9->10->13->14->16->17->4->8->12->24->19->28->22->30->34->54->53->89->49->85->111->100->119->114->122->123->125->133->152->134->181->191->184->194->189->216->223->211->158->173->185->227->231->197->199->204->202->260->263->275->288->290->293->306->317->358->363->379->384->402->394->407->396->397->401->406->398->403->413->440->454->449->455->460->461->462->471->482->495->497->517->518->537->546->551->553->554->555->562->569->570->573->593->600->602->615->628->637->642->658->668->694->700->709->713->721->734->745->748->749->753->763->765->764->766->783->793->791->815->816->821->826->830->839->854->849->852->860->864->876->866->867->870->880->882->889->887->893->894->910->933->944->946->948->976->978->985->991->995->1017->1024->1031->1068->1071->1077->1079->1091->1100->1110->1120->1116->1122->1139->1167->1168->1181->1173->1175->1178->1189->1191->1199->1204->1182->1184->1193->1205->1210->1223->1229->1230->1241->1232->1237->1242->1244->1251->1269->1408->1434->1428->1453->1462->1463->1481->1497->1499,1499->1500
N1500_C4_I1,1500,4728,75,2274,142,1492,1500,0.9,1.0,20.5,0.9,423419.086,1497,384,1497_S002,near,0.24230000000000043,0.00178,0.003098,0.1288,0.0258,0.028898,15.55,0.7605703969054423,1492->1298->1290->1281->1274->1270->1279->1262->1257->1254->1252->1219->1206->1228->1203->1194->1197->1183->1177->1170->1153->1152->1149->1142->1134->1130->1125->1117->1113->1129->1111->1099->1089->1075->1069->1065->1064->1063->1051->1055->1042->1039->1050->1037->1036->1027->1006->988->981->969->929->924->917->912->904->903->896->892->905->888->885->878->877->874->865->857->856->851->813->810->812->805->786->762->761->757->755->725->715->711->708->705->696->691->697->698->689->687->681->674->667->659->657->636->609->599->592->588->576->574->586->568->575->564->560->549->547->545->543->540->566->561->532->548->542->534->539->526->524->522->527->519->501->476->469->463->467->450->437->436->430->415->408->393->387->381->372->375->371->362->373->361->356->350->365->348->346->344->334->337->331->329->324->321->314->493->284->266->262->259->254->235->233->232->464->466->456->457->451->441->438->206->418->409->404->198->196->193->190->183->385->380->370->339->338->341->335->333->164->163->162->175->169->153->147->272->132->107->92->90->109->87->99->93->83->73->71->80->65->62->66->39->38->55->75->86->84->91->9->1->5->6->10->11->4->3->7->16->14->15->24->19->20->32->30->34->54->53->89->49->67->98->94->121->85->111->119->114->129->122->123->125->133->134->181->143->146->156->187->177->167->158->211->212->224->227->185->192->199->197->204->202->260->263->275->288->290->293->306->317->358->363->379->384->402->394->407->396->397->401->406->398->403->413->440->454->449->455->460->461->462->468->471->482->497->517->518->537->546->551->553->555->562->569->570->573->593->600->602->615->628->637->642->658->668->694->700->713->721->734->745->748->749->753->763->765->764->766->783->784->791->815->816->822->821->826->830->839->842->854->849->852->860->864->866->875->867->870->880->882->889->887->893->894->910->933->944->946->948->976->978->985->991->995->1011->1017->1024->1031->1068->1071->1077->1079->1091->1092->1100->1110->1120->1116->1122->1139->1167->1168->1181->1175->1178->1192->1199->1204->1182->1184->1193->1205->1210->1223->1229->1230->1241->1232->1237->1242->1244->1251->1269->1403->1417->1408->1434->1428->1453->1462->1463->1481->1497,1497->1500
N1500_C5_I1,1500,4728,75,2274,60,1492,1500,0.9,0.5,20.5,0.9,215721.994,1499,357,1499_S001,near,0.34330000000000027,0.001512,0.00281,0.12,0.024,0.02681,15.31,1.0732693309407184,1492->1490->1298->1290->1281->1274->1270->1279->1262->1257->1254->1234->1219->1206->1212->1228->1203->1194->1197->1177->1170->1153->1152->1149->1142->1134->1130->1125->1117->1113->1129->1111->1105->1099->1089->1075->1069->1065->1064->1063->1051->1055->1042->1039->1050->1037->1036->1027->1006->988->981->969->961->929->924->917->912->904->903->896->892->905->888->885->878->877->874->865->857->856->851->813->810->805->786->762->761->776->757->755->725->715->711->723->705->696->691->697->698->689->687->681->674->667->659->657->636->609->599->592->588->576->574->586->568->575->581->560->549->547->545->543->540->538->561->548->542->534->539->526->525->527->522->508->501->476->469->463->450->437->436->430->408->393->387->381->372->375->371->362->361->356->350->353->348->635->626->625->606->616->603->614->612->594->587->577->559->558->552->520->514->509->493->284->266->262->259->254->235->457->441->451->206->418->409->198->196->392->193->190->183->370->339->338->163->175->169->153->137->132->138->319->311->41->40->66->103->104->25->36->46->35->21->1->5->6->2->3->10->11->15->18->24->19->20->26->30->22->32->33->27->34->54->29->49->121->94->98->67->85->111->100->119->114->129->122->123->125->133->134->181->191->184->189->146->156->166->158->173->185->197->204->202->260->265->263->275->288->290->293->297->306->317->358->363->379->384->402->394->407->396->397->401->406->398->403->413->440->449->455->460->461->462->471->482->495->497->517->518->537->546->551->553->554->555->562->569->570->573->593->600->602->615->628->637->642->658->668->694->700->709->713->721->734->745->748->749->753->763->764->766->783->784->791->815->816->822->821->826->830->839->842->854->849->852->860->864->876->866->875->867->870->880->882->887->893->894->910->933->944->946->948->976->978->985->991->995->1017->1024->1031->1071->1077->1079->1091->1092->1100->1110->1120->1116->1122->1139->1167->1168->1181->1173->1175->1189->1192->1180->1182->1184->1193->1205->1210->1223->1229->1230->1241->1232->1237->1242->1244->1251->1269->1428->1453->1462->1463->1481->1497->1499,1499->1500
N1500_C6_I1,1500,4728,75,2274,60,1492,1500,0.9,0.5,20.5,0.9,353622.49,1463,446,1463_S001,near,0.8819,0.001608,0.003325,0.1857,0.0371,0.040425,9.68,1.4341187466217225,1492->1298->1290->1281->1274->1270->1279->1277->1262->1257->1254->1234->1231->1219->1206->1212->1203->1194->1197->1183->1177->1170->1153->1152->1149->1142->1134->1130->1125->1117->1113->1129->1111->1099->1089->1075->1069->1065->1064->1063->1051->1042->1039->1050->1037->1036->1027->1006->988->981->969->961->929->924->917->912->904->903->896->892->905->888->885->878->877->874->865->857->856->851->813->810->812->805->786->762->776->761->757->755->725->715->711->708->705->696->691->697->689->687->681->674->667->659->669->657->636->609->599->592->588->576->574->586->568->575->581->560->549->547->545->543->540->538->561->548->532->542->534->539->526->525->527->522->508->501->476->469->463->450->436->430->422->415->408->393->387->381->372->371->362->373->361->356->350->365->348->346->344->349->625->606->608->616->603->614->612->594->587->577->559->558->552->520->514->509->493->289->500->487->485->479->475->458->464->456->457->441->206->209->201->198->196->193->190->183->178->174->370->339->338->335->333->326->318->301->292->278->277->147->137->132->130->138->319->311->303->300->255->62->66->56->44->77->145->35->21->1->5->6->10->13->14->11->4->8->12->18->17->15->24->19->28->22->32->26->30->34->54->53->89->49->85->111->119->114->122->123->125->133->134->181->191->143->146->156->166->158->170->173->185->227->231->197->199->204->202->260->265->263->268->275->288->290->293->297->306->317->358->363->379->384->402->394->407->396->397->401->406->398->399->403->413->440->454->449->453->455->460->468->471->482->495->497->517->518->536->537->546->551->553->555->562->569->570->573->593->600->602->615->628->637->642->658->668->694->700->713->721->734->745->748->749->753->763->765->764->766->783->784->793->791->815->816->821->826->830->839->842->849->852->860->864->876->866->875->867->870->880->882->889->887->893->894->910->933->944->946->956->976->978->985->991->995->1500->1499->1497->1481->1463,1463->1500
N1500_C7_I1,1500,4728,75,2274,60,1492,1500,0.9,0.5,20.5,0.9,405538.912,1463,446,1463_S001,near,0.24930000000000044,0.001608,0.003325,0.1857,0.0371,0.040425,9.68,1.0236737853191717,1492->1488->1298->1290->1281->1274->1270->1279->1262->1257->1254->1234->1219->1206->1212->1203->1194->1197->1183->1177->1170->1153->1152->1149->1142->1134->1130->1125->1117->1113->1129->1111->1099->1089->1075->1069->1065->1064->1063->1051->1042->1039->1050->1037->1036->1027->1006->988->981->969->961->929->924->917->912->904->903->896->892->905->888->885->878->877->874->865->861->857->856->851->813->810->812->805->786->762->761->776->757->755->741->725->715->711->708->723->705->696->691->697->698->689->687->681->674->667->659->657->636->609->599->592->588->576->574->586->568->575->581->560->549->547->545->543->540->538->561->548->542->530->534->539->526->524->522->527->519->508->501->476->469->463->467->450->436->430->422->415->408->393->387->381->372->371->362->361->356->350->365->353->633->635->626->625->349->366->344->334->337->331->329->324->321->309->298->296->289->284->493->491->487->492->500->259->254->456->457->441->206->420->418->409->404->392->390->383->190->183->370->339->338->335->333->326->318->301->316->172->162->163->175->169->153->137->132->138->319->311->303->315->255->38->55->75->86->84->58->46->35->23->63->68->36->25->69->77->72->91->9->5->6->13->14->15->24->19->28->22->30->34->54->53->89->49->121->85->100->111->119->114->129->122->123->125->133->134->181->143->146->156->166->167->158->170->173->212->224->227->231->197->199->192->204->202->260->263->268->275->288->290->293->306->317->358->363->379->384->394->407->396->397->401->406->398->399->403->413->440->449->455->460->461->462->471->482->497->517->518->536->537->546->551->553->555->562->569->570->573->593->600->602->615->628->637->642->658->668->694->700->709->713->721->734->745->748->749->753->763->765->764->766->783->793->791->815->816->822->821->826->830->839->842->849->852->860->864->876->866->867->870->880->882->887->893->894->910->933->944->946->948->976->978->985->991->995->1011->1017->1024->1031->1068->1071->1077->1079->1091->1092->1100->1110->1120->1122->1139->1167->1168->1173->1181->1175->1189->1191->1199->1204->1180->1182->1184->1193->1205->1210->1223->1229->1230->1241->1232->1237->1242->1244->1251->1269->1463,1463->1500
N1500_C8_I1,1500,4728,75,2274,60,1492,1500,0.1,0.5,20.5,0.1,400411.515,1463,446,1463_S001,near,0.24930000000000044,0.001608,0.003325,0.1857,0.0371,0.040425,9.68,1.0236737853191717,1492->1488->1298->1290->1281->1274->1270->1279->1262->1257->1254->1234->1219->1206->1212->1203->1194->1197->1183->1177->1170->1153->1152->1149->1142->1134->1130->1125->1117->1113->1129->1111->1099->1089->1075->1069->1065->1064->1063->1051->1042->1039->1050->1037->1036->1027->1006->988->981->969->961->929->924->917->912->904->903->896->892->905->888->885->878->877->874->865->861->857->856->851->813->810->812->805->786->762->761->776->757->755->741->725->715->711->708->723->705->696->691->697->698->689->687->681->674->667->659->657->636->609->599->592->588->576->574->586->568->575->581->560->549->547->545->543->540->538->561->548->542->530->534->539->526->524->522->527->519->508->501->476->469->463->467->450->436->430->422->415->408->393->387->381->372->371->362->361->356->350->365->353->633->635->626->625->349->366->344->334->337->331->329->324->321->309->298->296->289->284->493->491->487->492->500->259->254->456->457->441->206->420->418->409->404->392->390->383->190->183->370->339->338->335->333->326->318->301->316->172->162->163->175->169->153->137->132->138->319->311->303->315->255->38->55->75->86->84->58->46->35->23->63->68->36->25->69->77->72->91->9->5->6->13->14->15->24->19->28->22->30->34->54->53->89->49->121->85->100->111->119->114->129->122->123->125->133->134->181->143->146->156->166->167->158->170->173->212->224->227->231->197->199->192->204->202->260->263->268->275->288->290->293->306->317->358->363->379->384->394->407->396->397->401->406->398->399->403->413->440->449->455->460->461->462->471->482->497->517->518->536->537->546->551->553->555->562->569->570->573->593->600->602->615->628->637->642->658->668->694->700->709->713->721->734->745->748->749->753->763->765->764->766->783->793->791->815->816->822->821->826->830->839->842->849->852->860->864->876->866->867->870->880->882->887->893->894->910->933->944->946->948->976->978->985->991->995->1011->1017->1024->1031->1068->1071->1077->1079->1091->1092->1100->1110->1120->1122->1139->1167->1168->1173->1181->1175->1189->1191->1199->1204->1180->1182->1184->1193->1205->1210->1223->1229->1230->1241->1232->1237->1242->1244->1251->1269->1463,1463->1500
N1500_C9_I1,1500,4728,75,2274,33,1492,1500,0.9,0.5,15.0,0.9,313448.588,1463,447,1463_S002,near,0.23100000000000043,0.002028,0.004293,0.1857,0.0371,0.041393,9.76,0.9890866886493261,1492->1488->1495->1479->1298->1290->1281->1274->1270->1279->1262->1257->1254->1234->1219->1206->1212->1203->1194->1197->1183->1177->1170->1153->1152->1149->1142->1134->1130->1125->1117->1113->1129->1111->1105->1099->1089->1075->1069->1065->1064->1063->1051->1042->1039->1050->1037->1036->1027->1006->988->981->969->961->929->924->917->912->904->903->896->892->905->888->885->878->877->874->865->861->857->856->851->813->810->812->805->786->762->776->761->757->755->725->715->711->708->705->696->691->697->698->689->687->695->681->674->667->661->659->657->636->609->599->592->588->576->574->586->568->575->581->560->549->547->545->543->540->538->561->548->532->542->534->539->526->524->525->527->519->508->501->476->469->463->450->439->437->436->430->415->408->393->387->372->371->362->373->356->350->365->348->346->344->349->334->337->331->329->324->321->314->309->298->296->289->500->259->262->475->458->466->456->457->451->206->210->420->418->409->404->392->193->190->183->178->174->370->380->339->338->335->333->326->318->316->292->153->137->105->110->92->90->60->61->71->70->80->116->101->82->78->77->44->75->86->91->9->1->5->6->10->3->4->8->15->18->24->19->28->22->30->33->45->27->34->54->53->89->49->67->85->111->119->114->129->122->123->125->133->134->181->143->146->216->223->195->166->177->167->158->170->173->185->197->199->204->202->260->265->263->275->288->290->293->306->317->358->363->379->384->394->407->396->397->401->406->398->403->413->440->449->455->460->468->462->471->482->495->497->517->518->536->537->546->551->553->555->562->569->570->573->593->600->602->615->628->637->642->658->668->694->700->713->721->734->745->748->749->753->763->764->766->783->784->791->815->816->821->826->830->839->842->849->852->860->864->876->866->867->870->880->882->887->893->894->910->933->944->946->948->976->978->985->991->995->1017->1024->1031->1071->1077->1079->1091->1100->1110->1120->1122->1139->1167->1168->1181->1173->1175->1189->1191->1192->1204->1182->1184->1193->1205->1210->1223->1229->1230->1241->1232->1237->1242->1244->1251->1269->1499->1481->1463,1463->1500
N2000_C10_I1,2000,6198,100,2979,16,1968,2000,0.9,0.5,20.5,0.9,679848.145,1986,479,1986_S001,near,0.26720000000000055,0.001662,0.003274,0.1692,0.0338,0.037073999999999996,16.7,1.0538275765401286,1968->1807->1789->1788->1806->1781->1779->1774->1784->1771->1780->1778->1767->1764->1763->1740->1736->1735->1731->1718->1713->1707->1697->1693->1681->1677->1687->1672->1665->1673->1664->1655->1649->1640->1643->1637->1628->1610->1587->1579->1552->1550->1548->1547->1530->1537->1525->1524->1492->1490->1488->1495->1479->1486->1471->1469->1465->1460->1430->1423->1401->1391->1384->1386->1380->1374->1373->1369->1359->1355->1344->1311->1301->1310->1298->1290->1281->1274->1270->1279->1262->1257->1254->1252->1234->1231->1219->1206->1212->1228->1203->1194->1197->1183->1177->1170->1153->1152->1149->1142->1134->1130->1125->1117->1113->1129->1111->1105->1099->1089->1075->1069->1065->1064->1063->1051->1055->1042->1039->1050->1037->1036->1027->1006->988->981->969->961->929->924->917->912->904->903->896->892->905->888->885->878->877->874->865->861->857->856->851->818->813->810->812->805->786->762->761->757->755->741->725->715->711->708->723->705->696->691->697->689->687->681->674->667->661->659->669->657->636->609->599->592->588->576->574->586->568->575->581->564->560->549->547->545->543->540->566->561->548->532->542->534->539->526->525->527->508->501->476->469->463->467->450->439->437->436->430->408->393->706->690->680->372->375->371->362->361->356->350->365->348->346->587->329->521->520->314->491->487->485->266->262->259->254->235->233->232->244->424->206->209->410->409->198->392->390->383->380->339->338->341->335->168->164->163->162->172->112->110->105->52->61->65->116->101->182->9->10->11->15->24->19->28->22->26->33->32->45->27->34->54->53->89->98->94->121->85->100->119->114->122->123->125->133->134->181->191->184->194->189->216->146->156->166->195->177->167->158->173->170->211->212->224->185->192->204->202->260->263->275->288->290->293->297->306->317->358->363->379->384->402->394->407->396->397->401->406->398->403->413->440->449->453->455->460->461->468->462->471->482->495->497->517->518->536->537->546->551->553->554->555->562->569->570->573->593->600->602->615->628->637->642->658->668->694->700->713->721->734->745->748->749->753->763->764->766->783->784->791->815->816->821->826->830->839->854->849->852->860->864->866->875->867->870->880->882->889->887->893->894->910->933->944->946->948->956->976->978->985->991->995->1017->1024->1031->1071->1077->1079->1091->1092->1100->1110->1120->1116->1122->1139->1167->1168->1173->1175->1178->1192->1180->1182->1184->1193->1205->1210->1223->1229->1230->1241->1232->1237->1242->1244->1251->1269->1275->1278->1296->1322->1330->1348->1364->1353->1358->1366->1362->1368->1385->1379->1381->1387->1390->1403->1417->1408->1426->1434->1428->1453->1462->1463->1481->1497->1500->1502->1503->1508->1510->1512->1521->1522->1518->1528->1540->1542->1554->1555->1568->1576->1582->1583->1594->1586->1588->1590->1600->1599->1618->1593->1601->1595->1607->1616->1620->1630->1633->1641->1680->1688->1719->1739->1751->1986,1986->2000
N2000_C1_I1,2000,6198,100,2979,75,1968,2000,0.9,0.5,20.5,0.9,77096.162,1978,534,1978_S001,near,0.27400000000000074,0.001668,0.003459,0.197,0.0394,0.042858999999999994,19.98,19.19845800000004,1968->1807->1789->1788->1781->1779->1774->1784->1771->1780->1778->1766->1767->1764->1740->1736->1735->1731->1718->1713->1707->1693->1681->1677->1702->1687->1672->1665->1664->1655->1649->1643->1637->1628->1625->1610->1587->1579->1552->1550->1548->1530->1537->1525->1492->1490->1488->1495->1479->1486->1471->1465->1460->1430->1423->1401->1391->1384->1386->1380->1374->1373->1369->1359->1355->1344->1311->1301->1310->1298->1290->1281->1274->1270->1279->1262->1257->1254->1252->1219->1206->1228->1212->1203->1194->1197->1183->1177->1170->1153->1152->1149->1142->1134->1130->1125->1117->1113->1129->1111->1105->1099->1089->1075->1069->1065->1064->1063->1051->1042->1039->1050->1037->1036->1027->1006->988->981->969->961->929->924->917->912->907->904->903->896->892->905->888->885->878->877->874->865->857->856->851->813->810->812->805->786->762->761->757->755->741->725->715->711->708->723->705->696->691->697->698->689->687->681->674->667->661->659->657->636->609->599->592->588->576->574->586->568->575->564->560->549->547->545->543->540->538->561->548->542->530->534->539->526->525->527->522->508->501->476->469->463->467->450->437->436->430->415->408->393->387->381->372->375->371->362->660->646->644->638->641->361->356->350->353->348->635->626->608->616->603->346->344->558->324->321->314->491->493->509->299->289->284->266->262->458->464->232->233->438->441->206->210->410->404->392->390->383->385->380->370->178->174->168->164->163->130->120->105->110->117->57->52->61->65->70->106->220->221->15->24->19->28->20->32->33->30->34->54->53->29->49->98->94->67->85->100->119->114->129->122->123->125->133->152->134->181->191->143->194->189->216->187->177->195->223->211->170->158->173->185->197->199->204->202->260->263->268->275->288->290->293->297->306->317->358->363->379->384->394->407->396->397->401->406->398->403->413->440->449->453->455->460->468->462->471->482->495->497->517->518->536->537->546->551->553->555->562->569->570->573->593->600->602->615->628->637->642->658->668->694->700->713->721->734->745->748->749->753->763->764->766->783->793->791->815->816->821->826->830->839->854->849->852->860->864->876->866->867->870->880->882->889->887->893->894->910->933->944->946->948->976->978->985->991->995->1017->1024->1031->1068->1071->1077->1079->1091->1100->1110->1120->1116->1122->1139->1167->1168->1173->1175->1178->1192->1199->1204->1180->1182->1184->1193->1205->1210->1223->1229->1230->1241->1232->1237->1242->1244->1251->1269->1275->1278->1296->1322->1330->1348->1364->1353->1358->1361->1366->1362->1368->1379->1382->1381->1387->1390->1403->1417->1434->1428->1453->1462->1463->1481->1497->1499->1500->1502->1503->1508->1510->1512->1521->1531->1522->1518->1528->1540->1542->1554->1555->1568->1576->1582->1583->1594->1586->1588->1590->1600->1599->1618->1593->1601->1604->1607->1616->1620->1633->1641->1680->1688->1719->1739->1751->1969->1980->1978,1978->2000
N2000_C2_I1,2000,6864,100,2979,75,1968,2000,0.9,0.5,20.5,0.9,497159.443,1969,594,1969_S002,near,0.19589999999999996,0.002009,0.004491,0.2185,0.0437,0.048191000000000005,12.78,0.9517111305988057,1968->1902->1895->1900->1894->1893->1882->1872->1864->1869->1863->1860->1841->1840->1832->1827->1826->1814->1813->1807->1789->1788->1781->1779->1774->1771->1780->1778->1767->1766->1764->1740->1736->1735->1731->1718->1713->1386->1384->1391->1130->1125->1117->1113->1129->1111->1099->786->762->761->757->755->725->715->711->708->705->696->691->697->698->689->687->695->681->674->667->661->659->669->657->636->609->599->592->663->372->381->680->209->83->76->167->166->156->216->189->518->517->497->482->471->462->468->460->455->748->749->753->763->765->764->766->783->1110->1120->1122->1139->1167->1168->1173->1181->1175->1178->1192->1204->1182->1184->1502->1782->1791->1785->1818->1821->1823->1824->1857->1859->1877->1861->1871->1875->1890->1907->1751->1940->1941->1951->1969,1969->2000
N2000_C3_I1,2000,6392,197,5883,75,1968,2000,0.9,0.5,20.5,0.9,580863.694,1986,480,1986_S002,near,0.8239000000000001,0.002054,0.00421,0.1692,0.0338,0.038009999999999995,8.54,2.770826565427026,1968->1955->1902->1900->1894->1893->1882->1872->1864->1869->1863->1860->1841->1840->1832->1827->1826->1814->1813->1807->1789->1806->1781->1779->1774->1771->1784->1780->1778->1766->1767->1764->1740->1736->1735->1731->1718->1713->1707->1693->1689->1681->1677->1672->1665->1673->1664->1655->1649->1643->1637->1628->1625->1610->1587->1579->1552->1550->1548->1547->1530->1537->1525->1492->1490->1488->1495->1479->1486->1471->1465->1460->1430->1423->1401->1391->1384->1380->1374->1373->1369->1359->1355->1344->1311->1301->1310->1298->1290->1281->1274->1270->1279->1277->1262->1257->1254->1252->1234->1231->1219->1206->1228->1203->1194->1197->1183->1177->1170->1153->1152->1149->1142->1134->1130->1125->1117->1113->1129->1111->1099->1089->1075->1069->1065->1064->1063->1051->1055->1042->1039->1050->1037->1036->1027->1006->988->981->969->961->929->924->917->912->907->904->903->896->892->905->888->885->878->877->874->865->861->857->856->851->813->810->812->805->786->762->776->757->755->741->725->715->711->708->723->705->696->691->697->698->689->687->681->674->667->659->669->657->636->609->599->592->588->576->574->586->568->575->581->564->560->549->547->545->543->540->538->561->548->532->542->534->539->526->525->524->522->508->519->501->476->469->463->467->450->436->430->422->415->408->393->387->372->375->371->362->361->356->631->633->635->626->608->616->344->334->337->331->329->324->321->309->314->509->516->529->535->514->523->298->500->259->254->235->233->438->206->410->201->198->196->193->190->183->370->339->178->174->168->164->163->130->90->92->87->99->83->76->126->38->103->179->6->2->7->14->15->18->24->19->28->22->30->32->45->27->34->54->53->29->89->98->94->121->85->100->119->114->129->122->123->125->133->134->181->191->184->189->194->143->146->216->187->177->167->158->170->211->212->224->185->197->204->202->260->265->263->268->275->288->290->293->306->317->358->363->379->384->394->407->396->397->401->406->398->403->413->440->454->449->453->455->460->461->462->471->482->497->517->518->536->537->546->551->553->554->555->562->569->570->573->593->600->602->615->628->637->642->658->668->694->700->709->713->721->734->745->748->749->2000->1986,1986->2000
N2000_C4_I1,2000,6198,100,2979,164,1968,2000,0.9,1.0,20.5,0.9,669117.061,1982,515,1982_S002,near,0.27610000000000073,0.002153,0.004055,0.178,0.0356,0.039654999999999996,6.69,0.7957175982755962,1968->1955->1807->1789->1806->1781->1779->1774->1771->1780->1778->1766->1764->1763->1740->1736->1735->1731->1718->1713->1707->1693->1681->1677->1687->1672->1665->1673->1664->1655->1649->1643->1637->1628->1610->1587->1579->1552->1550->1548->1547->1530->1537->1525->1524->1492->1490->1488->1495->1479->1486->1471->1469->1465->1460->1430->1423->1401->1391->1384->1380->1374->1373->1369->1359->1355->1344->1311->1301->1310->1298->1290->1281->1274->1270->1279->1277->1262->1257->1254->1252->1234->1231->1219->1206->1228->1203->1194->1197->1183->1177->1170->1153->1152->1149->1142->1134->1130->1125->1117->1113->1129->1111->1105->1099->1089->1075->1069->1065->1064->1063->1051->1055->1042->1039->1050->1037->1036->1027->1006->988->981->969->929->924->917->912->907->904->903->896->892->905->888->885->878->877->874->865->857->856->851->818->813->810->805->786->762->761->757->755->741->725->715->711->708->705->696->691->697->689->687->681->674->667->661->659->669->657->636->609->599->592->588->576->574->586->568->575->564->581->560->549->547->545->543->540->566->538->561->532->548->542->534->539->526->524->522->527->519->501->476->469->463->450->436->430->408->393->387->372->375->371->362->660->646->644->373->356->626->635->348->346->349->558->552->520->514->309->298->299->500->262->259->254->457->206->410->209->201->198->404->392->196->193->190->183->385->380->339->338->164->163->175->172->155->117->57->52->51->50->283->273->267->62->59->56->38->55->44->104->102->221->15->24->19->28->20->32->30->34->54->29->53->89->49->85->111->100->119->114->129->122->123->125->133->152->134->181->191->184->189->216->156->166->177->167->158->170->173->185->192->204->202->260->265->263->268->275->288->290->293->306->317->358->363->379->384->402->394->407->396->397->401->406->398->403->413->440->449->455->460->468->461->462->471->482->497->517->518->537->546->551->553->554->555->562->569->570->573->593->600->602->615->628->637->642->658->668->694->700->713->721->734->745->748->749->753->763->764->766->783->793->784->791->815->816->822->821->826->830->839->842->849->852->860->864->866->875->867->870->880->882->889->887->893->894->910->933->944->946->948->976->978->985->991->995->1017->1024->1031->1068->1071->1077->1079->1091->1092->1100->1110->1120->1116->1122->1139->1167->1168->1181->1173->1175->1178->1192->1204->1180->1182->1184->1193->1205->1210->1223->1229->1230->1241->1232->1237->1242->1244->1251->1269->1275->1278->1296->1322->1330->1348->1364->1353->1358->1366->1362->1368->1379->1382->1387->1390->1403->1417->1434->1428->1453->1462->1463->1481->1497->1500->1502->1503->1508->1510->1512->1531->1522->1518->1528->1540->1542->1554->1555->1568->1576->1582->1583->1594->1586->1590->1600->1599->1618->1593->1601->1595->1607->1616->1620->1630->1633->1641->1680->1688->1719->1739->1751->1982,1982->2000
N2000_C5_I1,2000,6198,100,2979,75,1968,2000,0.9,0.5,20.5,0.9,597399.928,1986,481,1986_S003,near,0.40480000000000077,0.002361,0.005061,0.1692,0.0338,0.038861,8.6,1.1502645786533523,1968->1807->1789->1788->1781->1779->1774->1771->1784->1780->1778->1767->1764->1763->1740->1736->1735->1731->1718->1713->1707->1693->1681->1677->1672->1665->1664->1655->1649->1643->1637->1628->1610->1587->1579->1552->1550->1548->1530->1537->1525->1492->1490->1488->1495->1479->1486->1471->1465->1460->1430->1423->1401->1391->1384->1380->1374->1373->1369->1359->1355->1344->1311->1301->1310->1298->1290->1281->1274->1270->1279->1262->1257->1254->1252->1234->1231->1219->1206->1228->1203->1194->1197->1177->1170->1153->1152->1149->1142->1134->1130->1125->1117->1113->1129->1111->1099->1089->1075->1069->1065->1064->1063->1051->1055->1042->1039->1050->1037->1036->1027->1006->988->981->969->961->929->924->917->912->907->904->903->896->892->905->888->885->878->877->874->865->857->856->851->818->813->810->812->805->786->762->761->776->757->755->741->725->715->711->708->723->705->696->691->697->689->687->681->674->667->659->669->657->636->609->599->592->588->576->574->586->568->575->564->560->549->547->545->543->540->566->561->532->542->530->534->539->526->524->522->527->519->501->476->469->463->467->450->437->436->430->408->393->387->381->680->663->688->677->660->362->373->356->350->353->365->348->635->626->625->606->366->349->344->334->337->331->594->587->329->324->321->309->298->299->289->284->491->487->485->479->262->259->254->235->233->232->230->424->425->438->441->451->206->209->201->198->196->392->193->190->183->178->339->338->341->335->333->326->318->301->155->172->175->115->105->51->52->61->65->62->101->182->1->2->5->9->10->13->14->15->8->12->24->19->28->22->26->33->32->45->27->34->54->53->29->89->98->94->67->85->111->119->114->122->123->125->133->152->134->181->191->184->189->194->143->146->216->223->166->158->167->177->187->195->211->170->173->212->227->192->197->204->202->260->263->275->288->290->293->306->317->358->363->379->384->402->394->407->396->397->401->406->398->403->413->440->449->455->460->468->461->462->471->482->495->497->517->518->537->546->551->553->555->562->569->570->573->593->600->602->615->628->637->642->658->668->694->700->709->713->721->734->745->748->749->753->763->764->766->783->793->784->791->815->816->822->821->826->830->839->854->842->849->852->860->864->876->866->867->870->880->882->887->893->894->910->933->944->946->956->948->976->978->985->991->995->1017->1024->1031->1068->1071->1077->1079->1091->1100->1110->1120->1122->1139->1167->1168->1181->1173->1175->1178->1192->1199->1204->1180->1182->1184->1193->1205->1210->1223->1229->1230->1241->1232->1237->1242->1244->1251->1269->1275->1278->1296->1322->1330->1348->1364->1353->1358->1366->1362->1368->1385->1379->1381->1387->1390->1403->1417->1434->1426->1428->1453->1462->1463->1481->1497->1500->1502->1503->1508->1510->1512->1521->1522->1531->1518->1528->1540->1542->1554->1555->1568->1576->1582->1583->1594->1586->1588->1599->1618->1593->1601->1595->1607->1616->1620->1630->1633->1641->1680->1688->1719->1739->1751->1940->1941->1951->1969->1980->1978->1982->1986,1986->2000
N2000_C6_I1,2000,6198,100,2979,75,1968,2000,0.9,0.5,20.5,0.9,683911.406,1941,666,1941_S001,near,1.1105000000000003,0.001743,0.003911,0.2561,0.0512,0.055111,8.49,1.6455380965273028,1968->1955->1807->1789->1806->1781->1779->1774->1784->1771->1780->1778->1766->1764->1740->1736->1735->1731->1718->1713->1707->1693->1689->1681->1677->1672->1665->1664->1655->1649->1640->1643->1637->1628->1610->1587->1579->1552->1550->1548->1530->1537->1525->1524->1492->1490->1488->1495->1479->1486->1471->1465->1460->1430->1423->1406->1401->1391->1384->1386->1380->1374->1373->1369->1359->1355->1344->1311->1301->1310->1298->1290->1281->1274->1270->1279->1262->1257->1254->1252->1219->1206->1212->1228->1203->1194->1197->1177->1170->1153->1152->1149->1142->1134->1130->1125->1117->1113->1129->1111->1105->1099->1089->1075->1069->1065->1064->1063->1051->1042->1039->1050->1037->1036->1027->1006->988->981->969->961->929->924->917->912->907->904->903->896->892->905->888->885->878->877->874->865->861->857->856->851->813->810->812->805->786->762->776->761->757->755->741->725->715->711->708->705->696->691->697->698->689->687->681->674->667->661->659->669->657->636->609->599->592->588->576->574->586->568->575->581->560->549->547->545->543->540->538->566->561->532->542->530->539->526->525->527->522->508->519->501->476->469->463->467->450->437->436->430->415->408->393->387->381->680->663->677->375->371->362->361->356->350->365->348->346->349->558->314->509->299->500->259->254->235->457->451->441->206->209->410->404->392->390->196->193->190->183->370->380->339->338->335->168->164->163->175->172->112->110->105->52->61->65->62->59->82->171->182->9->10->11->15->8->12->18->24->19->28->20->32->30->33->27->34->54->53->29->49->67->85->100->119->114->122->123->125->133->134->181->191->184->194->143->146->156->187->177->167->166->223->211->173->185->197->204->202->260->263->268->275->288->290->293->306->317->358->363->379->384->394->407->396->397->401->406->398->399->403->413->440->449->453->455->460->468->471->482->495->497->517->518->536->537->546->551->553->555->562->569->570->573->593->600->602->615->628->637->642->658->668->694->700->709->713->721->734->745->748->749->753->763->764->766->783->793->791->815->816->821->826->830->839->854->849->852->860->864->876->866->867->870->880->882->887->893->894->910->933->944->946->948->976->978->985->991->995->1011->1017->1024->1031->1068->1071->1077->1079->1091->1100->1110->1120->1116->1122->1139->1167->1168->1173->1175->1178->1192->1204->1180->1182->1184->1193->1205->1210->1223->1229->1230->1241->1232->1237->1242->1244->1251->1269->1275->1278->1296->1322->1330->1348->1364->2000->1978->1980->1969->1951->1941,1941->2000
N2000_C7_I1,2000,6198,100,2979,75,1968,2000,0.9,0.5,20.5,0.9,619516.951,1982,514,1982_S001,near,0.26320000000000066,0.00162,0.003289,0.178,0.0356,0.038889,6.46,0.9911124790173306,1968->1807->1789->1788->1806->1781->1779->1774->1784->1780->1778->1766->1764->1740->1736->1735->1731->1718->1713->1707->1693->1689->1681->1677->1687->1672->1665->1673->1664->1655->1649->1640->1643->1637->1628->1610->1587->1579->1552->1550->1548->1547->1530->1537->1525->1524->1492->1490->1488->1495->1479->1486->1471->1465->1460->1430->1423->1406->1401->1391->1384->1386->1380->1374->1373->1369->1359->1355->1344->1311->1301->1310->1298->1290->1281->1274->1270->1279->1262->1257->1254->1252->1219->1206->1228->1203->1194->1197->1183->1177->1170->1153->1152->1149->1142->1134->1130->1125->1117->1113->1129->1111->1099->1089->1075->1069->1065->1064->1063->1051->1042->1039->1050->1037->1036->1027->1006->988->981->969->929->924->917->912->907->904->903->896->892->905->888->885->878->877->874->865->857->856->851->818->813->810->812->805->786->762->776->757->755->741->725->715->711->708->723->705->696->691->697->689->687->695->681->674->667->661->659->657->636->609->599->592->588->576->574->586->568->575->581->564->560->549->547->545->543->540->566->561->548->542->534->539->526->525->527->522->508->519->501->476->469->463->467->450->439->437->436->430->415->408->393->706->690->387->381->372->375->371->362->373->361->356->350->353->365->348->346->349->366->344->334->337->331->521->321->309->298->296->289->284->491->487->485->479->475->458->464->456->457->451->441->438->233->232->244->230->229->219->217->228->210->410->198->392->193->196->390->383->380->370->174->168->164->163->130->120->117->110->142->124->105->52->61->65->126->127->106->220->16->11->15->24->19->28->22->26->33->27->45->32->30->34->54->53->89->49->67->85->111->119->114->122->123->125->133->152->134->181->191->143->146->156->166->167->177->195->223->211->212->227->224->185->192->204->202->260->263->275->288->290->293->306->317->358->363->379->384->402->394->407->396->397->401->406->398->399->403->413->440->454->449->455->460->468->462->471->482->497->517->518->537->546->551->553->554->555->562->569->570->573->593->600->602->615->628->637->642->658->668->694->700->713->721->734->745->748->749->753->763->764->766->783->793->791->815->816->822->821->826->830->839->842->849->852->860->864->876->866->875->867->870->880->882->887->893->894->910->933->944->946->948->976->978->985->991->995->1017->1024->1031->1068->1071->1077->1079->1091->1100->1110->1120->1122->1139->1167->1168->1173->1175->1189->1191->1192->1180->1204->1182->1184->1193->1205->1210->1223->1229->1230->1241->1232->1237->1242->1244->1251->1269->1275->1278->1296->1322->1330->1348->1364->1353->1358->1361->1362->1368->1379->1381->1382->1387->1390->1403->1417->1434->1428->1453->1462->1463->1481->1497->1499->1500->1502->1503->1508->1510->1512->1531->1518->1528->1540->1542->1554->1555->1568->1576->1582->1583->1594->1586->1588->1590->1600->1618->1593->1601->1604->1595->1607->1616->1620->1633->1641->1680->1688->1719->1739->1751->1951->1969->1980->1978->1982,1982->2000
N2000_C8_I1,2000,6198,100,2979,75,1968,2000,0.1,0.5,20.5,0.1,199567.463,1982,514,1982_S001,near,0.26320000000000066,0.00162,0.003289,0.178,0.0356,0.038889,6.46,0.9911124790173306,1968->1807->1789->1788->1806->1781->1779->1774->1784->1780->1778->1766->1764->1740->1736->1735->1731->1718->1713->1707->1693->1689->1681->1677->1687->1672->1665->1673->1664->1655->1649->1640->1643->1637->1628->1610->1587->1579->1552->1550->1548->1547->1530->1537->1525->1524->1492->1490->1488->1495->1479->1486->1471->1465->1460->1430->1423->1406->1401->1391->1384->1386->1380->1374->1373->1369->1359->1355->1344->1311->1301->1310->1298->1290->1281->1274->1270->1279->1262->1257->1254->1252->1219->1206->1228->1203->1194->1197->1183->1177->1170->1153->1152->1149->1142->1134->1130->1125->1117->1113->1129->1111->1099->1089->1075->1069->1065->1064->1063->1051->1042->1039->1050->1037->1036->1027->1006->988->981->969->929->924->917->912->907->904->903->896->892->905->888->885->878->877->874->865->857->856->851->818->813->810->812->805->786->762->776->757->755->741->725->715->711->708->723->705->696->691->697->689->687->695->681->674->667->661->659->657->636->609->599->592->588->576->574->586->568->575->581->564->560->549->547->545->543->540->566->561->548->542->534->539->526->525->527->522->508->519->501->476->469->463->467->450->439->437->436->430->415->408->393->706->690->387->381->372->375->371->362->373->361->356->350->353->365->348->346->349->366->344->334->337->331->521->321->309->298->296->289->284->491->487->485->479->475->458->464->456->457->451->441->438->233->232->244->230->229->219->217->228->210->410->198->392->193->196->390->383->380->370->174->168->164->163->130->120->117->110->142->124->105->52->61->65->126->127->106->220->16->11->15->24->19->28->22->26->33->27->45->32->30->34->54->53->89->49->67->85->111->119->114->122->123->125->133->152->134->181->191->143->146->156->166->167->177->195->223->211->212->227->224->185->192->204->202->260->263->275->288->290->293->306->317->358->363->379->384->402->394->407->396->397->401->406->398->399->403->413->440->454->449->455->460->468->462->471->482->497->517->518->537->546->551->553->554->555->562->569->570->573->593->600->602->615->628->637->642->658->668->694->700->713->721->734->745->748->749->753->763->764->766->783->793->791->815->816->822->821->826->830->839->842->849->852->860->864->876->866->875->867->870->880->882->887->893->894->910->933->944->946->948->976->978->985->991->995->1017->1024->1031->1068->1071->1077->1079->1091->1100->1110->1120->1122->1139->1167->1168->1173->1175->1189->1191->1192->1180->1204->1182->1184->1193->1205->1210->1223->1229->1230->1241->1232->1237->1242->1244->1251->1269->1275->1278->1296->1322->1330->1348->1364->1353->1358->1361->1362->1368->1379->1381->1382->1387->1390->1403->1417->1434->1428->1453->1462->1463->1481->1497->1499->1500->1502->1503->1508->1510->1512->1531->1518->1528->1540->1542->1554->1555->1568->1576->1582->1583->1594->1586->1588->1590->1600->1618->1593->1601->1604->1595->1607->1616->1620->1633->1641->1680->1688->1719->1739->1751->1951->1969->1980->1978->1982,1982->2000
N2000_C9_I1,2000,6198,100,2979,46,1968,2000,0.9,0.5,15.0,0.9,231870.425,1986,481,1986_S003,near,0.27770000000000056,0.002361,0.005061,0.1692,0.0338,0.038861,8.6,1.0657854941833995,1968->1807->1789->1788->1781->1779->1774->1771->1784->1780->1778->1767->1764->1740->1736->1735->1731->1718->1713->1707->1697->1693->1681->1677->1702->1687->1672->1665->1664->1655->1649->1640->1643->1637->1628->1610->1587->1579->1552->1550->1548->1547->1530->1537->1525->1492->1490->1488->1495->1479->1486->1471->1465->1460->1430->1423->1401->1391->1384->1386->1380->1374->1373->1369->1359->1355->1344->1311->1301->1310->1298->1290->1281->1274->1270->1279->1262->1257->1254->1252->1219->1206->1228->1203->1194->1197->1183->1177->1170->1153->1152->1149->1142->1134->1130->1125->1117->1113->1129->1111->1099->1089->1075->1069->1065->1064->1063->1051->1042->1039->1050->1037->1036->1027->1006->988->981->969->961->929->924->917->912->904->903->896->892->905->888->885->878->877->874->865->857->856->851->818->813->810->812->805->786->762->776->761->757->755->725->715->711->708->705->696->691->697->689->687->695->681->674->667->661->659->657->636->609->599->592->588->576->574->586->568->575->564->581->560->549->547->545->543->540->538->566->561->548->532->542->530->534->539->526->524->525->527->519->508->501->476->469->463->450->436->430->408->393->387->690->680->663->688->677->660->646->638->361->356->626->608->616->603->614->337->558->552->520->514->309->298->500->259->254->235->233->232->244->424->420->229->217->228->210->410->404->392->193->190->183->178->339->338->164->163->175->115->117->120->130->138->147->137->364->357->354->323->42->81->102->221->17->18->24->19->20->28->22->30->33->45->27->34->54->29->89->98->94->67->85->111->119->114->122->123->125->133->152->134->181->191->143->194->189->216->156->166->158->173->170->211->212->227->185->192->199->204->202->260->265->263->268->275->288->290->293->306->317->358->363->379->384->394->407->396->397->401->406->398->399->403->413->440->454->449->453->455->460->468->471->482->497->517->518->537->546->551->553->554->555->562->569->570->573->593->600->602->615->628->637->642->658->668->694->700->709->713->721->734->745->748->749->753->763->764->766->783->793->784->791->815->816->821->826->830->839->842->854->849->852->860->864->876->866->867->870->880->882->887->893->894->910->933->944->946->948->976->978->985->991->995->1011->1017->1024->1031->1071->1077->1079->1091->1092->1100->1110->1120->1116->1122->1139->1167->1168->1181->1175->1189->1191->1192->1180->1204->1182->1184->1193->1205->1210->1223->1229->1230->1241->1232->1237->1242->1244->1251->1269->1275->1278->1296->1322->1330->1348->1364->1353->1358->1361->1362->1368->1385->1379->1382->1387->1390->1403->1417->1434->1426->1428->1453->1462->1463->1481->1497->1500->1502->1503->1508->1510->1512->1521->1522->1518->1528->1540->1542->1554->1555->1568->1576->1582->1583->1594->1586->1590->1600->1618->1593->1601->1595->1604->1607->1616->1620->1630->1633->1641->1680->1688->1719->1739->1751->1986,1986->2000
N2055_C10_I1,2055,5299,103,3055,10,1824,283,0.9,0.5,20.5,0.9,314790.141,915,441,915_S001,near,0.22700000000000004,0.001625,0.003412,0.1965,0.0393,0.042712,18.23,1.0245244348614513,1824->1969->193->2023->2008->2006->1233->157->155->1820->1972->684->450->498->496->495->2031->1749->962->1984->1756->2010->1979->1090->2009->206->207->540->468->208->1873->1997->1740->1083->1373->1203->1204->1863->1993->1742->2015->1082->426->926->1185->1179->1576->494->917->493->483->1084->484->1079->1078->1647->852->851->850->1285->1640->1463->1523->1644->799->1085->800->168->1679->6->5->1365->915,915->283
N2055_C1_I1,2055,5299,103,3055,40,1824,283,0.9,0.5,20.5,0.9,271926.368,487,476,487_S001,near,0.21579999999999996,0.001421,0.00237,0.0655,0.0131,0.015470000000000001,19.66,0.8682516352837062,1824->1969->193->2023->2008->2006->1233->157->155->1820->1972->497->496->495->2031->299->1096->865->866->2010->1979->1090->2009->206->207->540->468->208->1873->1997->1874->1258->893->1266->892->1711->1875->891->1277->1273->1275->1270->1267->1860->2014->1177->427->65->1313->1314->1312->2022->2013->1961->1172->1170->1962->636->802->1086->1087->800->168->1679->6->5->1365->915->487,487->283
N2055_C2_I1,2055,5983,103,3055,40,1824,283,0.9,0.5,20.5,0.9,13668.38,915,441,915_S001,near,0.19560000000000008,0.001623,0.003411,0.1965,0.0393,0.042711,9.08,13.864436000000005,1824->1969->193->2023->2008->2006->1233->157->1844->1845->346->936->347->167->1151->194->1977->40->1904->2025->227->2011->270->501->764->1879->127->1643->1852->2053->1620->476->1583->475->1518->775->774->2->2040->1099->1514->1648->1649->168->1679->6->5->1365->1675->1676->915,915->283
N2055_C3_I1,2055,5503,205,6078,40,1824,283,0.9,0.5,20.5,0.9,133624.897,487,478,487_S003,near,0.21180000000000002,0.002337,0.004239,0.0655,0.0131,0.017339,19.94,0.8655947245141744,1824->1969->193->2023->2008->2006->1233->157->155->1820->1972->497->496->495->2031->1749->962->1984->1756->2010->1979->1090->2009->206->207->540->468->208->1873->1997->1740->1083->1373->1203->2015->228->1744->1082->426->926->1185->2014->1177->427->65->1313->637->1311->2013->1961->1172->1170->1962->636->802->1086->1085->800->168->1679->6->5->1365->1675->1674->82->489->488->487,487->283
N2055_C4_I1,2055,5299,103,3055,93,1824,283,0.9,1.0,20.5,0.9,214411.551,1678,158,1678_S001,near,0.20839999999999997,0.001739,0.003606,0.418,0.0836,0.08720599999999999,12.26,0.8052015680963902,1824->1969->193->2023->2008->2006->1233->157->155->1820->1972->497->496->495->2031->1749->962->1984->1756->2010->1979->1090->2009->206->207->540->468->208->1873->1997->1740->1083->1373->1203->2015->1082->426->926->1185->2014->1576->494->917->493->483->1084->484->1081->854->853->1280->1164->1165->1286->1282->1283->1284->1285->1640->1644->799->1085->800->168->1679->1505->1508->1678,1678->283
N2055_C5_I1,2055,5299,103,3055,40,1824,283,0.9,0.5,20.5,0.9,148750.559,5,234,5_S002,near,0.2551000000000001,0.002426,0.006412,0.4099,0.082,0.088412,12.43,1.0690990396129187,1824->1969->193->2023->2008->2006->1233->157->155->1820->1972->497->496->495->2031->299->1096->865->866->2010->1979->1090->2009->206->207->540->468->208->1083->1373->1203->2015->1082->426->926->1185->2014->1177->427->65->1313->1314->1312->2022->1173->1171->1168->1166->1169->1099->2040->1100->636->802->803->804->1112->1087->800->168->1679->6->5,5->283
N2055_C6_I1,2055,5299,103,3055,40,1824,283,0.9,0.5,20.5,0.9,102869.009,1678,159,1678_S002,near,0.4800999999999999,0.002549,0.006899,0.418,0.0836,0.090499,12.17,0.9963197948004558,1824->1969->193->2023->2008->2006->1233->157->2001->253->1232->1245->342->75->259->1847->1995->1846->567->1971->1211->933->22->1220->23->932->931->2032->2036->2035->247->2033->2037->2043->1158->223->1157->923->633->1421->909->660->911->891->1277->1273->1275->1270->1267->1860->2014->1177->1575->1779->1176->492->1084->484->1081->1302->1080->1280->852->851->850->1525->1542->1497->1646->1422->1514->1648->1649->168->1679->1505->1508->1678,1678->283
N2055_C7_I1,2055,5299,103,3055,40,1824,283,0.9,0.5,20.5,0.9,138614.79,487,476,487_S001,near,0.21579999999999996,0.001421,0.00237,0.0655,0.0131,0.015470000000000001,19.66,0.8682516352837062,1824->1969->193->2023->2008->2006->1233->157->155->1820->1972->497->496->495->2031->299->1096->865->866->2010->1979->1090->2009->206->207->540->468->208->1873->1997->1874->1258->893->1266->892->1711->1875->891->1277->1273->1275->1270->1267->1860->2014->1177->427->65->1313->1314->1312->2022->2013->1961->1172->1170->1962->636->802->1086->1087->800->168->1679->6->5->1365->915->487,487->283
N2055_C8_I1,2055,5299,103,3055,40,1824,283,0.1,0.5,20.5,0.1,97270.551,487,476,487_S001,near,0.21579999999999996,0.001421,0.00237,0.0655,0.0131,0.015470000000000001,19.66,0.8682516352837062,1824->1969->193->2023->2008->2006->1233->157->155->1820->1972->497->496->495->2031->299->1096->865->866->2010->1979->1090->2009->206->207->540->468->208->1873->1997->1874->1258->893->1266->892->1711->1875->891->1277->1273->1275->1270->1267->1860->2014->1177->427->65->1313->1314->1312->2022->2013->1961->1172->1170->1962->636->802->1086->1087->800->168->1679->6->5->1365->915->487,487->283
N2055_C9_I1,2055,5299,103,3055,19,1824,283,0.9,0.5,15.0,0.9,140298.383,915,444,915_S004,near,0.20969999999999997,0.002791,0.00631,0.1965,0.0393,0.04561,9.31,0.9262312624316107,1824->1969->193->2023->2008->2006->1233->157->155->1820->1972->497->496->495->2031->1749->962->1984->1756->2010->1979->1090->2009->206->207->540->468->208->1083->1373->1203->2015->228->1744->1082->426->926->1185->2014->1177->427->65->1313->1314->1312->2022->2013->1961->1172->1170->1962->636->802->1086->1085->800->168->1679->6->5->1365->915,915->283
N2055_PS_edge_density_baseline_5385_I1,2055,5299,103,3055,40,1824,283,0.9,0.5,20.5,0.9,12500.863,915,443,915_S003,near,0.2163,0.002402,0.005343,0.1965,0.0393,0.044643,9.22,15.142629999999997,1824->1969->193->2023->2008->2006->1233->157->2001->155->1820->1972->497->496->495->2031->299->1096->865->866->2010->1979->1090->2009->206->207->540->468->208->1873->1997->1740->1083->1373->1203->2015->1082->426->926->1185->1179->1254->494->917->493->483->1084->484->1079->1078->1647->852->851->850->1285->1640->1644->799->1085->800->168->1679->6->5->1365->915,915->283
N2055_PS_edge_density_dense_6069_I1,2055,5983,103,3055,40,1824,283,0.9,0.5,20.5,0.9,15608.602,488,357,488_S001,near,0.24769999999999998,0.001718,0.003954,0.2663,0.0533,0.057254,9.63,17.523288,1824->1969->193->2023->453->156->1244->1980->352->1996->348->896->566->895->838->565->930->835->836->837->950->220->1999->386->393->398->176->113->403->673->677->674->940->1109->269->270->1905->136->781->1928->770->1601->138->1967->801->1723->1823->1648->1649->1466->216->1673->489->82->1674->1675->1676->1677->488,488->283
N2055_PS_edge_density_denser_6753_I1,2055,6667,103,3055,40,1824,283,0.9,0.5,20.5,0.9,20136.576,487,478,487_S003,near,0.17539999999999997,0.002266,0.004168,0.0655,0.0131,0.017268,19.95,12.521435999999998,1824->1969->193->2023->2008->2006->1233->157->2001->1846->932->2043->1474->1048->1049->1047->660->911->891->1277->1273->1275->1274->1269->2013->1296->1932->1086->1087->800->168->1679->6->5->1365->915->487,487->283
N2055_PS_edge_density_densest_7437_I1,2055,7351,103,3055,40,1824,283,0.9,0.5,20.5,0.9,21747.091,488,357,488_S001,near,0.19710000000000003,0.001718,0.003954,0.2663,0.0533,0.057254,9.63,14.790888,1824->1969->193->2023->638->452->453->156->153->342->566->896->135->86->1151->194->1977->40->1904->2025->939->1594->941->1351->198->1609->785->1985->1939->76->137->794->271->796->1949->1674->82->489->488,488->283
N2055_PS_parking_budget_Cmax100_I1,2055,5299,103,3055,10,1824,283,0.9,0.5,10.0,0.9,12998.823,915,441,915_S001,near,0.22700000000000004,0.001623,0.003411,0.1965,0.0393,0.042711,9.08,15.560036000000002,1824->1969->193->2023->2008->2006->1233->157->155->1820->1972->684->450->498->496->495->2031->1749->962->1984->1756->2010->1979->1090->2009->206->207->540->468->208->1873->1997->1740->1083->1373->1203->1204->1863->1993->1742->2015->1082->426->926->1185->1179->1576->494->917->493->483->1084->484->1079->1078->1647->852->851->850->1285->1640->1463->1523->1644->799->1085->800->168->1679->6->5->1365->915,915->283
N2055_PS_parking_budget_Cmax150_I1,2055,5299,103,3055,19,1824,283,0.9,0.5,15.0,0.9,12288.383,915,441,915_S001,near,0.20810000000000003,0.001623,0.003411,0.1965,0.0393,0.042711,9.08,14.539436000000002,1824->1969->193->2023->2008->2006->1233->157->155->1820->1972->497->496->495->2031->1749->962->1984->1756->2010->1979->1090->2009->206->207->540->468->208->1873->1997->1740->1083->1373->1203->2015->1082->426->926->1185->2014->1177->427->65->1313->1314->1312->2022->1173->1171->1168->1166->1169->1099->2040->1100->636->485->1645->90->799->101->1646->1422->1514->1648->1649->168->1679->6->5->1365->915,915->283
N2055_PS_parking_budget_Cmax205_I1,2055,5299,103,3055,40,1824,283,0.9,0.5,20.5,0.9,12553.103,915,443,915_S003,near,0.2163,0.002402,0.005343,0.1965,0.0393,0.044643,9.22,15.142629999999997,1824->1969->193->2023->2008->2006->1233->157->2001->155->1820->1972->497->496->495->2031->299->1096->865->866->2010->1979->1090->2009->206->207->540->468->208->1873->1997->1740->1083->1373->1203->2015->1082->426->926->1185->1179->1254->494->917->493->483->1084->484->1079->1078->1647->852->851->850->1285->1640->1644->799->1085->800->168->1679->6->5->1365->915,915->283
N2055_PS_parking_budget_Cmax250_I1,2055,5299,103,3055,46,1824,283,0.9,0.5,25.0,0.9,12167.362,915,444,915_S004,near,0.21150000000000002,0.002879,0.006398,0.1965,0.0393,0.045698,9.28,14.972158,1824->1969->193->2023->2008->2006->1233->157->155->1820->1972->497->496->495->2031->1749->962->1984->1756->2010->1979->1090->2009->206->207->540->468->208->1873->1997->1740->1083->1373->1203->2015->1082->426->926->1185->2014->1576->494->917->493->483->1084->484->1081->854->1175->2012->1174->1164->1165->1286->1282->1281->1099->2040->1100->636->802->1086->1085->800->168->1679->6->5->1365->915,915->283
N2055_PS_parking_cost_100_225_I1,2055,5299,103,3055,27,1824,283,0.9,0.5,20.5,0.9,9568.056,915,441,915_S001,near,0.2142,0.001623,0.003411,0.1965,0.0393,0.042711,11.33,15.093836000000001,1824->1969->193->2023->2008->2006->1233->157->155->1820->1972->497->496->495->2031->1749->962->1984->1756->2010->1979->1090->2009->206->207->540->468->208->1083->1373->1203->2015->1082->426->926->1185->2014->1576->494->917->1779->1176->492->1084->484->1081->854->853->1280->852->851->850->1525->1542->1497->1646->1422->1514->1648->1649->168->1679->6->5->1365->915,915->283
N2055_PS_parking_cost_125_250_I1,2055,5299,103,3055,17,1824,283,0.9,0.5,20.5,0.9,12599.353,915,441,915_S001,near,0.2116,0.001623,0.003411,0.1965,0.0393,0.042711,14.32,15.252436000000001,1824->1969->193->2023->2008->2006->1233->157->155->1820->1972->497->496->495->2031->299->1096->865->866->2010->1979->1090->2009->206->207->540->468->208->1083->1373->1203->2015->228->1744->1082->426->926->1185->2014->1576->494->917->493->483->1084->484->1081->854->853->1280->1164->1174->1165->1286->1281->1099->2040->1100->636->802->803->804->1112->1087->800->168->1679->6->5->1365->915,915->283
N2055_PS_parking_cost_150_300_I1,2055,5299,103,3055,10,1824,283,0.9,0.5,20.5,0.9,11947.616,915,442,915_S002,near,0.23479999999999998,0.002006,0.00437,0.1965,0.0393,0.04367,18.33,16.978704,1824->1969->193->2023->2008->2006->454->597->596->594->592->685->451->450->498->496->495->2031->1749->962->1984->1756->2010->1979->1090->2009->206->207->540->468->208->1873->1997->1740->1083->1373->1203->2015->1082->426->926->1185->2014->1576->494->917->493->483->1084->484->1079->1078->1647->852->851->850->1285->1640->1463->1523->1644->799->1085->800->168->1679->6->5->1365->915,915->283
N2055_PS_parking_cost_80_205_I1,2055,5299,103,3055,40,1824,283,0.9,0.5,20.5,0.9,12434.019,915,443,915_S003,near,0.2163,0.002402,0.005343,0.1965,0.0393,0.044643,9.22,15.142629999999997,1824->1969->193->2023->2008->2006->1233->157->2001->155->1820->1972->497->496->495->2031->299->1096->865->866->2010->1979->1090->2009->206->207->540->468->208->1873->1997->1740->1083->1373->1203->2015->1082->426->926->1185->1179->1254->494->917->493->483->1084->484->1079->1078->1647->852->851->850->1285->1640->1644->799->1085->800->168->1679->6->5->1365->915,915->283
N2055_PS_parking_supply_P10_I1,2055,5505,206,6224,40,1824,283,0.9,0.5,20.5,0.9,13177.545,915,443,915_S003,near,0.2089,0.002402,0.005343,0.1965,0.0393,0.044643,9.22,14.74303,1824->1969->193->2023->2008->2006->1233->157->155->1820->1972->497->496->495->2031->1749->962->1984->1756->2010->1979->1090->2009->206->207->540->468->208->1083->1373->1203->2015->1082->426->926->1185->2014->1177->1575->1576->494->917->493->483->1084->484->1081->854->853->1280->1164->1174->1165->1286->1281->1099->2040->1100->636->802->803->804->1112->1087->800->168->1679->6->5->1365->915,915->283
N2055_PS_parking_supply_P15_I1,2055,5709,308,9316,40,1824,283,0.9,0.5,20.5,0.9,15219.155,1676,404,1676_S001,near,0.21730000000000005,0.001707,0.003616,0.2155,0.0431,0.046716,18.81,16.230042,1824->1969->193->2023->2008->2006->1233->157->155->1820->1972->497->496->495->2031->1749->962->1984->1756->2010->1979->1090->2009->206->207->540->468->208->1083->1373->1203->2015->1082->426->926->1185->2014->1177->1575->1779->1176->492->483->1084->484->1079->1078->1647->852->851->850->1285->1640->1497->1646->1422->1514->1648->1649->168->1679->6->5->1365->1675->1676,1676->283
N2055_PS_parking_supply_P20_I1,2055,5915,411,12360,40,1824,283,0.9,0.5,20.5,0.9,16879.368,1676,404,1676_S001,near,0.21640000000000004,0.001707,0.003616,0.2155,0.0431,0.046716,18.81,16.181442,1824->1969->193->2023->2008->2006->1233->157->155->1820->1972->497->496->495->2031->1749->962->1984->1756->2010->1979->1090->2009->206->207->540->468->208->1083->1373->1203->2015->1082->426->926->1185->1179->1254->494->917->493->483->1084->484->1079->1078->1647->852->851->850->1285->1640->1497->1646->1422->1514->1648->1649->168->1679->6->5->1365->1675->1676,1676->283
N2055_PS_parking_supply_P5_I1,2055,5299,103,3144,40,1824,283,0.9,0.5,20.5,0.9,9981.239,1678,160,1678_S003,near,0.21780000000000008,0.003092,0.008586,0.418,0.0836,0.09218599999999999,12.27,18.133212000000004,1824->1969->193->2023->2008->2006->1233->157->2001->253->1232->1245->342->75->259->1847->1995->1846->567->1971->1211->933->22->1220->23->1126->1123->1221->1789->1141->1788->1134->1138->1132->1135->1130->1129->1128->25->479->652->1292->533->908->909->660->659->658->657->1851->1877->1975->1821->14->1295->1297->1296->1932->1298->1294->239->1931->1930->1991->119->1301->804->1112->1087->800->168->1679->1505->1508->1678,1678->283
N2055_PS_spot_availability_A10_I1,2055,5299,103,3055,40,1824,283,0.9,0.5,20.5,0.9,12503.794,915,443,915_S003,near,0.2163,0.002402,0.005343,0.1965,0.0393,0.044643,9.22,15.142629999999997,1824->1969->193->2023->2008->2006->1233->157->2001->155->1820->1972->497->496->495->2031->299->1096->865->866->2010->1979->1090->2009->206->207->540->468->208->1873->1997->1740->1083->1373->1203->2015->1082->426->926->1185->1179->1254->494->917->493->483->1084->484->1079->1078->1647->852->851->850->1285->1640->1644->799->1085->800->168->1679->6->5->1365->915,915->283
N2055_PS_spot_availability_A20_I1,2055,5299,103,3055,69,1824,283,0.9,0.5,20.5,0.9,12194.7,487,480,487_S005,near,0.23350000000000007,0.003229,0.006084,0.0655,0.0131,0.019184,20.24,15.843302000000003,1824->1969->193->2023->2008->2006->1233->157->2001->253->1232->1245->342->75->259->1847->1995->1846->567->1205->840->1212->839->1207->22->1220->23->1126->932->931->930->2036->2035->247->2033->2034->949->223->921->922->106->105->923->633->1421->909->660->659->658->657->1851->1877->1975->1821->14->1295->1294->239->1931->1930->1991->119->1301->804->1112->1781->1427->60->1967->801->1723->1724->1726->1551->1728->151->1524->1714->914->487,487->283
N2055_PS_spot_availability_A30_I1,2055,5299,103,3055,94,1824,283,0.9,0.5,20.5,0.9,15384.364,915,442,915_S002,near,0.2336,0.002006,0.00437,0.1965,0.0393,0.04367,9.15,15.995904,1824->1969->193->2023->2008->2006->1233->157->155->1820->1972->497->496->495->2031->1749->962->1984->1756->2010->1979->1090->2009->206->207->540->468->863->864->530->534->282->533->908->909->660->911->891->1277->1273->1275->1270->1267->1860->2014->1177->427->65->1313->1314->1312->2022->1173->1171->1168->1169->1099->2040->1100->636->485->1645->90->799->1085->800->168->1679->6->5->1365->915,915->283
N2055_PS_spot_availability_A40_I1,2055,5299,103,3055,108,1824,283,0.9,0.5,20.5,0.9,12710.244,62,210,62_S002,near,0.2073,0.002651,0.007067,0.4142,0.0828,0.089867,9.91,17.181171999999997,1824->1969->193->2023->2008->2006->1233->157->155->1820->1972->497->496->495->2031->1749->962->1984->1756->2010->1979->1090->2009->206->207->540->468->208->1083->1373->1203->2015->1082->426->926->1185->2014->1576->494->917->493->483->1084->484->1081->854->853->1280->852->851->850->1285->1640->1497->1646->1422->1514->1648->1649->168->1679->6->5->62,62->283
N2055_PS_spots_per_lot_S1020_I1,2055,5299,103,1834,22,1824,283,0.9,0.5,20.5,0.9,12499.998,1678,121,1678_S011,near,0.19760000000000003,0.002469,0.008869,0.418,0.0836,0.092469,11.45,16.942052,1824->1969->193->2023->2008->2006->1233->157->155->1820->1972->497->496->495->2031->1749->962->1984->1756->2010->1979->1090->2009->206->207->540->468->208->1873->1997->1740->1083->1373->1203->2015->1082->426->926->1185->2014->1177->427->65->1313->637->1311->2013->1961->1172->1170->1962->636->802->803->804->1112->1087->800->168->1679->1505->1508->1678,1678->283
N2055_PS_spots_per_lot_S2040_I1,2055,5299,103,3666,29,1824,283,0.9,0.5,20.5,0.9,11726.519,487,629,487_S012,near,0.2171,0.00286,0.005939,0.0655,0.0131,0.019039,19.82,14.887945999999998,1824->1969->193->2023->2008->2006->1233->157->155->1820->1972->497->496->495->2031->1749->962->1984->1756->2010->1979->1090->2009->206->207->540->468->208->1873->1997->1740->1083->1373->1203->2015->228->1744->1082->426->926->1185->1179->1254->494->917->493->483->1084->484->1081->854->853->1280->852->851->850->1525->1542->1497->1646->1422->1514->1648->1649->168->1679->6->5->1365->915->487,487->283
N2055_PS_spots_per_lot_S4060_I1,2055,5299,103,5494,35,1824,283,0.9,0.5,20.5,0.9,11462.588,487,919,487_S001,near,0.2091,0.001,0.0018,0.0655,0.0131,0.0149,19.08,14.058,1824->1969->193->2023->2008->2006->1233->157->155->1820->1972->497->496->495->2031->1749->962->1984->1756->2010->1979->1090->2009->206->207->540->468->208->1083->1373->1203->2015->1082->426->926->1185->2014->1177->427->65->1313->1314->1312->2022->1173->1171->1168->1166->1169->1099->2040->1100->636->802->1086->1087->800->168->1679->6->5->1365->915->487,487->283
N2055_PS_spots_per_lot_S6080_I1,2055,5299,103,7328,40,1824,283,0.9,0.5,20.5,0.9,13514.256,915,1178,915_S029,mid,0.20810000000000003,0.004508,0.012393,0.1965,0.0393,0.051693,9.03,15.175254,1824->1969->193->2023->2008->2006->1233->157->155->1820->1972->497->496->495->2031->1749->962->1984->1756->2010->1979->1090->2009->206->207->540->468->208->1873->1997->1740->1083->1373->1203->2015->1082->426->926->1185->2014->1177->427->65->1313->1314->1312->2022->1173->1171->1168->1166->1169->1099->2040->1100->636->485->1645->90->799->101->1646->1422->1514->1648->1649->168->1679->6->5->1365->915,915->283
N2055_PS_traffic_high_I1,2055,5299,103,3055,40,1824,283,0.9,0.5,20.5,0.9,6541.041,5,235,5_S003,near,0.6156000000000001,0.002756,0.007574,0.4099,0.082,0.089574,12.54,39.482220000000005,1824->1969->193->2023->2008->2006->1233->157->155->1820->1972->497->496->495->2031->1749->962->1984->1756->2010->1979->1090->2009->206->207->540->468->208->1083->1373->1203->2015->228->1744->1082->426->926->1185->2014->1177->427->65->1313->637->1311->2013->1961->1172->1170->1962->636->485->1645->90->799->1085->800->168->1679->6->5,5->283
N2055_PS_traffic_low_I1,2055,5299,103,3055,40,1824,283,0.9,0.5,20.5,0.9,12474.754,915,443,915_S003,near,0.2163,0.002402,0.005343,0.1965,0.0393,0.044643,9.22,15.142629999999997,1824->1969->193->2023->2008->2006->1233->157->2001->155->1820->1972->497->496->495->2031->299->1096->865->866->2010->1979->1090->2009->206->207->540->468->208->1873->1997->1740->1083->1373->1203->2015->1082->426->926->1185->1179->1254->494->917->493->483->1084->484->1079->1078->1647->852->851->850->1285->1640->1644->799->1085->800->168->1679->6->5->1365->915,915->283
N2055_PS_traffic_medium_I1,2055,5299,103,3055,40,1824,283,0.9,0.5,20.5,0.9,11511.481,487,478,487_S003,near,0.3875,0.002266,0.004168,0.0655,0.0131,0.017268,19.95,23.974836,1824->1969->1732->428->2004->2003->2000->1752->486->55->1753->21->54->382->383->303->380->1871->376->341->80->302->79->305->307->1994->339->340->1799->301->319->1898->345->36->35->1733->1897->359->1896->135->1687->1908->500->1754->929->1239->898->386->1999->1900->1998->85->1151->1148->1161->2047->1290->162->163->478->83->235->477->1586->925->1588->1487->1584->1878->890->1975->1821->14->1295->1294->239->1931->1930->1991->119->1301->804->803->802->1086->1087->800->168->1679->6->5->1365->915->487,487->283
N2055_PS_traffic_very_low_I1,2055,5299,103,3055,40,1824,283,0.9,0.5,20.5,0.9,11597.716,915,441,915_S001,near,0.1839,0.001623,0.003411,0.1965,0.0393,0.042711,9.08,13.232636000000001,1824->1969->193->2023->2008->2006->1233->157->155->1820->1972->497->496->495->2031->1749->962->1984->1756->2010->1979->1090->2009->206->207->540->468->208->1083->1373->1203->2015->1082->426->926->1185->2014->1177->1575->1779->1176->492->1084->484->1081->854->853->1280->852->851->850->1525->1542->1497->1646->1422->1514->1648->1649->168->1679->6->5->1365->915,915->283
N2055_PS_walking_distance_W025_I1,2055,5299,103,3055,11,1824,283,0.9,0.25,20.5,0.9,12856.317,915,443,915_S003,near,0.25030000000000013,0.002402,0.005343,0.1965,0.0393,0.044643,9.22,16.97863000000001,1824->1969->193->2023->2008->2006->1233->157->155->1820->1972->497->496->38->1995->1847->259->75->342->153->156->1244->1980->1986->2055->1910->343->1243->1371->1909->897->500->2018->1988->928->899->52->683->53->1251->18->1151->1148->1161->2047->161->162->163->478->83->235->477->1586->925->1588->1487->1587->890->1975->1821->14->1295->1297->637->1311->1312->2022->2012->1174->1164->1165->1286->1281->1099->2040->1100->636->485->1645->1501->1523->1463->1640->1497->1646->1422->1514->1648->1649->168->1679->6->5->1365->1675->1676->915,915->283
N2055_PS_walking_distance_W050_I1,2055,5299,103,3055,40,1824,283,0.9,0.5,20.5,0.9,12511.519,915,443,915_S003,near,0.2163,0.002402,0.005343,0.1965,0.0393,0.044643,9.22,15.142629999999997,1824->1969->193->2023->2008->2006->1233->157->2001->155->1820->1972->497->496->495->2031->299->1096->865->866->2010->1979->1090->2009->206->207->540->468->208->1873->1997->1740->1083->1373->1203->2015->1082->426->926->1185->1179->1254->494->917->493->483->1084->484->1079->1078->1647->852->851->850->1285->1640->1644->799->1085->800->168->1679->6->5->1365->915,915->283
N2055_PS_walking_distance_W075_I1,2055,5299,103,3055,54,1824,283,0.9,0.75,20.5,0.9,10966.578,487,477,487_S002,near,0.21560000000000004,0.00187,0.003296,0.0655,0.0131,0.016396,19.82,14.610764000000003,1824->1969->193->2023->2008->2006->1233->157->155->1820->1972->497->496->495->2031->1749->962->1984->1756->2010->1979->1090->2009->206->207->540->468->208->1873->1997->1740->1083->1373->1203->2015->1082->426->926->1185->2014->1177->427->65->1313->637->1311->2013->1961->1172->1173->1171->1168->1166->1169->1099->2040->1100->636->485->1645->90->799->101->1646->1422->1514->1648->1649->168->1679->6->5->1365->915->487,487->283
N2055_PS_walking_distance_W100_I1,2055,5299,103,3055,96,1824,283,0.9,1.0,20.5,0.9,11895.734,488,358,488_S002,near,0.22590000000000002,0.00231,0.005481,0.2663,0.0533,0.058781,9.77,16.474514000000003,1824->1969->193->2023->2008->2006->1233->157->155->1820->1972->684->450->498->496->495->2031->1749->962->1984->1756->2010->1979->1090->2009->206->207->540->468->208->1873->1997->1874->1258->893->1266->892->1711->1875->891->1876->657->1851->1877->1975->1821->14->1295->1294->239->1931->1930->1991->119->1301->804->1112->1087->800->168->1679->6->5->1365->1675->1676->1677->488,488->283
N20_C10_I1,20,62,2,68,3,1,20,0.9,0.5,20.5,0.9,899.09,18,35,18_S001,near,0.0205,0.001925,0.004695,0.35,0.07,0.07469500000000001,14.86,0.9692688124196643,1->5->6->10->11->15->18,18->20
N20_C1_I1,20,62,2,68,6,1,20,0.9,0.5,20.5,0.9,123.498,19,1,19_S001,near,0.0251,0.001559,0.002857,0.12,0.024,0.026857,17.77,4.6668639999999995,1->5->6->10->11->15->18->19,19->20
N20_C2_I1,20,68,2,68,6,1,20,0.9,0.5,20.5,0.9,1197.009,19,1,19_S001,near,0.023,0.001494,0.002792,0.12,0.024,0.026792,17.8,0.5585828898363939,1->5->6->10->13->19,19->20
N20_C3_I1,20,62,2,68,6,1,20,0.9,0.5,20.5,0.9,982.991,19,1,19_S001,near,0.0251,0.001494,0.002792,0.12,0.024,0.026792,17.8,0.5774104039072213,1->5->6->10->11->15->18->19,19->20
N20_C4_I1,20,62,2,68,6,1,20,0.9,1.0,20.5,0.9,954.014,19,1,19_S001,near,0.0251,0.001398,0.002312,0.12,0.024,0.026312000000000002,17.87,0.5825592793676262,1->5->6->10->11->15->18->19,19->20
N20_C5_I1,20,62,2,68,6,1,20,0.9,0.5,20.5,0.9,1006.026,19,1,19_S001,near,0.0367,0.001494,0.002792,0.12,0.024,0.026792,17.8,0.6271921983960542,1->5->6->10->11->15->18->19,19->20
N20_C6_I1,20,62,2,68,6,1,20,0.9,0.5,20.5,0.9,1074.916,19,1,19_S001,near,0.07189999999999999,0.001494,0.002792,0.12,0.024,0.026792,17.8,0.7401519692349435,1->5->6->10->11->15->18->19,19->20
N20_C7_I1,20,62,2,68,6,1,20,0.9,0.5,20.5,0.9,974.016,19,1,19_S001,near,0.0251,0.001494,0.002792,0.12,0.024,0.026792,17.8,0.5774104039072213,1->5->6->10->11->15->18->19,19->20
N20_C8_I1,20,62,2,68,6,1,20,0.1,0.5,20.5,0.1,934.999,19,1,19_S001,near,0.0251,0.001494,0.002792,0.12,0.024,0.026792,17.8,0.5774104039072213,1->5->6->10->11->15->18->19,19->20
N20_C9_I1,20,62,2,68,3,1,20,0.9,0.5,15.0,0.9,896.202,18,35,18_S001,near,0.0205,0.001925,0.004695,0.35,0.07,0.07469500000000001,7.35,0.9689897304468704,1->5->6->10->11->15->18,18->20
N2500_C10_I1,2500,7696,125,3732,24,2491,2500,0.9,0.5,20.5,0.9,397608.862,2490,294,2490_S001,near,0.3037000000000009,0.001547,0.002941,0.1348,0.027,0.029941,18.89,1.0857694485911993,2491->2341->2332->2328->2326->2320->2317->2305->2311->2300->2282->2268->2263->2256->2252->2251->2247->2244->2257->2240->2226->2237->2223->2220->2235->2218->2228->2211->2202->2187->2178->2156->2183->2170->2155->2154->2136->2130->2109->2098->2085->2072->2082->2069->2046->2038->2033->2030->2044->2028->2014->1968->1955->1902->1910->1894->1893->1882->1872->1864->1869->1863->1860->1841->1840->1832->1827->1826->1814->1813->1807->1789->1806->1781->1779->1774->1771->1784->1780->1778->1767->1764->1763->1740->1736->1735->1731->1718->1713->1707->1697->1693->1681->1677->1702->1687->1672->1665->1664->1655->1649->1643->1637->1628->1610->1587->1579->1552->1550->1548->1547->1530->1537->1525->1492->1490->1488->1495->1479->1486->1471->1465->1460->1430->1423->1406->1401->1391->1384->1380->1374->1373->1369->1359->1355->1344->1311->1301->1310->1298->1290->1281->1274->1270->1279->1262->1257->1254->1234->1219->1206->1212->1203->1194->1197->1177->1170->1153->1152->1149->1142->1134->1130->1125->1117->1113->1129->1111->1105->1099->1089->1075->1069->1065->1064->1063->1051->1042->1039->1050->1037->1036->1027->1006->988->981->969->961->929->924->917->912->907->904->903->896->892->905->888->885->878->877->874->865->861->857->856->851->813->810->812->805->786->762->776->757->755->741->725->715->711->723->705->696->691->697->698->689->687->681->674->667->659->657->636->609->599->592->588->576->574->586->568->575->564->560->549->547->545->543->540->538->561->548->542->534->539->526->524->522->508->501->476->469->463->450->436->726->720->714->712->706->690->680->373->660->362->626->366->344->558->314->493->509->523->535->298->299->289->296->500->487->492->485->479->475->458->466->456->457->441->451->206->209->201->198->196->390->383->380->370->339->338->164->326->318->301->153->147->137->92->90->88->79->57->52->61->60->50->48->64->305->303->43->116->74->106->221->15->18->12->24->19->20->26->33->30->34->54->53->89->49->121->94->67->85->111->119->114->129->122->123->125->133->134->181->143->194->184->189->146->156->166->167->158->173->212->224->227->231->192->204->202->260->265->263->268->275->288->290->293->306->317->358->363->379->384->402->394->407->396->397->401->406->398->403->413->440->454->449->455->460->468->462->471->482->495->497->517->518->536->537->546->551->553->554->555->562->569->570->573->593->600->602->615->628->637->642->658->668->694->700->709->713->721->734->745->748->749->753->763->765->764->766->783->784->793->791->815->816->822->821->826->830->839->854->842->849->852->860->864->876->866->867->870->880->882->887->893->894->910->933->944->946->956->976->978->985->991->995->1017->1024->1031->1068->1071->1077->1079->1091->1092->1100->1110->1120->1116->1122->1139->1167->1168->1181->1173->1175->1178->1189->1191->1199->1204->1182->1184->1193->1205->1210->1223->1229->1230->1241->1232->1237->1242->1244->1251->1269->1275->1278->1296->1322->1330->1348->1364->1353->1358->1361->1366->1362->1368->1385->1379->1382->1387->1390->1403->1417->1434->1426->1428->1453->1462->1463->1481->1497->1500->1502->1503->1508->1510->1512->1531->1522->1518->1528->1540->1542->1554->1555->1568->1576->1582->1583->1594->1586->1588->1599->1600->1618->1593->1601->1595->1607->1616->1620->1633->1641->1680->1688->1719->1739->1751->1755->1757->1776->1777->1798->1782->1791->1785->1818->1834->1821->1823->1824->1857->1861->1871->1875->1890->1907->1906->1940->1941->1951->1969->1980->1978->1982->1986->1987->1991->1992->2001->2002->2005->2013->2047->2049->2050->2059->2081->2096->2089->2110->2063->2071->2074->2077->2079->2099->2100->2116->2118->2121->2134->2137->2148->2158->2169->2171->2174->2181->2195->2186->2196->2207->2204->2208->2212->2217->2229->2441->2451->2452->2456->2473->2461->2466->2476->2485->2490,2490->2500
N2500_C1_I1,2500,7696,125,3732,63,2491,2500,0.9,0.5,20.5,0.9,121070.113,2476,341,2476_S002,near,0.30910000000000065,0.002259,0.00477,0.1661,0.0332,0.037970000000000004,6.76,19.539766000000036,2491->2493->2484->2487->2341->2340->2332->2328->2326->2320->2317->2300->2282->2268->2263->2256->2252->2251->2247->2257->2240->2226->2237->2223->2220->2215->2235->2218->2228->2211->2202->2178->2156->2183->2155->2154->2130->2109->2098->2085->2072->2078->2069->2046->2038->2033->2030->2044->2028->2017->2014->1968->1955->1902->1910->1894->1893->1882->1872->1864->1869->1863->1860->1841->1840->1832->1827->1826->1814->1813->1807->1789->1806->1781->1779->1774->1771->1784->1780->1778->1766->1764->1740->1736->1735->1731->1718->1713->1707->1697->1693->1681->1677->1672->1665->1664->1655->1649->1640->1643->1637->1628->1610->1587->1579->1552->1550->1548->1547->1530->1537->1525->1524->1492->1490->1488->1495->1479->1486->1471->1465->1460->1430->1423->1406->1401->1391->1384->1386->1380->1374->1373->1369->1359->1355->1344->1311->1301->1310->1298->1290->1281->1274->1270->1279->1277->1262->1257->1254->1234->1231->1219->1206->1228->1203->1194->1197->1177->1170->1153->1152->1149->1142->1134->1130->1125->1117->1113->1129->1111->1099->1089->1075->1069->1065->1064->1063->1051->1055->1042->1039->1050->1037->1036->1027->1006->988->981->969->929->924->917->912->904->903->896->892->905->888->885->878->877->874->865->857->856->851->813->810->805->786->762->776->757->755->741->725->715->711->723->708->705->696->691->697->689->687->695->681->674->667->659->657->636->609->599->592->588->576->574->586->568->575->581->564->560->549->547->545->543->540->538->561->532->542->534->539->526->524->522->508->519->747->737->476->469->463->450->439->437->436->430->408->393->387->372->375->663->677->373->356->350->626->625->606->608->616->334->558->314->491->487->492->266->262->479->475->458->464->466->456->232->230->229->420->418->409->404->198->196->193->190->183->178->174->335->341->168->370->380->339->338->164->326->316->301->318->162->155->172->175->105->95->87->99->139->136->113->35->23->21->1->2->7->14->15->11->4->8->12->24->19->20->26->33->27->45->32->30->34->54->29->89->49->85->100->111->119->114->122->123->125->133->134->181->191->143->146->216->187->177->167->158->173->185->192->231->197->204->202->260->265->263->268->275->288->290->293->297->306->317->358->363->379->384->394->407->396->397->401->406->398->403->413->440->449->453->455->460->468->471->482->495->497->517->518->536->537->546->551->553->554->555->562->569->570->573->593->600->602->615->628->637->642->658->668->694->700->709->713->721->734->745->748->749->753->763->765->764->766->783->784->791->815->816->821->826->830->839->854->849->852->860->864->876->866->867->870->880->882->889->887->893->894->910->933->944->946->956->976->978->985->991->995->1011->1017->1024->1031->1068->1071->1077->1079->1091->1092->1100->1110->1120->1122->1139->1167->1168->1181->1173->1175->1178->1189->1192->1199->1204->1182->1184->1193->1205->1210->1223->1229->1230->1241->1232->1237->1242->1244->1251->1269->1275->1278->1296->1322->1330->1348->1364->1353->1358->1361->1366->1362->1368->1379->1382->1387->1390->1403->1417->1434->1428->1453->1462->1463->1481->1497->1500->1502->1503->1508->1510->1512->1521->1522->1518->1528->1540->1542->1554->1555->1568->1576->1582->1583->1594->1586->1590->1599->1600->1618->1593->1601->1595->1607->1616->1620->1630->1633->1641->1680->1688->1719->1739->1751->1755->1757->1776->1777->1794->1798->1782->1791->1785->1818->1834->1821->1823->1824->1857->1861->1871->1890->1907->1906->1940->1941->1951->1969->1980->1978->1982->1987->1991->1992->2002->2005->2013->2047->2049->2050->2059->2081->2089->2110->2063->2071->2074->2077->2079->2099->2108->2100->2116->2118->2121->2134->2137->2148->2158->2169->2159->2174->2181->2195->2186->2196->2207->2204->2208->2212->2217->2229->2490->2499->2485->2476,2476->2500
N2500_C2_I1,2500,8528,125,3732,63,2491,2500,0.9,0.5,20.5,0.9,83467.971,2441,547,2441_S001,near,0.24550000000000008,0.001751,0.004,0.2683,0.0537,0.0577,7.61,17.228354000000003,2491->2493->2487->2341->2340->2347->2350->2363->2380->2390->2358->2372->2369->2030->2033->2038->2046->2069->2078->2072->2085->2098->2109->2130->2154->2155->2170->2156->2178->2202->2211->2214->2218->1779->1774->1784->1780->1778->1767->1766->1764->1763->1740->1736->1735->1731->1718->1713->1707->1697->1693->1681->1689->1311->1301->1553->1224->1221->1209->1207->836->835->827->825->296->500->92->90->88->459->273->267->264->37->31->69->25->385->86->91->36->46->35->23->21->1->5->6->406->748->1092->1100->1110->1120->1122->1139->1167->1168->1173->1502->1500->1499->1821->1834->1818->2186->2195->2181->2174->2171->2169->2473->2460->2456->2452->2451->2441,2441->2500
N2500_C3_I1,2500,7892,223,6689,63,2491,2500,0.9,0.5,20.5,0.9,265442.036,2476,341,2476_S002,near,0.8549000000000004,0.002292,0.004803,0.1661,0.0332,0.038003,6.75,2.686565254035823,2491->2493->2341->2332->2328->2326->2320->2317->2300->2282->2268->2263->2256->2252->2251->2247->2257->2240->2226->2237->2223->2220->2215->2235->2218->2228->2211->2202->2187->2178->2156->2170->2183->2155->2154->2136->2130->2109->2098->2085->2072->2078->2082->2069->2046->2038->2033->2030->2044->2028->2017->2014->1968->1955->1902->1900->1894->1893->1882->1872->1864->1869->1863->1860->1841->1840->1832->1827->1826->1814->1813->1807->1789->1788->1806->1781->1779->1774->1771->1784->1780->1778->1767->1764->1740->1736->1735->1731->1718->1713->1707->1693->1689->1681->1677->1672->1665->1664->1655->1649->1640->1643->1637->1628->1625->1610->1587->1579->1552->1550->1548->1547->1530->1537->1525->1524->1492->1490->1488->1495->1479->1486->1471->1465->1460->1430->1423->1401->1391->1384->1386->1380->1374->1373->1369->1359->1355->1344->1311->1301->1310->1298->1290->1281->1274->1270->1279->1277->1262->1257->1254->1252->1219->1206->1212->1203->1194->1197->1177->1170->1153->1152->1149->1142->1134->1130->1125->1117->1113->1129->1111->1099->1089->1075->1069->1065->1064->1063->1051->1055->1042->1039->1050->1037->1036->1027->1006->988->981->969->961->929->924->917->912->904->903->896->892->905->888->885->878->877->874->865->861->857->856->851->813->810->812->805->786->762->776->757->755->741->725->715->711->723->705->696->691->697->698->689->687->695->681->674->667->659->657->636->609->599->592->588->576->574->586->568->575->581->560->549->547->545->543->540->566->561->548->542->530->539->526->525->524->522->527->519->501->476->469->463->733->731->739->727->437->439->450->436->430->408->393->387->381->372->375->371->362->626->625->606->616->608->366->344->558->314->491->266->487->500->262->475->458->466->464->456->457->441->438->233->232->230->229->219->420->217->228->210->206->418->409->404->198->196->392->390->383->385->183->339->370->168->164->163->175->105->108->51->52->115->110->118->95->87->136->214->188->249->252->256->222->359->12->24->19->28->22->26->33->27->34->54->53->89->98->94->121->85->111->100->119->114->129->122->123->125->133->152->134->181->143->194->184->189->216->146->156->166->177->187->195->211->212->173->185->192->197->204->202->260->265->263->268->275->288->290->293->306->317->358->363->379->384->394->407->396->397->401->406->398->403->413->440->449->455->460->461->462->471->482->495->497->517->518->536->537->546->551->553->554->555->562->569->570->573->593->600->602->615->628->637->642->658->668->694->700->713->721->734->745->748->749->753->763->764->766->783->793->791->815->816->821->826->830->839->842->849->852->860->864->876->866->867->870->880->882->889->887->893->894->910->933->944->946->956->976->978->985->991->995->1017->1024->1031->1068->1071->1077->1079->1091->1100->1110->1120->1122->1139->1167->1168->1173->1175->1178->1192->1180->2500->2499->2485->2476,2476->2500
N2500_C4_I1,2500,7696,125,3732,166,2491,2500,0.9,1.0,20.5,0.9,307858.706,2476,341,2476_S002,near,0.3384000000000012,0.002153,0.003965,0.1661,0.0332,0.037165000000000004,6.84,0.8987899400826678,2491->2341->2332->2328->2326->2320->2317->2305->2311->2300->2282->2268->2263->2256->2252->2251->2247->2257->2240->2226->2237->2220->2215->2235->2218->2228->2211->2202->2178->2156->2183->2155->2154->2136->2130->2109->2098->2085->2072->2082->2078->2069->2046->2038->2033->2030->2044->2028->2014->1968->1955->1902->1895->1894->1893->1882->1872->1864->1869->1863->1860->1841->1840->1832->1827->1826->1814->1813->1807->1789->1788->1781->1779->1774->1771->1784->1780->1778->1767->1764->1763->1740->1736->1735->1731->1718->1713->1707->1697->1693->1689->1681->1677->1687->1672->1665->1673->1664->1655->1649->1640->1643->1637->1628->1625->1610->1587->1579->1552->1550->1548->1547->1530->1537->1525->1492->1490->1488->1495->1479->1486->1471->1465->1460->1430->1423->1401->1391->1384->1386->1380->1374->1373->1369->1359->1355->1344->1311->1301->1310->1298->1290->1281->1274->1270->1279->1262->1257->1254->1252->1219->1206->1228->1203->1194->1197->1183->1177->1170->1153->1152->1149->1142->1134->1130->1125->1117->1113->1129->1111->1099->1089->1075->1069->1065->1064->1063->1051->1042->1039->1050->1037->1036->1027->1006->988->981->969->961->929->924->917->912->904->903->896->892->905->888->885->878->877->874->865->861->857->856->851->818->813->810->812->805->786->762->776->757->755->741->725->715->711->723->705->696->691->697->689->687->695->681->674->667->659->657->636->609->599->592->588->576->574->586->568->575->581->560->549->547->545->543->540->538->561->532->542->530->534->539->526->524->522->508->501->476->737->733->731->744->739->732->439->437->436->430->408->393->688->375->633->631->641->356->626->625->346->587->577->324->516->299->298->500->259->254->457->451->206->209->201->198->196->390->392->193->190->183->178->174->168->164->326->318->162->175->105->172->169->153->301->316->292->278->277->272->130->138->147->137->107->124->112->110->118->95->87->97->99->109->127->56->44->75->102->78->182->248->245->250->258->367->32->20->28->22->26->33->27->34->54->53->89->98->121->94->67->49->85->100->119->114->122->123->125->133->152->134->181->191->184->189->216->223->195->166->177->167->158->170->173->212->224->231->197->199->192->204->202->260->263->275->288->290->293->297->306->317->358->363->379->384->394->407->396->397->401->406->398->399->403->413->440->449->455->460->468->471->482->495->497->517->518->537->546->551->553->554->555->562->569->570->573->593->600->602->615->628->637->642->658->668->694->700->713->721->734->745->748->749->753->763->765->764->766->783->793->791->815->816->821->826->830->839->854->842->849->852->860->864->876->866->867->870->880->882->889->887->893->894->910->933->944->946->956->976->978->985->991->995->1011->1017->1024->1031->1068->1071->1077->1079->1091->1092->1100->1110->1120->1116->1122->1139->1167->1168->1181->1173->1175->1178->1192->1204->1180->1182->1184->1193->1205->1210->1223->1229->1230->1241->1232->1237->1242->1244->1251->1269->1275->1278->1296->1322->1330->1348->1364->1353->1358->1361->1366->1362->1368->1379->1382->1381->1387->1390->1403->1417->1434->1426->1428->1453->1462->1463->1481->1497->1499->1500->1502->1503->1508->1510->1512->1521->1531->1518->1528->1540->1542->1554->1555->1568->1576->1582->1583->1594->1586->1588->1599->1600->1618->1593->1601->1595->1607->1616->1620->1633->1641->1680->1688->1719->1739->1751->1755->1757->1776->1777->1798->1782->1791->1785->1818->1834->1821->1823->1824->1857->1859->1861->1871->1890->1907->1906->1940->1941->1951->1969->1980->1978->1982->1986->1987->1991->2001->2002->2005->2013->2047->2050->2049->2065->2081->2089->2110->2063->2071->2074->2077->2079->2099->2100->2116->2118->2121->2134->2137->2148->2158->2169->2171->2159->2174->2181->2195->2186->2196->2207->2204->2208->2212->2217->2229->2490->2499->2485->2476,2476->2500
N2500_C5_I1,2500,7696,125,3732,63,2491,2500,0.9,0.5,20.5,0.9,343529.063,2476,340,2476_S001,near,0.7794000000000005,0.001553,0.003145,0.1661,0.0332,0.036345,6.65,1.936545993294602,2491->2493->2484->2481->2478->2468->2448->2443->2458->2442->2426->2412->2401->2400->2395->2404->2391->2379->2374->2370->2369->2372->2390->2380->2363->2353->2350->2347->2340->2332->2328->2326->2320->2317->2300->2282->2268->2263->2256->2252->2251->2247->2257->2240->2226->2237->2220->2235->2236->2218->2228->2211->2202->2178->2156->2170->2155->2154->2136->2130->2109->2098->2085->2072->2082->2078->2069->2046->2038->2033->2030->2044->2028->2017->2014->1968->1955->1902->1895->1894->1893->1882->1872->1864->1869->1863->1860->1841->1840->1832->1827->1826->1814->1813->1807->1789->1788->1781->1779->1774->1771->1784->1780->1778->1766->1767->1764->1763->1740->1736->1735->1731->1718->1713->1707->1697->1693->1681->1677->1702->1687->1672->1665->1673->1664->1655->1649->1640->1643->1637->1628->1625->1610->1587->1579->1552->1550->1548->1547->1530->1537->1525->1492->1490->1488->1495->1479->1486->1471->1465->1460->1430->1423->1406->1401->1391->1384->1380->1374->1373->1369->1359->1355->1344->1311->1301->1310->1298->1290->1281->1274->1270->1279->1262->1257->1254->1252->1219->1206->1212->1203->1194->1197->1183->1177->1170->1153->1152->1149->1142->1134->1130->1125->1117->1113->1129->1111->1099->1089->1075->1069->1065->1064->1063->1051->1055->1042->1039->1050->1037->1036->1027->1006->988->981->969->929->924->917->912->907->904->903->896->892->905->888->885->878->877->874->865->857->856->851->813->810->812->805->786->762->761->757->755->741->725->715->711->723->705->696->691->697->689->687->681->674->667->659->669->657->636->609->599->592->588->576->574->586->568->575->581->560->549->547->545->543->540->538->566->561->548->542->530->539->526->524->522->527->525->772->759->747->737->501->476->469->463->450->436->430->415->408->393->387->381->690->680->663->677->660->646->638->641->631->633->353->365->348->346->587->594->329->324->321->314->491->284->266->262->466->458->475->479->485->492->500->259->254->457->441->438->235->233->232->230->229->420->217->228->210->206->209->201->198->196->193->190->183->178->174->335->333->326->318->301->292->278->169->155->108->51->50->82->78->81->55->44->75->359->18->24->19->28->22->26->33->27->34->54->29->49->121->98->94->67->85->111->119->114->122->123->125->133->134->181->191->184->194->189->216->156->166->158->167->177->187->223->195->211->212->173->185->192->231->197->204->202->260->265->263->275->288->290->293->306->317->358->363->379->384->402->394->407->396->397->401->406->398->399->403->413->440->449->453->455->460->461->462->471->482->497->517->518->537->546->551->553->555->562->569->570->573->593->600->602->615->628->637->642->658->668->694->700->713->721->734->745->748->749->753->763->765->764->766->783->793->791->815->816->822->821->826->830->839->842->854->849->852->860->864->876->866->867->870->880->882->889->887->893->894->910->933->944->946->956->948->976->978->985->991->995->1011->1017->1024->1031->1071->1077->1079->1091->1100->1110->1120->1122->1139->1167->1168->1173->1175->1189->1178->1192->1199->1204->1182->1184->1193->1205->1210->1223->1229->1230->1241->1232->1237->1242->1244->1251->1269->1275->1278->1296->1322->1330->1348->1364->1353->1358->1366->1361->1362->1368->1385->1379->1381->1387->1390->1403->1417->1408->1426->1428->1453->1462->1463->1481->1497->1499->1500->1502->1503->1508->1510->1512->1521->1531->1518->1528->1540->1542->1554->1555->1568->1576->1582->1583->1594->1586->1588->1590->1599->1618->1593->1601->1595->1607->1616->1620->1633->1641->1680->2500->2499->2490->2485->2476,2476->2500
N2500_C6_I1,2500,7696,125,3732,63,2491,2500,0.9,0.5,20.5,0.9,362494.395,2476,341,2476_S002,near,1.184000000000001,0.002292,0.004803,0.1661,0.0332,0.038003,6.75,1.5792108512748504,2491->2341->2332->2328->2326->2320->2317->2305->2311->2300->2282->2268->2263->2256->2252->2251->2247->2244->2257->2240->2226->2237->2223->2220->2235->2218->2228->2214->2211->2202->2178->2156->2183->2155->2154->2136->2130->2109->2098->2085->2072->2078->2082->2069->2046->2038->2033->2030->2044->2028->2014->1968->1955->1902->1895->1894->1893->1882->1872->1864->1869->1863->1860->1841->1840->1832->1827->1826->1814->1813->1807->1789->1788->1806->1781->1779->1774->1784->1780->1778->1766->1764->1763->1740->1736->1735->1731->1718->1713->1707->1697->1693->1689->1681->1677->1672->1665->1673->1664->1655->1649->1643->1637->1628->1610->1587->1579->1552->1550->1548->1547->1530->1537->1525->1492->1490->1488->1495->1479->1486->1471->1465->1460->1430->1423->1406->1401->1391->1384->1380->1374->1373->1369->1359->1355->1344->1311->1301->1310->1298->1290->1281->1274->1270->1279->1262->1257->1254->1252->1219->1206->1212->1203->1194->1197->1177->1170->1153->1152->1149->1142->1134->1130->1125->1117->1113->1129->1111->1105->1099->1089->1075->1069->1065->1064->1063->1051->1042->1039->1050->1037->1036->1027->1006->988->981->969->929->924->917->912->904->903->896->892->905->888->885->878->877->874->865->861->857->856->851->818->813->810->805->786->762->776->757->755->725->715->711->708->705->696->691->697->698->689->687->695->681->674->667->659->657->636->609->599->592->588->576->574->586->568->575->564->560->549->547->545->543->540->538->561->548->542->530->539->526->524->522->508->519->747->737->733->731->744->467->450->436->430->408->393->387->372->375->371->362->361->644->356->350->353->348->346->558->314->491->487->500->262->259->254->457->206->410->201->198->196->193->190->183->178->174->339->370->168->164->338->341->333->326->316->301->278->277->272->246->242->108->61->51->50->48->78->102->75->359->18->24->19->28->22->30->34->54->29->49->67->94->98->121->85->111->119->114->122->123->125->133->134->181->143->146->189->216->187->223->211->212->173->185->192->199->204->202->260->265->263->268->275->288->290->293->306->317->358->363->379->384->394->407->396->397->401->406->398->403->413->440->449->453->455->460->468->462->471->482->497->517->518->536->537->546->551->553->554->555->562->569->570->573->593->600->602->615->628->637->642->658->668->694->700->713->721->734->745->748->749->753->763->765->764->766->783->793->791->815->816->821->826->830->839->842->849->852->860->864->866->867->870->880->882->889->887->893->894->910->933->944->946->956->948->976->978->985->991->995->1017->1024->1031->1068->1071->1077->1079->1091->1100->1110->1120->1122->1139->1167->1168->1173->1181->1175->1189->1178->1192->1204->1180->1182->1184->1193->1205->1210->1223->1229->1230->1241->1232->1237->1242->1244->1251->1269->1275->1278->1296->1322->1330->1348->1364->1353->1358->1366->1362->1368->1379->1382->1387->1390->1403->1417->1408->1426->1428->1453->1462->1463->1481->1497->1500->1502->1503->1508->1510->1512->1531->1518->1528->1540->1542->1554->1555->1568->1576->1582->1583->1594->1586->1590->1600->1618->1593->1601->1604->1607->1616->1620->1630->1633->1641->2500->2499->2485->2476,2476->2500
N2500_C7_I1,2500,7696,125,3732,63,2491,2500,0.9,0.5,20.5,0.9,394377.09,2476,341,2476_S002,near,0.2943000000000008,0.002292,0.004803,0.1661,0.0332,0.038003,6.75,1.0248115429703122,2491->2493->2487->2484->2481->2478->2468->2448->2443->2458->2442->2426->2412->2401->2400->2395->2379->2374->2370->2369->2385->2372->2358->2390->2380->2363->2353->2350->2347->2340->2332->2328->2326->2320->2317->2300->2282->2268->2263->2256->2252->2251->2247->2257->2240->2226->2237->2223->2220->2235->2218->2214->2211->2202->2187->2178->2156->2183->2155->2154->2130->2109->2098->2085->2072->2082->2069->2046->2038->2033->2030->2044->2028->2014->1968->1955->1902->1910->1894->1893->1882->1872->1864->1869->1863->1860->1841->1840->1832->1827->1826->1814->1813->1807->1789->1788->1806->1781->1779->1774->1771->1784->1780->1778->1766->1764->1763->1740->1736->1735->1731->1718->1713->1707->1697->1693->1681->1677->1687->1672->1665->1664->1655->1649->1640->1643->1637->1628->1610->1587->1579->1552->1550->1548->1547->1530->1537->1525->1524->1492->1490->1488->1495->1479->1486->1471->1469->1465->1460->1430->1423->1401->1391->1384->1386->1380->1374->1373->1369->1359->1355->1344->1311->1301->1310->1298->1290->1281->1274->1270->1279->1277->1262->1257->1254->1234->1231->1219->1206->1228->1203->1194->1197->1183->1177->1170->1153->1152->1149->1142->1134->1130->1125->1117->1113->1129->1111->1099->1089->1075->1069->1065->1064->1063->1051->1055->1042->1039->1050->1037->1036->1027->1006->988->981->969->929->924->917->912->907->904->903->896->892->905->888->885->878->877->874->865->861->857->856->851->813->810->805->786->762->776->757->755->741->725->715->711->708->705->696->691->697->698->689->687->695->681->674->667->659->657->636->609->599->592->588->576->574->586->568->575->564->581->560->549->547->545->543->540->566->538->561->548->542->534->539->526->524->522->527->525->772->747->737->733->469->463->450->439->437->436->430->415->408->393->387->372->375->371->677->373->356->350->626->625->349->558->314->491->266->262->259->254->235->233->232->230->229->219->217->228->210->410->404->409->418->206->209->201->198->196->193->190->183->380->370->168->341->333->326->316->301->292->278->277->272->246->117->115->120->79->70->65->116->215->179->10->11->15->24->19->20->32->33->27->34->54->29->89->49->85->100->111->119->114->122->123->125->133->134->181->143->191->184->189->216->156->166->177->167->158->173->185->192->199->204->202->260->265->263->268->275->288->290->293->297->306->317->358->363->379->384->394->407->396->397->401->406->398->403->413->440->449->453->455->460->468->471->482->497->517->518->536->537->546->551->553->554->555->562->569->570->573->593->600->602->615->628->637->642->658->668->694->700->713->721->734->745->748->749->753->763->765->764->766->783->784->791->815->816->822->821->826->830->839->842->849->852->860->864->876->866->867->870->880->882->889->887->893->894->910->933->944->946->956->976->978->985->991->995->1017->1024->1031->1068->1071->1077->1079->1091->1092->1100->1110->1120->1122->1139->1167->1168->1181->1175->1189->1191->1192->1204->1180->1182->1184->1193->1205->1210->1223->1229->1230->1241->1232->1237->1242->1244->1251->1269->1275->1278->1296->1322->1330->1348->1364->1353->1358->1366->1361->1362->1368->1379->1382->1381->1387->1390->1403->1417->1434->1428->1453->1462->1463->1481->1497->1500->1502->1503->1508->1510->1512->1521->1531->1518->1528->1540->1542->1554->1555->1568->1576->1582->1583->1594->1586->1590->1599->1600->1618->1593->1601->1595->1607->1616->1620->1630->1633->1641->1680->1688->1719->1739->1751->1755->1757->1776->1777->1794->1798->1782->1785->1818->1834->1821->1823->1824->1857->1859->1877->1861->1871->1890->1907->1906->1940->1941->1951->1969->1980->1978->1982->1987->1991->1992->2001->2002->2005->2013->2047->2049->2050->2059->2081->2096->2110->2063->2071->2074->2077->2079->2099->2100->2116->2118->2121->2134->2137->2148->2158->2169->2171->2159->2174->2181->2186->2196->2204->2208->2212->2217->2229->2490->2499->2485->2476,2476->2500
N2500_C8_I1,2500,7696,125,3732,63,2491,2500,0.1,0.5,20.5,0.1,420934.965,2476,341,2476_S002,near,0.2943000000000008,0.002292,0.004803,0.1661,0.0332,0.038003,6.75,1.0248115429703122,2491->2493->2487->2484->2481->2478->2468->2448->2443->2458->2442->2426->2412->2401->2400->2395->2379->2374->2370->2369->2385->2372->2358->2390->2380->2363->2353->2350->2347->2340->2332->2328->2326->2320->2317->2300->2282->2268->2263->2256->2252->2251->2247->2257->2240->2226->2237->2223->2220->2235->2218->2214->2211->2202->2187->2178->2156->2183->2155->2154->2130->2109->2098->2085->2072->2082->2069->2046->2038->2033->2030->2044->2028->2014->1968->1955->1902->1910->1894->1893->1882->1872->1864->1869->1863->1860->1841->1840->1832->1827->1826->1814->1813->1807->1789->1788->1806->1781->1779->1774->1771->1784->1780->1778->1766->1764->1763->1740->1736->1735->1731->1718->1713->1707->1697->1693->1681->1677->1687->1672->1665->1664->1655->1649->1640->1643->1637->1628->1610->1587->1579->1552->1550->1548->1547->1530->1537->1525->1524->1492->1490->1488->1495->1479->1486->1471->1469->1465->1460->1430->1423->1401->1391->1384->1386->1380->1374->1373->1369->1359->1355->1344->1311->1301->1310->1298->1290->1281->1274->1270->1279->1277->1262->1257->1254->1234->1231->1219->1206->1228->1203->1194->1197->1183->1177->1170->1153->1152->1149->1142->1134->1130->1125->1117->1113->1129->1111->1099->1089->1075->1069->1065->1064->1063->1051->1055->1042->1039->1050->1037->1036->1027->1006->988->981->969->929->924->917->912->907->904->903->896->892->905->888->885->878->877->874->865->861->857->856->851->813->810->805->786->762->776->757->755->741->725->715->711->708->705->696->691->697->698->689->687->695->681->674->667->659->657->636->609->599->592->588->576->574->586->568->575->564->581->560->549->547->545->543->540->566->538->561->548->542->534->539->526->524->522->527->525->772->747->737->733->469->463->450->439->437->436->430->415->408->393->387->372->375->371->677->373->356->350->626->625->349->558->314->491->266->262->259->254->235->233->232->230->229->219->217->228->210->410->404->409->418->206->209->201->198->196->193->190->183->380->370->168->341->333->326->316->301->292->278->277->272->246->117->115->120->79->70->65->116->215->179->10->11->15->24->19->20->32->33->27->34->54->29->89->49->85->100->111->119->114->122->123->125->133->134->181->143->191->184->189->216->156->166->177->167->158->173->185->192->199->204->202->260->265->263->268->275->288->290->293->297->306->317->358->363->379->384->394->407->396->397->401->406->398->403->413->440->449->453->455->460->468->471->482->497->517->518->536->537->546->551->553->554->555->562->569->570->573->593->600->602->615->628->637->642->658->668->694->700->713->721->734->745->748->749->753->763->765->764->766->783->784->791->815->816->822->821->826->830->839->842->849->852->860->864->876->866->867->870->880->882->889->887->893->894->910->933->944->946->956->976->978->985->991->995->1017->1024->1031->1068->1071->1077->1079->1091->1092->1100->1110->1120->1122->1139->1167->1168->1181->1175->1189->1191->1192->1204->1180->1182->1184->1193->1205->1210->1223->1229->1230->1241->1232->1237->1242->1244->1251->1269->1275->1278->1296->1322->1330->1348->1364->1353->1358->1366->1361->1362->1368->1379->1382->1381->1387->1390->1403->1417->1434->1428->1453->1462->1463->1481->1497->1500->1502->1503->1508->1510->1512->1521->1531->1518->1528->1540->1542->1554->1555->1568->1576->1582->1583->1594->1586->1590->1599->1600->1618->1593->1601->1595->1607->1616->1620->1630->1633->1641->1680->1688->1719->1739->1751->1755->1757->1776->1777->1794->1798->1782->1785->1818->1834->1821->1823->1824->1857->1859->1877->1861->1871->1890->1907->1906->1940->1941->1951->1969->1980->1978->1982->1987->1991->1992->2001->2002->2005->2013->2047->2049->2050->2059->2081->2096->2110->2063->2071->2074->2077->2079->2099->2100->2116->2118->2121->2134->2137->2148->2158->2169->2171->2159->2174->2181->2186->2196->2204->2208->2212->2217->2229->2490->2499->2485->2476,2476->2500
N2500_C9_I1,2500,7696,125,3732,49,2491,2500,0.9,0.5,15.0,0.9,369258.062,2490,294,2490_S001,near,0.35190000000000143,0.001547,0.002941,0.1348,0.027,0.029941,9.13,1.1992037106009037,2491->2493->2487->2341->2328->2326->2320->2317->2305->2311->2300->2282->2268->2263->2256->2252->2251->2247->2244->2257->2240->2226->2237->2223->2220->2215->2235->2236->2218->2214->2211->2202->2187->2178->2156->2183->2170->2155->2154->2130->2109->2098->2085->2072->2082->2069->2046->2038->2033->2030->2044->2028->2017->2014->1968->1955->1902->1910->1900->1895->1894->1893->1882->1872->1864->1869->1863->1860->1841->1840->1832->1827->1826->1814->1813->1807->1789->1806->1781->1779->1774->1784->1780->1778->1767->1764->1740->1736->1735->1731->1718->1713->1707->1693->1681->1677->1687->1672->1665->1664->1655->1649->1643->1637->1628->1610->1587->1579->1552->1550->1548->1530->1537->1525->1524->1492->1490->1488->1495->1479->1486->1471->1469->1465->1460->1430->1423->1401->1391->1384->1380->1374->1373->1369->1359->1355->1344->1311->1301->1310->1298->1290->1281->1274->1270->1279->1277->1262->1257->1254->1234->1231->1219->1206->1212->1203->1194->1197->1177->1170->1153->1152->1149->1142->1134->1130->1125->1117->1113->1129->1111->1105->1099->1089->1075->1069->1065->1064->1063->1051->1055->1042->1039->1050->1037->1036->1027->1006->988->981->969->961->929->924->917->912->907->904->903->896->892->905->888->885->878->877->874->865->861->857->856->851->818->813->810->812->805->786->762->776->757->755->725->715->711->723->705->696->691->697->689->687->681->674->667->661->659->657->636->609->599->592->588->576->574->586->568->575->581->560->549->547->545->543->540->538->566->561->548->542->530->539->534->824->792->772->759->747->519->501->476->469->733->731->467->450->436->430->422->415->408->714->712->706->393->387->690->381->372->375->371->362->626->348->346->349->558->314->535->298->296->289->493->284->491->487->485->479->475->458->464->456->232->233->235->438->425->206->420->219->229->217->228->410->404->198->196->390->383->380->183->178->174->335->333->326->316->301->278->147->137->107->96->60->48->78->82->101->74->66->56->103->220->16->11->15->18->24->19->20->26->22->30->34->54->53->29->49->98->67->85->100->119->114->122->123->125->133->152->134->181->143->194->184->189->216->187->195->211->212->227->224->231->197->192->204->202->260->265->263->268->275->288->290->293->297->306->317->358->363->379->384->394->407->396->397->401->406->398->403->413->440->449->453->455->460->468->471->482->497->517->518->536->537->546->551->553->554->555->562->569->570->573->593->600->602->615->628->637->642->658->668->694->700->713->721->734->745->748->749->753->763->764->766->783->784->791->815->816->821->826->830->839->854->849->852->860->864->866->875->867->870->880->882->887->893->894->910->933->944->946->956->976->978->985->991->995->1011->1017->1024->1031->1071->1077->1079->1091->1092->1100->1110->1120->1116->1122->1139->1167->1168->1181->1175->1178->1189->1192->1199->1204->1182->1184->1193->1205->1210->1223->1229->1230->1241->1232->1237->1242->1244->1251->1269->1275->1278->1296->1322->1330->1348->1364->1353->1358->1361->1362->1368->1385->1379->1381->1387->1390->1403->1417->1408->1426->1428->1453->1462->1463->1481->1497->1500->1502->1503->1508->1510->1512->1531->1522->1518->1528->1540->1542->1554->1555->1568->1576->1582->1583->1594->1586->1588->1599->1600->1618->1593->1601->1595->1604->1607->1616->1620->1633->1641->1680->1688->1719->1739->1751->1755->1757->1776->1777->1798->1782->1791->1785->1818->1821->1823->1824->1857->1859->1877->1861->1871->1875->1890->1907->1906->1940->1941->1951->1969->1980->1978->1982->1986->1987->1991->2001->1992->2002->2005->2013->2047->2049->2050->2059->2063->2071->2074->2077->2079->2099->2108->2100->2116->2118->2121->2134->2137->2148->2158->2169->2159->2174->2181->2186->2196->2207->2204->2208->2212->2217->2229->2461->2466->2476->2485->2490,2490->2500
N2500_PS_edge_density_baseline_7446_I1,2500,7696,125,3732,63,2491,2500,0.9,0.5,20.5,0.9,121525.181,2476,341,2476_S002,near,0.30910000000000065,0.002259,0.00477,0.1661,0.0332,0.037970000000000004,6.76,19.539766000000036,2491->2493->2484->2487->2341->2340->2332->2328->2326->2320->2317->2300->2282->2268->2263->2256->2252->2251->2247->2257->2240->2226->2237->2223->2220->2215->2235->2218->2228->2211->2202->2178->2156->2183->2155->2154->2130->2109->2098->2085->2072->2078->2069->2046->2038->2033->2030->2044->2028->2017->2014->1968->1955->1902->1910->1894->1893->1882->1872->1864->1869->1863->1860->1841->1840->1832->1827->1826->1814->1813->1807->1789->1806->1781->1779->1774->1771->1784->1780->1778->1766->1764->1740->1736->1735->1731->1718->1713->1707->1697->1693->1681->1677->1672->1665->1664->1655->1649->1640->1643->1637->1628->1610->1587->1579->1552->1550->1548->1547->1530->1537->1525->1524->1492->1490->1488->1495->1479->1486->1471->1465->1460->1430->1423->1406->1401->1391->1384->1386->1380->1374->1373->1369->1359->1355->1344->1311->1301->1310->1298->1290->1281->1274->1270->1279->1277->1262->1257->1254->1234->1231->1219->1206->1228->1203->1194->1197->1177->1170->1153->1152->1149->1142->1134->1130->1125->1117->1113->1129->1111->1099->1089->1075->1069->1065->1064->1063->1051->1055->1042->1039->1050->1037->1036->1027->1006->988->981->969->929->924->917->912->904->903->896->892->905->888->885->878->877->874->865->857->856->851->813->810->805->786->762->776->757->755->741->725->715->711->723->708->705->696->691->697->689->687->695->681->674->667->659->657->636->609->599->592->588->576->574->586->568->575->581->564->560->549->547->545->543->540->538->561->532->542->534->539->526->524->522->508->519->747->737->476->469->463->450->439->437->436->430->408->393->387->372->375->663->677->373->356->350->626->625->606->608->616->334->558->314->491->487->492->266->262->479->475->458->464->466->456->232->230->229->420->418->409->404->198->196->193->190->183->178->174->335->341->168->370->380->339->338->164->326->316->301->318->162->155->172->175->105->95->87->99->139->136->113->35->23->21->1->2->7->14->15->11->4->8->12->24->19->20->26->33->27->45->32->30->34->54->29->89->49->85->100->111->119->114->122->123->125->133->134->181->191->143->146->216->187->177->167->158->173->185->192->231->197->204->202->260->265->263->268->275->288->290->293->297->306->317->358->363->379->384->394->407->396->397->401->406->398->403->413->440->449->453->455->460->468->471->482->495->497->517->518->536->537->546->551->553->554->555->562->569->570->573->593->600->602->615->628->637->642->658->668->694->700->709->713->721->734->745->748->749->753->763->765->764->766->783->784->791->815->816->821->826->830->839->854->849->852->860->864->876->866->867->870->880->882->889->887->893->894->910->933->944->946->956->976->978->985->991->995->1011->1017->1024->1031->1068->1071->1077->1079->1091->1092->1100->1110->1120->1122->1139->1167->1168->1181->1173->1175->1178->1189->1192->1199->1204->1182->1184->1193->1205->1210->1223->1229->1230->1241->1232->1237->1242->1244->1251->1269->1275->1278->1296->1322->1330->1348->1364->1353->1358->1361->1366->1362->1368->1379->1382->1387->1390->1403->1417->1434->1428->1453->1462->1463->1481->1497->1500->1502->1503->1508->1510->1512->1521->1522->1518->1528->1540->1542->1554->1555->1568->1576->1582->1583->1594->1586->1590->1599->1600->1618->1593->1601->1595->1607->1616->1620->1630->1633->1641->1680->1688->1719->1739->1751->1755->1757->1776->1777->1794->1798->1782->1791->1785->1818->1834->1821->1823->1824->1857->1861->1871->1890->1907->1906->1940->1941->1951->1969->1980->1978->1982->1987->1991->1992->2002->2005->2013->2047->2049->2050->2059->2081->2089->2110->2063->2071->2074->2077->2079->2099->2108->2100->2116->2118->2121->2134->2137->2148->2158->2169->2159->2174->2181->2195->2186->2196->2207->2204->2208->2212->2217->2229->2490->2499->2485->2476,2476->2500
N2500_PS_edge_density_dense_8278_I1,2500,8528,125,3732,63,2491,2500,0.9,0.5,20.5,0.9,67895.842,2441,547,2441_S001,near,0.21480000000000005,0.001751,0.004,0.2683,0.0537,0.0577,7.61,15.570554000000003,2491->2341->1895->1900->1894->1893->1882->1872->1864->1869->1863->1860->1841->1840->1832->1827->1826->1814->1813->1807->1465->1460->1667->1682->1281->1290->1298->1519->1532->1520->1526->1534->1207->836->835->827->825->824->792->441->438->235->254->259->262->142->160->167->166->156->187->223->569->570->573->593->600->602->615->628->637->946->944->1364->1348->1330->1322->1296->1278->1275->1269->1251->1244->1242->1237->1232->1241->1230->1542->1554->1555->1568->1576->1582->1583->1594->1586->1588->1590->2002->1992->2343->2351->2368->2361->2365->2383->2371->2382->2388->2389->2394->2409->2405->2416->2417->2418->2422->2425->2455->2430->2439->2441,2441->2500
N2500_PS_edge_density_denser_9110_I1,2500,9360,125,3732,63,2491,2500,0.9,0.5,20.5,0.9,90034.236,2425,690,2425_S002,near,0.19890000000000002,0.002389,0.005949,0.3145,0.0629,0.068849,7.15,15.302452000000002,2491->2487->2484->2481->2478->2468->2448->2443->2458->2442->2426->2412->2401->2400->2404->2395->2379->2374->2370->2369->2030->2033->2038->1702->1677->1681->1689->1311->1027->1006->1033->538->566->561->532->232->456->466->262->142->160->167->158->173->573->893->887->889->882->1251->1583->1594->1586->1590->1600->1599->1618->1593->1601->1604->1595->2013->2047->2049->2065->2081->2089->2388->2399->2389->2409->2405->2229->2425,2425->2500
N2500_PS_edge_density_densest_9942_I1,2500,10192,125,3732,63,2491,2500,0.9,0.5,20.5,0.9,27979.316,2476,340,2476_S001,near,0.18330000000000005,0.001603,0.003195,0.1661,0.0332,0.036395,6.66,12.616092000000004,2491->2341->2332->2340->2347->1955->1640->1643->1649->1655->1664->1665->1298->988->1019->1018->548->458->466->124->211->195->569->889->882->880->870->867->866->876->864->860->852->849->854->839->830->826->821->822->816->815->1191->1199->1204->1182->1184->1518->1531->1521->1890->1875->2217->2229->2476,2476->2500
N2500_PS_parking_budget_Cmax100_I1,2500,7696,125,3732,21,2491,2500,0.9,0.5,10.0,0.9,54734.82,2476,340,2476_S001,near,0.30320000000000097,0.001603,0.003195,0.1661,0.0332,0.036395,6.66,19.090692000000054,2491->2493->2484->2481->2341->2332->2328->2326->2320->2317->2305->2311->2300->2282->2268->2263->2256->2252->2251->2247->2257->2244->2240->2226->2237->2223->2220->2235->2236->2218->2228->2211->2202->2187->2178->2156->2183->2170->2155->2154->2130->2109->2098->2085->2072->2078->2069->2046->2038->2033->2030->2044->2028->2017->2014->1968->1955->1902->1895->1894->1893->1882->1872->1864->1869->1863->1860->1841->1840->1832->1827->1826->1814->1813->1807->1789->1788->1781->1779->1774->1784->1780->1778->1766->1767->1764->1740->1736->1735->1731->1718->1713->1707->1693->1681->1677->1687->1672->1665->1673->1664->1655->1649->1640->1643->1637->1628->1625->1610->1587->1579->1552->1550->1548->1530->1537->1525->1524->1492->1490->1488->1495->1479->1486->1471->1465->1460->1430->1423->1406->1401->1391->1384->1380->1374->1373->1369->1359->1355->1344->1311->1301->1310->1298->1290->1281->1274->1270->1279->1262->1257->1254->1234->1231->1219->1206->1228->1212->1203->1194->1197->1183->1177->1170->1153->1152->1149->1142->1134->1130->1125->1117->1113->1129->1111->1099->1089->1075->1069->1065->1064->1063->1051->1042->1039->1050->1037->1036->1027->1006->988->981->969->929->924->917->912->907->904->903->896->892->905->888->885->878->877->874->865->857->856->851->818->813->810->805->786->762->761->757->755->741->725->715->711->708->705->696->691->697->689->687->695->681->674->667->659->669->657->636->609->599->592->588->576->574->586->568->575->564->560->549->547->545->543->540->538->561->532->542->530->539->526->525->527->508->501->476->469->463->450->437->436->430->415->408->393->387->381->372->375->371->362->361->626->353->348->346->614->337->331->329->587->577->559->558->552->321->309->298->299->500->284->266->262->259->254->235->233->438->206->209->410->404->392->196->193->190->183->339->338->341->333->168->164->163->175->105->108->112->117->120->130->272->153->147->278->277->132->137->107->83->93->157->159->101->82->81->77->75->179->176->171->148->145->113->106->221->15->18->24->19->28->22->26->33->32->30->34->54->53->89->29->49->121->94->67->85->100->119->114->129->122->123->125->133->134->181->143->146->156->166->167->158->211->212->224->227->231->192->199->197->204->202->260->265->263->268->275->288->290->293->306->317->358->363->379->384->402->394->407->396->397->401->406->398->403->413->440->454->449->455->460->461->468->462->471->482->497->517->518->536->537->546->551->553->554->555->562->569->570->573->593->600->602->615->628->637->642->658->668->694->700->709->713->721->734->745->748->749->753->763->764->766->783->793->784->791->815->816->821->826->830->839->842->849->852->860->864->866->867->870->880->882->889->887->893->894->910->933->944->946->948->976->978->985->991->995->1017->1024->1031->1071->1077->1079->1091->1100->1110->1120->1116->1122->1139->1167->1168->1181->1173->1175->1189->1192->1204->1180->1182->1184->1193->1205->1210->1223->1229->1230->1241->1232->1237->1242->1244->1251->1269->1275->1278->1296->1322->1330->1348->1364->1353->1358->1361->1362->1368->1385->1379->1381->1387->1390->1403->1417->1408->1434->1428->1453->1462->1463->1481->1497->1500->1502->1503->1508->1510->1512->1531->1522->1518->1528->1540->1542->1554->1555->1568->1576->1582->1583->1594->1586->1588->1590->1600->1618->1593->1601->1604->1607->1616->1620->1633->1641->1680->1688->1719->1739->1751->1755->1757->1776->1777->1794->1798->1782->1785->1818->1834->1821->1823->1824->1857->1861->1871->1890->1907->1906->1940->1941->1951->1969->1980->1978->1982->1987->1991->2001->2002->2005->2013->2047->2050->2065->2081->2096->2089->2110->2063->2071->2074->2077->2079->2099->2108->2100->2116->2118->2121->2134->2137->2148->2158->2169->2171->2159->2174->2181->2195->2186->2196->2207->2204->2208->2212->2217->2229->2456->2460->2473->2461->2466->2476,2476->2500
N2500_PS_parking_budget_Cmax150_I1,2500,7696,125,3732,49,2491,2500,0.9,0.5,15.0,0.9,55100.028,2490,294,2490_S001,near,0.33520000000000133,0.001557,0.002951,0.1348,0.027,0.029951,9.13,20.71523200000007,2491->2493->2484->2481->2341->2332->2328->2326->2320->2317->2300->2282->2268->2263->2256->2252->2251->2247->2244->2240->2226->2237->2220->2235->2236->2218->2228->2211->2202->2187->2178->2156->2183->2155->2154->2130->2109->2098->2085->2072->2078->2082->2069->2046->2038->2033->2030->2044->2028->2017->2014->1968->1955->1902->1895->1894->1893->1882->1872->1864->1869->1863->1860->1841->1840->1832->1827->1826->1814->1813->1807->1789->1806->1788->1781->1779->1774->1784->1780->1778->1766->1767->1764->1763->1740->1736->1735->1731->1718->1713->1707->1693->1689->1681->1677->1687->1672->1665->1664->1655->1649->1643->1637->1628->1625->1610->1587->1579->1552->1550->1548->1547->1530->1537->1525->1524->1492->1490->1488->1495->1479->1486->1471->1465->1460->1430->1423->1406->1401->1391->1384->1380->1374->1373->1369->1359->1355->1344->1311->1301->1310->1298->1290->1281->1274->1270->1279->1262->1257->1254->1252->1219->1206->1212->1228->1203->1194->1197->1177->1170->1153->1152->1149->1142->1134->1130->1125->1117->1113->1129->1111->1105->1099->1089->1075->1069->1065->1064->1063->1051->1042->1039->1050->1037->1036->1027->1006->988->981->969->929->924->917->912->907->904->903->896->892->905->888->885->878->877->874->865->857->856->851->813->810->805->786->762->761->776->757->755->741->725->715->711->723->705->696->691->697->689->687->695->681->674->667->659->657->636->609->599->592->588->576->574->586->568->575->564->560->549->547->545->543->540->566->561->532->542->530->539->526->524->522->527->508->519->747->737->733->469->463->450->437->727->726->430->415->422->720->714->712->706->690->680->372->375->371->362->626->365->353->348->346->577->559->314->514->523->296->299->289->493->491->284->500->492->487->266->262->479->475->458->466->456->232->230->229->217->228->410->404->392->193->196->390->383->380->370->339->338->341->335->333->326->316->318->162->175->105->118->124->107->83->97->136->127->126->116->215->182->248->253->20->32->30->33->45->27->34->54->53->29->49->85->111->119->114->122->123->125->133->134->181->143->146->189->216->187->195->211->212->173->185->227->231->192->204->202->260->263->275->288->290->293->297->306->317->358->363->379->384->402->394->407->396->397->401->406->398->399->403->413->440->449->453->455->460->468->462->471->482->497->517->518->536->537->546->551->553->555->562->569->570->573->593->600->602->615->628->637->642->658->668->694->700->709->713->721->734->745->748->749->753->763->764->766->783->793->784->791->815->816->821->826->830->839->842->849->852->860->864->866->875->867->870->880->882->889->887->893->894->910->933->944->946->956->976->978->985->991->995->1017->1024->1031->1071->1077->1079->1091->1092->1100->1110->1120->1122->1139->1167->1168->1181->1175->1189->1192->1204->1180->1182->1184->1193->1205->1210->1223->1229->1230->1241->1232->1237->1242->1244->1251->1269->1275->1278->1296->1322->1330->1348->1364->1353->1358->1361->1362->1368->1385->1379->1381->1382->1387->1390->1403->1417->1408->1426->1428->1453->1462->1463->1481->1497->1499->1500->1502->1503->1508->1510->1512->1521->1531->1518->1528->1540->1542->1554->1555->1568->1576->1582->1583->1594->1586->1588->1599->1618->1593->1601->1604->1607->1616->1620->1633->1641->1680->1688->1719->1739->1751->1755->1757->1776->1777->1794->1798->1782->1791->1785->1818->1834->1821->1823->1824->1857->1859->1877->1861->1871->1890->1907->1906->1940->1941->1951->1969->1980->1978->1982->1987->1991->2001->1992->2002->2005->2013->2047->2049->2050->2059->2063->2071->2074->2077->2079->2099->2100->2116->2118->2121->2134->2137->2148->2158->2169->2171->2159->2174->2181->2195->2186->2196->2207->2204->2208->2212->2217->2229->2451->2452->2456->2460->2473->2461->2466->2476->2485->2490,2490->2500
N2500_PS_parking_budget_Cmax205_I1,2500,7696,125,3732,63,2491,2500,0.9,0.5,20.5,0.9,57833.986,2476,341,2476_S002,near,0.30910000000000065,0.002259,0.00477,0.1661,0.0332,0.037970000000000004,6.76,19.539766000000036,2491->2493->2484->2487->2341->2340->2332->2328->2326->2320->2317->2300->2282->2268->2263->2256->2252->2251->2247->2257->2240->2226->2237->2223->2220->2215->2235->2218->2228->2211->2202->2178->2156->2183->2155->2154->2130->2109->2098->2085->2072->2078->2069->2046->2038->2033->2030->2044->2028->2017->2014->1968->1955->1902->1910->1894->1893->1882->1872->1864->1869->1863->1860->1841->1840->1832->1827->1826->1814->1813->1807->1789->1806->1781->1779->1774->1771->1784->1780->1778->1766->1764->1740->1736->1735->1731->1718->1713->1707->1697->1693->1681->1677->1672->1665->1664->1655->1649->1640->1643->1637->1628->1610->1587->1579->1552->1550->1548->1547->1530->1537->1525->1524->1492->1490->1488->1495->1479->1486->1471->1465->1460->1430->1423->1406->1401->1391->1384->1386->1380->1374->1373->1369->1359->1355->1344->1311->1301->1310->1298->1290->1281->1274->1270->1279->1277->1262->1257->1254->1234->1231->1219->1206->1228->1203->1194->1197->1177->1170->1153->1152->1149->1142->1134->1130->1125->1117->1113->1129->1111->1099->1089->1075->1069->1065->1064->1063->1051->1055->1042->1039->1050->1037->1036->1027->1006->988->981->969->929->924->917->912->904->903->896->892->905->888->885->878->877->874->865->857->856->851->813->810->805->786->762->776->757->755->741->725->715->711->723->708->705->696->691->697->689->687->695->681->674->667->659->657->636->609->599->592->588->576->574->586->568->575->581->564->560->549->547->545->543->540->538->561->532->542->534->539->526->524->522->508->519->747->737->476->469->463->450->439->437->436->430->408->393->387->372->375->663->677->373->356->350->626->625->606->608->616->334->558->314->491->487->492->266->262->479->475->458->464->466->456->232->230->229->420->418->409->404->198->196->193->190->183->178->174->335->341->168->370->380->339->338->164->326->316->301->318->162->155->172->175->105->95->87->99->139->136->113->35->23->21->1->2->7->14->15->11->4->8->12->24->19->20->26->33->27->45->32->30->34->54->29->89->49->85->100->111->119->114->122->123->125->133->134->181->191->143->146->216->187->177->167->158->173->185->192->231->197->204->202->260->265->263->268->275->288->290->293->297->306->317->358->363->379->384->394->407->396->397->401->406->398->403->413->440->449->453->455->460->468->471->482->495->497->517->518->536->537->546->551->553->554->555->562->569->570->573->593->600->602->615->628->637->642->658->668->694->700->709->713->721->734->745->748->749->753->763->765->764->766->783->784->791->815->816->821->826->830->839->854->849->852->860->864->876->866->867->870->880->882->889->887->893->894->910->933->944->946->956->976->978->985->991->995->1011->1017->1024->1031->1068->1071->1077->1079->1091->1092->1100->1110->1120->1122->1139->1167->1168->1181->1173->1175->1178->1189->1192->1199->1204->1182->1184->1193->1205->1210->1223->1229->1230->1241->1232->1237->1242->1244->1251->1269->1275->1278->1296->1322->1330->1348->1364->1353->1358->1361->1366->1362->1368->1379->1382->1387->1390->1403->1417->1434->1428->1453->1462->1463->1481->1497->1500->1502->1503->1508->1510->1512->1521->1522->1518->1528->1540->1542->1554->1555->1568->1576->1582->1583->1594->1586->1590->1599->1600->1618->1593->1601->1595->1607->1616->1620->1630->1633->1641->1680->1688->1719->1739->1751->1755->1757->1776->1777->1794->1798->1782->1791->1785->1818->1834->1821->1823->1824->1857->1861->1871->1890->1907->1906->1940->1941->1951->1969->1980->1978->1982->1987->1991->1992->2002->2005->2013->2047->2049->2050->2059->2081->2089->2110->2063->2071->2074->2077->2079->2099->2108->2100->2116->2118->2121->2134->2137->2148->2158->2169->2159->2174->2181->2195->2186->2196->2207->2204->2208->2212->2217->2229->2490->2499->2485->2476,2476->2500
N2500_PS_parking_budget_Cmax250_I1,2500,7696,125,3732,75,2491,2500,0.9,0.5,25.0,0.9,62936.751,2439,586,2439_S001,near,0.3160000000000007,0.00175,0.004072,0.2799,0.056,0.060072,11.17,21.51938800000004,2491->2487->2484->2481->2478->2468->2448->2443->2458->2442->2426->2412->2401->2400->2395->2379->2374->2370->2369->2372->2358->2390->2380->2363->2350->2347->2340->2341->2328->2326->2320->2317->2305->2300->2282->2268->2263->2256->2252->2251->2247->2257->2240->2226->2237->2223->2220->2235->2218->2214->2228->2211->2202->2178->2156->2183->2155->2154->2136->2130->2109->2098->2085->2072->2078->2082->2069->2046->2038->2033->2030->2044->2028->2014->1968->1955->1902->1910->1900->1894->1893->1882->1872->1864->1869->1863->1860->1841->1840->1832->1827->1826->1814->1813->1807->1789->1806->1781->1779->1774->1784->1780->1778->1766->1764->1740->1736->1735->1731->1718->1713->1707->1693->1681->1677->1702->1687->1672->1665->1664->1655->1649->1643->1637->1628->1625->1610->1587->1579->1552->1550->1548->1547->1530->1537->1525->1524->1492->1490->1488->1495->1479->1486->1471->1469->1465->1460->1430->1423->1401->1391->1384->1380->1374->1373->1369->1359->1355->1344->1311->1301->1310->1298->1290->1281->1274->1270->1279->1262->1257->1254->1252->1234->1231->1219->1206->1228->1212->1203->1194->1197->1177->1170->1153->1152->1149->1142->1134->1130->1125->1117->1113->1129->1111->1105->1099->1089->1075->1069->1065->1064->1063->1051->1042->1039->1050->1037->1036->1027->1006->988->981->969->929->924->917->912->907->904->903->896->892->905->888->885->878->877->874->865->857->856->851->818->813->810->812->805->786->762->776->757->755->725->715->711->708->723->705->696->691->697->698->689->687->695->681->674->667->659->669->657->636->609->599->592->588->576->574->586->568->575->581->560->549->547->545->543->540->538->561->548->532->542->534->539->526->524->522->527->519->501->737->733->731->739->450->439->437->436->430->415->408->714->712->706->690->680->373->626->625->606->616->608->346->558->314->516->529->535->523->296->298->299->289->284->266->262->479->475->458->466->456->457->254->235->438->425->206->410->404->409->198->196->390->383->190->183->178->174->339->338->164->163->162->155->172->105->115->52->61->51->50->82->101->116->215->218->220->3->13->14->15->24->19->28->22->30->34->54->53->89->49->67->94->98->121->85->100->111->119->114->129->122->123->125->133->152->134->181->143->191->184->189->216->223->195->166->156->187->177->167->158->170->211->212->173->185->192->231->197->199->204->202->260->265->263->268->275->288->290->293->306->317->358->363->379->384->402->394->407->396->397->401->406->398->399->403->413->440->449->455->460->468->462->471->482->495->497->517->518->536->537->546->551->553->554->555->562->569->570->573->593->600->602->615->628->637->642->658->668->694->700->713->721->734->745->748->749->753->763->765->764->766->783->784->793->791->815->816->822->821->826->830->839->854->849->852->860->864->866->867->870->880->882->889->887->893->894->910->933->944->946->948->976->978->985->991->995->1017->1024->1031->1071->1077->1079->1091->1092->1100->1110->1120->1116->1122->1139->1167->1168->1173->1175->1178->1192->1199->1204->1182->1184->1193->1205->1210->1223->1229->1230->1241->1232->1237->1242->1244->1251->1269->1275->1278->1296->1322->1330->1348->1364->1353->1358->1361->1362->1368->1379->1382->1387->1390->1403->1417->1408->1426->1428->1453->1462->1463->1481->1497->1499->1500->1502->1503->1508->1510->1512->1531->1518->1528->1540->1542->1554->1555->1568->1576->1582->1583->1594->1586->1590->1588->1599->1618->1593->1601->1604->1607->1616->1620->1630->1633->1641->1680->1688->1719->1739->1751->1755->1757->1776->1777->1798->1782->1791->1785->1818->1821->1823->1824->1857->1859->1877->1861->1871->1875->1890->1907->1906->1940->1941->1951->1969->1980->1978->1982->1987->1991->2001->2002->2005->2013->2047->2059->2065->2081->2089->2110->2063->2071->2074->2077->2079->2099->2100->2116->2118->2121->2134->2137->2148->2158->2169->2159->2174->2181->2195->2186->2196->2207->2204->2208->2212->2217->2229->2466->2461->2473->2456->2452->2451->2441->2439,2439->2500
N2500_PS_parking_cost_100_225_I1,2500,7696,125,3732,58,2491,2500,0.9,0.5,20.5,0.9,50249.418,2441,547,2441_S001,near,0.3135000000000008,0.001751,0.004,0.2683,0.0537,0.0577,10.09,21.148354000000047,2491->2487->2484->2481->2478->2468->2448->2443->2458->2442->2426->2412->2401->2400->2395->2379->2374->2370->2369->2372->2358->2390->2380->2363->2350->2347->2340->2332->2341->2328->2326->2320->2317->2305->2300->2282->2268->2263->2256->2252->2251->2247->2257->2244->2240->2226->2237->2223->2220->2215->2235->2218->2228->2214->2211->2202->2178->2156->2170->2183->2155->2154->2136->2130->2109->2098->2085->2072->2082->2069->2046->2038->2033->2030->2044->2028->2017->2014->1968->1955->1902->1910->1894->1893->1882->1872->1864->1869->1863->1860->1841->1840->1832->1827->1826->1814->1813->1807->1789->1788->1781->1779->1774->1771->1784->1780->1778->1766->1764->1740->1736->1735->1731->1718->1713->1707->1697->1693->1689->1681->1677->1702->1687->1672->1665->1673->1664->1655->1649->1640->1643->1637->1628->1625->1610->1587->1579->1552->1550->1548->1530->1537->1525->1492->1490->1488->1495->1479->1486->1471->1465->1460->1430->1423->1406->1401->1391->1384->1380->1374->1373->1369->1359->1355->1344->1311->1301->1310->1298->1290->1281->1274->1270->1279->1277->1262->1257->1254->1252->1219->1206->1212->1203->1194->1197->1177->1170->1153->1152->1149->1142->1134->1130->1125->1117->1113->1129->1111->1099->1089->1075->1069->1065->1064->1063->1051->1055->1042->1039->1050->1037->1036->1027->1006->988->981->969->961->929->924->917->912->904->903->896->892->905->888->885->878->877->874->865->861->857->856->851->818->813->810->812->805->786->762->776->757->755->725->715->711->723->708->705->696->691->697->689->687->681->674->667->661->659->657->636->609->599->592->588->576->574->586->568->575->564->581->560->549->547->545->543->540->566->561->532->542->530->534->539->526->525->527->522->508->501->476->469->463->450->437->436->430->415->408->393->387->706->690->381->688->677->660->362->626->635->348->346->577->559->314->523->509->289->299->298->500->259->262->475->458->464->466->456->457->441->206->420->418->409->198->196->193->190->383->385->380->178->174->168->341->335->338->163->175->105->115->52->61->60->48->78->182->176->179->6->10->11->4->8->359->18->24->19->20->26->30->34->54->53->29->49->85->111->119->114->129->122->123->125->133->152->134->181->191->143->194->184->189->216->156->166->167->158->211->212->224->231->192->199->197->204->202->260->263->268->275->288->290->293->306->317->358->363->379->384->402->394->407->396->397->401->406->398->399->403->413->440->454->449->455->460->468->462->471->482->495->497->517->518->537->546->551->553->554->555->562->569->570->573->593->600->602->615->628->637->642->658->668->694->700->713->721->734->745->748->749->753->763->764->766->783->784->791->815->816->821->826->830->839->842->849->852->860->864->866->875->867->870->880->882->887->893->894->910->933->944->946->956->976->978->985->991->995->1011->1017->1024->1031->1068->1071->1077->1079->1091->1100->1110->1120->1116->1122->1139->1167->1168->1173->1175->1189->1192->1204->1182->1184->1193->1205->1210->1223->1229->1230->1241->1232->1237->1242->1244->1251->1269->1275->1278->1296->1322->1330->1348->1364->1353->1358->1366->1362->1368->1385->1379->1381->1387->1390->1403->1417->1408->1426->1434->1428->1453->1462->1463->1481->1497->1499->1500->1502->1503->1508->1510->1512->1531->1521->1522->1518->1528->1540->1542->1554->1555->1568->1576->1582->1583->1594->1586->1588->1590->1599->1618->1593->1601->1595->1607->1616->1620->1633->1641->1680->1688->1719->1739->1751->1755->1757->1776->1777->1798->1782->1791->1785->1818->1821->1823->1824->1857->1859->1877->1861->1871->1875->1890->1907->1906->1940->1941->1951->1969->1980->1978->1982->1986->1987->1991->2001->2002->2005->2013->2047->2050->2059->2063->2071->2074->2077->2079->2099->2108->2100->2116->2118->2121->2134->2137->2148->2158->2169->2159->2171->2174->2181->2195->2186->2196->2204->2208->2212->2217->2229->2441,2441->2500
N2500_PS_parking_cost_125_250_I1,2500,7696,125,3732,49,2491,2500,0.9,0.5,20.5,0.9,52374.152,2476,341,2476_S002,near,0.3231000000000009,0.002259,0.00477,0.1661,0.0332,0.037970000000000004,11.79,20.798766000000047,2491->2341->2332->2328->2326->2320->2317->2305->2311->2300->2282->2268->2263->2256->2252->2251->2247->2257->2240->2226->2237->2223->2220->2235->2236->2218->2214->2211->2202->2178->2156->2170->2155->2154->2130->2109->2098->2085->2072->2082->2069->2046->2038->2033->2030->2044->2028->2014->1968->1955->1902->1900->1910->1894->1893->1882->1872->1864->1869->1863->1860->1841->1840->1832->1827->1826->1814->1813->1807->1789->1806->1781->1779->1774->1784->1780->1778->1766->1764->1763->1740->1736->1735->1731->1718->1713->1707->1693->1681->1677->1702->1687->1672->1665->1673->1664->1655->1649->1640->1643->1637->1628->1610->1587->1579->1552->1550->1548->1547->1530->1537->1525->1492->1490->1488->1495->1479->1486->1471->1465->1460->1430->1423->1406->1401->1391->1384->1386->1380->1374->1373->1369->1359->1355->1344->1311->1301->1310->1298->1290->1281->1274->1270->1279->1262->1257->1254->1252->1234->1231->1219->1206->1212->1203->1194->1197->1177->1170->1153->1152->1149->1142->1134->1130->1125->1117->1113->1129->1111->1105->1099->1089->1075->1069->1065->1064->1063->1051->1042->1039->1050->1037->1036->1027->1006->988->981->969->961->929->924->917->912->904->903->896->892->905->888->885->878->877->874->865->857->856->851->818->813->810->805->786->762->776->757->755->725->715->711->723->705->696->691->697->698->689->687->695->681->674->667->661->659->669->657->636->609->599->592->588->576->574->586->568->575->581->560->549->547->545->543->540->538->561->532->542->530->539->526->525->524->522->508->747->737->476->469->463->450->436->430->415->408->393->688->677->660->373->361->626->353->365->348->346->577->559->314->535->529->516->509->296->500->487->266->262->466->464->456->457->206->418->420->230->229->217->228->410->404->392->390->383->380->183->339->338->163->162->175->169->153->147->138->272->277->132->137->92->90->73->71->127->126->43->42->47->81->102->103->220->3->4->17->15->24->19->20->32->30->34->54->53->29->49->85->100->119->114->129->122->123->125->133->134->181->191->184->194->143->146->156->166->158->173->212->227->224->231->192->197->199->204->202->260->265->263->275->288->290->293->297->306->317->358->363->379->384->394->407->396->397->401->406->398->403->413->440->454->449->455->460->468->462->471->482->497->517->518->536->537->546->551->553->554->555->562->569->570->573->593->600->602->615->628->637->642->658->668->694->700->713->721->734->745->748->749->753->763->764->766->783->793->791->815->816->822->821->826->830->839->842->854->849->852->860->864->866->875->867->870->880->882->889->887->893->894->910->933->944->946->948->976->978->985->991->995->1011->1017->1024->1031->1068->1071->1077->1079->1091->1092->1100->1110->1120->1122->1139->1167->1168->1181->1173->1175->1178->1192->1199->1204->1180->1182->1184->1193->1205->1210->1223->1229->1230->1241->1232->1237->1242->1244->1251->1269->1275->1278->1296->1322->1330->1348->1364->1353->1358->1366->1362->1368->1385->1379->1381->1387->1390->1403->1417->1434->1428->1453->1462->1463->1481->1497->1499->1500->1502->1503->1508->1510->1512->1521->1522->1518->1528->1540->1542->1554->1555->1568->1576->1582->1583->1594->1586->1590->1599->1618->1593->1601->1604->1607->1616->1620->1633->1641->1680->1688->1719->1739->1751->1755->1757->1776->1777->1794->1798->1782->1785->1818->1821->1823->1824->1857->1859->1877->1861->1871->1875->1890->1907->1906->1940->1941->1951->1969->1980->1978->1982->1987->1991->2001->1992->2002->2005->2013->2047->2049->2065->2050->2059->2063->2071->2074->2077->2079->2099->2100->2116->2118->2121->2134->2137->2148->2158->2169->2159->2171->2174->2181->2186->2196->2204->2208->2212->2217->2229->2490->2499->2485->2476,2476->2500
N2500_PS_parking_cost_150_300_I1,2500,7696,125,3732,24,2491,2500,0.9,0.5,20.5,0.9,58861.998,2490,296,2490_S003,near,0.3260000000000011,0.002668,0.005432,0.1348,0.027,0.032432,19.22,21.421400000000062,2491->2493->2484->2481->2341->2332->2328->2326->2320->2317->2300->2282->2268->2263->2256->2252->2251->2247->2244->2257->2240->2226->2237->2220->2235->2218->2228->2211->2202->2178->2156->2170->2155->2154->2130->2109->2098->2085->2072->2082->2078->2069->2046->2038->2033->2030->2044->2028->2014->1968->1955->1902->1895->1894->1893->1882->1872->1864->1869->1863->1860->1841->1840->1832->1827->1826->1814->1813->1807->1789->1788->1781->1779->1774->1771->1784->1780->1778->1767->1766->1764->1763->1740->1736->1735->1731->1718->1713->1707->1697->1693->1689->1681->1677->1672->1665->1673->1664->1655->1649->1643->1637->1628->1610->1587->1579->1552->1550->1548->1530->1537->1525->1492->1490->1488->1495->1479->1486->1471->1469->1465->1460->1430->1423->1401->1391->1384->1380->1374->1373->1369->1359->1355->1344->1311->1301->1310->1298->1290->1281->1274->1270->1279->1277->1262->1257->1254->1252->1219->1206->1212->1203->1194->1197->1177->1170->1153->1152->1149->1142->1134->1130->1125->1117->1113->1129->1111->1105->1099->1089->1075->1069->1065->1064->1063->1051->1042->1039->1050->1037->1036->1027->1006->988->981->969->961->929->924->917->912->904->903->896->892->905->888->885->878->877->874->865->857->856->851->813->810->812->805->786->762->776->757->755->725->715->711->708->705->696->691->697->698->689->687->681->674->667->659->657->636->609->599->592->588->576->574->586->568->575->581->560->549->547->545->543->540->538->566->561->532->548->542->534->530->539->526->525->772->747->519->501->476->469->463->450->436->430->408->393->387->372->663->677->660->646->644->638->641->356->350->365->348->346->587->329->324->559->314->491->284->500->259->254->235->438->441->206->420->418->409->410->201->198->392->193->190->183->385->380->339->174->168->164->326->318->316->292->278->147->153->272->151->108->61->52->57->80->71->127->56->104->103->102->75->359->8->12->18->24->19->28->22->26->32->33->45->27->34->54->53->89->49->121->85->111->119->114->122->123->125->133->152->134->181->143->194->184->189->216->187->195->211->212->173->185->192->199->197->204->202->260->265->263->275->288->290->293->306->317->358->363->379->384->402->394->407->396->397->401->406->398->399->403->413->440->454->449->453->455->460->468->461->462->471->482->497->517->518->536->537->546->551->553->554->555->562->569->570->573->593->600->602->615->628->637->642->658->668->694->700->713->721->734->745->748->749->753->763->764->766->783->784->793->791->815->816->822->821->826->830->839->842->849->852->860->864->876->866->875->867->870->880->882->887->893->894->910->933->944->946->956->976->978->985->991->995->1017->1024->1031->1071->1077->1079->1091->1100->1110->1120->1122->1139->1167->1168->1181->1175->1189->1191->1192->1180->1182->1184->1193->1205->1210->1223->1229->1230->1241->1232->1237->1242->1244->1251->1269->1275->1278->1296->1322->1330->1348->1364->1353->1358->1366->1361->1362->1368->1385->1379->1382->1387->1390->1403->1417->1434->1408->1426->1428->1453->1462->1463->1481->1497->1499->1500->1502->1503->1508->1510->1512->1521->1522->1531->1518->1528->1540->1542->1554->1555->1568->1576->1582->1583->1594->1586->1590->1600->1618->1593->1601->1604->1595->1607->1616->1620->1630->1633->1641->1680->1688->1719->1739->1751->1755->1757->1776->1777->1798->1782->1785->1818->1834->1821->1823->1824->1857->1861->1871->1875->1890->1907->1906->1940->1941->1951->1969->1980->1978->1982->1987->1991->2001->2002->2005->2013->2047->2050->2049->2065->2081->2059->2063->2071->2074->2077->2079->2099->2100->2116->2118->2121->2134->2137->2148->2158->2169->2159->2174->2181->2195->2186->2196->2204->2208->2212->2217->2229->2499->2490,2490->2500
N2500_PS_parking_cost_80_205_I1,2500,7696,125,3732,63,2491,2500,0.9,0.5,20.5,0.9,60488.818,2476,341,2476_S002,near,0.30910000000000065,0.002259,0.00477,0.1661,0.0332,0.037970000000000004,6.76,19.539766000000036,2491->2493->2484->2487->2341->2340->2332->2328->2326->2320->2317->2300->2282->2268->2263->2256->2252->2251->2247->2257->2240->2226->2237->2223->2220->2215->2235->2218->2228->2211->2202->2178->2156->2183->2155->2154->2130->2109->2098->2085->2072->2078->2069->2046->2038->2033->2030->2044->2028->2017->2014->1968->1955->1902->1910->1894->1893->1882->1872->1864->1869->1863->1860->1841->1840->1832->1827->1826->1814->1813->1807->1789->1806->1781->1779->1774->1771->1784->1780->1778->1766->1764->1740->1736->1735->1731->1718->1713->1707->1697->1693->1681->1677->1672->1665->1664->1655->1649->1640->1643->1637->1628->1610->1587->1579->1552->1550->1548->1547->1530->1537->1525->1524->1492->1490->1488->1495->1479->1486->1471->1465->1460->1430->1423->1406->1401->1391->1384->1386->1380->1374->1373->1369->1359->1355->1344->1311->1301->1310->1298->1290->1281->1274->1270->1279->1277->1262->1257->1254->1234->1231->1219->1206->1228->1203->1194->1197->1177->1170->1153->1152->1149->1142->1134->1130->1125->1117->1113->1129->1111->1099->1089->1075->1069->1065->1064->1063->1051->1055->1042->1039->1050->1037->1036->1027->1006->988->981->969->929->924->917->912->904->903->896->892->905->888->885->878->877->874->865->857->856->851->813->810->805->786->762->776->757->755->741->725->715->711->723->708->705->696->691->697->689->687->695->681->674->667->659->657->636->609->599->592->588->576->574->586->568->575->581->564->560->549->547->545->543->540->538->561->532->542->534->539->526->524->522->508->519->747->737->476->469->463->450->439->437->436->430->408->393->387->372->375->663->677->373->356->350->626->625->606->608->616->334->558->314->491->487->492->266->262->479->475->458->464->466->456->232->230->229->420->418->409->404->198->196->193->190->183->178->174->335->341->168->370->380->339->338->164->326->316->301->318->162->155->172->175->105->95->87->99->139->136->113->35->23->21->1->2->7->14->15->11->4->8->12->24->19->20->26->33->27->45->32->30->34->54->29->89->49->85->100->111->119->114->122->123->125->133->134->181->191->143->146->216->187->177->167->158->173->185->192->231->197->204->202->260->265->263->268->275->288->290->293->297->306->317->358->363->379->384->394->407->396->397->401->406->398->403->413->440->449->453->455->460->468->471->482->495->497->517->518->536->537->546->551->553->554->555->562->569->570->573->593->600->602->615->628->637->642->658->668->694->700->709->713->721->734->745->748->749->753->763->765->764->766->783->784->791->815->816->821->826->830->839->854->849->852->860->864->876->866->867->870->880->882->889->887->893->894->910->933->944->946->956->976->978->985->991->995->1011->1017->1024->1031->1068->1071->1077->1079->1091->1092->1100->1110->1120->1122->1139->1167->1168->1181->1173->1175->1178->1189->1192->1199->1204->1182->1184->1193->1205->1210->1223->1229->1230->1241->1232->1237->1242->1244->1251->1269->1275->1278->1296->1322->1330->1348->1364->1353->1358->1361->1366->1362->1368->1379->1382->1387->1390->1403->1417->1434->1428->1453->1462->1463->1481->1497->1500->1502->1503->1508->1510->1512->1521->1522->1518->1528->1540->1542->1554->1555->1568->1576->1582->1583->1594->1586->1590->1599->1600->1618->1593->1601->1595->1607->1616->1620->1630->1633->1641->1680->1688->1719->1739->1751->1755->1757->1776->1777->1794->1798->1782->1791->1785->1818->1834->1821->1823->1824->1857->1861->1871->1890->1907->1906->1940->1941->1951->1969->1980->1978->1982->1987->1991->1992->2002->2005->2013->2047->2049->2050->2059->2081->2089->2110->2063->2071->2074->2077->2079->2099->2108->2100->2116->2118->2121->2134->2137->2148->2158->2169->2159->2174->2181->2195->2186->2196->2207->2204->2208->2212->2217->2229->2490->2499->2485->2476,2476->2500
N2500_PS_parking_supply_P10_I1,2500,7892,223,6689,63,2491,2500,0.9,0.5,20.5,0.9,60992.036,2476,341,2476_S002,near,0.8381000000000002,0.002259,0.00477,0.1661,0.0332,0.037970000000000004,6.76,48.10576600000002,2491->2493->2484->2487->2341->2332->2328->2326->2320->2317->2300->2282->2268->2263->2256->2252->2251->2247->2257->2244->2240->2226->2237->2223->2220->2215->2235->2218->2214->2228->2211->2202->2187->2178->2156->2183->2155->2154->2130->2109->2098->2085->2072->2078->2069->2046->2038->2033->2030->2044->2028->2014->1968->1955->1902->1895->1894->1893->1882->1872->1864->1869->1863->1860->1841->1840->1832->1827->1826->1814->1813->1807->1789->1788->1781->1779->1774->1784->1780->1778->1767->1764->1740->1736->1735->1731->1718->1713->1707->1693->1681->1677->1702->1687->1672->1665->1664->1655->1649->1643->1637->1628->1625->1610->1587->1579->1552->1550->1548->1530->1537->1525->1524->1492->1490->1488->1495->1479->1486->1471->1465->1460->1430->1423->1406->1401->1391->1384->1380->1374->1373->1369->1359->1355->1344->1311->1301->1310->1298->1290->1281->1274->1270->1279->1262->1257->1254->1252->1219->1206->1228->1212->1203->1194->1197->1183->1177->1170->1153->1152->1149->1142->1134->1130->1125->1117->1113->1129->1111->1105->1099->1089->1075->1069->1065->1064->1063->1051->1042->1039->1050->1037->1036->1027->1006->988->981->969->929->924->917->912->904->903->896->892->905->888->885->878->877->874->865->857->856->851->813->810->812->805->786->762->776->757->755->741->725->715->711->708->723->705->696->691->697->689->687->695->681->674->667->659->657->636->609->599->592->588->576->574->586->568->575->564->560->549->547->545->543->540->538->561->532->542->530->539->526->524->525->527->508->501->476->469->463->467->450->436->726->720->714->712->393->688->375->371->633->631->623->365->348->346->558->314->491->487->492->266->262->458->464->456->457->441->451->206->209->410->198->392->193->196->390->383->385->183->178->174->168->341->333->326->318->316->292->278->277->272->130->120->115->52->51->61->60->50->82->176->182->9->5->2->3->4->8->12->24->19->20->26->22->30->34->54->29->89->49->121->94->67->85->100->119->114->129->122->123->125->133->134->181->143->194->189->216->156->187->177->166->158->170->173->185->192->204->202->260->263->268->275->288->290->293->297->306->317->358->363->379->384->394->407->396->397->401->406->398->403->413->440->454->449->453->455->460->468->471->482->497->517->518->537->546->551->553->554->555->562->569->570->573->593->600->602->615->628->637->642->658->668->694->700->709->713->721->734->745->748->749->753->763->764->766->783->793->784->791->815->816->822->821->826->830->839->842->849->852->860->864->876->866->875->867->870->880->882->889->887->893->894->910->933->944->946->956->976->978->985->991->995->1017->1024->1031->1071->1077->1079->1091->1100->1110->1120->1116->1122->1139->1167->1168->1173->1175->1178->2500->2499->2485->2476,2476->2500
N2500_PS_parking_supply_P15_I1,2500,7892,223,6689,63,2491,2500,0.9,0.5,20.5,0.9,64110.126,2476,341,2476_S002,near,0.8381000000000002,0.002259,0.00477,0.1661,0.0332,0.037970000000000004,6.76,48.10576600000002,2491->2493->2484->2487->2341->2332->2328->2326->2320->2317->2300->2282->2268->2263->2256->2252->2251->2247->2257->2244->2240->2226->2237->2223->2220->2215->2235->2218->2214->2228->2211->2202->2187->2178->2156->2183->2155->2154->2130->2109->2098->2085->2072->2078->2069->2046->2038->2033->2030->2044->2028->2014->1968->1955->1902->1895->1894->1893->1882->1872->1864->1869->1863->1860->1841->1840->1832->1827->1826->1814->1813->1807->1789->1788->1781->1779->1774->1784->1780->1778->1767->1764->1740->1736->1735->1731->1718->1713->1707->1693->1681->1677->1702->1687->1672->1665->1664->1655->1649->1643->1637->1628->1625->1610->1587->1579->1552->1550->1548->1530->1537->1525->1524->1492->1490->1488->1495->1479->1486->1471->1465->1460->1430->1423->1406->1401->1391->1384->1380->1374->1373->1369->1359->1355->1344->1311->1301->1310->1298->1290->1281->1274->1270->1279->1262->1257->1254->1252->1219->1206->1228->1212->1203->1194->1197->1183->1177->1170->1153->1152->1149->1142->1134->1130->1125->1117->1113->1129->1111->1105->1099->1089->1075->1069->1065->1064->1063->1051->1042->1039->1050->1037->1036->1027->1006->988->981->969->929->924->917->912->904->903->896->892->905->888->885->878->877->874->865->857->856->851->813->810->812->805->786->762->776->757->755->741->725->715->711->708->723->705->696->691->697->689->687->695->681->674->667->659->657->636->609->599->592->588->576->574->586->568->575->564->560->549->547->545->543->540->538->561->532->542->530->539->526->524->525->527->508->501->476->469->463->467->450->436->726->720->714->712->393->688->375->371->633->631->623->365->348->346->558->314->491->487->492->266->262->458->464->456->457->441->451->206->209->410->198->392->193->196->390->383->385->183->178->174->168->341->333->326->318->316->292->278->277->272->130->120->115->52->51->61->60->50->82->176->182->9->5->2->3->4->8->12->24->19->20->26->22->30->34->54->29->89->49->121->94->67->85->100->119->114->129->122->123->125->133->134->181->143->194->189->216->156->187->177->166->158->170->173->185->192->204->202->260->263->268->275->288->290->293->297->306->317->358->363->379->384->394->407->396->397->401->406->398->403->413->440->454->449->453->455->460->468->471->482->497->517->518->537->546->551->553->554->555->562->569->570->573->593->600->602->615->628->637->642->658->668->694->700->709->713->721->734->745->748->749->753->763->764->766->783->793->784->791->815->816->822->821->826->830->839->842->849->852->860->864->876->866->875->867->870->880->882->889->887->893->894->910->933->944->946->956->976->978->985->991->995->1017->1024->1031->1071->1077->1079->1091->1100->1110->1120->1116->1122->1139->1167->1168->1173->1175->1178->2500->2499->2485->2476,2476->2500
N2500_PS_parking_supply_P20_I1,2500,7892,223,6689,63,2491,2500,0.9,0.5,20.5,0.9,63858.513,2476,341,2476_S002,near,0.8381000000000002,0.002259,0.00477,0.1661,0.0332,0.037970000000000004,6.76,48.10576600000002,2491->2493->2484->2487->2341->2332->2328->2326->2320->2317->2300->2282->2268->2263->2256->2252->2251->2247->2257->2244->2240->2226->2237->2223->2220->2215->2235->2218->2214->2228->2211->2202->2187->2178->2156->2183->2155->2154->2130->2109->2098->2085->2072->2078->2069->2046->2038->2033->2030->2044->2028->2014->1968->1955->1902->1895->1894->1893->1882->1872->1864->1869->1863->1860->1841->1840->1832->1827->1826->1814->1813->1807->1789->1788->1781->1779->1774->1784->1780->1778->1767->1764->1740->1736->1735->1731->1718->1713->1707->1693->1681->1677->1702->1687->1672->1665->1664->1655->1649->1643->1637->1628->1625->1610->1587->1579->1552->1550->1548->1530->1537->1525->1524->1492->1490->1488->1495->1479->1486->1471->1465->1460->1430->1423->1406->1401->1391->1384->1380->1374->1373->1369->1359->1355->1344->1311->1301->1310->1298->1290->1281->1274->1270->1279->1262->1257->1254->1252->1219->1206->1228->1212->1203->1194->1197->1183->1177->1170->1153->1152->1149->1142->1134->1130->1125->1117->1113->1129->1111->1105->1099->1089->1075->1069->1065->1064->1063->1051->1042->1039->1050->1037->1036->1027->1006->988->981->969->929->924->917->912->904->903->896->892->905->888->885->878->877->874->865->857->856->851->813->810->812->805->786->762->776->757->755->741->725->715->711->708->723->705->696->691->697->689->687->695->681->674->667->659->657->636->609->599->592->588->576->574->586->568->575->564->560->549->547->545->543->540->538->561->532->542->530->539->526->524->525->527->508->501->476->469->463->467->450->436->726->720->714->712->393->688->375->371->633->631->623->365->348->346->558->314->491->487->492->266->262->458->464->456->457->441->451->206->209->410->198->392->193->196->390->383->385->183->178->174->168->341->333->326->318->316->292->278->277->272->130->120->115->52->51->61->60->50->82->176->182->9->5->2->3->4->8->12->24->19->20->26->22->30->34->54->29->89->49->121->94->67->85->100->119->114->129->122->123->125->133->134->181->143->194->189->216->156->187->177->166->158->170->173->185->192->204->202->260->263->268->275->288->290->293->297->306->317->358->363->379->384->394->407->396->397->401->406->398->403->413->440->454->449->453->455->460->468->471->482->497->517->518->537->546->551->553->554->555->562->569->570->573->593->600->602->615->628->637->642->658->668->694->700->709->713->721->734->745->748->749->753->763->764->766->783->793->784->791->815->816->822->821->826->830->839->842->849->852->860->864->876->866->875->867->870->880->882->889->887->893->894->910->933->944->946->956->976->978->985->991->995->1017->1024->1031->1071->1077->1079->1091->1100->1110->1120->1116->1122->1139->1167->1168->1173->1175->1178->2500->2499->2485->2476,2476->2500
N2500_PS_parking_supply_P5_I1,2500,7696,125,3732,63,2491,2500,0.9,0.5,20.5,0.9,65761.298,2476,341,2476_S002,near,0.30910000000000065,0.002259,0.00477,0.1661,0.0332,0.037970000000000004,6.76,19.539766000000036,2491->2493->2484->2487->2341->2340->2332->2328->2326->2320->2317->2300->2282->2268->2263->2256->2252->2251->2247->2257->2240->2226->2237->2223->2220->2215->2235->2218->2228->2211->2202->2178->2156->2183->2155->2154->2130->2109->2098->2085->2072->2078->2069->2046->2038->2033->2030->2044->2028->2017->2014->1968->1955->1902->1910->1894->1893->1882->1872->1864->1869->1863->1860->1841->1840->1832->1827->1826->1814->1813->1807->1789->1806->1781->1779->1774->1771->1784->1780->1778->1766->1764->1740->1736->1735->1731->1718->1713->1707->1697->1693->1681->1677->1672->1665->1664->1655->1649->1640->1643->1637->1628->1610->1587->1579->1552->1550->1548->1547->1530->1537->1525->1524->1492->1490->1488->1495->1479->1486->1471->1465->1460->1430->1423->1406->1401->1391->1384->1386->1380->1374->1373->1369->1359->1355->1344->1311->1301->1310->1298->1290->1281->1274->1270->1279->1277->1262->1257->1254->1234->1231->1219->1206->1228->1203->1194->1197->1177->1170->1153->1152->1149->1142->1134->1130->1125->1117->1113->1129->1111->1099->1089->1075->1069->1065->1064->1063->1051->1055->1042->1039->1050->1037->1036->1027->1006->988->981->969->929->924->917->912->904->903->896->892->905->888->885->878->877->874->865->857->856->851->813->810->805->786->762->776->757->755->741->725->715->711->723->708->705->696->691->697->689->687->695->681->674->667->659->657->636->609->599->592->588->576->574->586->568->575->581->564->560->549->547->545->543->540->538->561->532->542->534->539->526->524->522->508->519->747->737->476->469->463->450->439->437->436->430->408->393->387->372->375->663->677->373->356->350->626->625->606->608->616->334->558->314->491->487->492->266->262->479->475->458->464->466->456->232->230->229->420->418->409->404->198->196->193->190->183->178->174->335->341->168->370->380->339->338->164->326->316->301->318->162->155->172->175->105->95->87->99->139->136->113->35->23->21->1->2->7->14->15->11->4->8->12->24->19->20->26->33->27->45->32->30->34->54->29->89->49->85->100->111->119->114->122->123->125->133->134->181->191->143->146->216->187->177->167->158->173->185->192->231->197->204->202->260->265->263->268->275->288->290->293->297->306->317->358->363->379->384->394->407->396->397->401->406->398->403->413->440->449->453->455->460->468->471->482->495->497->517->518->536->537->546->551->553->554->555->562->569->570->573->593->600->602->615->628->637->642->658->668->694->700->709->713->721->734->745->748->749->753->763->765->764->766->783->784->791->815->816->821->826->830->839->854->849->852->860->864->876->866->867->870->880->882->889->887->893->894->910->933->944->946->956->976->978->985->991->995->1011->1017->1024->1031->1068->1071->1077->1079->1091->1092->1100->1110->1120->1122->1139->1167->1168->1181->1173->1175->1178->1189->1192->1199->1204->1182->1184->1193->1205->1210->1223->1229->1230->1241->1232->1237->1242->1244->1251->1269->1275->1278->1296->1322->1330->1348->1364->1353->1358->1361->1366->1362->1368->1379->1382->1387->1390->1403->1417->1434->1428->1453->1462->1463->1481->1497->1500->1502->1503->1508->1510->1512->1521->1522->1518->1528->1540->1542->1554->1555->1568->1576->1582->1583->1594->1586->1590->1599->1600->1618->1593->1601->1595->1607->1616->1620->1630->1633->1641->1680->1688->1719->1739->1751->1755->1757->1776->1777->1794->1798->1782->1791->1785->1818->1834->1821->1823->1824->1857->1861->1871->1890->1907->1906->1940->1941->1951->1969->1980->1978->1982->1987->1991->1992->2002->2005->2013->2047->2049->2050->2059->2081->2089->2110->2063->2071->2074->2077->2079->2099->2108->2100->2116->2118->2121->2134->2137->2148->2158->2169->2159->2174->2181->2195->2186->2196->2207->2204->2208->2212->2217->2229->2490->2499->2485->2476,2476->2500
N2500_PS_spot_availability_A10_I1,2500,7696,125,3732,63,2491,2500,0.9,0.5,20.5,0.9,59745.076,2476,341,2476_S002,near,0.30910000000000065,0.002259,0.00477,0.1661,0.0332,0.037970000000000004,6.76,19.539766000000036,2491->2493->2484->2487->2341->2340->2332->2328->2326->2320->2317->2300->2282->2268->2263->2256->2252->2251->2247->2257->2240->2226->2237->2223->2220->2215->2235->2218->2228->2211->2202->2178->2156->2183->2155->2154->2130->2109->2098->2085->2072->2078->2069->2046->2038->2033->2030->2044->2028->2017->2014->1968->1955->1902->1910->1894->1893->1882->1872->1864->1869->1863->1860->1841->1840->1832->1827->1826->1814->1813->1807->1789->1806->1781->1779->1774->1771->1784->1780->1778->1766->1764->1740->1736->1735->1731->1718->1713->1707->1697->1693->1681->1677->1672->1665->1664->1655->1649->1640->1643->1637->1628->1610->1587->1579->1552->1550->1548->1547->1530->1537->1525->1524->1492->1490->1488->1495->1479->1486->1471->1465->1460->1430->1423->1406->1401->1391->1384->1386->1380->1374->1373->1369->1359->1355->1344->1311->1301->1310->1298->1290->1281->1274->1270->1279->1277->1262->1257->1254->1234->1231->1219->1206->1228->1203->1194->1197->1177->1170->1153->1152->1149->1142->1134->1130->1125->1117->1113->1129->1111->1099->1089->1075->1069->1065->1064->1063->1051->1055->1042->1039->1050->1037->1036->1027->1006->988->981->969->929->924->917->912->904->903->896->892->905->888->885->878->877->874->865->857->856->851->813->810->805->786->762->776->757->755->741->725->715->711->723->708->705->696->691->697->689->687->695->681->674->667->659->657->636->609->599->592->588->576->574->586->568->575->581->564->560->549->547->545->543->540->538->561->532->542->534->539->526->524->522->508->519->747->737->476->469->463->450->439->437->436->430->408->393->387->372->375->663->677->373->356->350->626->625->606->608->616->334->558->314->491->487->492->266->262->479->475->458->464->466->456->232->230->229->420->418->409->404->198->196->193->190->183->178->174->335->341->168->370->380->339->338->164->326->316->301->318->162->155->172->175->105->95->87->99->139->136->113->35->23->21->1->2->7->14->15->11->4->8->12->24->19->20->26->33->27->45->32->30->34->54->29->89->49->85->100->111->119->114->122->123->125->133->134->181->191->143->146->216->187->177->167->158->173->185->192->231->197->204->202->260->265->263->268->275->288->290->293->297->306->317->358->363->379->384->394->407->396->397->401->406->398->403->413->440->449->453->455->460->468->471->482->495->497->517->518->536->537->546->551->553->554->555->562->569->570->573->593->600->602->615->628->637->642->658->668->694->700->709->713->721->734->745->748->749->753->763->765->764->766->783->784->791->815->816->821->826->830->839->854->849->852->860->864->876->866->867->870->880->882->889->887->893->894->910->933->944->946->956->976->978->985->991->995->1011->1017->1024->1031->1068->1071->1077->1079->1091->1092->1100->1110->1120->1122->1139->1167->1168->1181->1173->1175->1178->1189->1192->1199->1204->1182->1184->1193->1205->1210->1223->1229->1230->1241->1232->1237->1242->1244->1251->1269->1275->1278->1296->1322->1330->1348->1364->1353->1358->1361->1366->1362->1368->1379->1382->1387->1390->1403->1417->1434->1428->1453->1462->1463->1481->1497->1500->1502->1503->1508->1510->1512->1521->1522->1518->1528->1540->1542->1554->1555->1568->1576->1582->1583->1594->1586->1590->1599->1600->1618->1593->1601->1595->1607->1616->1620->1630->1633->1641->1680->1688->1719->1739->1751->1755->1757->1776->1777->1794->1798->1782->1791->1785->1818->1834->1821->1823->1824->1857->1861->1871->1890->1907->1906->1940->1941->1951->1969->1980->1978->1982->1987->1991->1992->2002->2005->2013->2047->2049->2050->2059->2081->2089->2110->2063->2071->2074->2077->2079->2099->2108->2100->2116->2118->2121->2134->2137->2148->2158->2169->2159->2174->2181->2195->2186->2196->2207->2204->2208->2212->2217->2229->2490->2499->2485->2476,2476->2500
N2500_PS_spot_availability_A20_I1,2500,7696,125,3732,126,2491,2500,0.9,0.5,20.5,0.9,56665.423,2490,294,2490_S001,near,0.311700000000001,0.001557,0.002951,0.1348,0.027,0.029951,9.13,19.446232000000055,2491->2341->2332->2328->2326->2320->2317->2305->2311->2300->2282->2268->2263->2256->2252->2251->2247->2257->2240->2226->2237->2220->2215->2235->2236->2218->2214->2228->2211->2202->2187->2178->2156->2183->2155->2154->2136->2130->2109->2098->2085->2072->2078->2069->2046->2038->2033->2030->2044->2028->2014->1968->1955->1902->1910->1894->1893->1882->1872->1864->1869->1863->1860->1841->1840->1832->1827->1826->1814->1813->1807->1789->1788->1781->1779->1774->1784->1780->1778->1766->1764->1763->1740->1736->1735->1731->1718->1713->1707->1697->1693->1681->1677->1672->1665->1664->1655->1649->1640->1643->1637->1628->1610->1587->1579->1552->1550->1548->1547->1530->1537->1525->1524->1492->1490->1488->1495->1479->1486->1471->1465->1460->1430->1423->1406->1401->1391->1384->1386->1380->1374->1373->1369->1359->1355->1344->1311->1301->1310->1298->1290->1281->1274->1270->1279->1277->1262->1257->1254->1234->1231->1219->1206->1212->1228->1203->1194->1197->1183->1177->1170->1153->1152->1149->1142->1134->1130->1125->1117->1113->1129->1111->1099->1089->1075->1069->1065->1064->1063->1051->1055->1042->1039->1050->1037->1036->1027->1006->988->981->969->929->924->917->912->904->903->896->892->905->888->885->878->877->874->865->861->857->856->851->818->813->810->812->805->786->762->761->776->757->755->741->725->715->711->723->708->705->696->691->697->689->687->695->681->674->667->661->659->669->657->636->609->599->592->588->576->574->586->568->575->581->560->549->547->545->543->540->538->561->548->542->534->539->526->525->527->508->501->476->469->463->450->437->436->430->422->720->714->712->393->688->373->677->371->375->633->353->348->346->577->324->329->331->337->334->558->552->520->309->298->296->289->284->266->487->485->492->500->259->254->235->233->232->230->229->217->228->210->206->209->201->198->196->390->383->385->380->339->174->168->164->326->316->292->278->147->137->354->41->42->116->215->179->6->5->2->3->4->11->15->18->24->19->28->20->26->22->30->32->33->27->34->54->53->89->29->49->121->94->67->85->100->111->119->114->122->123->125->133->134->181->191->184->194->189->146->156->187->177->166->167->158->211->212->227->185->192->204->202->260->265->263->275->288->290->293->297->306->317->358->363->379->384->394->407->396->397->401->406->398->403->413->440->454->449->455->460->461->462->471->482->497->517->518->537->546->551->553->554->555->562->569->570->573->593->600->602->615->628->637->642->658->668->694->700->709->713->721->734->745->748->749->753->763->764->766->783->793->784->791->815->816->822->821->826->830->839->842->854->849->852->860->864->866->867->870->880->882->889->887->893->894->910->933->944->946->956->976->978->985->991->995->1011->1017->1024->1031->1068->1071->1077->1079->1091->1092->1100->1110->1120->1122->1139->1167->1168->1181->1175->1178->1192->1204->1182->1184->1193->1205->1210->1223->1229->1230->1241->1232->1237->1242->1244->1251->1269->1275->1278->1296->1322->1330->1348->1364->1353->1358->1366->1361->1362->1368->1379->1381->1387->1390->1403->1417->1434->1428->1453->1462->1463->1481->1497->1500->1502->1503->1508->1510->1512->1531->1522->1518->1528->1540->1542->1554->1555->1568->1576->1582->1583->1594->1586->1590->1599->1618->1593->1601->1604->1607->1616->1620->1633->1641->1680->1688->1719->1739->1751->1755->1757->1776->1777->1794->1798->1782->1791->1785->1818->1834->1821->1823->1824->1857->1859->1861->1871->1875->1890->1907->1906->1940->1941->1951->1969->1980->1978->1982->1987->1991->2001->2002->2005->2013->2047->2059->2081->2096->2110->2063->2071->2074->2077->2079->2099->2100->2116->2118->2121->2134->2137->2148->2158->2169->2159->2174->2181->2195->2186->2196->2207->2204->2208->2212->2217->2229->2490,2490->2500
N2500_PS_spot_availability_A30_I1,2500,7696,125,3732,180,2491,2500,0.9,0.5,20.5,0.9,49066.226,2476,343,2476_S004,near,0.3392000000000013,0.003613,0.007962,0.1661,0.0332,0.041162000000000004,6.91,21.42565000000007,2491->2493->2341->2481->2478->2468->2448->2443->2458->2442->2426->2412->2401->2400->2395->2379->2374->2370->2369->2385->2372->2358->2390->2380->2363->2353->2350->2347->2340->2332->2328->2326->2320->2317->2305->2300->2282->2268->2263->2256->2252->2251->2247->2257->2240->2226->2237->2223->2220->2235->2236->2218->2214->2211->2202->2187->2178->2156->2183->2155->2154->2136->2130->2109->2098->2085->2072->2082->2078->2069->2046->2038->2033->2030->2044->2028->2017->2014->1968->1955->1902->1910->1900->1895->1894->1893->1882->1872->1864->1869->1863->1860->1841->1840->1832->1827->1826->1814->1813->1807->1789->1806->1781->1779->1774->1771->1784->1780->1778->1767->1764->1740->1736->1735->1731->1718->1713->1707->1693->1689->1681->1677->1672->1665->1664->1655->1649->1640->1643->1637->1628->1625->1610->1587->1579->1552->1550->1548->1547->1530->1537->1525->1492->1490->1488->1495->1479->1486->1471->1469->1465->1460->1430->1423->1406->1401->1391->1384->1386->1380->1374->1373->1369->1359->1355->1344->1311->1301->1310->1298->1290->1281->1274->1270->1279->1262->1257->1254->1234->1252->1219->1206->1212->1203->1194->1197->1183->1177->1170->1153->1152->1149->1142->1134->1130->1125->1117->1113->1129->1111->1099->1089->1075->1069->1065->1064->1063->1051->1055->1042->1039->1050->1037->1036->1027->1006->988->981->969->929->924->917->912->907->904->903->896->892->905->888->885->878->877->874->865->861->857->856->851->813->810->805->786->762->761->757->755->741->725->715->711->723->705->696->691->697->689->687->681->674->667->659->657->636->609->599->592->588->576->574->586->568->575->564->560->549->547->545->543->540->538->561->548->542->534->539->526->525->524->522->508->501->476->737->733->731->739->732->727->437->450->436->430->422->720->714->712->706->387->372->381->690->680->373->644->638->641->631->633->353->348->635->626->625->346->608->606->616->603->614->337->331->329->324->321->309->314->493->491->487->500->299->289->284->266->492->485->479->475->458->464->456->457->206->210->410->201->198->392->390->196->193->190->183->339->370->168->164->338->335->341->333->326->316->292->278->277->132->130->120->79->57->80->126->116->65->113->145->369->359->24->19->20->32->30->34->54->53->29->89->98->67->85->111->100->119->114->122->123->125->133->134->181->143->146->189->216->187->223->211->212->224->227->185->197->204->202->260->265->263->268->275->288->290->293->306->317->358->363->379->384->394->407->396->397->401->406->398->403->413->440->449->453->455->460->461->462->471->482->495->497->517->518->536->537->546->551->553->555->562->569->570->573->593->600->602->615->628->637->642->658->668->694->700->713->721->734->745->748->749->753->763->764->766->783->784->793->791->815->816->822->821->826->830->839->854->842->849->852->860->864->866->875->867->870->880->882->889->887->893->894->910->933->944->946->948->976->978->985->991->995->1017->1024->1031->1068->1071->1077->1079->1091->1100->1110->1120->1122->1139->1167->1168->1173->1175->1189->1192->1199->1204->1180->1182->1184->1193->1205->1210->1223->1229->1230->1241->1232->1237->1242->1244->1251->1269->1275->1278->1296->1322->1330->1348->1364->1353->1358->1361->1362->1368->1379->1382->1381->1387->1390->1403->1417->1408->1426->1428->1453->1462->1463->1481->1497->1499->1500->1502->1503->1508->1510->1512->1531->1518->1528->1540->1542->1554->1555->1568->1576->1582->1583->1594->1586->1590->1600->1618->1593->1601->1595->1604->1607->1616->1620->1630->1633->1641->1680->1688->1719->1739->1751->1755->1757->1776->1777->1794->1798->1782->1791->1785->1818->1821->1823->1824->1857->1861->1871->1890->1907->1906->1940->1941->1951->1969->1980->1978->1982->1986->1987->1991->2001->1992->2002->2005->2013->2047->2059->2063->2071->2074->2077->2079->2099->2108->2100->2116->2118->2121->2134->2137->2148->2158->2169->2159->2171->2174->2181->2186->2196->2204->2208->2212->2217->2229->2490->2499->2485->2476,2476->2500
N2500_PS_spot_availability_A40_I1,2500,7696,125,3732,225,2491,2500,0.9,0.5,20.5,0.9,71180.671,2490,297,2490_S004,near,0.3049000000000006,0.003091,0.006539,0.1348,0.027,0.033539,9.41,19.383620000000036,2491->2341->2332->2328->2326->2320->2317->2300->2282->2268->2263->2256->2252->2251->2247->2257->2240->2226->2237->2220->2215->2235->2218->2214->2228->2211->2202->2178->2156->2170->2183->2155->2154->2136->2130->2109->2098->2085->2072->2078->2082->2069->2046->2038->2033->2030->2044->2028->2017->2014->1968->1955->1902->1895->1894->1893->1882->1872->1864->1869->1863->1860->1841->1840->1832->1827->1826->1814->1813->1807->1789->1806->1781->1779->1774->1771->1784->1780->1778->1766->1764->1740->1736->1735->1731->1718->1713->1707->1693->1681->1677->1672->1665->1673->1664->1655->1649->1643->1637->1628->1625->1610->1587->1579->1552->1550->1548->1530->1537->1525->1524->1492->1490->1488->1495->1479->1486->1471->1469->1465->1460->1430->1423->1406->1401->1391->1384->1380->1374->1373->1369->1359->1355->1344->1311->1301->1310->1298->1290->1281->1274->1270->1279->1262->1257->1254->1234->1231->1219->1206->1212->1228->1203->1194->1197->1183->1177->1170->1153->1152->1149->1142->1134->1130->1125->1117->1113->1129->1111->1099->1089->1075->1069->1065->1064->1063->1051->1055->1042->1039->1050->1037->1036->1027->1006->988->981->969->929->924->917->912->904->903->896->892->905->888->885->878->877->874->865->857->856->851->813->810->812->805->786->762->761->757->755->741->725->715->711->708->723->705->696->691->697->689->687->681->674->667->659->657->636->609->599->592->588->576->574->586->568->575->581->564->560->549->547->545->543->540->566->561->532->542->530->539->526->524->522->508->527->519->501->476->469->463->450->436->430->408->393->387->372->375->371->362->626->365->348->346->344->349->366->587->329->324->516->509->289->500->262->466->464->456->457->451->441->438->235->233->232->244->230->229->219->420->418->409->198->392->390->383->385->183->178->174->339->338->341->335->333->168->164->163->175->105->108->61->60->96->117->142->124->118->95->87->109->99->139->207->213->225->236->240->247->261->249->252->221->17->18->24->19->20->26->22->30->34->54->29->89->49->121->98->67->85->111->119->114->122->123->125->133->152->134->181->191->184->194->189->146->216->223->211->212->173->185->227->231->192->204->202->260->263->275->288->290->293->297->306->317->358->363->379->384->394->407->396->397->401->406->398->403->413->440->454->449->453->455->460->461->462->471->482->497->517->518->536->537->546->551->553->555->562->569->570->573->593->600->602->615->628->637->642->658->668->694->700->713->721->734->745->748->749->753->763->765->764->766->783->784->791->815->816->822->821->826->830->839->842->854->849->852->860->864->866->875->867->870->880->882->889->887->893->894->910->933->944->946->948->976->978->985->991->995->1017->1024->1031->1071->1077->1079->1091->1092->1100->1110->1120->1122->1139->1167->1168->1181->1175->1178->1192->1199->1204->1182->1184->1193->1205->1210->1223->1229->1230->1241->1232->1237->1242->1244->1251->1269->1275->1278->1296->1322->1330->1348->1364->1353->1358->1361->1366->1362->1368->1385->1379->1381->1382->1387->1390->1403->1417->1434->1426->1428->1453->1462->1463->1481->1497->1499->1500->1502->1503->1508->1510->1512->1521->1522->1518->1528->1540->1542->1554->1555->1568->1576->1582->1583->1594->1586->1588->1590->1600->1618->1593->1601->1595->1604->1607->1616->1620->1630->1633->1641->1680->1688->1719->1739->1751->1755->1757->1776->1777->1798->1782->1791->1785->1818->1834->1821->1823->1824->1857->1859->1877->1861->1871->1875->1890->1907->1906->1940->1941->1951->1969->1980->1978->1982->1986->1987->1991->1992->2002->2005->2013->2047->2050->2065->2081->2096->2089->2110->2063->2071->2074->2077->2079->2099->2100->2116->2118->2121->2134->2137->2148->2158->2169->2159->2174->2181->2195->2186->2196->2207->2204->2208->2212->2217->2229->2499->2490,2490->2500
N2500_PS_spots_per_lot_S1020_I1,2500,7696,125,2205,38,2491,2500,0.9,0.5,20.5,0.9,67331.722,2476,217,2476_S003,near,0.30430000000000057,0.001127,0.003048,0.1661,0.0332,0.036248,5.88,19.038450000000033,2491->2493->2487->2341->2340->2332->2328->2326->2320->2317->2305->2311->2300->2282->2268->2263->2256->2252->2251->2247->2244->2240->2226->2237->2220->2215->2235->2236->2218->2228->2214->2211->2202->2187->2178->2156->2170->2155->2154->2136->2130->2109->2098->2085->2072->2078->2069->2046->2038->2033->2030->2044->2028->2017->2014->1968->1955->1902->1910->1894->1893->1882->1872->1864->1869->1863->1860->1841->1840->1832->1827->1826->1814->1813->1807->1789->1788->1781->1779->1774->1771->1784->1780->1778->1767->1766->1764->1740->1736->1735->1731->1718->1713->1707->1697->1693->1681->1677->1672->1665->1664->1655->1649->1643->1637->1628->1610->1587->1579->1552->1550->1548->1547->1530->1537->1525->1492->1490->1488->1495->1479->1486->1471->1469->1465->1460->1430->1423->1406->1401->1391->1384->1380->1374->1373->1369->1359->1355->1344->1311->1301->1310->1298->1290->1281->1274->1270->1279->1262->1257->1254->1234->1252->1219->1206->1228->1203->1194->1197->1177->1170->1153->1152->1149->1142->1134->1130->1125->1117->1113->1129->1111->1105->1099->1089->1075->1069->1065->1064->1063->1051->1042->1039->1050->1037->1036->1027->1006->988->981->969->961->929->924->917->912->904->903->896->892->905->888->885->878->877->874->865->857->856->851->813->810->805->786->762->776->757->755->741->725->715->711->708->723->705->696->691->697->689->687->681->674->667->661->659->669->657->636->609->599->592->588->576->574->586->568->575->581->560->549->547->545->543->540->566->561->532->542->534->530->539->526->525->527->519->501->737->733->463->450->436->430->422->415->408->393->688->371->362->626->365->348->346->349->334->337->331->329->594->587->577->559->558->321->516->299->500->262->458->466->464->456->457->441->438->425->206->420->418->409->404->392->196->193->190->383->385->183->178->174->168->164->163->338->341->333->326->316->292->153->169->155->172->105->96->117->112->110->118->95->87->136->113->21->1->5->6->10->11->15->24->19->20->26->22->30->34->54->29->49->98->94->121->85->111->100->119->114->122->123->125->133->152->134->181->191->184->189->216->146->156->166->158->173->185->197->204->202->260->263->268->275->288->290->293->297->306->317->358->363->379->384->402->394->407->396->397->401->406->398->399->403->413->440->454->449->453->455->460->468->471->482->497->517->518->537->546->551->553->555->562->569->570->573->593->600->602->615->628->637->642->658->668->694->700->713->721->734->745->748->749->753->763->764->766->783->793->784->791->815->816->821->826->830->839->842->849->852->860->864->866->867->870->880->882->887->893->894->910->933->944->946->948->956->976->978->985->991->995->1017->1024->1031->1071->1077->1079->1091->1092->1100->1110->1120->1116->1122->1139->1167->1168->1181->1175->1178->1189->1192->1204->1180->1182->1184->1193->1205->1210->1223->1229->1230->1241->1232->1237->1242->1244->1251->1269->1275->1278->1296->1322->1330->1348->1364->1353->1358->1366->1362->1368->1379->1382->1387->1390->1403->1417->1434->1428->1453->1462->1463->1481->1497->1500->1502->1503->1508->1510->1512->1531->1522->1518->1528->1540->1542->1554->1555->1568->1576->1582->1583->1594->1586->1588->1599->1618->1593->1601->1604->1607->1616->1620->1633->1641->1680->1688->1719->1739->1751->1755->1757->1776->1777->1798->1782->1785->1818->1834->1821->1823->1824->1857->1859->1877->1861->1871->1890->1907->1906->1940->1941->1951->1969->1980->1978->1982->1986->1987->1991->2001->2002->2005->2013->2047->2050->2059->2081->2096->2089->2110->2063->2071->2074->2077->2079->2099->2108->2100->2116->2118->2121->2134->2137->2148->2158->2169->2159->2174->2181->2195->2186->2196->2204->2208->2212->2217->2229->2490->2485->2476,2476->2500
N2500_PS_spots_per_lot_S2040_I1,2500,7696,125,4404,73,2491,2500,0.9,0.5,20.5,0.9,68425.769,2460,574,2460_S005,near,0.33670000000000094,0.001525,0.004339,0.2185,0.0437,0.048039000000000005,13.59,22.217256000000052,2491->2493->2484->2481->2341->2328->2326->2320->2317->2305->2300->2282->2268->2263->2256->2252->2251->2247->2257->2244->2240->2226->2237->2220->2235->2218->2228->2211->2202->2187->2178->2156->2170->2155->2154->2130->2109->2098->2085->2072->2078->2082->2069->2046->2038->2033->2030->2044->2028->2017->2014->1968->1955->1902->1900->1895->1894->1893->1882->1872->1864->1869->1863->1860->1841->1840->1832->1827->1826->1814->1813->1807->1789->1806->1781->1779->1774->1771->1784->1780->1778->1767->1764->1740->1736->1735->1731->1718->1713->1707->1697->1693->1681->1677->1702->1687->1672->1665->1664->1655->1649->1643->1637->1628->1610->1587->1579->1552->1550->1548->1547->1530->1537->1525->1524->1492->1490->1488->1495->1479->1486->1471->1465->1460->1430->1423->1406->1401->1391->1384->1386->1380->1374->1373->1369->1359->1355->1344->1311->1301->1310->1298->1290->1281->1274->1270->1279->1262->1257->1254->1234->1219->1206->1212->1203->1194->1197->1177->1170->1153->1152->1149->1142->1134->1130->1125->1117->1113->1129->1111->1099->1089->1075->1069->1065->1064->1063->1051->1055->1042->1039->1050->1037->1036->1027->1006->988->981->969->961->929->924->917->912->904->903->896->892->905->888->885->878->877->874->865->857->856->851->818->813->810->812->805->786->762->761->757->755->725->715->711->723->705->696->691->697->689->687->681->674->667->659->657->636->609->599->592->588->576->574->586->568->575->581->560->549->547->545->543->540->538->561->548->542->534->824->792->772->759->747->737->733->469->463->450->437->436->726->720->422->415->408->393->712->706->690->381->372->375->633->365->348->635->626->366->587->577->559->314->493->284->266->485->479->475->458->466->456->232->230->229->219->217->228->410->201->198->392->390->196->193->190->383->385->380->178->174->339->338->163->162->172->105->118->95->87->136->113->21->23->35->46->58->84->91->104->102->75->179->13->14->16->11->15->17->18->12->24->19->20->28->22->26->33->30->34->54->53->89->98->94->67->49->121->85->100->111->119->114->122->123->125->133->152->134->181->191->184->189->146->156->187->195->166->177->167->158->173->212->227->231->192->204->202->260->263->275->288->290->293->297->306->317->358->363->379->384->402->394->407->396->397->401->406->398->399->403->413->440->449->453->455->460->468->462->471->482->495->497->517->518->536->537->546->551->553->554->555->562->569->570->573->593->600->602->615->628->637->642->658->668->694->700->713->721->734->745->748->749->753->763->765->764->766->783->793->791->815->816->822->821->826->830->839->854->849->852->860->864->876->866->875->867->870->880->882->889->887->893->894->910->933->944->946->948->976->978->985->991->995->1017->1024->1031->1071->1077->1079->1091->1092->1100->1110->1120->1122->1139->1167->1168->1181->1175->1178->1189->1191->1199->1204->1180->1182->1184->1193->1205->1210->1223->1229->1230->1241->1232->1237->1242->1244->1251->1269->1275->1278->1296->1322->1330->1348->1364->1353->1358->1361->1366->1362->1368->1385->1379->1381->1382->1387->1390->1403->1417->1434->1426->1428->1453->1462->1463->1481->1497->1499->1500->1502->1503->1508->1510->1512->1521->1522->1531->1518->1528->1540->1542->1554->1555->1568->1576->1582->1583->1594->1586->1588->1599->1618->1593->1601->1604->1595->1607->1616->1620->1633->1641->1680->1688->1719->1739->1751->1755->1757->1776->1777->1798->1782->1785->1818->1834->1821->1823->1824->1857->1859->1877->1861->1871->1875->1890->1907->1906->1940->1941->1951->1969->1980->1978->1982->1987->1991->2001->2002->2005->2013->2047->2049->2050->2059->2081->2096->2110->2063->2071->2074->2077->2079->2099->2100->2116->2118->2121->2134->2137->2148->2158->2169->2159->2174->2181->2195->2186->2196->2207->2204->2208->2212->2217->2229->2473->2460,2460->2500
N2500_PS_spots_per_lot_S4060_I1,2500,7696,125,6600,101,2491,2500,0.9,0.5,20.5,0.9,56487.73,2476,662,2476_S021,mid,0.32470000000000065,0.00368,0.009575,0.1661,0.0332,0.042775,6.3,20.672370000000036,2491->2487->2341->2340->2332->2328->2326->2320->2317->2300->2282->2268->2263->2256->2252->2251->2247->2257->2240->2226->2237->2223->2220->2215->2235->2218->2228->2214->2211->2202->2187->2178->2156->2183->2155->2154->2136->2130->2109->2098->2085->2072->2078->2069->2046->2038->2033->2030->2044->2028->2017->2014->1968->1955->1902->1910->1894->1893->1882->1872->1864->1869->1863->1860->1841->1840->1832->1827->1826->1814->1813->1807->1789->1788->1781->1779->1774->1771->1784->1780->1778->1767->1766->1764->1763->1740->1736->1735->1731->1718->1713->1707->1697->1693->1681->1677->1702->1687->1672->1665->1673->1664->1655->1649->1640->1643->1637->1628->1610->1587->1579->1552->1550->1548->1547->1530->1537->1525->1524->1492->1490->1488->1495->1479->1486->1471->1469->1465->1460->1430->1423->1401->1391->1384->1386->1380->1374->1373->1369->1359->1355->1344->1311->1301->1310->1298->1290->1281->1274->1270->1279->1262->1257->1254->1252->1219->1206->1212->1203->1194->1197->1183->1177->1170->1153->1152->1149->1142->1134->1130->1125->1117->1113->1129->1111->1099->1089->1075->1069->1065->1064->1063->1051->1042->1039->1050->1037->1036->1027->1006->988->981->969->961->929->924->917->912->904->903->896->892->905->888->885->878->877->874->865->857->856->851->813->810->812->805->786->762->776->757->755->741->725->715->711->723->705->696->691->697->698->689->687->681->674->667->661->659->669->657->636->609->599->592->588->576->574->586->568->575->564->581->560->549->547->545->543->540->538->561->532->542->534->539->526->525->524->522->527->519->747->737->476->469->463->467->450->436->726->720->430->408->714->712->706->387->372->375->633->623->348->346->344->558->552->520->309->298->500->266->262->464->458->466->456->457->254->235->233->232->244->230->420->217->228->410->404->392->196->193->190->183->385->380->339->338->335->333->341->168->164->163->175->172->155->108->51->50->82->176->69->68->86->91->36->46->35->63->150->145->148->171->182->5->1->2->3->13->14->15->24->19->28->22->26->30->34->54->29->49->67->85->100->111->119->114->129->122->123->125->133->134->181->143->146->156->166->195->223->216->187->177->167->158->211->170->173->212->224->227->231->192->204->202->260->263->275->288->290->293->297->306->317->358->363->379->384->394->407->396->397->401->406->398->399->403->413->440->454->449->453->455->460->468->471->482->497->517->518->537->546->551->553->555->562->569->570->573->593->600->602->615->628->637->642->658->668->694->700->709->713->721->734->745->748->749->753->763->765->764->766->783->784->791->815->816->822->821->826->830->839->842->849->852->860->864->866->875->867->870->880->882->887->893->894->910->933->944->946->948->976->978->985->991->995->1017->1024->1031->1071->1077->1079->1091->1092->1100->1110->1120->1116->1122->1139->1167->1168->1173->1175->1178->1189->1192->1204->1182->1184->1193->1205->1210->1223->1229->1230->1241->1232->1237->1242->1244->1251->1269->1275->1278->1296->1322->1330->1348->1364->1353->1358->1366->1362->1368->1379->1382->1387->1390->1403->1417->1408->1426->1434->1428->1453->1462->1463->1481->1497->1499->1500->1502->1503->1508->1510->1512->1531->1521->1522->1518->1528->1540->1542->1554->1555->1568->1576->1582->1583->1594->1586->1588->1590->1599->1600->1618->1593->1601->1604->1607->1616->1620->1633->1641->1680->1688->1719->1739->1751->1755->1757->1776->1777->1794->1798->1782->1791->1785->1818->1834->1821->1823->1824->1857->1861->1871->1875->1890->1907->1906->1940->1941->1951->1969->1980->1978->1982->1987->1991->2001->2002->2005->2013->2047->2059->2065->2081->2089->2110->2063->2071->2074->2077->2079->2099->2100->2116->2118->2121->2134->2137->2148->2158->2169->2159->2174->2181->2195->2186->2196->2204->2208->2212->2217->2229->2456->2473->2461->2466->2476,2476->2500
N2500_PS_spots_per_lot_S6080_I1,2500,7696,125,8805,128,2491,2500,0.9,0.5,20.5,0.9,52329.234,2452,1288,2452_S008,near,0.3184000000000008,0.002414,0.006662,0.2516,0.0503,0.056962,13.96,21.795904000000046,2491->2487->2484->2341->2328->2326->2320->2317->2300->2282->2268->2263->2256->2252->2251->2247->2244->2257->2240->2226->2237->2220->2215->2235->2236->2218->2214->2211->2202->2187->2178->2156->2183->2170->2155->2154->2136->2130->2109->2098->2085->2072->2078->2069->2046->2038->2033->2030->2044->2028->2017->2014->1968->1955->1902->1895->1894->1893->1882->1872->1864->1869->1863->1860->1841->1840->1832->1827->1826->1814->1813->1807->1789->1788->1781->1779->1774->1771->1784->1780->1778->1767->1764->1763->1740->1736->1735->1731->1718->1713->1707->1693->1689->1681->1677->1687->1672->1665->1673->1664->1655->1649->1643->1637->1628->1610->1587->1579->1552->1550->1548->1547->1530->1537->1525->1524->1492->1490->1488->1495->1479->1486->1471->1469->1465->1460->1430->1423->1401->1391->1384->1380->1374->1373->1369->1359->1355->1344->1311->1301->1310->1298->1290->1281->1274->1270->1279->1277->1262->1257->1254->1234->1231->1219->1206->1228->1203->1194->1197->1183->1177->1170->1153->1152->1149->1142->1134->1130->1125->1117->1113->1129->1111->1099->1089->1075->1069->1065->1064->1063->1051->1042->1039->1050->1037->1036->1027->1006->988->981->969->929->924->917->912->904->903->896->892->905->888->885->878->877->874->865->857->856->851->813->810->805->786->762->776->761->757->755->725->715->711->723->705->696->691->697->698->689->687->681->674->667->661->659->669->657->636->609->599->592->588->576->574->586->568->575->564->581->560->549->547->545->543->540->538->561->532->542->530->539->526->525->772->747->737->733->463->450->439->437->436->430->422->415->408->393->688->373->626->353->623->633->365->348->346->603->614->612->594->587->577->559->314->309->298->299->500->259->254->457->206->210->228->410->404->392->196->193->190->380->339->174->335->341->333->326->316->301->318->162->163->175->105->95->87->109->127->208->188->159->236->240->247->249->252->221->222->359->24->19->28->22->26->33->32->45->27->34->54->53->29->49->67->94->121->85->111->119->114->129->122->123->125->133->152->134->181->191->184->189->146->156->166->177->187->195->211->170->173->212->227->231->197->204->202->260->265->263->268->275->288->290->293->306->317->358->363->379->384->402->394->407->396->397->401->406->398->399->403->413->440->449->455->460->461->468->471->482->495->497->517->518->536->537->546->551->553->554->555->562->569->570->573->593->600->602->615->628->637->642->658->668->694->700->713->721->734->745->748->749->753->763->764->766->783->784->791->815->816->822->821->826->830->839->842->854->849->852->860->864->866->867->870->880->882->887->893->894->910->933->944->946->948->976->978->985->991->995->1017->1024->1031->1068->1071->1077->1079->1091->1092->1100->1110->1120->1116->1122->1139->1167->1168->1181->1175->1178->1189->1192->1180->1182->1184->1193->1205->1210->1223->1229->1230->1241->1232->1237->1242->1244->1251->1269->1275->1278->1296->1322->1330->1348->1364->1353->1358->1366->1362->1368->1379->1382->1381->1387->1390->1403->1417->1434->1426->1428->1453->1462->1463->1481->1497->1499->1500->1502->1503->1508->1510->1512->1531->1518->1528->1540->1542->1554->1555->1568->1576->1582->1583->1594->1586->1588->1599->1618->1593->1601->1595->1607->1616->1620->1630->1633->1641->1680->1688->1719->1739->1751->1755->1757->1776->1777->1794->1798->1782->1791->1785->1818->1834->1821->1823->1824->1857->1859->1877->1861->1871->1890->1907->1906->1940->1941->1951->1969->1980->1978->1982->1987->1991->1992->2001->2002->2005->2013->2047->2049->2065->2081->2096->2089->2110->2063->2071->2074->2077->2079->2099->2108->2100->2116->2118->2121->2134->2137->2148->2158->2169->2171->2174->2181->2195->2186->2196->2204->2208->2212->2217->2229->2452,2452->2500
N2500_PS_traffic_high_I1,2500,7696,125,3732,63,2491,2500,0.9,0.5,20.5,0.9,50263.054,2441,547,2441_S001,near,1.1397000000000013,0.001751,0.004,0.2683,0.0537,0.0577,7.61,65.51515400000008,2491->2341->2328->2326->2320->2317->2300->2282->2268->2263->2256->2252->2251->2247->2244->2257->2240->2226->2237->2220->2215->2235->2236->2218->2214->2211->2202->2187->2178->2156->2183->2170->2155->2154->2136->2130->2109->2098->2085->2072->2082->2078->2069->2046->2038->2033->2030->2044->2028->2014->1968->1955->1902->1895->1894->1893->1882->1872->1864->1869->1863->1860->1841->1840->1832->1827->1826->1814->1813->1807->1789->1788->1781->1779->1774->1784->1780->1778->1767->1764->1740->1736->1735->1731->1718->1713->1707->1697->1693->1681->1677->1687->1672->1665->1673->1664->1655->1649->1643->1637->1628->1625->1610->1587->1579->1552->1550->1548->1547->1530->1537->1525->1492->1490->1488->1495->1479->1486->1471->1465->1460->1430->1423->1401->1391->1384->1380->1374->1373->1369->1359->1355->1344->1311->1301->1310->1298->1290->1281->1274->1270->1279->1262->1257->1254->1234->1252->1219->1206->1212->1228->1203->1194->1197->1183->1177->1170->1153->1152->1149->1142->1134->1130->1125->1117->1113->1129->1111->1105->1099->1089->1075->1069->1065->1064->1063->1051->1042->1039->1050->1037->1036->1027->1006->988->981->969->961->929->924->917->912->904->903->896->892->905->888->885->878->877->874->865->857->856->851->818->813->810->805->786->762->761->757->755->741->725->715->711->723->708->705->696->691->697->689->687->681->674->667->659->657->636->609->599->592->588->576->574->586->568->575->564->560->549->547->545->543->540->566->538->561->548->532->542->534->539->526->524->522->527->519->501->476->469->463->450->439->437->436->430->408->714->712->706->690->680->373->356->350->353->626->625->349->558->559->314->309->298->299->289->284->266->262->466->456->457->441->438->235->233->232->244->230->229->217->219->420->418->409->404->392->390->383->190->183->385->380->370->168->164->163->162->155->108->110->115->112->124->142->117->96->105->95->87->136->113->222->359->8->15->18->24->19->20->32->45->27->34->54->29->89->49->67->85->111->119->114->129->122->123->125->133->152->134->181->143->194->184->189->216->223->195->166->177->167->158->170->173->185->192->197->204->202->260->263->275->288->290->293->297->306->317->358->363->379->384->402->394->407->396->397->401->406->398->403->413->440->449->455->460->468->471->482->495->497->517->518->537->546->551->553->554->555->562->569->570->573->593->600->602->615->628->637->642->658->668->694->700->709->713->721->734->745->748->749->753->763->765->764->766->783->793->791->815->816->821->826->830->839->842->849->852->860->864->866->875->867->870->880->882->887->893->894->910->933->944->946->948->976->978->985->991->995->1017->1024->1031->1071->1077->1079->1091->1092->1100->1110->1120->1122->1139->1167->1168->1181->1175->1178->1192->1204->1182->1184->1193->1205->1210->1223->1229->1230->1241->1232->1237->1242->1244->1251->1269->1275->1278->1296->1322->1330->1348->1364->1353->1358->1366->1362->1368->1385->1379->1381->1387->1390->1403->1417->1408->1426->1428->1453->1462->1463->1481->1497->1500->1502->1503->1508->1510->1512->1531->1518->1528->1540->1542->1554->1555->1568->1576->1582->1583->1594->1586->1588->1599->1600->1618->1593->1601->1595->1607->1616->1620->1630->1633->1641->2500->2490->2485->2476->2466->2461->2473->2456->2452->2441,2441->2500
N2500_PS_traffic_low_I1,2500,7696,125,3732,63,2491,2500,0.9,0.5,20.5,0.9,61958.01,2476,341,2476_S002,near,0.30910000000000065,0.002259,0.00477,0.1661,0.0332,0.037970000000000004,6.76,19.539766000000036,2491->2493->2484->2487->2341->2340->2332->2328->2326->2320->2317->2300->2282->2268->2263->2256->2252->2251->2247->2257->2240->2226->2237->2223->2220->2215->2235->2218->2228->2211->2202->2178->2156->2183->2155->2154->2130->2109->2098->2085->2072->2078->2069->2046->2038->2033->2030->2044->2028->2017->2014->1968->1955->1902->1910->1894->1893->1882->1872->1864->1869->1863->1860->1841->1840->1832->1827->1826->1814->1813->1807->1789->1806->1781->1779->1774->1771->1784->1780->1778->1766->1764->1740->1736->1735->1731->1718->1713->1707->1697->1693->1681->1677->1672->1665->1664->1655->1649->1640->1643->1637->1628->1610->1587->1579->1552->1550->1548->1547->1530->1537->1525->1524->1492->1490->1488->1495->1479->1486->1471->1465->1460->1430->1423->1406->1401->1391->1384->1386->1380->1374->1373->1369->1359->1355->1344->1311->1301->1310->1298->1290->1281->1274->1270->1279->1277->1262->1257->1254->1234->1231->1219->1206->1228->1203->1194->1197->1177->1170->1153->1152->1149->1142->1134->1130->1125->1117->1113->1129->1111->1099->1089->1075->1069->1065->1064->1063->1051->1055->1042->1039->1050->1037->1036->1027->1006->988->981->969->929->924->917->912->904->903->896->892->905->888->885->878->877->874->865->857->856->851->813->810->805->786->762->776->757->755->741->725->715->711->723->708->705->696->691->697->689->687->695->681->674->667->659->657->636->609->599->592->588->576->574->586->568->575->581->564->560->549->547->545->543->540->538->561->532->542->534->539->526->524->522->508->519->747->737->476->469->463->450->439->437->436->430->408->393->387->372->375->663->677->373->356->350->626->625->606->608->616->334->558->314->491->487->492->266->262->479->475->458->464->466->456->232->230->229->420->418->409->404->198->196->193->190->183->178->174->335->341->168->370->380->339->338->164->326->316->301->318->162->155->172->175->105->95->87->99->139->136->113->35->23->21->1->2->7->14->15->11->4->8->12->24->19->20->26->33->27->45->32->30->34->54->29->89->49->85->100->111->119->114->122->123->125->133->134->181->191->143->146->216->187->177->167->158->173->185->192->231->197->204->202->260->265->263->268->275->288->290->293->297->306->317->358->363->379->384->394->407->396->397->401->406->398->403->413->440->449->453->455->460->468->471->482->495->497->517->518->536->537->546->551->553->554->555->562->569->570->573->593->600->602->615->628->637->642->658->668->694->700->709->713->721->734->745->748->749->753->763->765->764->766->783->784->791->815->816->821->826->830->839->854->849->852->860->864->876->866->867->870->880->882->889->887->893->894->910->933->944->946->956->976->978->985->991->995->1011->1017->1024->1031->1068->1071->1077->1079->1091->1092->1100->1110->1120->1122->1139->1167->1168->1181->1173->1175->1178->1189->1192->1199->1204->1182->1184->1193->1205->1210->1223->1229->1230->1241->1232->1237->1242->1244->1251->1269->1275->1278->1296->1322->1330->1348->1364->1353->1358->1361->1366->1362->1368->1379->1382->1387->1390->1403->1417->1434->1428->1453->1462->1463->1481->1497->1500->1502->1503->1508->1510->1512->1521->1522->1518->1528->1540->1542->1554->1555->1568->1576->1582->1583->1594->1586->1590->1599->1600->1618->1593->1601->1595->1607->1616->1620->1630->1633->1641->1680->1688->1719->1739->1751->1755->1757->1776->1777->1794->1798->1782->1791->1785->1818->1834->1821->1823->1824->1857->1861->1871->1890->1907->1906->1940->1941->1951->1969->1980->1978->1982->1987->1991->1992->2002->2005->2013->2047->2049->2050->2059->2081->2089->2110->2063->2071->2074->2077->2079->2099->2108->2100->2116->2118->2121->2134->2137->2148->2158->2169->2159->2174->2181->2195->2186->2196->2207->2204->2208->2212->2217->2229->2490->2499->2485->2476,2476->2500
N2500_PS_traffic_medium_I1,2500,7696,125,3732,63,2491,2500,0.9,0.5,20.5,0.9,58655.496,2389,204,2389_S004,near,0.45340000000000164,0.003038,0.008482,0.4222,0.0844,0.092882,13.1,30.973280000000084,2491->2493->2484->2481->2478->2468->2448->2443->2458->2442->2426->2412->2401->2400->2404->2395->2379->2374->2370->2369->2385->2372->2390->2380->2363->2350->2347->2340->2332->2328->2326->2320->2317->2300->2282->2268->2263->2256->2252->2251->2247->2257->2240->2226->2237->2220->2235->2236->2218->2228->2211->2202->2178->2156->2183->2155->2154->2136->2130->2109->2098->2085->2072->2078->2069->2046->2038->2033->2030->2044->2028->2017->2014->1968->1955->1902->1895->1900->1910->1894->1893->1882->1872->1864->1869->1863->1860->1841->1840->1832->1827->1826->1814->1813->1807->1789->1806->1781->1779->1774->1784->1780->1778->1766->1764->1740->1736->1735->1731->1718->1713->1707->1697->1693->1681->1677->1672->1665->1673->1664->1655->1649->1640->1643->1637->1628->1610->1587->1579->1552->1550->1548->1547->1530->1537->1525->1492->1490->1488->1495->1479->1486->1471->1465->1460->1430->1423->1406->1401->1391->1384->1380->1374->1373->1369->1359->1355->1344->1311->1301->1310->1298->1290->1281->1274->1270->1279->1262->1257->1254->1252->1219->1206->1212->1203->1194->1197->1177->1170->1153->1152->1149->1142->1134->1130->1125->1117->1113->1129->1111->1099->1089->1075->1069->1065->1064->1063->1051->1042->1039->1050->1037->1036->1027->1006->988->981->969->929->924->917->912->907->904->903->896->892->905->888->885->878->877->874->865->857->856->851->818->813->810->812->805->786->762->761->757->755->741->725->715->711->708->705->696->691->697->698->689->687->681->674->667->661->659->657->636->609->599->592->588->576->574->586->568->575->581->560->549->547->545->543->540->566->561->548->542->534->530->539->526->524->525->527->508->501->476->469->463->450->436->430->415->408->393->387->372->663->373->356->350->353->348->346->616->344->349->558->314->491->284->266->262->458->475->479->485->492->500->259->254->235->233->232->230->229->217->228->410->409->404->392->196->390->383->385->380->190->183->178->174->168->164->163->162->172->155->108->61->60->315->300->310->41->40->56->104->106->221->17->15->24->19->28->20->26->30->33->45->27->34->54->29->49->98->67->85->100->119->114->129->122->123->125->133->152->134->181->191->184->189->216->187->195->166->167->158->170->173->185->197->192->199->204->202->260->263->275->288->290->293->306->317->358->363->379->384->394->407->396->397->401->406->398->403->413->440->454->449->455->460->468->461->462->471->482->495->497->517->518->537->546->551->553->554->555->562->569->570->573->593->600->602->615->628->637->642->658->668->694->700->713->721->734->745->748->749->753->763->764->766->783->793->791->815->816->821->826->830->839->854->849->852->860->864->866->867->870->880->882->889->887->893->894->910->933->944->946->956->976->978->985->991->995->1017->1024->1031->1068->1071->1077->1079->1091->1100->1110->1120->1116->1122->1139->1167->1168->1173->1175->1178->1189->1191->1192->1204->1180->1182->1184->1193->1205->1210->1223->1229->1230->1241->1232->1237->1242->1244->1251->1269->1275->1278->1296->1322->1330->1348->1364->1353->1358->1366->1362->1368->1379->1381->1387->1390->1403->1417->1408->1426->1428->1453->1462->1463->1481->1497->1499->1500->1502->1503->1508->1510->1512->1531->1522->1518->1528->1540->1542->1554->1555->1568->1576->1582->1583->1594->1586->1588->1590->1599->1618->1593->1601->1604->1607->1616->1620->1630->1633->1641->1680->1688->1719->1739->1751->1755->1757->1776->1777->1794->1798->1782->1785->1818->1834->1821->1823->1824->1857->1859->1861->1871->1875->1890->1907->1906->1940->1941->1951->1969->1980->1978->1982->1987->1991->1992->2002->2005->2013->2047->2050->2065->2081->2096->2089->2110->2063->2071->2074->2077->2079->2099->2100->2116->2118->2121->2134->2137->2148->2158->2169->2171->2159->2174->2181->2195->2186->2196->2207->2204->2208->2212->2217->2229->2430->2455->2438->2425->2422->2417->2416->2405->2409->2389,2389->2500
N2500_PS_traffic_very_low_I1,2500,7696,125,3732,63,2491,2500,0.9,0.5,20.5,0.9,63366.112,2461,391,2461_S002,near,0.2846000000000004,0.002204,0.004801,0.1953,0.0391,0.043901,7.56,18.614070000000023,2491->2341->2328->2326->2320->2317->2305->2300->2282->2268->2263->2256->2252->2251->2247->2244->2240->2226->2237->2220->2215->2235->2218->2228->2214->2211->2202->2187->2178->2156->2170->2183->2155->2154->2136->2130->2109->2098->2085->2072->2082->2078->2069->2046->2038->2033->2030->2044->2028->2017->2014->1968->1955->1902->1910->1900->1895->1894->1893->1882->1872->1864->1869->1863->1860->1841->1840->1832->1827->1826->1814->1813->1807->1789->1788->1781->1779->1774->1771->1784->1780->1778->1766->1764->1763->1740->1736->1735->1731->1718->1713->1707->1693->1681->1677->1687->1672->1665->1664->1655->1649->1640->1643->1637->1628->1610->1587->1579->1552->1550->1548->1547->1530->1537->1525->1492->1490->1488->1495->1479->1486->1471->1469->1465->1460->1430->1423->1406->1401->1391->1384->1386->1380->1374->1373->1369->1359->1355->1344->1311->1301->1310->1298->1290->1281->1274->1270->1279->1262->1257->1254->1234->1252->1219->1206->1212->1203->1194->1197->1177->1170->1153->1152->1149->1142->1134->1130->1125->1117->1113->1129->1111->1099->1089->1075->1069->1065->1064->1063->1051->1042->1039->1050->1037->1036->1027->1006->988->981->969->929->924->917->912->907->904->903->896->892->905->888->885->878->877->874->865->861->857->856->851->813->810->812->805->786->762->776->761->757->755->741->725->715->711->723->705->696->691->697->689->687->681->674->667->659->669->657->636->609->599->592->588->576->574->586->568->575->564->560->549->547->545->543->540->566->561->532->542->530->539->526->525->527->519->501->737->733->469->463->450->436->437->439->732->739->727->726->720->714->408->393->387->690->680->373->626->625->346->558->314->491->487->492->266->500->259->262->464->456->232->233->235->438->425->206->420->219->229->217->228->210->410->404->392->198->196->390->383->190->183->178->174->168->164->163->162->155->108->51->50->48->82->176->171->148->226->237->253->20->28->22->30->34->54->53->89->49->121->94->67->85->111->100->119->114->129->122->123->125->133->134->181->191->184->189->146->216->187->156->166->167->158->173->185->197->192->199->204->202->260->265->263->275->288->290->293->306->317->358->363->379->384->402->394->407->396->397->401->406->398->403->413->440->449->455->460->468->462->471->482->495->497->517->518->536->537->546->551->553->555->562->569->570->573->593->600->602->615->628->637->642->658->668->694->700->709->713->721->734->745->748->749->753->763->765->764->766->783->784->791->815->816->822->821->826->830->839->842->854->849->852->860->864->866->867->870->880->882->889->887->893->894->910->933->944->946->956->948->976->978->985->991->995->1011->1017->1024->1031->1071->1077->1079->1091->1100->1110->1120->1116->1122->1139->1167->1168->1181->1175->1189->1178->1192->1191->1199->1204->1182->1184->1193->1205->1210->1223->1229->1230->1241->1232->1237->1242->1244->1251->1269->1275->1278->1296->1322->1330->1348->1364->1353->1358->1361->1362->1368->1385->1379->1382->1387->1390->1403->1417->1434->1428->1453->1462->1463->1481->1497->1499->1500->1502->1503->1508->1510->1512->1531->1522->1518->1528->1540->1542->1554->1555->1568->1576->1582->1583->1594->1586->1588->1590->1600->1618->1593->1601->1604->1607->1616->1620->1633->1641->1680->1688->1719->1739->1751->1755->1757->1776->1777->1794->1798->1782->1791->1785->1818->1821->1823->1824->1857->1859->1861->1871->1875->1890->1907->1906->1940->1941->1951->1969->1980->1978->1982->1986->1987->1991->2001->2002->2005->2013->2047->2050->2065->2059->2063->2071->2074->2077->2079->2099->2108->2100->2116->2118->2121->2134->2137->2148->2158->2169->2159->2174->2181->2186->2196->2204->2208->2212->2217->2229->2461,2461->2500
N2500_PS_walking_distance_W025_I1,2500,7696,125,3732,18,2491,2500,0.9,0.25,20.5,0.9,157888.891,2476,340,2476_S001,near,0.3120000000000007,0.001603,0.003195,0.1661,0.0332,0.036395,6.66,19.56589200000004,2491->2341->2340->2332->2328->2326->2320->2317->2305->2311->2300->2282->2268->2263->2256->2252->2251->2247->2257->2240->2226->2237->2223->2220->2215->2235->2218->2228->2214->2211->2202->2178->2156->2170->2155->2154->2136->2130->2109->2098->2085->2072->2078->2069->2046->2038->2033->2030->2044->2028->2014->1968->1955->1902->1895->1894->1893->1882->1872->1864->1869->1863->1860->1841->1840->1832->1827->1826->1814->1813->1807->1789->1788->1781->1779->1774->1771->1784->1780->1778->1766->1764->1763->1740->1736->1735->1731->1718->1713->1707->1697->1693->1681->1677->1672->1665->1664->1655->1649->1643->1637->1628->1625->1610->1587->1579->1552->1550->1548->1547->1530->1537->1525->1524->1492->1490->1488->1495->1479->1486->1471->1469->1465->1460->1430->1423->1406->1401->1391->1384->1380->1374->1373->1369->1359->1355->1344->1311->1301->1310->1298->1290->1281->1274->1270->1279->1277->1262->1257->1254->1252->1234->1219->1206->1228->1203->1194->1197->1177->1170->1153->1152->1149->1142->1134->1130->1125->1117->1113->1129->1111->1099->1089->1075->1069->1065->1064->1063->1051->1055->1042->1039->1050->1037->1036->1027->1006->988->981->969->961->929->924->917->912->907->904->903->896->892->905->888->885->878->877->874->865->857->856->851->813->810->812->805->786->762->776->757->755->741->725->715->711->708->705->696->691->697->698->689->687->695->681->674->667->661->659->657->636->609->599->592->588->576->574->586->568->575->581->560->549->547->545->543->540->566->561->548->542->534->539->526->525->527->508->519->747->737->733->731->744->739->727->732->439->450->436->430->422->415->408->393->387->372->375->633->365->348->346->344->558->314->309->520->514->523->529->516->299->298->500->492->485->266->262->466->456->457->441->438->425->424->206->209->201->198->196->193->392->390->383->385->183->339->174->168->164->163->175->172->155->169->278->147->153->272->246->243->141->140->135->241->242->108->105->95->87->136->113->145->369->226->237->253->367->26->30->32->45->27->34->54->29->49->121->98->94->67->85->100->111->119->114->129->122->123->125->133->134->181->143->146->216->187->177->167->158->173->185->197->199->204->202->260->263->268->275->288->290->293->297->306->317->358->363->379->384->402->394->407->396->397->401->406->398->399->403->413->440->454->449->455->460->468->471->482->495->497->517->518->536->537->546->551->553->555->562->569->570->573->593->600->602->615->628->637->642->658->668->694->700->709->713->721->734->745->748->749->753->763->765->764->766->783->793->791->815->816->822->821->826->830->839->842->854->849->852->860->864->866->875->867->870->880->882->887->893->894->910->933->944->946->948->976->978->985->991->995->1011->1017->1024->1031->1068->1071->1077->1079->1091->1092->1100->1110->1120->1122->1139->1167->1168->1181->1173->1175->1178->1192->1191->1199->1204->1180->1182->1184->1193->1205->1210->1223->1229->1230->1241->1232->1237->1242->1244->1251->1269->1275->1278->1296->1322->1330->1348->1364->1353->1358->1361->1362->1368->1385->1379->1381->1387->1390->1403->1417->1408->1426->1428->1453->1462->1463->1481->1497->1499->1500->1502->1503->1508->1510->1512->1521->1531->1518->1528->1540->1542->1554->1555->1568->1576->1582->1583->1594->1586->1588->1599->1618->1593->1601->1595->1604->1607->1616->1620->1630->1633->1641->1680->1688->1719->1739->1751->1755->1757->1776->1777->1794->1798->1782->1791->1785->1818->1821->1823->1824->1857->1859->1861->1871->1875->1890->1907->1906->1940->1941->1951->1969->1980->1978->1982->1987->1991->2001->2002->2005->2013->2047->2049->2050->2059->2081->2089->2096->2110->2063->2071->2074->2077->2079->2099->2100->2116->2118->2121->2134->2137->2148->2158->2169->2159->2174->2181->2195->2186->2196->2204->2208->2212->2217->2229->2460->2456->2473->2461->2466->2476,2476->2500
N2500_PS_walking_distance_W050_I1,2500,7696,125,3732,63,2491,2500,0.9,0.5,20.5,0.9,46006.545,2476,341,2476_S002,near,0.30910000000000065,0.002259,0.00477,0.1661,0.0332,0.037970000000000004,6.76,19.539766000000036,2491->2493->2484->2487->2341->2340->2332->2328->2326->2320->2317->2300->2282->2268->2263->2256->2252->2251->2247->2257->2240->2226->2237->2223->2220->2215->2235->2218->2228->2211->2202->2178->2156->2183->2155->2154->2130->2109->2098->2085->2072->2078->2069->2046->2038->2033->2030->2044->2028->2017->2014->1968->1955->1902->1910->1894->1893->1882->1872->1864->1869->1863->1860->1841->1840->1832->1827->1826->1814->1813->1807->1789->1806->1781->1779->1774->1771->1784->1780->1778->1766->1764->1740->1736->1735->1731->1718->1713->1707->1697->1693->1681->1677->1672->1665->1664->1655->1649->1640->1643->1637->1628->1610->1587->1579->1552->1550->1548->1547->1530->1537->1525->1524->1492->1490->1488->1495->1479->1486->1471->1465->1460->1430->1423->1406->1401->1391->1384->1386->1380->1374->1373->1369->1359->1355->1344->1311->1301->1310->1298->1290->1281->1274->1270->1279->1277->1262->1257->1254->1234->1231->1219->1206->1228->1203->1194->1197->1177->1170->1153->1152->1149->1142->1134->1130->1125->1117->1113->1129->1111->1099->1089->1075->1069->1065->1064->1063->1051->1055->1042->1039->1050->1037->1036->1027->1006->988->981->969->929->924->917->912->904->903->896->892->905->888->885->878->877->874->865->857->856->851->813->810->805->786->762->776->757->755->741->725->715->711->723->708->705->696->691->697->689->687->695->681->674->667->659->657->636->609->599->592->588->576->574->586->568->575->581->564->560->549->547->545->543->540->538->561->532->542->534->539->526->524->522->508->519->747->737->476->469->463->450->439->437->436->430->408->393->387->372->375->663->677->373->356->350->626->625->606->608->616->334->558->314->491->487->492->266->262->479->475->458->464->466->456->232->230->229->420->418->409->404->198->196->193->190->183->178->174->335->341->168->370->380->339->338->164->326->316->301->318->162->155->172->175->105->95->87->99->139->136->113->35->23->21->1->2->7->14->15->11->4->8->12->24->19->20->26->33->27->45->32->30->34->54->29->89->49->85->100->111->119->114->122->123->125->133->134->181->191->143->146->216->187->177->167->158->173->185->192->231->197->204->202->260->265->263->268->275->288->290->293->297->306->317->358->363->379->384->394->407->396->397->401->406->398->403->413->440->449->453->455->460->468->471->482->495->497->517->518->536->537->546->551->553->554->555->562->569->570->573->593->600->602->615->628->637->642->658->668->694->700->709->713->721->734->745->748->749->753->763->765->764->766->783->784->791->815->816->821->826->830->839->854->849->852->860->864->876->866->867->870->880->882->889->887->893->894->910->933->944->946->956->976->978->985->991->995->1011->1017->1024->1031->1068->1071->1077->1079->1091->1092->1100->1110->1120->1122->1139->1167->1168->1181->1173->1175->1178->1189->1192->1199->1204->1182->1184->1193->1205->1210->1223->1229->1230->1241->1232->1237->1242->1244->1251->1269->1275->1278->1296->1322->1330->1348->1364->1353->1358->1361->1366->1362->1368->1379->1382->1387->1390->1403->1417->1434->1428->1453->1462->1463->1481->1497->1500->1502->1503->1508->1510->1512->1521->1522->1518->1528->1540->1542->1554->1555->1568->1576->1582->1583->1594->1586->1590->1599->1600->1618->1593->1601->1595->1607->1616->1620->1630->1633->1641->1680->1688->1719->1739->1751->1755->1757->1776->1777->1794->1798->1782->1791->1785->1818->1834->1821->1823->1824->1857->1861->1871->1890->1907->1906->1940->1941->1951->1969->1980->1978->1982->1987->1991->1992->2002->2005->2013->2047->2049->2050->2059->2081->2089->2110->2063->2071->2074->2077->2079->2099->2108->2100->2116->2118->2121->2134->2137->2148->2158->2169->2159->2174->2181->2195->2186->2196->2207->2204->2208->2212->2217->2229->2490->2499->2485->2476,2476->2500
N2500_PS_walking_distance_W075_I1,2500,7696,125,3732,109,2491,2500,0.9,0.75,20.5,0.9,52534.474,2456,465,2456_S001,near,0.3045000000000008,0.001699,0.003698,0.2297,0.0459,0.049598,18.05,21.018038000000043,2491->2341->2340->2332->2328->2326->2320->2317->2300->2282->2268->2263->2256->2252->2251->2247->2244->2257->2240->2226->2237->2223->2220->2215->2235->2236->2218->2228->2214->2211->2202->2187->2178->2156->2183->2170->2155->2154->2136->2130->2109->2098->2085->2072->2078->2069->2046->2038->2033->2030->2044->2028->2017->2014->1968->1955->1902->1910->1894->1893->1882->1872->1864->1869->1863->1860->1841->1840->1832->1827->1826->1814->1813->1807->1789->1788->1781->1779->1774->1771->1784->1780->1778->1767->1764->1740->1736->1735->1731->1718->1713->1707->1693->1689->1681->1677->1687->1672->1665->1673->1664->1655->1649->1640->1643->1637->1628->1625->1610->1587->1579->1552->1550->1548->1547->1530->1537->1525->1492->1490->1488->1495->1479->1486->1471->1465->1460->1430->1423->1401->1391->1384->1380->1374->1373->1369->1359->1355->1344->1311->1301->1310->1298->1290->1281->1274->1270->1279->1277->1262->1257->1254->1234->1219->1206->1228->1212->1203->1194->1197->1177->1170->1153->1152->1149->1142->1134->1130->1125->1117->1113->1129->1111->1105->1099->1089->1075->1069->1065->1064->1063->1051->1042->1039->1050->1037->1036->1027->1006->988->981->969->961->929->924->917->912->907->904->903->896->892->905->888->885->878->877->874->865->857->856->851->818->813->810->812->805->786->762->776->761->757->755->725->715->711->723->708->705->696->691->697->698->689->687->681->674->667->661->659->669->657->636->609->599->592->588->576->574->586->568->575->564->581->560->549->547->545->543->540->538->561->548->542->530->539->526->525->524->522->508->501->476->469->463->467->450->437->436->430->415->408->714->712->706->690->381->680->663->373->356->350->353->348->635->626->366->344->558->314->491->487->492->500->262->475->458->466->456->232->244->230->420->217->228->410->201->198->196->392->390->383->380->339->370->168->333->326->316->301->153->147->137->92->107->83->97->136->113->145->369->359->24->19->28->20->26->30->33->27->34->54->29->89->98->121->85->111->100->119->114->129->122->123->125->133->152->134->181->191->184->194->189->146->156->166->167->177->187->223->211->212->173->185->197->231->192->199->204->202->260->263->268->275->288->290->293->306->317->358->363->379->384->402->394->407->396->397->401->406->398->403->413->440->449->455->460->468->471->482->495->497->517->518->536->537->546->551->553->555->562->569->570->573->593->600->602->615->628->637->642->658->668->694->700->713->721->734->745->748->749->753->763->765->764->766->783->784->791->815->816->821->826->830->839->854->849->852->860->864->876->866->875->867->870->880->882->887->893->894->910->933->944->946->948->976->978->985->991->995->1017->1024->1031->1068->1071->1077->1079->1091->1100->1110->1120->1116->1122->1139->1167->1168->1181->1173->1175->1178->1192->1204->1180->1182->1184->1193->1205->1210->1223->1229->1230->1241->1232->1237->1242->1244->1251->1269->1275->1278->1296->1322->1330->1348->1364->1353->1358->1361->1362->1368->1379->1381->1387->1390->1403->1417->1408->1426->1428->1453->1462->1463->1481->1497->1499->1500->1502->1503->1508->1510->1512->1521->1522->1518->1528->1540->1542->1554->1555->1568->1576->1582->1583->1594->1586->1588->1599->1600->1618->1593->1601->1595->1607->1616->1620->1630->1633->1641->1680->1688->1719->1739->1751->1755->1757->1776->1777->1794->1798->1782->1791->1785->1818->1834->1821->1823->1824->1857->1859->1861->1871->1875->1890->1907->1906->1940->1941->1951->1969->1980->1978->1982->1986->1987->1991->1992->2002->2005->2013->2047->2050->2049->2065->2081->2089->2096->2110->2063->2071->2074->2077->2079->2099->2108->2100->2116->2118->2121->2134->2137->2148->2158->2169->2171->2159->2174->2181->2186->2196->2207->2204->2208->2212->2217->2229->2417->2422->2425->2438->2455->2430->2439->2441->2451->2452->2456,2456->2500
N2500_PS_walking_distance_W100_I1,2500,7696,125,3732,169,2491,2500,0.9,1.0,20.5,0.9,43352.213,2461,390,2461_S001,near,0.3083000000000007,0.001717,0.003498,0.1953,0.0391,0.042598000000000004,7.5,19.79121000000004,2491->2487->2484->2481->2478->2468->2448->2443->2458->2442->2426->2412->2401->2400->2395->2379->2374->2370->2369->2385->2372->2390->2380->2363->2350->2347->2340->2341->2328->2326->2320->2317->2305->2311->2300->2282->2268->2263->2256->2252->2251->2247->2257->2240->2226->2237->2220->2215->2235->2218->2228->2211->2202->2187->2178->2156->2170->2155->2154->2130->2109->2098->2085->2072->2078->2069->2046->2038->2033->2030->2044->2028->2014->1968->1955->1902->1910->1894->1893->1882->1872->1864->1869->1863->1860->1841->1840->1832->1827->1826->1814->1813->1807->1789->1788->1781->1779->1774->1784->1780->1778->1766->1764->1740->1736->1735->1731->1718->1713->1707->1697->1693->1689->1681->1677->1672->1665->1673->1664->1655->1649->1640->1643->1637->1628->1610->1587->1579->1552->1550->1548->1547->1530->1537->1525->1492->1490->1488->1495->1479->1486->1471->1469->1465->1460->1430->1423->1406->1401->1391->1384->1380->1374->1373->1369->1359->1355->1344->1311->1301->1310->1298->1290->1281->1274->1270->1279->1277->1262->1257->1254->1252->1219->1206->1212->1203->1194->1197->1177->1170->1153->1152->1149->1142->1134->1130->1125->1117->1113->1129->1111->1105->1099->1089->1075->1069->1065->1064->1063->1051->1055->1042->1039->1050->1037->1036->1027->1006->988->981->969->929->924->917->912->907->904->903->896->892->905->888->885->878->877->874->865->861->857->856->851->813->810->812->805->786->762->761->757->755->741->725->715->711->708->705->696->691->697->698->689->687->681->674->667->659->657->636->609->599->592->588->576->574->586->568->575->581->560->549->547->545->543->540->566->538->561->532->542->534->539->526->525->524->522->527->519->501->476->469->733->731->467->463->450->436->430->408->714->712->706->690->680->372->375->633->365->348->346->577->559->314->493->491->266->492->485->479->475->458->464->456->232->230->244->424->420->219->229->217->228->410->201->198->196->193->190->183->339->370->168->333->341->335->338->163->162->155->108->61->51->50->82->176->171->148->226->237->234->248->245->250->367->32->33->30->34->54->53->89->98->94->67->85->100->111->119->114->129->122->123->125->133->134->181->191->143->194->189->216->223->211->212->227->185->197->192->199->204->202->260->263->275->288->290->293->297->306->317->358->363->379->384->402->394->407->396->397->401->406->398->399->403->413->440->449->453->455->460->461->468->471->482->497->517->518->536->537->546->551->553->555->562->569->570->573->593->600->602->615->628->637->642->658->668->694->700->713->721->734->745->748->749->753->763->765->764->766->783->793->791->815->816->822->821->826->830->839->854->842->849->852->860->864->876->866->875->867->870->880->882->887->893->894->910->933->944->946->948->976->978->985->991->995->1017->1024->1031->1071->1077->1079->1091->1092->1100->1110->1120->1122->1139->1167->1168->1181->1175->1178->1189->1191->1192->1204->1182->1184->1193->1205->1210->1223->1229->1230->1241->1232->1237->1242->1244->1251->1269->1275->1278->1296->1322->1330->1348->1364->1353->1358->1361->1362->1368->1379->1381->1387->1390->1403->1417->1434->1408->1426->1428->1453->1462->1463->1481->1497->1500->1502->1503->1508->1510->1512->1521->1522->1531->1518->1528->1540->1542->1554->1555->1568->1576->1582->1583->1594->1586->1590->1588->1599->1618->1593->1601->1595->1607->1616->1620->1630->1633->1641->1680->1688->1719->1739->1751->1755->1757->1776->1777->1798->1782->1791->1785->1818->1821->1823->1824->1857->1861->1871->1875->1890->1907->1906->1940->1941->1951->1969->1980->1978->1982->1986->1987->1991->2001->2002->2005->2013->2047->2050->2065->2081->2089->2110->2063->2071->2074->2077->2079->2099->2100->2116->2118->2121->2134->2137->2148->2158->2169->2159->2174->2181->2195->2186->2196->2204->2208->2212->2217->2229->2456->2473->2461,2461->2500
N30_C10_I1,30,142,2,70,4,25,30,0.9,0.5,20.5,0.9,2253.607,27,31,27_S001,near,0.0221,0.00172,0.003863,0.2521,0.0504,0.054263,16.21,0.9553868495781481,25->23->1->6->11->15->18->20->26->27,27->30
N30_C1_I1,30,142,2,70,7,25,30,0.9,0.5,20.5,0.9,189.723,29,1,29_S001,near,0.0247,0.00157,0.002868,0.12,0.024,0.026868,13.26,4.1954519999999995,25->23->1->6->11->15->18->20->26->27->29,29->30
N30_C2_I1,30,150,2,70,7,25,30,0.9,0.5,20.5,0.9,2665.245,29,1,29_S001,near,0.021899999999999996,0.001584,0.002882,0.12,0.024,0.026882,13.28,0.670951189834647,25->23->1->6->27->29,29->30
N30_C3_I1,30,144,3,97,10,25,30,0.9,0.5,20.5,0.9,2383.199,29,1,29_S001,near,0.0247,0.001584,0.002882,0.12,0.024,0.026882,13.28,0.5327017022632625,25->23->1->6->11->15->18->20->26->27->29,29->30
N30_C4_I1,30,142,2,70,7,25,30,0.9,1.0,20.5,0.9,2276.43,29,1,29_S001,near,0.0247,0.001488,0.002402,0.12,0.024,0.026402000000000002,13.34,0.6875319422527487,25->23->1->6->11->15->18->20->26->27->29,29->30
N30_C5_I1,30,142,2,70,7,25,30,0.9,0.5,20.5,0.9,3220.58,29,1,29_S001,near,0.0358,0.001584,0.002882,0.12,0.024,0.026882,13.28,0.7300404450776141,25->23->1->6->11->15->18->20->26->27->29,29->30
N30_C6_I1,30,142,2,70,7,25,30,0.9,0.5,20.5,0.9,2764.285,29,1,29_S001,near,0.066,0.001584,0.002882,0.12,0.024,0.026882,13.28,0.8106491322549546,25->21->5->6->11->15->18->20->26->27->29,29->30
N30_C7_I1,30,142,2,70,7,25,30,0.9,0.5,20.5,0.9,3027.75,29,1,29_S001,near,0.0247,0.001584,0.002882,0.12,0.024,0.026882,13.28,0.6821381141737785,25->23->1->6->11->15->18->20->26->27->29,29->30
N30_C8_I1,30,142,2,70,7,25,30,0.1,0.5,20.5,0.1,2261.449,29,1,29_S001,near,0.0247,0.001584,0.002882,0.12,0.024,0.026882,13.28,0.6821381141737785,25->23->1->6->11->15->18->20->26->27->29,29->30
N30_C9_I1,30,142,2,70,7,25,30,0.9,0.5,15.0,0.9,2356.563,29,1,29_S001,near,0.0247,0.001584,0.002882,0.12,0.024,0.026882,13.28,0.6821381141737785,25->23->1->6->11->15->18->20->26->27->29,29->30
N40_C10_I1,40,184,2,62,6,29,40,0.9,0.5,20.5,0.9,2723.624,39,1,39_S001,near,0.026999999999999996,0.00149,0.002788,0.12,0.024,0.026788,17.97,0.8846364712954319,29->33->26->20->18->15->14->5->1->21->23->36->31->39,39->40
N40_C1_I1,40,184,2,62,6,29,40,0.9,0.5,20.5,0.9,310.208,39,1,39_S001,near,0.026999999999999996,0.001496,0.002794,0.12,0.024,0.026794000000000002,19.63,4.948659999999999,29->33->26->20->18->15->14->5->1->21->23->36->31->39,39->40
N40_C2_I1,40,196,2,62,6,29,40,0.9,0.5,20.5,0.9,136.197,39,1,39_S001,near,0.023,0.001496,0.002794,0.12,0.024,0.026794000000000002,19.63,4.732659999999999,29->10->6->5->39,39->40
N40_C3_I1,40,188,4,121,8,29,40,0.9,0.5,20.5,0.9,3463.699,39,1,39_S001,near,0.026999999999999996,0.00149,0.002788,0.12,0.024,0.026788,19.67,0.6521220434698174,29->33->26->20->18->15->14->5->1->21->23->36->31->39,39->40
N40_C4_I1,40,184,2,62,6,29,40,0.9,1.0,20.5,0.9,3421.954,39,1,39_S001,near,0.026999999999999996,0.001394,0.002308,0.12,0.024,0.026308,19.73,0.8868450129516972,29->33->26->20->18->15->14->5->1->21->23->36->31->39,39->40
N40_C5_I1,40,184,2,62,6,29,40,0.9,0.5,20.5,0.9,3182.703,39,1,39_S001,near,0.0381,0.00149,0.002788,0.12,0.024,0.026788,19.67,0.9056994010721646,29->27->32->20->18->15->14->5->1->21->23->36->25->37->39,39->40
N40_C6_I1,40,184,2,62,6,29,40,0.9,0.5,20.5,0.9,3717.854,39,1,39_S001,near,0.0717,0.00149,0.002788,0.12,0.024,0.026788,19.67,0.9245741107263256,29->33->26->20->18->17->16->13->1->21->23->36->25->37->39,39->40
N40_C7_I1,40,184,2,62,6,29,40,0.9,0.5,20.5,0.9,4131.906,39,1,39_S001,near,0.026999999999999996,0.00149,0.002788,0.12,0.024,0.026788,19.67,0.8843832455748402,29->33->26->20->18->15->14->5->1->21->23->36->31->39,39->40
N40_C8_I1,40,184,2,62,6,29,40,0.1,0.5,20.5,0.1,4199.739,39,1,39_S001,near,0.026999999999999996,0.00149,0.002788,0.12,0.024,0.026788,19.67,0.8843832455748402,29->33->26->20->18->15->14->5->1->21->23->36->31->39,39->40
N40_C9_I1,40,184,2,62,4,29,40,0.9,0.5,15.0,0.9,3100.319,39,1,39_S001,near,0.027200000000000002,0.00149,0.002788,0.12,0.024,0.026788,12.63,0.946744044284328,29->33->26->20->18->12->6->1->21->23->36->31->39,39->40
N40_PS_edge_density_baseline_180_I1,40,184,2,62,6,29,40,0.9,0.5,20.5,0.9,307.523,39,1,39_S001,near,0.026999999999999996,0.001496,0.002794,0.12,0.024,0.026794000000000002,19.63,4.948659999999999,29->33->26->20->18->15->14->5->1->21->23->36->31->39,39->40
N40_PS_edge_density_dense_192_I1,40,196,2,62,6,29,40,0.9,0.5,20.5,0.9,137.875,39,1,39_S001,near,0.0234,0.001496,0.002794,0.12,0.024,0.026794000000000002,19.63,4.7542599999999995,29->10->9->38->39,39->40
N40_PS_edge_density_denser_204_I1,40,208,2,62,6,29,40,0.9,0.5,20.5,0.9,127.716,39,1,39_S001,near,0.023200000000000002,0.001496,0.002794,0.12,0.024,0.026794000000000002,19.63,4.74346,29->10->9->38->39,39->40
N40_PS_edge_density_densest_216_I1,40,220,2,62,6,29,40,0.9,0.5,20.5,0.9,192.115,39,1,39_S001,near,0.022,0.001496,0.002794,0.12,0.024,0.026794000000000002,19.63,4.67866,29->10->6->5->39,39->40
N40_PS_parking_budget_Cmax100_I1,40,184,2,62,4,29,40,0.9,0.5,10.0,0.9,39,39,1,39_S001,near,0.02720000000000001,0.001496,0.002794,0.12,0.024,0.026794000000000002,6.39,3.63546,29->33->26->20->18->12->6->1->21->23->36->31->39,39->40
N40_PS_parking_budget_Cmax150_I1,40,184,2,62,4,29,40,0.9,0.5,15.0,0.9,39,39,1,39_S001,near,0.02720000000000001,0.001496,0.002794,0.12,0.024,0.026794000000000002,6.39,3.63546,29->33->26->20->18->12->6->1->21->23->36->31->39,39->40
N40_PS_parking_budget_Cmax205_I1,40,184,2,62,6,29,40,0.9,0.5,20.5,0.9,39,39,1,39_S001,near,0.02700000000000001,0.001496,0.002794,0.12,0.024,0.026794000000000002,6.39,3.62466,29->33->26->20->18->15->14->5->1->21->23->36->31->39,39->40
N40_PS_parking_budget_Cmax250_I1,40,184,2,62,6,29,40,0.9,0.5,25.0,0.9,39,39,1,39_S001,near,0.02700000000000001,0.001496,0.002794,0.12,0.024,0.026794000000000002,6.39,3.62466,29->33->26->20->18->15->14->5->1->21->23->36->31->39,39->40
N40_PS_parking_cost_100_225_I1,40,184,2,62,6,29,40,0.9,0.5,20.5,0.9,309.374,39,1,39_S001,near,0.026999999999999996,0.001496,0.002794,0.12,0.024,0.026794000000000002,9.5,3.93566,29->33->26->20->18->15->14->5->1->21->23->36->31->39,39->40
N40_PS_parking_cost_125_250_I1,40,184,2,62,6,29,40,0.9,0.5,20.5,0.9,306.36,39,1,39_S001,near,0.026999999999999996,0.001496,0.002794,0.12,0.024,0.026794000000000002,15.35,4.5206599999999995,29->33->26->20->18->15->14->5->1->21->23->36->31->39,39->40
N40_PS_parking_cost_150_300_I1,40,184,2,62,6,29,40,0.9,0.5,20.5,0.9,311.958,39,1,39_S001,near,0.026999999999999996,0.001496,0.002794,0.12,0.024,0.026794000000000002,17.94,4.77966,29->33->26->20->18->15->14->5->1->21->23->36->31->39,39->40
N40_PS_parking_cost_80_205_I1,40,184,2,62,6,29,40,0.9,0.5,20.5,0.9,307.236,39,1,39_S001,near,0.026999999999999996,0.001496,0.002794,0.12,0.024,0.026794000000000002,19.63,4.948659999999999,29->33->26->20->18->15->14->5->1->21->23->36->31->39,39->40
N40_PS_parking_supply_P10_I1,40,188,4,112,11,29,40,0.9,0.5,20.5,0.9,262.548,39,1,39_S001,near,0.027299999999999998,0.001496,0.002794,0.12,0.024,0.026794000000000002,19.63,4.96486,29->27->33->26->20->18->15->14->13->1->21->23->36->31->39,39->40
N40_PS_parking_supply_P15_I1,40,192,6,173,17,29,40,0.9,0.5,20.5,0.9,345.17,39,1,39_S001,near,0.027200000000000002,0.001496,0.002794,0.12,0.024,0.026794000000000002,19.63,4.95946,29->33->26->20->18->12->6->1->21->23->36->31->39,39->40
N40_PS_parking_supply_P20_I1,40,196,8,231,17,29,40,0.9,0.5,20.5,0.9,379.248,39,1,39_S001,near,0.027200000000000002,0.001496,0.002794,0.12,0.024,0.026794000000000002,19.63,4.95946,29->33->26->20->18->12->6->1->21->23->36->31->39,39->40
N40_PS_parking_supply_P5_I1,40,184,2,62,6,29,40,0.9,0.5,20.5,0.9,302.556,39,1,39_S001,near,0.026999999999999996,0.001496,0.002794,0.12,0.024,0.026794000000000002,19.63,4.948659999999999,29->33->26->20->18->15->14->5->1->21->23->36->31->39,39->40
N40_PS_spot_availability_A10_I1,40,184,2,62,6,29,40,0.9,0.5,20.5,0.9,288.493,39,1,39_S001,near,0.026999999999999996,0.001496,0.002794,0.12,0.024,0.026794000000000002,19.63,4.948659999999999,29->33->26->20->18->15->14->5->1->21->23->36->31->39,39->40
N40_PS_spot_availability_A20_I1,40,184,2,62,12,29,40,0.9,0.5,20.5,0.9,318.76,39,1,39_S001,near,0.026999999999999996,0.001496,0.002794,0.12,0.024,0.026794000000000002,19.63,4.948659999999999,29->33->26->20->18->15->14->5->1->21->23->36->31->39,39->40
N40_PS_spot_availability_A30_I1,40,184,2,62,12,29,40,0.9,0.5,20.5,0.9,336.082,39,1,39_S001,near,0.026999999999999996,0.001496,0.002794,0.12,0.024,0.026794000000000002,19.63,4.948659999999999,29->33->26->20->18->15->14->5->1->21->23->36->31->39,39->40
N40_PS_spot_availability_A40_I1,40,184,2,62,12,29,40,0.9,0.5,20.5,0.9,341.839,39,1,39_S001,near,0.026999999999999996,0.001496,0.002794,0.12,0.024,0.026794000000000002,19.63,4.948659999999999,29->33->26->20->18->15->14->5->1->21->23->36->31->39,39->40
N40_PS_spots_per_lot_S1020_I1,40,184,2,33,2,29,40,0.9,0.5,20.5,0.9,285.766,39,4,39_S004,near,0.026999999999999996,0.001481,0.003372,0.12,0.024,0.027372,19.22,4.938061999999999,29->33->26->20->18->15->14->5->1->21->23->36->31->39,39->40
N40_PS_spots_per_lot_S2040_I1,40,184,2,67,2,29,40,0.9,0.5,20.5,0.9,305.668,39,4,39_S004,near,0.026999999999999996,0.001481,0.003372,0.12,0.024,0.027372,19.22,4.938061999999999,29->33->26->20->18->15->14->5->1->21->23->36->31->39,39->40
N40_PS_spots_per_lot_S4060_I1,40,184,2,100,2,29,40,0.9,0.5,20.5,0.9,310.529,39,4,39_S004,near,0.026999999999999996,0.001481,0.003372,0.12,0.024,0.027372,19.22,4.938061999999999,29->33->26->20->18->15->14->5->1->21->23->36->31->39,39->40
N40_PS_spots_per_lot_S6080_I1,40,184,2,133,2,29,40,0.9,0.5,20.5,0.9,336.128,39,4,39_S004,near,0.026999999999999996,0.001481,0.003372,0.12,0.024,0.027372,19.22,4.938061999999999,29->33->26->20->18->15->14->5->1->21->23->36->31->39,39->40
N40_PS_traffic_high_I1,40,184,2,62,6,29,40,0.9,0.5,20.5,0.9,313.546,39,1,39_S001,near,0.0832,0.001496,0.002794,0.12,0.024,0.026794000000000002,19.63,7.983459999999999,29->33->26->20->18->15->14->5->1->21->23->36->31->39,39->40
N40_PS_traffic_low_I1,40,184,2,62,6,29,40,0.9,0.5,20.5,0.9,297.033,39,1,39_S001,near,0.026999999999999996,0.001496,0.002794,0.12,0.024,0.026794000000000002,19.63,4.948659999999999,29->33->26->20->18->15->14->5->1->21->23->36->31->39,39->40
N40_PS_traffic_medium_I1,40,184,2,62,6,29,40,0.9,0.5,20.5,0.9,306.471,39,1,39_S001,near,0.0413,0.001496,0.002794,0.12,0.024,0.026794000000000002,19.63,5.720859999999999,29->27->32->20->18->15->14->5->1->21->23->36->31->39,39->40
N40_PS_traffic_very_low_I1,40,184,2,62,6,29,40,0.9,0.5,20.5,0.9,247.452,39,1,39_S001,near,0.023200000000000005,0.001496,0.002794,0.12,0.024,0.026794000000000002,19.63,4.74346,29->33->26->20->18->15->14->5->1->21->23->36->31->39,39->40
N40_PS_walking_distance_W025_I1,40,184,2,62,6,29,40,0.9,0.25,20.5,0.9,305.586,39,1,39_S001,near,0.026999999999999996,0.001496,0.002794,0.12,0.024,0.026794000000000002,19.63,4.948659999999999,29->33->26->20->18->15->14->5->1->21->23->36->31->39,39->40
N40_PS_walking_distance_W050_I1,40,184,2,62,6,29,40,0.9,0.5,20.5,0.9,302.91,39,1,39_S001,near,0.026999999999999996,0.001496,0.002794,0.12,0.024,0.026794000000000002,19.63,4.948659999999999,29->33->26->20->18->15->14->5->1->21->23->36->31->39,39->40
N40_PS_walking_distance_W075_I1,40,184,2,62,6,29,40,0.9,0.75,20.5,0.9,301.426,39,1,39_S001,near,0.026999999999999996,0.001496,0.002794,0.12,0.024,0.026794000000000002,19.63,4.948659999999999,29->33->26->20->18->15->14->5->1->21->23->36->31->39,39->40
N40_PS_walking_distance_W100_I1,40,184,2,62,6,29,40,0.9,1.0,20.5,0.9,304.006,39,1,39_S001,near,0.026999999999999996,0.001496,0.002794,0.12,0.024,0.026794000000000002,19.63,4.948659999999999,29->33->26->20->18->15->14->5->1->21->23->36->31->39,39->40
N500_C10_I1,500,1760,25,738,19,476,500,0.9,0.5,20.5,0.9,52097.374,495,33,495_S003,near,0.12620000000000003,0.002595,0.005363,0.1408,0.0282,0.033562999999999996,14.6,0.8095327643704975,476->362->373->356->350->353->365->348->346->344->349->334->337->331->329->324->321->314->309->298->296->289->284->266->262->259->254->235->233->232->230->229->217->228->210->206->209->201->198->196->193->190->183->178->174->168->164->163->162->155->272->246->243->242->241->239->238->205->186->108->105->96->92->90->88->61->52->43->39->44->91->21->1->9->10->11->15->24->19->28->22->30->34->54->29->89->98->94->67->85->100->119->114->122->123->125->133->134->181->143->194->189->216->223->211->212->227->202->260->263->275->288->290->293->306->317->358->363->379->384->402->394->407->396->397->401->406->398->399->403->413->440->449->455->460->468->462->471->482->495,495->500
N500_C1_I1,500,1760,25,738,41,476,500,0.9,0.5,20.5,0.9,11828.254,495,31,495_S001,near,0.12330000000000006,0.001559,0.002991,0.1408,0.0282,0.031191,7.26,9.152700000000003,476->362->361->356->350->365->348->346->344->334->337->331->329->324->321->309->298->296->289->284->266->262->259->254->235->233->232->244->230->229->217->228->210->206->209->201->198->196->193->190->183->178->174->168->164->163->162->175->155->169->153->147->137->132->130->120->117->115->110->105->96->92->90->264->42->41->40->56->39->44->91->86->21->1->2->6->10->11->15->24->19->20->26->32->45->27->34->54->53->89->29->49->85->100->119->114->122->123->125->133->134->181->191->184->189->216->156->187->195->223->166->158->173->185->197->204->202->260->265->263->268->275->288->290->293->306->317->358->363->379->384->402->394->407->396->397->401->406->398->399->403->413->440->454->449->453->455->460->461->462->471->482->495,495->500
N500_C2_I1,500,1926,25,738,41,476,500,0.9,0.5,20.5,0.9,44481.854,495,31,495_S001,near,0.10410000000000004,0.001573,0.003006,0.1408,0.0282,0.031205999999999998,7.27,0.7019437334003253,476->469->463->450->437->439->362->361->356->350->353->348->366->349->334->337->331->329->324->321->309->298->296->289->284->266->262->259->254->235->233->232->244->230->229->217->277->160->124->76->73->71->80->116->126->89->53->54->192->199->413->440->449->455->460->461->468->471->482->495,495->500
N500_C3_I1,500,1810,50,1513,41,476,500,0.9,0.5,20.5,0.9,51912.323,495,32,495_S002,near,0.13050000000000006,0.002022,0.004122,0.1408,0.0282,0.032322,7.38,0.7861121949020663,476->362->361->356->350->365->348->346->349->334->337->331->329->324->321->309->298->296->289->284->266->262->259->254->235->233->232->230->229->217->228->210->206->209->201->198->196->193->190->183->178->174->168->164->163->162->155->172->169->153->147->242->241->239->130->120->117->112->108->105->96->92->90->88->79->50->60->48->43->39->44->91->21->1->9->5->6->10->11->15->18->12->24->19->28->22->30->34->54->53->89->49->85->100->119->114->122->123->125->133->152->134->181->143->194->189->216->187->177->195->211->170->158->173->185->197->204->202->260->265->263->268->275->288->290->293->306->317->358->363->379->384->402->394->407->396->397->401->406->398->403->413->440->449->453->455->460->461->468->471->482->495,495->500
N500_C4_I1,500,1760,25,738,74,476,500,0.9,1.0,20.5,0.9,50888.101,495,31,495_S001,near,0.13150000000000003,0.001461,0.002442,0.1408,0.0282,0.030642,7.35,0.6268853315378512,476->362->361->373->356->350->365->353->348->366->346->349->344->334->337->331->329->324->321->309->298->299->289->284->266->262->259->254->235->233->232->230->229->219->217->228->210->206->209->201->198->196->193->190->183->178->174->168->164->163->162->155->169->153->147->246->243->242->241->239->238->205->108->105->96->92->90->264->42->41->40->56->44->91->21->1->2->6->10->11->15->24->19->20->26->33->32->45->27->34->54->53->89->49->67->85->100->119->114->122->123->125->133->152->134->181->143->146->156->166->223->211->173->185->192->199->204->202->260->263->268->275->288->290->293->306->317->358->363->379->384->394->407->396->397->401->406->398->399->403->413->440->449->453->455->460->468->471->482->497->495,495->500
N500_C5_I1,500,1760,25,738,41,476,500,0.9,0.5,20.5,0.9,43862.716,497,2,497_S002,near,0.16760000000000005,0.002036,0.003903,0.12,0.024,0.027903,11.43,0.8020963247583377,476->362->373->356->350->353->348->346->344->334->337->331->329->324->321->314->309->298->299->296->289->284->266->262->259->254->235->233->232->230->229->219->217->228->210->206->209->201->198->196->193->190->183->178->174->168->164->163->162->155->169->153->147->137->132->130->120->117->115->112->108->105->96->92->90->264->42->41->40->66->39->44->91->86->21->1->5->9->10->11->15->24->19->20->32->30->34->54->53->89->98->67->85->100->119->114->129->122->123->125->133->134->181->143->146->189->216->223->211->173->185->192->204->202->260->265->263->275->288->290->293->306->317->358->363->379->384->394->407->396->397->401->406->398->399->403->413->440->449->455->460->461->462->471->482->497,497->500
N500_C6_I1,500,1760,25,738,41,476,500,0.9,0.5,20.5,0.9,57066.175,461,155,461_S003,near,0.37050000000000005,0.002787,0.006592,0.2564,0.0513,0.057892,7.43,1.0265412450384432,476->463->450->439->437->436->430->422->415->408->393->387->372->375->371->362->373->356->350->365->348->366->344->334->337->331->329->324->321->309->298->299->289->284->266->262->259->254->235->233->232->230->229->219->217->228->210->206->209->201->198->196->193->190->183->178->174->168->164->163->162->155->175->172->169->153->147->137->132->130->120->117->112->108->105->96->92->90->264->255->42->41->66->39->44->91->21->1->2->7->3->4->8->12->24->19->28->22->26->30->34->54->53->89->49->85->100->119->114->122->123->125->133->134->181->143->191->184->194->189->216->187->156->166->158->173->185->197->204->202->260->265->263->268->275->288->290->293->306->317->358->363->379->384->402->394->407->396->397->401->406->398->403->413->440->454->449->453->455->460->461,461->500
N500_C7_I1,500,1760,25,738,41,476,500,0.9,0.5,20.5,0.9,48841.945,497,1,497_S001,near,0.12870000000000004,0.00155,0.002848,0.12,0.024,0.026848,11.33,0.7728075588937975,476->463->450->439->362->373->356->350->365->348->346->349->344->334->337->331->329->324->321->309->298->296->289->284->266->262->259->254->235->233->232->244->230->229->217->228->210->206->209->201->198->196->193->190->183->178->174->168->164->163->162->175->172->169->153->147->137->246->242->241->239->238->205->108->105->96->92->90->61->51->43->39->44->91->86->21->1->5->9->10->13->14->15->24->19->20->26->30->34->54->29->53->89->98->121->85->111->119->114->122->123->125->133->152->134->181->143->146->216->187->166->158->173->185->197->204->202->260->263->268->275->288->290->293->306->317->358->363->379->384->394->407->396->397->401->406->398->403->413->440->449->453->455->460->461->462->471->482->497,497->500
N500_C8_I1,500,1760,25,738,41,476,500,0.1,0.5,20.5,0.1,50393.154,497,1,497_S001,near,0.12870000000000004,0.00155,0.002848,0.12,0.024,0.026848,11.33,0.7728075588937975,476->463->450->439->362->373->356->350->365->348->346->349->344->334->337->331->329->324->321->309->298->296->289->284->266->262->259->254->235->233->232->244->230->229->217->228->210->206->209->201->198->196->193->190->183->178->174->168->164->163->162->175->172->169->153->147->137->246->242->241->239->238->205->108->105->96->92->90->61->51->43->39->44->91->86->21->1->5->9->10->13->14->15->24->19->20->26->30->34->54->29->53->89->98->121->85->111->119->114->122->123->125->133->152->134->181->143->146->216->187->166->158->173->185->197->204->202->260->263->268->275->288->290->293->306->317->358->363->379->384->394->407->396->397->401->406->398->403->413->440->449->453->455->460->461->462->471->482->497,497->500
N500_C9_I1,500,1760,25,738,34,476,500,0.9,0.5,15.0,0.9,51281.91,495,31,495_S001,near,0.13130000000000006,0.001573,0.003006,0.1408,0.0282,0.031205999999999998,7.27,0.7943229291446849,476->463->467->362->373->361->356->350->365->353->348->346->349->334->337->331->329->324->321->314->309->298->296->289->284->266->262->259->254->235->233->232->230->229->217->228->210->206->209->201->198->196->193->190->183->178->174->168->164->163->162->155->169->153->272->246->243->242->241->239->238->205->108->110->105->96->107->92->90->61->51->43->42->41->40->56->44->91->21->1->5->2->3->4->8->12->24->19->20->26->33->27->34->54->53->89->98->121->85->111->100->119->114->122->123->125->133->134->181->143->146->156->187->195->211->212->224->231->202->260->265->263->275->288->290->293->306->317->358->363->379->384->394->407->396->397->401->406->398->399->403->413->440->454->449->455->460->461->462->471->482->495,495->500
N50_C10_I1,50,226,2,72,7,48,50,0.9,0.5,20.5,0.9,4692.102,49,1,49_S001,near,0.031,0.00153,0.002828,0.12,0.024,0.026828,16.39,0.7706528551793077,48->43->41->40->38->37->36->23->21->11->15->18->20->32->27->29->49,49->50
N50_C1_I1,50,226,2,72,7,48,50,0.9,0.5,20.5,0.9,3357.996,49,1,49_S001,near,0.031,0.00153,0.002828,0.12,0.024,0.026828,12.06,0.7705873339607213,48->43->41->40->38->37->36->23->21->11->15->18->20->32->27->29->49,49->50
N50_C2_I1,50,242,2,72,7,48,50,0.9,0.5,20.5,0.9,2882.43,49,1,49_S001,near,0.0267,0.00153,0.002828,0.12,0.024,0.026828,12.06,0.7575488052573894,48->47->35->21->27->29->49,49->50
N50_C3_I1,50,232,5,177,14,48,50,0.9,0.5,20.5,0.9,3946.53,49,1,49_S001,near,0.031,0.00153,0.002828,0.12,0.024,0.026828,12.06,0.59298989754976,48->43->41->40->38->37->36->23->21->11->15->18->20->32->27->29->49,49->50
N50_C4_I1,50,226,2,72,7,48,50,0.9,1.0,20.5,0.9,3004.479,49,1,49_S001,near,0.031100000000000003,0.001434,0.002348,0.12,0.024,0.026348,12.13,0.7766087514220076,48->43->41->40->38->37->36->23->21->11->15->18->20->26->45->27->29->49,49->50
N50_C5_I1,50,226,2,72,7,48,50,0.9,0.5,20.5,0.9,3369.381,49,1,49_S001,near,0.042800000000000005,0.00153,0.002828,0.12,0.024,0.026828,12.06,0.7954783106170543,48->42->41->40->39->38->37->25->23->21->9->10->11->15->18->20->26->45->49,49->50
N50_C6_I1,50,226,2,72,7,48,50,0.9,0.5,20.5,0.9,3180.902,49,1,49_S001,near,0.08040000000000001,0.00153,0.002828,0.12,0.024,0.026828,12.06,0.8509712360389489,48->47->42->41->40->38->37->36->23->21->1->2->7->11->15->18->20->26->32->27->49,49->50
N50_C7_I1,50,226,2,72,7,48,50,0.9,0.5,20.5,0.9,3332.817,49,1,49_S001,near,0.031,0.00153,0.002828,0.12,0.024,0.026828,12.06,0.7705873339607213,48->43->41->40->38->37->36->23->21->11->15->18->20->32->27->29->49,49->50
N50_C8_I1,50,226,2,72,7,48,50,0.1,0.5,20.5,0.1,2872.5,49,1,49_S001,near,0.031,0.00153,0.002828,0.12,0.024,0.026828,12.06,0.7705873339607213,48->43->41->40->38->37->36->23->21->11->15->18->20->32->27->29->49,49->50
N50_C9_I1,50,226,2,72,7,48,50,0.9,0.5,15.0,0.9,2899.99,49,1,49_S001,near,0.031,0.00153,0.002828,0.12,0.024,0.026828,12.06,0.7705873339607213,48->43->41->40->38->37->36->23->21->11->15->18->20->32->27->29->49,49->50
sumo_case,2055,5299,103,3055,40,1824,283,0.5,0.5,20.41,0.5,129139.694,487,476,487_S001,near,0.21579999999999996,0.001421,0.00237,0.0655,0.0131,0.015470000000000001,19.66,0.8682516352837062,1824->1969->193->2023->2008->2006->1233->157->155->1820->1972->497->496->495->2031->299->1096->865->866->2010->1979->1090->2009->206->207->540->468->208->1873->1997->1874->1258->893->1266->892->1711->1875->891->1277->1273->1275->1270->1267->1860->2014->1177->427->65->1313->1314->1312->2022->2013->1961->1172->1170->1962->636->802->1086->1087->800->168->1679->6->5->1365->915->487,487->283
