method,dat_file,nodes,edges,parking_lots,S,D,Alpha,Wmax,Cmax,w,feasible,parking_node,drive_time_hr,walk_distance_km,walk_time_hr,parking_cost,objective,non_normalized_drive_time_min,non_normalized_walk_time_min,non_normalized_travel_time_min,non_normalized_parking_cost,non_normalized_objective,runtime_ms,drive_path,walk_path
PSO_CHAOTIC,N10_C1_I1.dat,10,46,2,8,10,0.9,0.5,20.5,0.9,1,5,0.0087,0.2661,0.0532,10.77,0.804712529240831,,,,10.77,4.419599999999999,64.084,8->7->5,5->10
PSO_CHAOTIC,N10_C2_I1.dat,10,52,2,8,10,0.9,0.5,20.5,0.9,1,5,0.0076,0.2661,0.0532,10.77,0.7913702111815318,,,,10.77,4.3602,55.342,8->5,5->10
PSO_CHAOTIC,N10_C3_I1.dat,10,46,2,8,10,0.9,0.5,20.5,0.9,1,5,0.0087,0.2661,0.0532,10.77,0.804712529240831,,,,10.77,4.419599999999999,68.185,8->7->5,5->10
PSO_CHAOTIC,N10_C4_I1.dat,10,46,2,8,10,0.9,1.0,20.5,0.9,1,5,0.0087,0.2661,0.0532,10.77,0.804712529240831,,,,10.77,4.419599999999999,104.708,8->7->5,5->10
PSO_CHAOTIC,N10_C5_I1.dat,10,46,2,8,10,0.9,0.5,20.5,0.9,1,5,0.0113,0.2661,0.0532,10.77,0.8177196933775881,,,,10.77,4.56,76.817,8->7->6->5,5->10
PSO_CHAOTIC,N10_C6_I1.dat,10,46,2,8,10,0.9,0.5,20.5,0.9,1,5,0.0259,0.2661,0.0532,10.77,0.8268680732850114,,,,10.77,5.3484,53.087,8->7->5,5->10
PSO_CHAOTIC,N10_C7_I1.dat,10,46,2,8,10,0.9,0.5,20.5,0.9,1,5,0.0087,0.2661,0.0532,10.77,0.804712529240831,,,,10.77,4.419599999999999,55.752,8->7->5,5->10
PSO_CHAOTIC,N10_C8_I1.dat,10,46,2,8,10,0.1,0.5,20.5,0.1,1,5,0.0087,0.2661,0.0532,10.77,0.804712529240831,,,,10.77,10.0644,57.299,8->7->5,5->10
PSO_CHAOTIC,N10_C9_I1.dat,10,46,2,8,10,0.9,0.5,15.0,0.9,1,5,0.0087,0.2661,0.0532,10.77,1.0,,,,10.77,4.419599999999999,53.784,8->7->5,5->10
PSO_CHAOTIC,N10_C10_I1.dat,10,46,2,8,10,0.9,0.5,20.5,0.9,1,5,0.0087,0.2661,0.0532,15.39,0.8356020137666792,,,,15.39,4.881599999999999,67.11,8->7->5,5->10
PSO_CHAOTIC,N20_C1_I1.dat,20,62,2,1,20,0.9,0.5,20.5,0.9,1,19,0.0251,0.12,0.024,17.78,0.5882872928176794,,,,17.78,4.429399999999999,78.887,1->5->6->10->11->15->18->19,19->20
PSO_CHAOTIC,N20_C2_I1.dat,20,68,2,1,20,0.9,0.5,20.5,0.9,1,19,0.023,0.12,0.024,17.78,0.5674033149171269,,,,17.78,4.316,64.803,1->5->6->10->13->19,19->20
PSO_CHAOTIC,N20_C3_I1.dat,20,62,2,1,20,0.9,0.5,20.5,0.9,1,19,0.0251,0.12,0.024,17.78,0.5882872928176794,,,,17.78,4.429399999999999,78.874,1->5->6->10->11->15->18->19,19->20
PSO_CHAOTIC,N20_C4_I1.dat,20,62,2,1,20,0.9,1.0,20.5,0.9,1,19,0.0251,0.12,0.024,17.78,0.5882872928176794,,,,17.78,4.429399999999999,78.948,1->5->6->10->11->15->18->19,19->20
PSO_CHAOTIC,N20_C5_I1.dat,20,62,2,1,20,0.9,0.5,20.5,0.9,1,19,0.0367,0.12,0.024,17.78,0.6419642857142858,,,,17.78,5.0558000000000005,91.76,1->5->6->10->11->15->18->19,19->20
PSO_CHAOTIC,N20_C6_I1.dat,20,62,2,1,20,0.9,0.5,20.5,0.9,1,19,0.07189999999999999,0.12,0.024,17.78,0.7603672532517214,,,,17.78,6.956599999999999,83.758,1->5->6->10->11->15->18->19,19->20
PSO_CHAOTIC,N20_C7_I1.dat,20,62,2,1,20,0.9,0.5,20.5,0.9,1,19,0.0251,0.12,0.024,17.78,0.5882872928176794,,,,17.78,4.429399999999999,78.881,1->5->6->10->11->15->18->19,19->20
PSO_CHAOTIC,N20_C8_I1.dat,20,62,2,1,20,0.1,0.5,20.5,0.1,1,19,0.0251,0.12,0.024,17.78,0.5882872928176794,,,,17.78,16.2966,79.27,1->5->6->10->11->15->18->19,19->20
PSO_CHAOTIC,N20_C9_I1.dat,20,62,2,1,20,0.9,0.5,15.0,0.9,1,18,0.0205,0.35,0.07,9.19,1.0,,,,9.19,5.805999999999999,70.845,1->5->6->10->11->15->18,18->20
PSO_CHAOTIC,N20_C10_I1.dat,20,62,2,1,20,0.9,0.5,20.5,0.9,1,19,0.0251,0.12,0.024,20.16,0.5882872928176794,,,,20.16,4.667399999999999,79.057,1->5->6->10->11->15->18->19,19->20
PSO_CHAOTIC,N30_C1_I1.dat,30,142,2,25,30,0.9,0.5,20.5,0.9,1,29,0.0247,0.12,0.024,14.21,0.7045517241379309,,,,14.21,4.0508,135.018,25->23->1->6->11->15->18->20->26->27->29,29->30
PSO_CHAOTIC,N30_C2_I1.dat,30,150,2,25,30,0.9,0.5,20.5,0.9,1,29,0.021899999999999996,0.12,0.024,14.21,0.6926829268292682,,,,14.21,3.8995999999999995,171.664,25->23->1->6->27->29,29->30
PSO_CHAOTIC,N30_C3_I1.dat,30,144,3,25,30,0.9,0.5,20.5,0.9,1,29,0.0269,0.12,0.024,14.21,0.5631951466127402,,,,14.21,4.1696,100.041,25->23->1->6->14->24->28->20->26->27->29,29->30
PSO_CHAOTIC,N30_C4_I1.dat,30,142,2,25,30,0.9,1.0,20.5,0.9,1,29,0.0247,0.12,0.024,14.21,0.7045517241379309,,,,14.21,4.0508,101.661,25->23->1->6->11->15->18->20->26->27->29,29->30
PSO_CHAOTIC,N30_C5_I1.dat,30,142,2,25,30,0.9,0.5,20.5,0.9,1,29,0.0358,0.12,0.024,14.21,0.7555420219244823,,,,14.21,4.6502,105.551,25->23->1->6->11->15->18->20->26->27->29,29->30
PSO_CHAOTIC,N30_C6_I1.dat,30,142,2,25,30,0.9,0.5,20.5,0.9,1,29,0.066,0.12,0.024,14.21,0.8370336669699726,,,,14.21,6.281000000000001,203.543,25->21->5->6->11->15->18->20->26->27->29,29->30
PSO_CHAOTIC,N30_C7_I1.dat,30,142,2,25,30,0.9,0.5,20.5,0.9,1,29,0.0247,0.12,0.024,14.21,0.7045517241379309,,,,14.21,4.0508,102.561,25->23->1->6->11->15->18->20->26->27->29,29->30
PSO_CHAOTIC,N30_C8_I1.dat,30,142,2,25,30,0.1,0.5,20.5,0.1,1,29,0.0247,0.12,0.024,14.21,0.7045517241379309,,,,14.21,13.0812,101.773,25->23->1->6->11->15->18->20->26->27->29,29->30
PSO_CHAOTIC,N30_C9_I1.dat,30,142,2,25,30,0.9,0.5,15.0,0.9,1,29,0.0247,0.12,0.024,14.21,0.7045517241379309,,,,14.21,4.0508,112.419,25->23->1->6->11->15->18->20->26->27->29,29->30
PSO_CHAOTIC,N30_C10_I1.dat,30,142,2,25,30,0.9,0.5,20.5,0.9,1,29,0.0264,0.12,0.024,20.27,0.725655172413793,,,,20.27,4.7486,105.56,25->23->1->6->11->15->24->28->20->26->27->29,29->30
PSO_CHAOTIC,N40_PS_edge_density_baseline_180_I1.dat,40,184,2,29,40,0.9,0.5,20.5,0.9,1,39,0.0271,0.12,0.024,19.16,4.6754,1.626,1.44,3.066,19.16,4.6754,373.539,29->33->26->20->18->15->14->5->1->21->23->36->25->31->39,39->40
PSO_CHAOTIC,N40_PS_edge_density_dense_192_I1.dat,40,196,2,29,40,0.9,0.5,20.5,0.9,1,39,0.0234,0.12,0.024,19.16,4.4756,1.4040000000000001,1.44,2.844,19.16,4.4756,146.491,29->10->9->38->39,39->40
PSO_CHAOTIC,N40_PS_edge_density_denser_204_I1.dat,40,208,2,29,40,0.9,0.5,20.5,0.9,1,39,0.023200000000000002,0.12,0.024,19.16,4.464799999999999,1.3920000000000001,1.44,2.8320000000000003,19.16,4.464799999999999,147.934,29->10->9->38->39,39->40
PSO_CHAOTIC,N40_PS_parking_budget_Cmax100_I1.dat,40,184,2,29,40,0.9,0.5,10.0,0.9,1,39,0.027200000000000002,0.12,0.024,8.16,3.5808,1.6320000000000001,1.44,3.072,8.16,3.5808,414.32,29->33->26->20->18->12->6->1->21->23->36->31->39,39->40
PSO_CHAOTIC,N40_PS_parking_budget_Cmax150_I1.dat,40,184,2,29,40,0.9,0.5,15.0,0.9,1,39,0.027200000000000002,0.12,0.024,10.89,3.8537999999999997,1.6320000000000001,1.44,3.072,10.89,3.8537999999999997,282.878,29->33->26->20->18->12->6->1->21->23->36->31->39,39->40
PSO_CHAOTIC,N40_PS_parking_budget_Cmax205_I1.dat,40,184,2,29,40,0.9,0.5,20.5,0.9,1,39,0.0271,0.12,0.024,19.16,4.6754,1.626,1.44,3.066,19.16,4.6754,416.384,29->33->26->20->18->15->14->5->1->21->23->36->25->31->39,39->40
PSO_CHAOTIC,N40_PS_parking_budget_Cmax250_I1.dat,40,184,2,29,40,0.9,0.5,25.0,0.9,1,39,0.0271,0.12,0.024,19.16,4.6754,1.626,1.44,3.066,19.16,4.6754,400.986,29->33->26->20->18->15->14->5->1->21->23->36->25->31->39,39->40
PSO_CHAOTIC,N40_PS_parking_cost_100_225_I1.dat,40,184,2,29,40,0.9,0.5,20.5,0.9,1,39,0.0271,0.12,0.024,10.95,3.8543999999999996,1.626,1.44,3.066,10.95,3.8543999999999996,349.758,29->33->26->20->18->15->14->5->1->21->23->36->25->31->39,39->40
PSO_CHAOTIC,N40_PS_parking_cost_125_250_I1.dat,40,184,2,29,40,0.9,0.5,20.5,0.9,1,39,0.0271,0.12,0.024,15.9,4.349399999999999,1.626,1.44,3.066,15.9,4.349399999999999,432.274,29->33->26->20->18->15->14->5->1->21->23->36->25->31->39,39->40
PSO_CHAOTIC,N40_PS_parking_cost_150_300_I1.dat,40,184,2,29,40,0.9,0.5,20.5,0.9,1,39,0.028499999999999998,0.12,0.024,17.9,4.624999999999999,1.71,1.44,3.15,17.9,4.624999999999999,179.756,29->33->30->22->28->24->12->6->1->21->23->36->31->39,39->40
PSO_CHAOTIC,N40_PS_parking_cost_80_205_I1.dat,40,184,2,29,40,0.9,0.5,20.5,0.9,1,39,0.0271,0.12,0.024,19.16,4.6754,1.626,1.44,3.066,19.16,4.6754,469.413,29->33->26->20->18->15->14->5->1->21->23->36->25->31->39,39->40
PSO_CHAOTIC,N40_PS_parking_supply_P10_I1.dat,40,188,4,29,40,0.9,0.5,20.5,0.9,1,39,0.0286,0.12,0.024,19.16,4.756399999999999,1.716,1.44,3.156,19.16,4.756399999999999,204.929,29->33->30->22->19->24->12->6->1->21->23->36->31->39,39->40
PSO_CHAOTIC,N40_PS_parking_supply_P15_I1.dat,40,192,6,29,40,0.9,0.5,20.5,0.9,1,39,0.0286,0.12,0.024,19.16,4.756399999999999,1.716,1.44,3.156,19.16,4.756399999999999,233.796,29->33->30->22->19->24->12->6->1->21->23->36->31->39,39->40
PSO_CHAOTIC,N40_PS_parking_supply_P20_I1.dat,40,196,8,29,40,0.9,0.5,20.5,0.9,1,39,0.0286,0.12,0.024,19.16,4.756399999999999,1.716,1.44,3.156,19.16,4.756399999999999,217.229,29->33->30->22->19->24->12->6->1->21->23->36->31->39,39->40
PSO_CHAOTIC,N40_PS_parking_supply_P5_I1.dat,40,184,2,29,40,0.9,0.5,20.5,0.9,1,39,0.0271,0.12,0.024,19.16,4.6754,1.626,1.44,3.066,19.16,4.6754,352.373,29->33->26->20->18->15->14->5->1->21->23->36->25->31->39,39->40
PSO_CHAOTIC,N40_PS_traffic_high_I1.dat,40,184,2,29,40,0.9,0.5,20.5,0.9,1,39,0.0762,0.12,0.024,19.16,7.3268,4.572,1.44,6.0120000000000005,19.16,7.3268,183.877,29->33->26->20->18->15->8->7->2->1->21->23->36->25->37->39,39->40
PSO_CHAOTIC,N40_PS_traffic_low_I1.dat,40,184,2,29,40,0.9,0.5,20.5,0.9,1,39,0.025599999999999998,0.12,0.024,19.16,4.594399999999999,1.5359999999999998,1.44,2.976,19.16,4.594399999999999,488.159,29->33->26->20->18->15->11->10->6->1->21->23->36->25->37->39,39->40
PSO_CHAOTIC,N40_PS_traffic_medium_I1.dat,40,184,2,29,40,0.9,0.5,20.5,0.9,1,39,0.0385,0.12,0.024,19.16,5.2909999999999995,2.31,1.44,3.75,19.16,5.2909999999999995,179.074,29->27->32->20->18->12->6->1->21->23->36->25->37->39,39->40
PSO_CHAOTIC,N40_PS_traffic_very_low_I1.dat,40,184,2,29,40,0.9,0.5,20.5,0.9,1,39,0.022,0.12,0.024,19.16,4.3999999999999995,1.3199999999999998,1.44,2.76,19.16,4.3999999999999995,384.612,29->33->26->20->18->17->14->13->1->21->35->25->37->39,39->40
PSO_CHAOTIC,N40_PS_walking_distance_W025_I1.dat,40,184,2,29,40,0.9,0.25,20.5,0.9,1,39,0.0271,0.12,0.024,19.16,4.6754,1.626,1.44,3.066,19.16,4.6754,601.549,29->33->26->20->18->15->14->5->1->21->23->36->25->31->39,39->40
PSO_CHAOTIC,N40_PS_walking_distance_W050_I1.dat,40,184,2,29,40,0.9,0.5,20.5,0.9,1,39,0.0271,0.12,0.024,19.16,4.6754,1.626,1.44,3.066,19.16,4.6754,521.654,29->33->26->20->18->15->14->5->1->21->23->36->25->31->39,39->40
PSO_CHAOTIC,N40_PS_walking_distance_W075_I1.dat,40,184,2,29,40,0.9,0.75,20.5,0.9,1,39,0.0271,0.12,0.024,19.16,4.6754,1.626,1.44,3.066,19.16,4.6754,547.348,29->33->26->20->18->15->14->5->1->21->23->36->25->31->39,39->40
PSO_CHAOTIC,N40_PS_walking_distance_W100_I1.dat,40,184,2,29,40,0.9,1.0,20.5,0.9,1,39,0.0271,0.12,0.024,19.16,4.6754,1.626,1.44,3.066,19.16,4.6754,378.886,29->33->26->20->18->15->14->5->1->21->23->36->25->31->39,39->40
PSO_CHAOTIC,N40_C1_I1.dat,40,184,2,29,40,0.9,0.5,20.5,0.9,1,39,0.0271,0.12,0.024,19.16,0.9101803975640583,,,,19.16,4.6754,215.367,29->33->26->20->18->15->14->5->1->21->23->36->25->31->39,39->40
PSO_CHAOTIC,N40_C2_I1.dat,40,196,2,29,40,0.9,0.5,20.5,0.9,1,39,0.023,0.12,0.024,19.16,0.9017258329425109,,,,19.16,4.453999999999999,91.957,29->10->6->5->39,39->40
PSO_CHAOTIC,N40_C3_I1.dat,40,188,4,29,40,0.9,0.5,20.5,0.9,1,39,0.0286,0.12,0.024,19.16,0.6799281821584686,,,,19.16,4.756399999999999,129.898,29->33->30->22->19->24->12->6->1->21->23->36->31->39,39->40
PSO_CHAOTIC,N40_C4_I1.dat,40,184,2,29,40,0.9,1.0,20.5,0.9,1,39,0.0271,0.12,0.024,19.16,0.9101803975640583,,,,19.16,4.6754,213.843,29->33->26->20->18->15->14->5->1->21->23->36->25->31->39,39->40
PSO_CHAOTIC,N40_C5_I1.dat,40,184,2,29,40,0.9,0.5,20.5,0.9,1,39,0.0385,0.12,0.024,19.16,0.9336390193906329,,,,19.16,5.2909999999999995,144.008,29->27->32->20->18->12->6->1->21->23->36->25->37->39,39->40
PSO_CHAOTIC,N40_C6_I1.dat,40,184,2,29,40,0.9,0.5,20.5,0.9,1,39,0.0762,0.12,0.024,19.16,0.9805942131391644,,,,19.16,7.3268,137.394,29->33->26->20->18->15->8->7->2->1->21->23->36->25->37->39,39->40
PSO_CHAOTIC,N40_C7_I1.dat,40,184,2,29,40,0.9,0.5,20.5,0.9,1,39,0.0271,0.12,0.024,19.16,0.9101803975640583,,,,19.16,4.6754,219.726,29->33->26->20->18->15->14->5->1->21->23->36->25->31->39,39->40
PSO_CHAOTIC,N40_C8_I1.dat,40,184,2,29,40,0.1,0.5,20.5,0.1,1,39,0.0271,0.12,0.024,19.16,0.9101803975640583,,,,19.16,17.5506,214.978,29->33->26->20->18->15->14->5->1->21->23->36->25->31->39,39->40
PSO_CHAOTIC,N40_C9_I1.dat,40,184,2,29,40,0.9,0.5,15.0,0.9,1,39,0.027200000000000002,0.12,0.024,13.65,1.0035294117647062,,,,13.65,4.1297999999999995,380.891,29->33->26->20->18->12->6->1->21->23->36->31->39,39->40
PSO_CHAOTIC,N40_C10_I1.dat,40,184,2,29,40,0.9,0.5,20.5,0.9,1,39,0.0271,0.12,0.024,17.9,0.9111111111111111,,,,17.9,4.5493999999999994,217.949,29->33->26->20->18->15->14->5->1->21->23->36->25->31->39,39->40
PSO_CHAOTIC,N50_C1_I1.dat,50,226,2,48,50,0.9,0.5,20.5,0.9,1,49,0.0328,0.12,0.024,13.18,0.8230551626591232,,,,13.18,4.3852,216.153,48->43->41->40->38->37->36->23->21->9->10->13->14->17->18->20->26->45->49,49->50
PSO_CHAOTIC,N50_C2_I1.dat,50,242,2,48,50,0.9,0.5,20.5,0.9,1,49,0.0267,0.12,0.024,13.18,0.7871987951807229,,,,13.18,4.0558,110.188,48->47->35->21->27->29->49,49->50
PSO_CHAOTIC,N50_C3_I1.dat,50,232,5,48,50,0.9,0.5,20.5,0.9,1,49,0.0329,0.12,0.024,13.18,0.6290289256198347,,,,13.18,4.390599999999999,175.897,48->47->43->41->40->38->37->36->23->4->8->12->24->28->22->30->33->27->29->49,49->50
PSO_CHAOTIC,N50_C4_I1.dat,50,226,2,48,50,0.9,1.0,20.5,0.9,1,49,0.0328,0.12,0.024,13.18,0.8230551626591232,,,,13.18,4.3852,189.93,48->43->41->40->38->37->36->23->21->9->10->13->14->17->18->20->26->45->49,49->50
PSO_CHAOTIC,N50_C5_I1.dat,50,226,2,48,50,0.9,0.5,20.5,0.9,1,49,0.044899999999999995,0.12,0.024,13.18,0.8462093862815885,,,,13.18,5.038600000000001,184.98,48->43->41->40->38->37->25->46->35->23->21->9->10->13->14->17->18->20->32->45->49,49->50
PSO_CHAOTIC,N50_C6_I1.dat,50,226,2,48,50,0.9,0.5,20.5,0.9,1,49,0.0968,0.12,0.024,13.18,0.9962901896125308,,,,13.18,7.841199999999999,170.605,48->47->42->41->40->38->37->36->23->4->8->12->24->28->22->30->33->45->49,49->50
PSO_CHAOTIC,N50_C7_I1.dat,50,226,2,48,50,0.9,0.5,20.5,0.9,1,49,0.0328,0.12,0.024,13.18,0.8230551626591232,,,,13.18,4.3852,188.3,48->43->41->40->38->37->36->23->21->9->10->13->14->17->18->20->26->45->49,49->50
PSO_CHAOTIC,N50_C8_I1.dat,50,226,2,48,50,0.1,0.5,20.5,0.1,1,49,0.0328,0.12,0.024,13.18,0.8230551626591232,,,,13.18,12.2028,240.66,48->43->41->40->38->37->36->23->21->9->10->13->14->17->18->20->26->45->49,49->50
PSO_CHAOTIC,N50_C9_I1.dat,50,226,2,48,50,0.9,0.5,15.0,0.9,1,49,0.0328,0.12,0.024,13.18,0.8230551626591232,,,,13.18,4.3852,193.2,48->43->41->40->38->37->36->23->21->9->10->13->14->17->18->20->26->45->49,49->50
PSO_CHAOTIC,N50_C10_I1.dat,50,226,2,48,50,0.9,0.5,20.5,0.9,1,49,0.0328,0.12,0.024,16.7,0.8230551626591232,,,,16.7,4.7372,188.844,48->43->41->40->38->37->36->23->21->9->10->13->14->17->18->20->26->45->49,49->50
PSO_CHAOTIC,N500_C1_I1.dat,500,1760,25,476,500,0.9,0.5,20.5,0.9,1,497,0.14520000000000002,0.12,0.024,12.57,0.8429448403854137,,,,12.57,10.3938,4114.248,476->469->362->373->356->350->353->348->346->349->334->337->331->329->324->321->309->298->296->289->284->266->262->259->254->235->233->232->230->229->217->228->210->206->209->201->198->196->193->190->183->178->174->168->164->163->162->278->277->272->153->147->137->246->242->241->239->120->117->112->110->105->96->295->276->283->267->264->255->64->47->66->56->44->91->21->1->9->10->11->15->24->19->28->22->26->32->30->34->54->29->49->85->100->119->114->129->122->123->125->133->152->134->181->143->146->216->187->177->166->158->173->211->212->227->231->260->263->268->275->288->290->293->306->317->358->363->379->384->394->407->396->397->401->406->398->399->403->413->440->454->449->455->460->461->462->471->482->495->497,497->500
PSO_CHAOTIC,N500_C2_I1.dat,500,1926,25,476,500,0.9,0.5,20.5,0.9,1,495,0.11370000000000002,0.1408,0.0282,8.88,0.7431147694101795,,,,8.88,8.550600000000001,1962.741,476->469->362->361->356->350->353->348->366->349->334->337->331->329->324->321->309->298->299->289->284->266->262->259->254->235->233->232->230->229->217->277->160->142->131->135->86->63->123->125->133->134->181->363->358->317->306->293->290->288->275->268->455->460->461->462->471->482->495,495->500
PSO_CHAOTIC,N500_C3_I1.dat,500,1810,50,476,500,0.9,0.5,20.5,0.9,1,497,0.12920000000000006,0.12,0.024,12.57,0.7698483936849064,,,,12.57,9.529800000000003,2955.602,476->469->362->373->356->350->365->348->346->344->349->334->337->331->329->324->321->309->298->296->289->284->266->262->259->254->235->233->232->230->229->217->228->210->206->209->201->198->196->193->190->183->178->174->168->164->163->162->155->169->153->147->242->241->239->238->205->186->161->105->96->295->276->273->267->42->41->40->56->44->91->21->1->2->6->10->11->15->18->12->24->19->28->22->30->34->54->29->49->85->111->119->114->129->122->123->125->133->134->181->143->146->156->166->158->170->173->212->224->231->260->265->263->275->288->290->293->297->306->317->358->363->379->384->394->407->396->397->401->406->398->403->413->440->454->449->453->455->460->461->462->471->482->497,497->500
PSO_CHAOTIC,N500_C4_I1.dat,500,1760,25,476,500,0.9,1.0,20.5,0.9,1,495,0.12330000000000003,0.1408,0.0282,8.88,0.6173040726631015,,,,8.88,9.069,4021.757,476->362->373->356->350->353->348->366->349->344->334->337->331->329->324->321->314->309->298->299->296->289->284->266->262->259->254->235->233->232->230->229->217->228->210->206->209->201->198->196->193->190->183->178->174->168->164->163->162->155->169->153->147->137->132->130->120->117->112->110->105->96->295->276->273->267->264->255->41->66->56->44->91->21->1->2->3->4->8->12->24->19->28->22->30->33->27->34->54->53->89->98->67->85->100->119->114->122->123->125->133->152->134->181->191->184->194->189->216->223->211->173->185->197->231->260->263->275->288->290->293->306->317->358->363->379->384->402->394->407->396->397->401->406->398->403->413->440->449->453->455->460->468->471->482->495,495->500
PSO_CHAOTIC,N500_C5_I1.dat,500,1760,25,476,500,0.9,0.5,20.5,0.9,1,497,0.18560000000000013,0.12,0.024,12.57,0.8612250843127811,,,,12.57,12.575400000000007,2492.988,476->362->373->356->350->353->365->348->366->344->334->337->331->329->324->321->314->309->298->296->289->284->266->262->259->254->235->233->232->244->230->229->219->217->228->210->206->209->201->198->196->193->190->183->178->174->168->164->163->162->155->169->153->147->137->132->130->120->117->115->110->105->96->295->276->273->267->42->43->39->44->91->21->1->2->7->14->15->24->19->20->26->30->34->54->29->49->85->111->119->114->122->123->125->133->134->181->191->184->189->216->187->177->167->158->173->185->197->204->192->231->224->227->202->260->263->275->288->290->293->306->317->358->363->379->384->394->407->396->397->401->406->398->399->403->413->440->454->449->455->460->468->461->462->471->482->497,497->500
PSO_CHAOTIC,N500_C6_I1.dat,500,1760,25,476,500,0.9,0.5,20.5,0.9,1,440,0.3849000000000003,0.4222,0.0844,9.59,1.1441983338852173,,,,9.59,26.301200000000016,3965.049,476->362->373->356->350->353->348->346->344->334->337->331->329->324->321->309->298->296->299->289->284->266->262->259->254->235->233->232->230->229->219->217->228->210->206->209->201->198->196->193->190->183->178->174->168->164->163->162->155->169->153->147->242->251->132->138->130->120->117->112->110->105->96->92->276->273->267->42->43->39->44->91->86->21->1->2->3->7->14->16->17->18->24->19->20->32->33->45->27->34->54->29->49->85->100->119->114->122->123->125->133->152->134->181->191->184->194->189->216->187->195->177->167->158->173->185->192->204->202->260->263->268->275->288->290->293->306->317->358->363->379->384->402->394->407->396->397->401->406->398->403->413->440,440->500
PSO_CHAOTIC,N500_C7_I1.dat,500,1760,25,476,500,0.9,0.5,20.5,0.9,1,497,0.14520000000000002,0.12,0.024,12.57,0.8429448403854137,,,,12.57,10.3938,4248.989,476->469->362->373->356->350->353->348->346->349->334->337->331->329->324->321->309->298->296->289->284->266->262->259->254->235->233->232->230->229->217->228->210->206->209->201->198->196->193->190->183->178->174->168->164->163->162->278->277->272->153->147->137->246->242->241->239->120->117->112->110->105->96->295->276->283->267->264->255->64->47->66->56->44->91->21->1->9->10->11->15->24->19->28->22->26->32->30->34->54->29->49->85->100->119->114->129->122->123->125->133->152->134->181->143->146->216->187->177->166->158->173->211->212->227->231->260->263->268->275->288->290->293->306->317->358->363->379->384->394->407->396->397->401->406->398->399->403->413->440->454->449->455->460->461->462->471->482->495->497,497->500
PSO_CHAOTIC,N500_C8_I1.dat,500,1760,25,476,500,0.1,0.5,20.5,0.1,1,497,0.14520000000000002,0.12,0.024,12.57,0.8429448403854137,,,,12.57,12.3282,4227.441,476->469->362->373->356->350->353->348->346->349->334->337->331->329->324->321->309->298->296->289->284->266->262->259->254->235->233->232->230->229->217->228->210->206->209->201->198->196->193->190->183->178->174->168->164->163->162->278->277->272->153->147->137->246->242->241->239->120->117->112->110->105->96->295->276->283->267->264->255->64->47->66->56->44->91->21->1->9->10->11->15->24->19->28->22->26->32->30->34->54->29->49->85->100->119->114->129->122->123->125->133->152->134->181->143->146->216->187->177->166->158->173->211->212->227->231->260->263->268->275->288->290->293->306->317->358->363->379->384->394->407->396->397->401->406->398->399->403->413->440->454->449->455->460->461->462->471->482->495->497,497->500
PSO_CHAOTIC,N500_C9_I1.dat,500,1760,25,476,500,0.9,0.5,15.0,0.9,1,495,0.14260000000000003,0.1408,0.0282,8.88,0.8402235968679996,,,,8.88,10.111200000000002,4356.507,476->469->362->373->356->350->353->348->366->349->334->337->331->329->324->321->309->298->296->289->284->266->262->259->254->235->233->232->230->229->219->217->228->210->206->209->201->198->196->193->190->183->178->174->168->164->163->162->278->277->272->153->147->137->246->242->241->239->120->117->112->110->105->96->295->276->273->267->264->255->64->47->66->56->44->91->21->1->9->10->13->14->15->24->19->28->22->30->34->54->29->49->85->100->119->114->129->122->123->125->133->152->134->181->143->146->156->187->177->195->211->173->185->227->204->202->260->263->268->275->288->290->293->306->317->358->363->379->384->394->407->396->397->401->406->398->399->403->413->440->449->455->460->461->462->471->482->495,495->500
PSO_CHAOTIC,N500_C10_I1.dat,500,1760,25,476,500,0.9,0.5,20.5,0.9,1,497,0.12900000000000006,0.12,0.024,19.91,0.798984771573604,,,,19.91,10.253000000000004,4321.211,476->463->362->373->356->350->353->348->346->349->344->334->337->331->329->324->321->309->298->296->289->284->266->262->259->254->235->233->232->230->229->217->228->210->206->209->201->198->196->193->190->183->178->174->168->164->163->162->278->277->272->246->242->241->239->120->117->112->110->105->96->295->276->273->267->42->38->78->77->69->68->63->21->1->9->10->13->14->15->24->19->28->22->30->33->27->34->54->53->89->49->85->100->119->114->129->122->123->125->133->152->134->181->191->184->189->216->223->195->177->167->158->173->185->197->204->202->260->265->263->275->288->290->293->306->317->358->363->379->384->394->407->396->397->401->406->398->403->413->440->454->449->453->455->460->461->462->471->482->497,497->500
PSO_CHAOTIC,N1000_C1_I1.dat,1000,3252,50,988,1000,0.9,0.5,20.5,0.9,1,995,0.19180000000000014,0.12,0.024,17.51,13.404200000000007,11.508000000000008,1.44,12.948000000000008,17.51,13.404200000000007,4614.326,988->877->874->865->861->857->856->851->813->810->812->805->786->762->776->757->755->725->715->711->723->705->696->691->697->689->687->681->674->667->659->669->657->636->609->599->592->588->576->574->586->568->575->564->560->549->547->545->543->540->538->561->548->542->534->539->526->525->527->508->501->476->469->463->450->436->430->408->393->387->372->375->371->362->361->356->350->365->348->346->366->349->334->337->331->329->324->321->309->298->296->289->284->266->262->259->254->235->233->232->230->425->424->206->410->404->196->193->190->370->178->335->333->326->318->316->162->175->169->153->147->132->130->120->92->107->96->57->52->51->50->48->65->62->74->66->39->69->68->63->21->1->9->10->11->15->24->19->28->20->26->30->34->54->29->49->85->111->119->114->129->122->123->125->133->134->181->191->184->189->216->187->177->166->167->158->173->185->192->199->204->202->260->263->275->288->290->293->306->317->358->363->379->384->402->394->407->396->397->401->406->398->403->413->440->449->455->460->468->471->482->497->517->518->537->546->551->553->555->562->569->570->573->593->600->602->615->628->637->642->658->668->694->700->709->713->721->734->745->748->749->753->763->764->766->783->793->791->815->822->821->826->830->985->995,995->1000
PSO_CHAOTIC,N1000_C2_I1.dat,1000,3584,50,988,1000,0.9,0.5,20.5,0.9,1,995,0.15280000000000007,0.12,0.024,17.51,0.8292060748654074,,,,17.51,11.298200000000003,10036.835,988->877->874->661->659->657->636->609->599->592->588->576->574->586->568->575->564->560->549->547->545->543->540->538->561->548->542->530->534->539->526->688->677->660->646->638->641->631->633->635->626->608->616->603->614->612->594->587->577->559->558->552->521->520->514->516->529->339->174->124->79->57->26->22->28->19->24->18->17->15->202->260->263->275->288->290->293->297->306->317->358->363->379->384->394->407->396->397->401->406->398->403->413->440->449->453->455->460->468->471->482->497->517->518->537->546->551->553->555->562->569->570->573->593->600->602->615->628->637->642->658->668->694->700->709->713->721->734->745->748->749->753->763->765->764->766->783->793->816->991->995,995->1000
PSO_CHAOTIC,N1000_C3_I1.dat,1000,3352,100,988,1000,0.9,0.5,20.5,0.9,1,995,0.6660000000000001,0.12,0.024,17.51,2.7051500034387352,,,,17.51,39.011,15356.759,988->877->874->865->861->857->856->851->818->813->810->812->805->786->762->776->757->755->741->725->715->711->723->705->696->691->697->689->687->681->674->667->659->657->636->609->599->592->588->576->574->586->568->575->564->560->549->547->545->543->540->566->561->548->542->534->539->526->525->527->519->501->476->469->463->450->436->430->408->393->387->372->375->371->362->373->356->350->365->348->346->349->334->337->331->329->324->321->309->298->296->289->284->266->492->485->479->475->254->235->233->232->230->229->217->228->210->418->409->198->196->193->190->183->178->338->164->163->162->155->169->153->137->147->132->251->241->239->108->110->115->315->42->65->62->59->55->78->86->91->36->46->35->23->21->1->9->10->11->15->14->16->17->18->24->19->28->22->26->32->45->27->34->54->53->89->98->67->85->100->119->114->129->122->123->125->133->134->181->143->146->156->166->158->173->185->197->204->202->260->263->275->288->290->293->306->317->358->363->379->384->1000->995,995->1000
PSO_CHAOTIC,N1000_C4_I1.dat,1000,3252,50,988,1000,0.9,1.0,20.5,0.9,1,995,0.2087000000000001,0.12,0.024,17.51,0.7219873882624155,,,,17.51,14.316800000000004,19385.508,988->877->874->865->857->856->851->813->810->805->786->762->776->757->755->725->715->711->708->705->696->691->697->698->689->687->681->674->667->659->657->636->609->599->592->588->576->574->586->568->575->564->560->549->547->545->543->540->538->561->548->542->534->539->526->525->527->508->501->476->469->463->467->450->436->430->422->415->408->393->387->372->375->371->362->373->356->350->365->348->346->344->349->334->337->331->329->324->321->309->298->296->289->284->266->262->259->254->235->233->232->230->229->217->228->210->206->420->418->409->404->196->193->190->183->383->385->380->178->174->341->335->333->168->164->163->162->175->169->153->137->132->138->251->242->241->239->108->112->115->315->300->303->41->62->59->55->37->77->69->68->86->36->46->35->102->104->106->63->21->1->5->6->10->11->15->24->19->28->20->26->33->27->45->32->30->34->54->29->49->85->100->119->114->129->122->123->125->133->134->143->146->156->166->167->158->173->185->197->204->202->260->265->263->268->275->288->290->293->297->306->317->358->363->379->384->402->394->407->396->397->401->406->398->403->413->440->449->455->460->468->471->482->495->497->517->518->537->546->551->553->555->562->569->570->573->593->600->602->615->628->637->642->658->668->694->700->713->721->734->745->748->749->753->763->764->766->783->793->816->822->821->826->830->985->995,995->1000
PSO_CHAOTIC,N1000_C5_I1.dat,1000,3252,50,988,1000,0.9,0.5,20.5,0.9,1,976,0.3629000000000003,0.2216,0.0443,11.22,1.2927980246146875,,,,11.22,23.110800000000015,13946.378,988->877->874->865->857->856->851->818->813->810->812->805->786->762->776->761->757->755->725->715->711->708->705->696->691->697->698->689->687->681->674->667->659->657->636->609->599->592->588->576->574->586->568->575->581->560->549->547->545->543->540->566->561->532->542->534->539->526->525->527->508->501->476->469->463->450->436->430->408->393->387->372->375->371->362->373->356->350->353->348->346->349->334->337->331->329->324->321->309->298->296->289->284->487->485->262->259->254->475->458->464->466->456->457->233->232->244->438->425->424->420->418->409->410->201->198->196->193->190->383->385->183->178->174->168->164->163->162->175->172->277->272->246->137->132->251->241->120->92->90->88->79->97->99->83->93->61->73->71->255->74->101->116->55->38->44->68->63->23->102->104->103->171->182->9->5->6->2->3->4->8->15->18->24->19->28->20->32->30->34->54->53->89->49->121->94->67->85->111->119->114->122->123->125->133->152->134->143->146->156->166->167->158->173->185->197->199->204->202->260->265->263->268->275->288->290->293->306->317->358->363->379->384->394->407->396->397->401->406->398->403->413->440->449->453->455->460->468->471->482->497->517->518->536->537->546->551->553->555->562->569->570->573->593->600->602->615->628->637->642->658->668->694->700->709->713->721->734->745->748->749->753->763->765->764->766->783->784->793->816->821->826->830->985->978->976,976->1000
PSO_CHAOTIC,N1000_C6_I1.dat,1000,3252,50,988,1000,0.9,0.5,20.5,0.9,1,893,0.6760999999999996,0.4715,0.0943,15.86,1.387854385281817,,,,15.86,43.187599999999975,11598.682,988->877->874->865->857->856->851->813->810->805->786->762->776->757->755->725->715->711->723->705->696->691->697->689->687->681->674->667->661->659->657->636->609->599->592->588->576->574->586->568->575->581->560->549->547->545->543->540->566->561->548->542->530->534->539->526->525->522->508->501->476->469->463->467->450->439->437->436->430->422->415->408->393->387->372->375->371->362->373->356->350->353->348->346->349->334->337->331->329->324->321->309->298->296->289->487->492->485->262->259->254->235->233->232->441->438->425->424->420->418->409->410->201->198->196->193->190->370->174->178->335->333->326->318->164->163->162->278->277->272->246->137->147->132->251->241->239->108->79->97->76->83->61->51->60->50->48->65->70->116->55->37->102->182->9->10->13->14->11->15->18->24->19->28->20->26->32->33->27->34->54->53->89->49->85->100->119->114->122->123->125->133->134->181->191->143->146->156->166->158->173->185->197->204->202->260->265->263->268->275->288->290->293->306->317->358->363->379->384->394->407->396->397->401->406->398->403->413->440->449->455->460->461->462->471->482->495->497->517->518->536->537->546->551->553->555->562->569->570->573->593->600->602->615->628->637->642->658->668->694->700->709->713->721->734->745->748->749->753->763->765->764->766->783->784->791->815->816->821->826->830->910->894->893,893->1000
PSO_CHAOTIC,N1000_C7_I1.dat,1000,3252,50,988,1000,0.9,0.5,20.5,0.9,1,995,0.1938000000000002,0.12,0.024,17.51,0.9127417368845393,,,,17.51,13.512200000000009,10451.281,988->969->961->929->924->917->912->904->903->896->892->905->888->885->878->877->874->865->861->857->856->851->813->810->812->805->786->762->761->757->755->725->715->711->708->705->696->691->697->689->687->695->681->674->667->659->669->657->636->609->599->592->588->576->574->586->568->575->564->560->549->547->545->543->540->538->561->548->542->534->539->526->525->527->508->501->476->469->463->450->437->436->430->408->393->387->372->375->371->362->373->356->350->365->353->348->346->366->349->334->337->331->329->324->321->309->298->296->289->284->266->262->259->254->235->233->232->230->425->424->206->410->404->196->193->190->383->183->178->335->333->326->318->316->162->175->169->153->147->132->130->120->92->52->51->50->48->65->62->59->82->81->77->69->68->63->21->1->9->10->11->15->24->19->28->22->26->30->34->54->29->49->85->111->119->114->122->123->125->133->134->181->191->184->194->189->216->187->177->167->158->173->185->197->199->204->202->260->263->275->288->290->293->306->317->358->363->379->384->394->407->396->397->401->406->398->403->413->440->449->455->460->461->462->471->482->497->517->518->537->546->551->553->555->562->569->570->573->593->600->602->615->628->637->642->658->668->694->700->709->713->721->734->745->748->749->753->763->764->766->783->793->816->822->821->826->830->985->995,995->1000
PSO_CHAOTIC,N1000_C8_I1.dat,1000,3252,50,988,1000,0.1,0.5,20.5,0.1,1,995,0.1938000000000002,0.12,0.024,17.51,0.9127417368845393,,,,17.51,17.065800000000003,10810.491,988->969->961->929->924->917->912->904->903->896->892->905->888->885->878->877->874->865->861->857->856->851->813->810->812->805->786->762->761->757->755->725->715->711->708->705->696->691->697->689->687->695->681->674->667->659->669->657->636->609->599->592->588->576->574->586->568->575->564->560->549->547->545->543->540->538->561->548->542->534->539->526->525->527->508->501->476->469->463->450->437->436->430->408->393->387->372->375->371->362->373->356->350->365->353->348->346->366->349->334->337->331->329->324->321->309->298->296->289->284->266->262->259->254->235->233->232->230->425->424->206->410->404->196->193->190->383->183->178->335->333->326->318->316->162->175->169->153->147->132->130->120->92->52->51->50->48->65->62->59->82->81->77->69->68->63->21->1->9->10->11->15->24->19->28->22->26->30->34->54->29->49->85->111->119->114->122->123->125->133->134->181->191->184->194->189->216->187->177->167->158->173->185->197->199->204->202->260->263->275->288->290->293->306->317->358->363->379->384->394->407->396->397->401->406->398->403->413->440->449->455->460->461->462->471->482->497->517->518->537->546->551->553->555->562->569->570->573->593->600->602->615->628->637->642->658->668->694->700->709->713->721->734->745->748->749->753->763->764->766->783->793->816->822->821->826->830->985->995,995->1000
PSO_CHAOTIC,N1000_C9_I1.dat,1000,3252,50,988,1000,0.9,0.5,15.0,0.9,1,985,0.20670000000000013,0.1733,0.0347,13.61,1.0751525459737747,,,,13.61,14.396600000000007,10427.63,988->981->877->874->865->861->857->856->851->813->810->812->805->786->762->776->757->755->725->715->711->708->705->696->691->697->689->687->681->674->667->659->657->636->609->599->592->588->576->574->586->568->575->564->560->549->547->545->543->540->538->561->548->532->542->534->539->526->525->527->508->501->476->469->463->467->450->436->430->408->393->387->372->375->371->362->361->356->350->365->353->348->346->344->349->334->337->331->329->324->321->314->309->298->299->296->289->284->500->266->262->259->254->458->464->456->457->233->232->230->229->219->217->228->210->206->418->409->404->392->390->383->385->183->178->338->341->333->168->164->163->162->155->172->169->272->246->242->251->138->130->120->117->88->50->60->80->65->74->66->39->44->68->63->21->1->9->10->11->14->15->24->19->28->20->32->30->34->54->53->89->49->85->100->119->114->129->122->123->125->133->134->143->146->156->166->158->173->185->197->204->202->260->263->275->288->290->293->297->306->317->358->363->379->384->402->394->407->396->397->401->406->398->399->403->413->440->449->455->460->468->471->482->497->517->518->537->546->551->553->555->562->569->570->573->593->600->602->615->628->637->642->658->668->694->700->713->721->734->745->748->749->753->763->765->764->766->783->784->793->816->822->821->826->830->985,985->1000
PSO_CHAOTIC,N1000_C10_I1.dat,1000,3252,50,988,1000,0.9,0.5,20.5,0.9,1,995,0.20780000000000018,0.12,0.024,18.16,1.201478352692714,,,,18.16,14.333200000000009,12989.058,988->877->874->865->861->857->856->851->813->810->812->805->786->762->776->757->755->741->725->715->711->723->705->696->691->697->689->687->695->681->674->667->659->657->636->609->599->592->588->576->574->586->568->575->581->560->549->547->545->543->540->566->561->548->542->534->539->526->525->527->522->508->501->476->469->463->450->437->436->430->415->408->393->387->372->375->371->362->361->356->350->353->365->348->346->349->334->337->331->329->324->321->309->298->296->289->487->485->262->259->254->235->456->457->451->441->232->244->230->425->424->229->219->217->228->210->206->209->201->198->196->193->190->183->178->335->341->333->326->164->163->162->155->172->169->153->137->132->242->241->239->108->105->112->88->50->48->64->255->264->267->41->40->56->69->25->36->46->35->23->21->1->9->10->11->15->24->19->28->22->30->34->54->29->49->85->100->119->114->122->123->125->133->134->143->146->156->166->158->173->185->197->199->204->202->260->263->275->288->290->293->306->317->358->363->379->384->394->407->396->397->401->406->398->403->413->440->449->455->460->468->462->471->482->497->517->518->537->546->551->553->555->562->569->570->573->593->600->602->615->628->637->642->658->668->694->700->709->713->721->734->745->748->749->753->763->764->766->783->793->791->815->822->821->826->830->985->995,995->1000
PSO_CHAOTIC,N1500_C1_I1.dat,1500,4728,75,1492,1500,0.9,0.5,20.5,0.9,1,1499,0.24820000000000048,0.12,0.024,15.86,16.284800000000025,14.892000000000028,1.44,16.33200000000003,15.86,16.284800000000025,71293.323,1492->1298->1290->1281->1274->1270->1279->1262->1257->1254->1234->1231->1219->1206->1212->1228->1203->1194->1197->1177->1170->1153->1152->1149->1142->1134->1130->1125->1117->1113->1129->1111->1105->1099->1089->1075->1069->1065->1064->1063->1051->1042->1039->1050->1037->1036->1027->1006->988->981->969->929->924->917->912->907->904->903->896->892->905->888->885->878->877->874->865->857->856->851->818->813->810->812->805->786->762->761->757->755->741->725->715->711->723->705->696->691->697->698->689->687->681->674->667->659->669->657->636->609->599->592->588->576->574->586->568->575->581->560->549->547->545->543->540->538->561->548->542->534->539->526->525->527->519->501->476->469->463->450->436->430->415->408->393->387->372->371->362->361->356->350->353->633->635->626->366->344->334->337->331->329->324->321->309->298->516->509->289->500->259->254->235->233->441->451->206->209->410->404->392->193->190->183->370->174->168->335->333->326->318->301->316->292->153->117->112->110->105->57->52->51->74->75->102->104->36->68->91->86->84->46->35->23->21->1->5->2->3->10->11->14->15->24->19->28->22->26->32->45->33->30->34->54->29->49->85->111->119->114->122->123->125->133->134->181->143->191->184->189->146->156->166->167->158->173->185->197->204->202->260->263->268->275->288->290->293->306->317->358->363->379->384->394->407->396->397->401->406->398->403->413->440->449->453->455->460->468->462->471->482->497->517->518->537->546->551->553->554->555->562->569->570->573->593->600->602->615->628->637->642->658->668->694->700->713->721->734->745->748->749->753->763->765->764->766->783->784->791->815->816->821->826->830->839->854->842->849->852->860->864->866->867->870->880->882->887->893->894->910->933->944->946->948->976->978->985->991->995->1011->1017->1024->1031->1068->1071->1077->1079->1091->1100->1110->1120->1122->1139->1167->1168->1173->1175->1189->1192->1191->1199->1204->1182->1184->1193->1205->1210->1223->1229->1230->1241->1232->1237->1242->1244->1251->1269->1499,1499->1500
PSO_CHAOTIC,N1500_C2_I1.dat,1500,5226,75,1492,1500,0.9,0.5,20.5,0.9,1,1499,0.17100000000000007,0.12,0.024,15.86,0.8164152315591298,,,,15.86,12.116000000000003,145919.106,1492->1488->1495->1479->1231->1219->1206->1212->1203->1194->1197->1177->1170->1153->1152->1149->1142->1134->1130->1125->1117->1113->1129->857->861->865->1096->836->868->422->415->408->393->387->381->424->425->105->57->76->73->136->187->195->482->495->497->517->518->537->546->551->553->791->815->816->821->826->830->839->842->849->852->860->864->876->866->867->1191->1189->1192->1204->1182->1184->1193->1205->1210->1223->1229->1230->1241->1232->1237->1242->1244->1251->1269->1499,1499->1500
PSO_CHAOTIC,N1500_C3_I1.dat,1500,4878,150,1492,1500,0.9,0.5,20.5,0.9,1,1497,0.7220000000000002,0.1288,0.0258,15.93,2.619091120475217,,,,15.93,41.97420000000001,74694.883,1492->1298->1290->1281->1274->1270->1279->1277->1262->1257->1254->1234->1219->1206->1212->1203->1194->1197->1177->1170->1153->1152->1149->1142->1134->1130->1125->1117->1113->1129->1111->1099->1089->1075->1069->1065->1064->1063->1051->1055->1042->1039->1050->1037->1036->1027->1006->988->981->969->929->924->917->912->904->903->896->892->905->888->885->878->877->874->865->857->856->851->818->813->810->805->786->762->776->757->755->725->715->711->723->705->696->691->697->698->689->687->681->674->667->659->657->636->609->599->592->588->576->574->586->568->575->564->560->549->547->545->543->540->538->561->532->542->534->539->526->524->522->508->501->476->469->463->450->436->430->415->408->393->387->372->371->362->373->356->350->353->348->346->349->344->334->337->331->329->587->577->324->321->309->298->296->289->284->500->262->479->475->458->464->456->457->451->206->209->201->198->196->193->190->183->178->174->168->164->163->175->169->153->137->105->96->124->118->95->87->99->83->73->116->39->56->102->84->46->35->21->1->9->10->11->15->24->19->28->26->30->34->54->53->29->49->85->100->119->114->122->123->125->133->134->181->191->184->189->146->156->166->158->173->185->197->204->202->260->263->275->288->290->293->306->317->358->363->379->384->394->407->396->397->401->406->398->403->413->440->449->453->455->460->468->471->482->495->497->517->518->537->546->551->1500->1497,1497->1500
PSO_CHAOTIC,N1500_C4_I1.dat,1500,4728,75,1492,1500,0.9,1.0,20.5,0.9,1,1499,0.2444000000000003,0.12,0.024,15.86,0.7583920729988249,,,,15.86,16.079600000000017,132084.657,1492->1298->1290->1281->1274->1270->1279->1262->1257->1254->1234->1219->1206->1228->1212->1203->1194->1197->1177->1170->1153->1152->1149->1142->1134->1130->1125->1117->1113->1129->1111->1099->1089->1075->1069->1065->1064->1063->1051->1042->1039->1050->1037->1036->1027->1006->988->981->969->929->924->917->912->904->903->896->892->905->888->885->878->877->874->865->857->856->851->813->810->812->805->786->762->761->757->755->741->725->715->711->723->705->696->691->697->689->687->681->674->667->659->657->636->609->599->592->588->576->574->586->568->575->564->560->549->547->545->543->540->538->561->532->542->534->539->526->525->527->508->501->476->469->463->467->450->436->430->422->415->408->393->387->372->375->371->362->373->356->350->353->365->348->346->344->334->337->331->329->587->577->324->321->314->493->284->266->492->485->479->475->458->466->232->244->230->424->420->210->206->409->404->198->196->390->383->380->370->174->168->164->163->162->172->169->153->137->132->138->319->311->41->81->78->102->75->72->91->86->84->46->145->23->21->1->5->6->13->14->15->24->19->28->20->26->33->27->34->54->53->89->98->121->85->111->119->114->122->123->125->133->134->181->191->184->189->216->187->223->211->212->224->227->185->197->204->202->260->263->268->275->288->290->293->306->317->358->363->379->384->394->407->396->397->401->406->398->403->413->440->449->455->460->468->471->482->495->497->517->518->537->546->551->553->555->562->569->570->573->593->600->602->615->628->637->642->658->668->694->700->709->713->721->734->745->748->749->753->763->765->764->766->783->784->791->815->816->821->826->830->839->842->849->852->860->864->866->867->870->880->882->887->893->894->910->933->944->946->948->976->978->985->991->995->1011->1017->1024->1031->1071->1077->1079->1091->1100->1110->1120->1122->1139->1167->1168->1173->1175->1178->1192->1204->1182->1184->1193->1205->1210->1223->1229->1230->1241->1232->1237->1242->1244->1251->1269->1481->1499,1499->1500
PSO_CHAOTIC,N1500_C5_I1.dat,1500,4728,75,1492,1500,0.9,0.5,20.5,0.9,1,1497,0.3330000000000002,0.1288,0.0258,15.93,1.0540233927001565,,,,15.93,20.968200000000014,61781.03,1492->1488->1490->1298->1290->1281->1274->1270->1279->1262->1257->1254->1252->1219->1206->1228->1212->1203->1194->1197->1183->1177->1170->1153->1152->1149->1142->1134->1130->1125->1117->1113->1129->1111->1099->1089->1075->1069->1065->1064->1063->1051->1042->1039->1050->1037->1036->1027->1006->988->981->969->929->924->917->912->907->904->903->896->892->905->888->885->878->877->874->865->857->856->851->813->810->805->786->762->761->757->755->725->715->711->708->705->696->691->697->689->687->695->681->674->667->659->657->636->609->599->592->588->576->574->586->568->575->564->560->549->547->545->543->540->538->561->548->542->534->539->526->524->522->508->501->476->469->463->450->439->437->436->430->408->393->387->381->372->371->362->373->356->350->353->348->635->626->366->349->334->337->331->329->594->587->577->559->558->552->521->314->493->491->487->492->262->259->254->235->457->451->206->209->201->198->196->193->190->183->370->339->338->335->333->326->175->169->153->117->105->108->110->92->90->88->76->73->116->101->82->150->145->23->21->1->2->6->10->13->14->15->24->19->28->22->30->34->54->53->89->49->85->111->119->114->129->122->123->125->133->134->181->143->146->216->187->195->211->170->173->185->197->204->202->260->263->275->288->290->293->306->317->358->363->379->384->394->407->396->397->401->406->398->403->413->440->449->455->460->468->471->482->497->517->518->537->546->551->553->555->562->569->570->573->593->600->602->615->628->637->642->658->668->694->700->713->721->734->745->748->749->753->763->765->764->766->783->784->793->791->815->816->821->826->830->839->854->849->852->860->864->876->866->867->870->880->882->889->887->893->894->910->933->944->946->948->976->978->985->991->995->1017->1024->1031->1071->1077->1079->1091->1092->1100->1110->1120->1122->1139->1167->1168->1173->1175->1189->1191->1199->1204->1182->1184->1193->1205->1210->1223->1229->1230->1241->1232->1237->1242->1244->1251->1269->1497,1497->1500
PSO_CHAOTIC,N1500_C6_I1.dat,1500,4728,75,1492,1500,0.9,0.5,20.5,0.9,1,1497,0.8946000000000001,0.1288,0.0258,15.93,1.4727449909337431,,,,15.93,51.2946,52122.613,1492->1298->1290->1281->1274->1270->1279->1262->1257->1254->1252->1219->1206->1212->1203->1194->1197->1177->1170->1153->1152->1149->1142->1134->1130->1125->1117->1113->1129->1111->1099->1089->1075->1069->1065->1064->1063->1051->1042->1039->1050->1037->1036->1027->1006->988->981->969->929->924->917->912->904->903->896->892->905->888->885->878->877->874->865->857->856->851->818->813->810->805->786->762->776->757->755->725->715->711->708->705->696->691->697->698->689->687->695->681->674->667->659->669->657->636->609->599->592->588->576->574->586->568->575->564->581->560->549->547->545->543->540->538->561->532->548->542->530->539->526->524->522->527->519->501->476->469->463->450->436->430->415->408->393->387->372->375->371->362->373->356->350->353->348->346->349->334->337->331->329->324->321->309->298->299->289->284->266->262->475->458->466->456->457->451->206->409->404->392->193->196->390->383->380->339->178->174->168->164->333->326->162->175->169->153->147->110->108->57->52->61->71->73->116->39->56->44->77->69->25->36->46->35->21->1->2->3->4->8->12->24->19->20->26->32->30->34->54->53->89->98->94->121->85->100->119->114->129->122->123->125->133->134->181->191->143->194->189->216->187->223->211->212->224->227->231->197->204->202->260->265->263->268->275->288->290->293->306->317->358->363->379->384->394->407->396->397->401->406->398->403->413->440->454->449->453->455->460->468->471->482->495->497->517->518->536->537->546->551->553->554->555->562->569->570->573->593->600->602->615->628->637->642->658->668->694->700->709->713->721->734->745->748->749->753->763->764->766->783->784->791->815->816->821->826->830->839->854->849->852->860->864->876->866->867->870->880->882->889->887->893->894->910->933->944->946->956->976->978->985->991->995->1017->1500->1497,1497->1500
PSO_CHAOTIC,N1500_C7_I1.dat,1500,4728,75,1492,1500,0.9,0.5,20.5,0.9,1,1499,0.2264000000000003,0.12,0.024,15.86,0.9288257378693678,,,,15.86,15.107600000000016,68613.836,1492->1298->1290->1281->1274->1270->1279->1262->1257->1254->1234->1231->1219->1206->1212->1228->1203->1194->1197->1183->1177->1170->1153->1152->1149->1142->1134->1130->1125->1117->1113->1129->1111->1105->1099->1089->1075->1069->1065->1064->1063->1051->1042->1039->1050->1037->1036->1027->1006->988->981->969->929->924->917->912->907->904->903->896->892->905->888->885->878->877->874->865->857->856->851->813->810->812->805->786->762->761->757->755->741->725->715->711->723->705->696->691->697->689->687->681->674->667->659->669->657->636->609->599->592->588->576->574->586->568->575->581->560->549->547->545->543->540->538->561->548->542->534->539->526->524->522->527->519->501->476->469->463->450->436->430->415->408->393->387->372->371->362->361->356->350->365->348->346->344->334->337->331->329->324->321->309->298->516->509->493->289->284->266->262->259->254->235->233->441->451->206->209->410->404->392->193->190->183->370->178->174->168->335->333->326->316->301->278->169->153->117->105->110->112->79->93->83->73->116->101->82->104->102->58->46->35->21->1->5->6->13->10->11->15->24->19->28->22->26->33->45->27->34->54->53->89->49->85->100->119->114->122->123->125->133->134->181->143->146->156->166->167->158->173->185->227->231->197->204->202->260->263->268->275->288->290->293->306->317->358->363->379->384->394->407->396->397->401->406->398->403->413->440->449->453->455->460->461->462->471->482->497->517->518->537->546->551->553->554->555->562->569->570->573->593->600->602->615->628->637->642->658->668->694->700->713->721->734->745->748->749->753->763->764->766->783->784->791->815->816->821->826->830->839->842->849->852->860->864->866->867->870->880->882->889->887->893->894->910->933->944->946->948->976->978->985->991->995->1011->1017->1024->1031->1068->1071->1077->1079->1091->1100->1110->1120->1122->1139->1167->1168->1173->1175->1189->1191->1199->1192->1180->1182->1184->1193->1205->1210->1223->1229->1230->1241->1232->1237->1242->1244->1251->1269->1499,1499->1500
PSO_CHAOTIC,N1500_C8_I1.dat,1500,4728,75,1492,1500,0.1,0.5,20.5,0.1,1,1499,0.2264000000000003,0.12,0.024,15.86,0.9288257378693678,,,,15.86,15.7764,83920.137,1492->1298->1290->1281->1274->1270->1279->1262->1257->1254->1234->1231->1219->1206->1212->1228->1203->1194->1197->1183->1177->1170->1153->1152->1149->1142->1134->1130->1125->1117->1113->1129->1111->1105->1099->1089->1075->1069->1065->1064->1063->1051->1042->1039->1050->1037->1036->1027->1006->988->981->969->929->924->917->912->907->904->903->896->892->905->888->885->878->877->874->865->857->856->851->813->810->812->805->786->762->761->757->755->741->725->715->711->723->705->696->691->697->689->687->681->674->667->659->669->657->636->609->599->592->588->576->574->586->568->575->581->560->549->547->545->543->540->538->561->548->542->534->539->526->524->522->527->519->501->476->469->463->450->436->430->415->408->393->387->372->371->362->361->356->350->365->348->346->344->334->337->331->329->324->321->309->298->516->509->493->289->284->266->262->259->254->235->233->441->451->206->209->410->404->392->193->190->183->370->178->174->168->335->333->326->316->301->278->169->153->117->105->110->112->79->93->83->73->116->101->82->104->102->58->46->35->21->1->5->6->13->10->11->15->24->19->28->22->26->33->45->27->34->54->53->89->49->85->100->119->114->122->123->125->133->134->181->143->146->156->166->167->158->173->185->227->231->197->204->202->260->263->268->275->288->290->293->306->317->358->363->379->384->394->407->396->397->401->406->398->403->413->440->449->453->455->460->461->462->471->482->497->517->518->537->546->551->553->554->555->562->569->570->573->593->600->602->615->628->637->642->658->668->694->700->713->721->734->745->748->749->753->763->764->766->783->784->791->815->816->821->826->830->839->842->849->852->860->864->866->867->870->880->882->889->887->893->894->910->933->944->946->948->976->978->985->991->995->1011->1017->1024->1031->1068->1071->1077->1079->1091->1100->1110->1120->1122->1139->1167->1168->1173->1175->1189->1191->1199->1192->1180->1182->1184->1193->1205->1210->1223->1229->1230->1241->1232->1237->1242->1244->1251->1269->1499,1499->1500
PSO_CHAOTIC,N1500_C9_I1.dat,1500,4728,75,1492,1500,0.9,0.5,15.0,0.9,1,1463,0.21400000000000036,0.1857,0.0371,11.18,0.9466146989625508,,,,11.18,14.677400000000018,120057.462,1492->1490->1298->1290->1281->1274->1270->1279->1262->1257->1254->1234->1219->1206->1212->1228->1203->1194->1197->1177->1170->1153->1152->1149->1142->1134->1130->1125->1117->1113->1129->1111->1099->1089->1075->1069->1065->1064->1063->1051->1042->1039->1050->1037->1036->1027->1006->988->981->969->929->924->917->912->907->904->903->896->892->905->888->885->878->877->874->865->857->856->851->813->810->805->786->762->761->757->755->725->715->711->723->705->696->691->697->698->689->687->681->674->667->659->669->657->636->609->599->592->588->576->574->586->568->575->564->581->560->549->547->545->543->540->566->561->532->542->534->539->526->524->522->508->501->476->469->463->450->437->436->430->415->408->393->387->381->372->371->362->361->356->350->365->348->346->344->334->337->331->329->324->321->309->298->296->509->493->284->266->262->479->475->458->464->466->232->230->229->219->217->228->210->206->209->201->198->196->193->190->183->370->380->339->338->335->333->326->318->316->292->278->169->153->117->112->79->76->73->116->101->82->104->36->68->91->9->5->6->13->14->15->24->19->28->26->33->45->27->34->54->53->29->49->85->111->119->114->122->123->125->133->152->134->181->143->191->184->194->189->216->187->195->166->158->170->173->185->192->204->202->260->263->268->275->288->290->293->306->317->358->363->379->384->394->407->396->397->401->406->398->403->413->440->454->449->453->455->460->468->471->482->495->497->517->518->536->537->546->551->553->555->562->569->570->573->593->600->602->615->628->637->642->658->668->694->700->713->721->734->745->748->749->753->763->764->766->783->784->791->815->816->821->826->830->839->854->842->849->852->860->864->866->875->867->870->880->882->889->887->893->894->910->933->944->946->956->976->978->985->991->995->1017->1024->1031->1068->1071->1077->1079->1091->1092->1100->1110->1120->1116->1122->1139->1167->1168->1173->1175->1189->1192->1191->1199->1204->1182->1184->1193->1205->1210->1223->1229->1230->1241->1232->1237->1242->1244->1251->1269->1463,1463->1500
PSO_CHAOTIC,N1500_C10_I1.dat,1500,4728,75,1492,1500,0.9,0.5,20.5,0.9,1,1463,0.21320000000000042,0.1857,0.0371,18.67,0.9620514215689253,,,,18.67,15.383200000000022,126562.97,1492->1298->1290->1281->1274->1270->1279->1262->1257->1254->1234->1219->1206->1212->1203->1194->1197->1177->1170->1153->1152->1149->1142->1134->1130->1125->1117->1113->1129->1111->1105->1099->1089->1075->1069->1065->1064->1063->1051->1042->1039->1050->1037->1036->1027->1006->988->981->969->929->924->917->912->907->904->903->896->892->905->888->885->878->877->874->865->857->856->851->818->813->810->805->786->762->776->757->755->741->725->715->711->723->705->696->691->697->698->689->687->695->681->674->667->661->659->657->636->609->599->592->588->576->574->586->568->575->564->581->560->549->547->545->543->540->538->561->548->542->534->539->526->525->527->508->501->476->469->463->450->437->436->430->415->408->393->387->372->371->362->361->356->350->365->348->346->344->334->337->331->329->324->321->309->298->296->289->500->262->475->458->464->456->457->441->451->206->209->201->198->404->392->193->190->183->178->370->339->338->163->175->169->153->117->112->79->93->99->97->76->73->71->70->80->104->36->68->63->23->35->21->1->2->5->6->13->14->16->17->18->24->19->28->26->33->45->27->34->54->53->89->49->67->85->111->119->114->129->122->123->125->133->134->181->143->194->189->216->187->195->166->167->158->170->173->185->197->204->202->260->263->268->275->288->290->293->306->317->358->363->379->384->394->407->396->397->401->406->398->403->413->440->454->449->455->460->468->462->471->482->497->517->518->537->546->551->553->554->555->562->569->570->573->593->600->602->615->628->637->642->658->668->694->700->713->721->734->745->748->749->753->763->765->764->766->783->784->793->791->815->816->821->826->830->839->842->849->852->860->864->866->867->870->880->882->887->893->894->910->933->944->946->948->976->978->985->991->995->1017->1024->1031->1068->1071->1077->1079->1091->1100->1110->1120->1116->1122->1139->1167->1168->1173->1175->1189->1191->1199->1204->1182->1184->1193->1205->1210->1223->1229->1230->1241->1232->1237->1242->1244->1251->1269->1463,1463->1500
PSO_CHAOTIC,N2000_C1_I1.dat,2000,6198,100,1968,2000,0.9,0.5,20.5,0.9,1,1982,0.25370000000000026,0.178,0.0356,8.14,16.436200000000014,15.222000000000016,2.136,17.35800000000002,8.14,16.436200000000014,176501.066,1968->1807->1789->1788->1806->1781->1779->1774->1771->1780->1778->1767->1766->1764->1740->1736->1735->1731->1718->1713->1707->1693->1681->1677->1672->1665->1673->1664->1655->1649->1643->1637->1628->1610->1587->1579->1552->1550->1548->1530->1537->1525->1492->1490->1488->1495->1479->1486->1471->1469->1465->1460->1430->1423->1401->1391->1384->1380->1374->1373->1369->1359->1355->1344->1311->1301->1310->1298->1290->1281->1274->1270->1279->1262->1257->1254->1252->1219->1206->1212->1203->1194->1197->1177->1170->1153->1152->1149->1142->1134->1130->1125->1117->1113->1129->1111->1105->1099->1089->1075->1069->1065->1064->1063->1051->1042->1039->1050->1037->1036->1027->1006->988->981->969->929->924->917->912->904->903->896->892->905->888->885->878->877->874->865->861->857->856->851->813->810->805->786->762->761->757->755->725->715->711->708->723->705->696->691->697->698->689->687->681->674->667->659->657->636->609->599->592->588->576->574->586->568->575->564->560->549->547->545->543->540->538->561->548->532->542->534->539->526->525->527->519->501->476->469->463->450->436->430->408->393->706->690->680->663->677->660->646->638->641->631->633->350->365->348->346->594->331->329->324->321->314->523->298->500->259->254->457->206->209->201->198->196->392->193->190->183->370->339->338->164->163->130->90->83->76->126->116->101->82->171->182->5->6->10->13->14->15->18->24->19->20->26->30->34->54->29->49->85->100->119->114->122->123->125->133->134->181->191->184->189->146->156->166->158->173->185->192->204->202->260->265->263->275->288->290->293->297->306->317->358->363->379->384->394->407->396->397->401->406->398->403->413->440->449->453->455->460->461->462->471->482->497->517->518->536->537->546->551->553->555->562->569->570->573->593->600->602->615->628->637->642->658->668->694->700->713->721->734->745->748->749->753->763->765->764->766->783->793->791->815->816->821->826->830->839->842->849->852->860->864->866->867->870->880->882->887->893->894->910->933->944->946->948->976->978->985->991->995->1017->1024->1031->1071->1077->1079->1091->1092->1100->1110->1120->1122->1139->1167->1168->1181->1175->1178->1192->1204->1182->1184->1193->1205->1210->1223->1229->1230->1241->1232->1237->1242->1244->1251->1269->1275->1278->1296->1322->1330->1348->1364->1353->1358->1361->1362->1368->1385->1379->1381->1387->1390->1403->1417->1434->1428->1453->1462->1463->1481->1497->1500->1502->1503->1508->1510->1512->1531->1522->1518->1528->1540->1542->1554->1555->1568->1576->1582->1583->1594->1586->1590->1600->1618->1593->1601->1595->1607->1616->1620->1630->1633->1641->1680->1688->1719->1739->1751->1982,1982->2000
PSO_CHAOTIC,N2000_C2_I1.dat,2000,6864,100,1968,2000,0.9,0.5,20.5,0.9,1,1821,0.16780000000000003,0.4424,0.0885,9.42,0.9890056022408966,,,,9.42,14.782200000000001,101454.056,1968->1807->1789->1788->1488->1495->1479->1486->1471->1465->1460->1152->1149->1142->1134->1457->1144->1132->1123->1102->1101->1097->1093->1087->1086->609->599->592->588->576->574->586->568->575->564->560->549->547->545->543->540->538->535->516->509->147->137->132->20->32->45->399->403->413->440->449->453->455->460->461->468->753->763->764->766->783->1110->1120->1122->1139->1167->1168->1181->1175->1178->1192->1204->1182->1184->1502->1782->1791->1785->1818->1821,1821->2000
PSO_CHAOTIC,N2000_C3_I1.dat,2000,6392,197,1968,2000,0.9,0.5,20.5,0.9,1,1982,0.8179000000000002,0.178,0.0356,8.14,2.7788796579237744,,,,8.14,46.90300000000001,327243.169,1968->1955->1807->1789->1788->1781->1779->1774->1784->1780->1778->1766->1764->1740->1736->1735->1731->1718->1713->1707->1693->1689->1681->1677->1672->1665->1664->1655->1649->1643->1637->1628->1610->1587->1579->1552->1550->1548->1530->1537->1525->1524->1492->1490->1488->1495->1479->1486->1471->1465->1460->1430->1423->1401->1391->1384->1386->1380->1374->1373->1369->1359->1355->1344->1311->1301->1310->1298->1290->1281->1274->1270->1279->1262->1257->1254->1252->1219->1206->1228->1203->1194->1197->1177->1170->1153->1152->1149->1142->1134->1130->1125->1117->1113->1129->1111->1105->1099->1089->1075->1069->1065->1064->1063->1051->1042->1039->1050->1037->1036->1027->1006->988->981->969->929->924->917->912->904->903->896->892->905->888->885->878->877->874->865->857->856->851->813->810->805->786->762->761->757->755->725->715->711->708->705->696->691->697->698->689->687->681->674->667->659->657->636->609->599->592->588->576->574->586->568->575->581->560->549->547->545->543->540->566->561->548->542->530->539->526->525->527->508->519->501->476->469->463->450->436->430->408->393->387->381->372->375->371->362->361->356->626->608->366->344->558->314->309->298->296->500->259->254->235->233->232->244->230->229->217->228->210->206->209->201->198->196->390->383->380->183->178->174->168->164->163->130->90->83->76->126->38->103->179->10->6->2->3->4->8->12->24->19->28->22->30->34->54->53->89->49->67->94->121->85->100->119->114->129->122->123->125->133->134->181->143->146->216->223->166->167->177->195->211->173->185->227->192->204->202->260->263->275->288->290->293->306->317->358->363->379->384->394->407->396->397->401->406->398->399->403->413->440->449->453->455->460->468->462->471->482->497->517->518->537->546->551->553->555->562->569->570->573->593->600->602->615->628->637->642->658->668->694->700->713->721->734->2000->1982,1982->2000
PSO_CHAOTIC,N2000_C4_I1.dat,2000,6198,100,1968,2000,0.9,1.0,20.5,0.9,1,1982,0.2731000000000005,0.178,0.0356,8.14,0.7893835178287035,,,,8.14,17.483800000000027,170080.319,1968->1902->1955->1807->1789->1788->1781->1779->1774->1784->1780->1778->1767->1764->1740->1736->1735->1731->1718->1713->1707->1693->1681->1677->1672->1665->1673->1664->1655->1649->1643->1637->1628->1625->1610->1587->1579->1552->1550->1548->1530->1537->1525->1492->1490->1488->1495->1479->1486->1471->1465->1460->1430->1423->1401->1391->1384->1380->1374->1373->1369->1359->1355->1344->1311->1301->1310->1298->1290->1281->1274->1270->1279->1262->1257->1254->1252->1219->1206->1228->1203->1194->1197->1177->1170->1153->1152->1149->1142->1134->1130->1125->1117->1113->1129->1111->1099->1089->1075->1069->1065->1064->1063->1051->1042->1039->1050->1037->1036->1027->1006->988->981->969->929->924->917->912->904->903->896->892->905->888->885->878->877->874->865->857->856->851->813->810->805->786->762->761->757->755->725->715->711->708->723->705->696->691->697->698->689->687->681->674->667->661->659->657->636->609->599->592->588->576->574->586->568->575->564->560->549->547->545->543->540->566->561->548->542->534->539->526->525->527->522->508->501->476->469->463->450->436->430->415->408->393->387->372->375->677->371->362->373->626->348->346->594->331->329->521->321->314->493->289->284->266->262->466->458->464->456->457->206->209->201->198->392->193->190->183->370->339->338->164->163->130->138->132->137->364->357->41->72->69->148->222->221->15->24->19->28->20->26->33->45->27->34->54->29->49->85->100->119->114->122->123->125->133->134->181->143->194->189->146->156->166->167->158->170->173->185->197->204->202->260->263->275->288->290->293->306->317->358->363->379->384->394->407->396->397->401->406->398->403->413->440->449->455->460->461->462->471->482->497->517->518->537->546->551->553->555->562->569->570->573->593->600->602->615->628->637->642->658->668->694->700->709->713->721->734->745->748->749->753->763->765->764->766->783->793->791->815->816->821->826->830->839->854->842->849->852->860->864->866->867->870->880->882->887->893->894->910->933->944->946->948->976->978->985->991->995->1017->1024->1031->1071->1077->1079->1091->1100->1110->1120->1122->1139->1167->1168->1181->1175->1189->1192->1204->1182->1184->1193->1205->1210->1223->1229->1230->1241->1232->1237->1242->1244->1251->1269->1275->1278->1296->1322->1330->1348->1364->1353->1358->1366->1362->1368->1379->1381->1387->1390->1403->1417->1434->1428->1453->1462->1463->1481->1497->1499->1500->1502->1503->1508->1510->1512->1531->1518->1528->1540->1542->1554->1555->1568->1576->1582->1583->1594->1586->1590->1599->1618->1593->1601->1604->1607->1616->1620->1633->1641->1680->1688->1719->1739->1751->1982,1982->2000
PSO_CHAOTIC,N2000_C5_I1.dat,2000,6198,100,1968,2000,0.9,0.5,20.5,0.9,1,1941,0.3644000000000006,0.2561,0.0512,10.14,1.0962707734100354,,,,10.14,23.45640000000003,295719.287,1968->1902->1955->1807->1789->1788->1781->1779->1774->1771->1780->1778->1767->1764->1740->1736->1735->1731->1718->1713->1707->1693->1689->1681->1677->1672->1665->1673->1664->1655->1649->1643->1637->1628->1625->1610->1587->1579->1552->1550->1548->1547->1530->1537->1525->1492->1490->1488->1495->1479->1486->1471->1465->1460->1430->1423->1401->1391->1384->1380->1374->1373->1369->1359->1355->1344->1311->1301->1310->1298->1290->1281->1274->1270->1279->1262->1257->1254->1252->1234->1219->1206->1212->1203->1194->1197->1183->1177->1170->1153->1152->1149->1142->1134->1130->1125->1117->1113->1129->1111->1099->1089->1075->1069->1065->1064->1063->1051->1042->1039->1050->1037->1036->1027->1006->988->981->969->929->924->917->912->904->903->896->892->905->888->885->878->877->874->865->861->857->856->851->818->813->810->805->786->762->776->761->757->755->725->715->711->708->705->696->691->697->698->689->687->681->674->667->659->657->636->609->599->592->588->576->574->586->568->575->564->560->549->547->545->543->540->566->561->548->532->542->534->539->526->525->527->508->501->476->469->463->450->437->436->430->415->408->393->706->690->680->381->372->375->371->362->361->356->350->365->353->623->633->635->626->625->606->616->603->614->612->594->331->521->552->520->514->523->529->516->309->298->296->500->487->485->479->475->458->466->456->457->441->451->206->209->201->198->196->390->383->380->339->370->178->174->168->164->163->130->90->83->76->126->38->55->37->31->106->104->58->84->46->35->63->21->1->5->6->10->11->15->24->19->20->26->30->33->45->27->34->54->53->89->49->67->85->111->119->114->122->123->125->133->134->181->191->184->189->216->223->195->177->167->158->173->185->192->204->202->260->263->275->288->290->293->306->317->358->363->379->384->394->407->396->397->401->406->398->403->413->440->449->455->460->468->462->471->482->497->517->518->537->546->551->553->555->562->569->570->573->593->600->602->615->628->637->642->658->668->694->700->713->721->734->745->748->749->753->763->764->766->783->793->791->815->816->821->826->830->839->842->849->852->860->864->866->867->870->880->882->889->887->893->894->910->933->944->946->956->976->978->985->991->995->1017->1024->1031->1071->1077->1079->1091->1100->1110->1120->1116->1122->1139->1167->1168->1181->1175->1189->1191->1199->1204->1182->1184->1193->1205->1210->1223->1229->1230->1241->1232->1237->1242->1244->1251->1269->1275->1278->1296->1322->1330->1348->1364->1353->1358->1366->1362->1368->1379->1382->1381->1387->1390->1403->1417->1408->1426->1428->1453->1462->1463->1481->1497->1500->1502->1503->1508->1510->1512->1531->1521->1522->1518->1528->1540->1542->1554->1555->1568->1576->1582->1583->1594->1586->1588->1599->1600->1618->1593->1601->1604->1607->1616->1620->1633->1641->1680->1688->1719->1739->1751->1907->1906->1940->1941,1941->2000
PSO_CHAOTIC,N2000_C6_I1.dat,2000,6198,100,1968,2000,0.9,0.5,20.5,0.9,1,1982,1.0015000000000003,0.178,0.0356,8.14,1.4779097116797333,,,,8.14,56.81740000000002,183279.171,1968->1807->1789->1788->1781->1779->1774->1771->1780->1778->1766->1764->1740->1736->1735->1731->1718->1713->1707->1693->1681->1677->1672->1665->1664->1655->1649->1640->1643->1637->1628->1625->1610->1587->1579->1552->1550->1548->1547->1530->1537->1525->1492->1490->1488->1495->1479->1486->1471->1465->1460->1430->1423->1401->1391->1384->1380->1374->1373->1369->1359->1355->1344->1311->1301->1310->1298->1290->1281->1274->1270->1279->1262->1257->1254->1252->1219->1206->1228->1212->1203->1194->1197->1177->1170->1153->1152->1149->1142->1134->1130->1125->1117->1113->1129->1111->1099->1089->1075->1069->1065->1064->1063->1051->1055->1042->1039->1050->1037->1036->1027->1006->988->981->969->961->929->924->917->912->904->903->896->892->905->888->885->878->877->874->865->857->856->851->813->810->805->786->762->761->757->755->741->725->715->711->708->705->696->691->697->689->687->695->681->674->667->661->659->657->636->609->599->592->588->576->574->586->568->575->564->581->560->549->547->545->543->540->538->561->548->542->530->539->526->524->522->508->501->476->469->463->450->436->430->415->408->393->387->372->375->371->362->373->626->625->606->608->366->349->558->552->520->514->516->509->493->491->284->266->485->479->475->458->466->464->232->244->424->420->418->409->410->209->201->198->196->193->190->183->178->174->338->168->164->163->130->90->88->73->48->47->43->82->81->77->75->176->215->218->13->14->15->24->19->20->26->30->34->54->29->49->121->85->100->119->114->122->123->125->133->134->181->191->184->189->216->156->166->167->158->173->185->197->204->202->260->263->268->275->288->290->293->297->306->317->358->363->379->384->394->407->396->397->401->406->398->399->403->413->440->449->455->460->468->462->471->482->497->517->518->536->537->546->551->553->555->562->569->570->573->593->600->602->615->628->637->642->658->668->694->700->713->721->734->745->748->749->753->763->765->764->766->783->784->791->815->816->821->826->830->839->854->849->852->860->864->866->875->867->870->880->882->887->893->894->910->933->944->946->948->976->978->985->991->995->1017->1024->1031->1071->1077->1079->1091->1100->1110->1120->1116->1122->1139->1167->1168->1181->1175->1189->1192->1180->1182->1184->1193->1205->1210->1223->1229->1230->1241->1232->1237->1242->1244->1251->1269->1275->1278->1296->1322->1330->1348->1364->2000->1991->1987->1982,1982->2000
PSO_CHAOTIC,N2000_C7_I1.dat,2000,6198,100,1968,2000,0.9,0.5,20.5,0.9,1,1982,0.24670000000000034,0.178,0.0356,8.14,0.9461523851965034,,,,8.14,16.058200000000017,433163.352,1968->1902->1900->1895->1894->1893->1882->1872->1864->1869->1863->1860->1841->1840->1832->1827->1826->1814->1813->1807->1789->1806->1788->1781->1779->1774->1771->1780->1778->1767->1764->1740->1736->1735->1731->1718->1713->1707->1693->1681->1677->1687->1672->1665->1664->1655->1649->1643->1637->1628->1625->1610->1587->1579->1552->1550->1548->1530->1537->1525->1492->1490->1488->1495->1479->1486->1471->1465->1460->1430->1423->1401->1391->1384->1380->1374->1373->1369->1359->1355->1344->1311->1301->1310->1298->1290->1281->1274->1270->1279->1277->1262->1257->1254->1252->1219->1206->1228->1212->1203->1194->1197->1177->1170->1153->1152->1149->1142->1134->1130->1125->1117->1113->1129->1111->1099->1089->1075->1069->1065->1064->1063->1051->1042->1039->1050->1037->1036->1027->1006->988->981->969->929->924->917->912->904->903->896->892->905->888->885->878->877->874->865->857->856->851->813->810->805->786->762->761->776->757->755->741->725->715->711->708->705->696->691->697->698->689->687->681->674->667->659->669->657->636->609->599->592->588->576->574->586->568->575->564->560->549->547->545->543->540->538->561->532->542->534->539->526->525->527->508->501->476->469->463->450->436->430->408->393->387->690->680->663->688->677->660->646->638->644->373->362->361->356->350->365->348->346->344->334->558->314->491->487->492->500->259->254->457->206->209->201->198->196->193->190->183->370->174->168->164->163->130->138->132->137->364->357->41->72->77->69->25->91->84->58->46->35->23->21->1->5->2->6->10->13->3->4->8->12->24->19->28->22->30->34->54->53->89->49->67->94->121->85->100->119->114->122->123->125->133->152->134->181->143->146->216->223->211->212->224->231->227->185->197->204->202->260->265->263->275->288->290->293->306->317->358->363->379->384->394->407->396->397->401->406->398->403->413->440->449->455->460->468->471->482->495->497->517->518->536->537->546->551->553->555->562->569->570->573->593->600->602->615->628->637->642->658->668->694->700->713->721->734->745->748->749->753->763->764->766->783->784->791->815->816->821->826->830->839->854->849->852->860->864->866->867->870->880->882->887->893->894->910->933->944->946->948->976->978->985->991->995->1011->1017->1024->1031->1071->1077->1079->1091->1092->1100->1110->1120->1122->1139->1167->1168->1173->1175->1178->1192->1204->1180->1182->1184->1193->1205->1210->1223->1229->1230->1241->1232->1237->1242->1244->1251->1269->1275->1278->1296->1322->1330->1348->1364->1353->1358->1361->1362->1368->1379->1381->1387->1390->1403->1417->1434->1426->1428->1453->1462->1463->1481->1497->1500->1502->1503->1508->1510->1512->1521->1522->1518->1528->1540->1542->1554->1555->1568->1576->1582->1583->1594->1586->1588->1590->1600->1618->1593->1601->1604->1607->1616->1620->1630->1633->1641->1680->1688->1719->1739->1751->1982,1982->2000
PSO_CHAOTIC,N2000_C8_I1.dat,2000,6198,100,1968,2000,0.1,0.5,20.5,0.1,1,1982,0.24670000000000034,0.178,0.0356,8.14,0.9461523851965034,,,,8.14,9.019800000000004,412190.021,1968->1902->1900->1895->1894->1893->1882->1872->1864->1869->1863->1860->1841->1840->1832->1827->1826->1814->1813->1807->1789->1806->1788->1781->1779->1774->1771->1780->1778->1767->1764->1740->1736->1735->1731->1718->1713->1707->1693->1681->1677->1687->1672->1665->1664->1655->1649->1643->1637->1628->1625->1610->1587->1579->1552->1550->1548->1530->1537->1525->1492->1490->1488->1495->1479->1486->1471->1465->1460->1430->1423->1401->1391->1384->1380->1374->1373->1369->1359->1355->1344->1311->1301->1310->1298->1290->1281->1274->1270->1279->1277->1262->1257->1254->1252->1219->1206->1228->1212->1203->1194->1197->1177->1170->1153->1152->1149->1142->1134->1130->1125->1117->1113->1129->1111->1099->1089->1075->1069->1065->1064->1063->1051->1042->1039->1050->1037->1036->1027->1006->988->981->969->929->924->917->912->904->903->896->892->905->888->885->878->877->874->865->857->856->851->813->810->805->786->762->761->776->757->755->741->725->715->711->708->705->696->691->697->698->689->687->681->674->667->659->669->657->636->609->599->592->588->576->574->586->568->575->564->560->549->547->545->543->540->538->561->532->542->534->539->526->525->527->508->501->476->469->463->450->436->430->408->393->387->690->680->663->688->677->660->646->638->644->373->362->361->356->350->365->348->346->344->334->558->314->491->487->492->500->259->254->457->206->209->201->198->196->193->190->183->370->174->168->164->163->130->138->132->137->364->357->41->72->77->69->25->91->84->58->46->35->23->21->1->5->2->6->10->13->3->4->8->12->24->19->28->22->30->34->54->53->89->49->67->94->121->85->100->119->114->122->123->125->133->152->134->181->143->146->216->223->211->212->224->231->227->185->197->204->202->260->265->263->275->288->290->293->306->317->358->363->379->384->394->407->396->397->401->406->398->403->413->440->449->455->460->468->471->482->495->497->517->518->536->537->546->551->553->555->562->569->570->573->593->600->602->615->628->637->642->658->668->694->700->713->721->734->745->748->749->753->763->764->766->783->784->791->815->816->821->826->830->839->854->849->852->860->864->866->867->870->880->882->887->893->894->910->933->944->946->948->976->978->985->991->995->1011->1017->1024->1031->1071->1077->1079->1091->1092->1100->1110->1120->1122->1139->1167->1168->1173->1175->1178->1192->1204->1180->1182->1184->1193->1205->1210->1223->1229->1230->1241->1232->1237->1242->1244->1251->1269->1275->1278->1296->1322->1330->1348->1364->1353->1358->1361->1362->1368->1379->1381->1387->1390->1403->1417->1434->1426->1428->1453->1462->1463->1481->1497->1500->1502->1503->1508->1510->1512->1521->1522->1518->1528->1540->1542->1554->1555->1568->1576->1582->1583->1594->1586->1588->1590->1600->1618->1593->1601->1604->1607->1616->1620->1630->1633->1641->1680->1688->1719->1739->1751->1982,1982->2000
PSO_CHAOTIC,N2000_C9_I1.dat,2000,6198,100,1968,2000,0.9,0.5,15.0,0.9,1,1982,0.2629000000000003,0.178,0.0356,8.14,1.0142033865620395,,,,8.14,16.933000000000018,341148.651,1968->1807->1789->1788->1806->1781->1779->1774->1771->1780->1778->1766->1764->1740->1736->1735->1731->1718->1713->1707->1693->1681->1677->1672->1665->1673->1664->1655->1649->1643->1637->1628->1625->1610->1587->1579->1552->1550->1548->1547->1530->1537->1525->1492->1490->1488->1495->1479->1486->1471->1465->1460->1430->1423->1401->1391->1384->1380->1374->1373->1369->1359->1355->1344->1311->1301->1310->1298->1290->1281->1274->1270->1279->1277->1262->1257->1254->1252->1219->1206->1212->1203->1194->1197->1183->1177->1170->1153->1152->1149->1142->1134->1130->1125->1117->1113->1129->1111->1099->1089->1075->1069->1065->1064->1063->1051->1042->1039->1050->1037->1036->1027->1006->988->981->969->929->924->917->912->907->904->903->896->892->905->888->885->878->877->874->865->861->857->856->851->818->813->810->805->786->762->776->761->757->755->741->725->715->711->708->705->696->691->697->698->689->687->681->674->667->659->657->636->609->599->592->588->576->574->586->568->575->564->581->560->549->547->545->543->540->538->561->532->542->534->539->526->524->522->508->519->501->476->469->463->450->436->430->408->712->706->393->387->381->372->663->688->677->371->362->646->638->644->373->356->350->353->348->346->344->334->337->331->329->324->321->309->298->500->487->491->284->266->262->466->456->457->206->209->201->198->196->392->193->190->183->370->380->339->338->164->163->130->120->79->57->52->51->50->48->47->42->41->74->66->101->182->1->2->3->4->8->12->24->19->28->22->30->34->54->53->89->98->67->85->100->119->114->122->123->125->133->134->181->191->184->189->146->216->223->211->212->224->185->192->204->202->260->263->275->288->290->293->297->306->317->358->363->379->384->394->407->396->397->401->406->398->403->413->440->449->455->460->468->462->471->482->497->517->518->536->537->546->551->553->555->562->569->570->573->593->600->602->615->628->637->642->658->668->694->700->713->721->734->745->748->749->753->763->764->766->783->784->791->815->816->822->821->826->830->839->842->849->852->860->864->866->867->870->880->882->887->893->894->910->933->944->946->948->976->978->985->991->995->1011->1017->1024->1031->1071->1077->1079->1091->1092->1100->1110->1120->1122->1139->1167->1168->1181->1175->1189->1191->1199->1204->1182->1184->1193->1205->1210->1223->1229->1230->1241->1232->1237->1242->1244->1251->1269->1275->1278->1296->1322->1330->1348->1364->1353->1358->1361->1362->1368->1385->1379->1382->1387->1390->1403->1417->1434->1428->1453->1462->1463->1481->1497->1500->1502->1503->1508->1510->1512->1531->1522->1518->1528->1540->1542->1554->1555->1568->1576->1582->1583->1594->1586->1588->1590->1600->1618->1593->1601->1595->1607->1616->1620->1630->1633->1641->1680->1688->1719->1739->1751->1986->1982,1982->2000
PSO_CHAOTIC,N2000_C10_I1.dat,2000,6198,100,1968,2000,0.9,0.5,20.5,0.9,1,1982,0.2820000000000008,0.178,0.0356,15.44,1.0952467125232956,,,,15.44,18.694400000000044,202481.157,1968->1955->1807->1789->1788->1781->1779->1774->1771->1780->1778->1767->1764->1740->1736->1735->1731->1718->1713->1707->1693->1689->1681->1677->1672->1665->1673->1664->1655->1649->1643->1637->1628->1610->1587->1579->1552->1550->1548->1530->1537->1525->1492->1490->1488->1495->1479->1486->1471->1465->1460->1430->1423->1401->1391->1384->1380->1374->1373->1369->1359->1355->1344->1311->1301->1310->1298->1290->1281->1274->1270->1279->1262->1257->1254->1252->1234->1219->1206->1228->1203->1194->1197->1183->1177->1170->1153->1152->1149->1142->1134->1130->1125->1117->1113->1129->1111->1099->1089->1075->1069->1065->1064->1063->1051->1042->1039->1050->1037->1036->1027->1006->988->981->969->929->924->917->912->904->903->896->892->905->888->885->878->877->874->865->861->857->856->851->818->813->810->805->786->762->761->776->757->755->741->725->715->711->708->705->696->691->697->698->689->687->681->674->667->659->657->636->609->599->592->588->576->574->586->568->575->564->581->560->549->547->545->543->540->538->561->532->542->534->539->526->524->522->508->519->501->476->469->463->467->450->439->437->436->430->415->408->712->706->393->387->372->663->677->660->362->646->638->644->373->626->625->346->344->366->349->558->324->321->309->298->500->289->493->491->487->485->479->475->458->464->456->457->441->451->206->209->201->198->392->196->193->190->183->178->370->380->339->338->164->163->130->90->88->73->48->47->43->70->106->35->23->21->1->2->3->4->8->12->24->19->28->22->30->33->27->34->54->29->49->85->100->119->114->122->123->125->133->134->181->143->146->216->223->211->170->158->173->185->192->204->202->260->263->268->275->288->290->293->297->306->317->358->363->379->384->394->407->396->397->401->406->398->403->413->440->449->455->460->468->471->482->495->497->517->518->536->537->546->551->553->555->562->569->570->573->593->600->602->615->628->637->642->658->668->694->700->713->721->734->745->748->749->753->763->764->766->783->784->791->815->816->821->826->830->839->854->849->852->860->864->866->867->870->880->882->887->893->894->910->933->944->946->948->976->978->985->991->995->1011->1017->1024->1031->1071->1077->1079->1091->1100->1110->1120->1122->1139->1167->1168->1181->1175->1178->1189->1192->1204->1182->1184->1193->1205->1210->1223->1229->1230->1241->1232->1237->1242->1244->1251->1269->1275->1278->1296->1322->1330->1348->1364->1353->1358->1361->1362->1368->1379->1382->1387->1390->1403->1417->1434->1428->1453->1462->1463->1481->1497->1500->1502->1503->1508->1510->1512->1521->1522->1518->1528->1540->1542->1554->1555->1568->1576->1582->1583->1594->1586->1588->1599->1600->1618->1593->1601->1595->1607->1616->1620->1630->1633->1641->1680->1688->1719->1739->1751->1982,1982->2000
PSO_CHAOTIC,N2055_PS_edge_density_baseline_5385_I1.dat,2055,5299,103,1824,283,0.9,0.5,20.5,0.9,1,487,0.2334,0.0655,0.0131,19.13,15.224,14.004,0.786,14.79,19.13,15.224,27150.222,1824->1969->193->2023->2008->2006->1233->157->155->1820->1972->497->496->495->2031->299->1096->865->866->847->1229->20->1970->648->649->1963->650->651->907->652->1292->533->663->1997->1874->1258->893->1266->892->1711->1875->891->1277->1273->1275->1270->1269->427->65->1313->637->1311->2013->1961->1172->1173->1171->1168->1166->1169->1099->2040->1100->636->802->1086->1087->800->168->1679->6->5->1365->915->487,487->283
PSO_CHAOTIC,N2055_PS_edge_density_dense_6069_I1.dat,2055,5983,103,1824,283,0.9,0.5,20.5,0.9,1,487,0.18820000000000003,0.0655,0.0131,19.13,12.7832,11.292000000000002,0.786,12.078000000000003,19.13,12.7832,38471.079,1824->1969->193->2023->453->156->1244->1980->1986->1798->1210->1115->1202->1116->1117->2018->1988->928->1149->403->673->677->674->940->1109->129->655->1954->1811->2027->2026->798->1663->1940->1664->1978->49->1107->47->1670->48->1672->1433->1714->489->488->487,487->283
PSO_CHAOTIC,N2055_PS_edge_density_denser_6753_I1.dat,2055,6667,103,1824,283,0.9,0.5,20.5,0.9,1,487,0.21300000000000002,0.0655,0.0131,19.13,14.122399999999999,12.780000000000001,0.786,13.566,19.13,14.122399999999999,70935.46,1824->1969->193->2023->638->452->453->156->1244->1201->896->348->1126->1123->1221->1125->1159->112->235->83->478->1849->1275->917->1284->1283->1282->1281->1099->1514->6->5->1365->1675->1676->915->487,487->283
PSO_CHAOTIC,N2055_PS_edge_density_densest_7437_I1.dat,2055,7351,103,1824,283,0.9,0.5,20.5,0.9,1,487,0.21239999999999995,0.0655,0.0131,19.13,14.089999999999996,12.743999999999996,0.786,13.529999999999998,19.13,14.089999999999996,203961.486,1824->1969->1732->428->2004->2003->2000->240->316->331->1349->402->1396->677->1765->1835->250->785->784->1924->1925->787->1926->1563->1406->2002->1714->914->488->1677->1674->1675->1676->915->487,487->283
PSO_CHAOTIC,N2055_PS_parking_budget_Cmax100_I1.dat,2055,5299,103,1824,283,0.9,0.5,10.0,0.9,1,1682,0.2393000000000001,0.389,0.0778,8.88,18.011400000000002,14.358000000000006,4.667999999999999,19.026000000000007,8.88,18.011400000000002,23501.181,1824->1969->193->2023->2008->2006->1233->157->155->1820->1972->497->496->495->2031->299->1096->865->866->847->1229->20->1970->648->649->1963->650->651->907->652->1292->1421->909->660->911->891->1876->657->1851->1877->1975->1821->14->1295->1294->239->1931->1930->1991->119->1301->804->1112->1781->1427->60->1967->801->1723->1724->1728->151->1524->1714->914->1682,1682->283
PSO_CHAOTIC,N2055_PS_parking_budget_Cmax150_I1.dat,2055,5299,103,1824,283,0.9,0.5,15.0,0.9,1,62,0.21870000000000003,0.4142,0.0828,11.52,17.433000000000003,13.122000000000002,4.968,18.090000000000003,11.52,17.433000000000003,37996.268,1824->1969->193->2023->2008->2006->1233->157->155->1820->1972->684->450->498->496->495->2031->1749->962->1984->1756->2010->1979->1090->2009->206->207->540->468->208->1083->1373->1203->2015->1082->426->926->1185->2014->1576->494->917->1779->1176->492->1084->484->1079->1078->1647->852->851->850->1285->1640->1497->1646->1422->1514->1648->1649->168->1679->6->5->62,62->283
PSO_CHAOTIC,N2055_PS_parking_budget_Cmax205_I1.dat,2055,5299,103,1824,283,0.9,0.5,20.5,0.9,1,487,0.2334,0.0655,0.0131,19.13,15.224,14.004,0.786,14.79,19.13,15.224,27102.68,1824->1969->193->2023->2008->2006->1233->157->155->1820->1972->497->496->495->2031->299->1096->865->866->847->1229->20->1970->648->649->1963->650->651->907->652->1292->533->663->1997->1874->1258->893->1266->892->1711->1875->891->1277->1273->1275->1270->1269->427->65->1313->637->1311->2013->1961->1172->1173->1171->1168->1166->1169->1099->2040->1100->636->802->1086->1087->800->168->1679->6->5->1365->915->487,487->283
PSO_CHAOTIC,N2055_PS_parking_budget_Cmax250_I1.dat,2055,5299,103,1824,283,0.9,0.5,25.0,0.9,1,487,0.2334,0.0655,0.0131,19.13,15.224,14.004,0.786,14.79,19.13,15.224,27373.346,1824->1969->193->2023->2008->2006->1233->157->155->1820->1972->497->496->495->2031->299->1096->865->866->847->1229->20->1970->648->649->1963->650->651->907->652->1292->533->663->1997->1874->1258->893->1266->892->1711->1875->891->1277->1273->1275->1270->1269->427->65->1313->637->1311->2013->1961->1172->1173->1171->1168->1166->1169->1099->2040->1100->636->802->1086->1087->800->168->1679->6->5->1365->915->487,487->283
PSO_CHAOTIC,N2055_PS_parking_cost_100_225_I1.dat,2055,5299,103,1824,283,0.9,0.5,20.5,0.9,1,915,0.22090000000000004,0.1965,0.0393,12.64,15.314800000000004,13.254000000000003,2.358,15.612000000000002,12.64,15.314800000000004,20811.758,1824->1969->193->2023->2008->2006->1233->157->155->1820->1972->497->496->495->2031->1749->962->1984->1756->2010->1979->1090->2009->206->207->540->468->208->1873->1997->1874->1258->893->1310->926->1185->1179->1576->494->917->493->483->1084->484->1079->1078->1647->852->1280->1164->1174->1165->1286->1281->1099->2040->1100->636->802->1086->1085->800->168->1679->6->5->1365->915,915->283
PSO_CHAOTIC,N2055_PS_parking_cost_125_250_I1.dat,2055,5299,103,1824,283,0.9,0.5,20.5,0.9,1,915,0.2835,0.1965,0.0393,15.14,18.9452,17.009999999999998,2.358,19.368,15.14,18.9452,32010.755,1824->1969->2024->644->643->642->641->640->639->638->2023->2008->2006->1233->157->155->1820->1972->684->451->685->697->586->585->445->447->444->438->440->441->2038->59->2020->1720->2017->69->2039->1758->1984->1756->2010->1979->1090->2009->206->207->540->468->863->864->530->534->282->533->908->909->660->911->891->1876->657->1851->1877->1975->1821->14->1295->1297->637->1311->2013->1296->1932->1298->1294->239->1931->1930->1991->119->1301->1300->803->802->1086->1085->800->168->1679->6->5->1365->915,915->283
PSO_CHAOTIC,N2055_PS_parking_cost_150_300_I1.dat,2055,5299,103,1824,283,0.9,0.5,20.5,0.9,1,62,0.23250000000000007,0.4142,0.0828,19.22,18.948200000000007,13.950000000000005,4.968,18.918000000000006,19.22,18.948200000000007,26874.785,1824->1969->193->2023->2008->2006->1233->157->2001->253->1232->1245->342->75->259->1847->1995->38->496->495->2031->299->1096->865->866->2010->1979->1090->2009->206->207->540->468->208->1873->1997->1874->1258->1259->1260->1262->1261->1265->1266->892->1711->1875->891->1876->657->1851->1877->1975->1821->14->1295->1294->239->1931->1930->1991->119->1301->804->1112->1087->800->168->1679->6->5->62,62->283
PSO_CHAOTIC,N2055_PS_parking_cost_80_205_I1.dat,2055,5299,103,1824,283,0.9,0.5,20.5,0.9,1,487,0.2334,0.0655,0.0131,19.13,15.224,14.004,0.786,14.79,19.13,15.224,27138.968,1824->1969->193->2023->2008->2006->1233->157->155->1820->1972->497->496->495->2031->299->1096->865->866->847->1229->20->1970->648->649->1963->650->651->907->652->1292->533->663->1997->1874->1258->893->1266->892->1711->1875->891->1277->1273->1275->1270->1269->427->65->1313->637->1311->2013->1961->1172->1173->1171->1168->1166->1169->1099->2040->1100->636->802->1086->1087->800->168->1679->6->5->1365->915->487,487->283
PSO_CHAOTIC,N2055_PS_parking_supply_P10_I1.dat,2055,5505,206,1824,283,0.9,0.5,20.5,0.9,1,487,0.2841,0.0655,0.0131,19.13,17.9618,17.046,0.786,17.832,19.13,17.9618,30794.932,1824->1969->2024->644->642->641->640->639->638->2023->2008->2006->1233->157->155->1820->1972->684->451->450->94->692->95->255->689->102->100->445->99->698->98->97->461->569->576->568->554->1778->96->2016->2007->2038->59->2020->1720->2017->69->2039->1758->1984->1756->2010->1979->1090->2009->206->207->540->468->863->864->530->534->282->533->908->909->660->911->891->1876->657->1276->1274->1269->427->65->1313->637->1311->2013->1961->1172->1170->1962->636->802->1086->1087->800->168->1679->6->5->1365->915->487,487->283
PSO_CHAOTIC,N2055_PS_parking_supply_P15_I1.dat,2055,5709,308,1824,283,0.9,0.5,20.5,0.9,1,487,0.24810000000000004,0.0655,0.0131,19.13,16.0178,14.886000000000003,0.786,15.672000000000002,19.13,16.0178,25307.923,1824->1969->193->2023->2008->2006->1233->157->2001->253->1232->1245->342->153->156->1244->1980->1986->1798->1210->1115->343->1243->1371->1909->897->500->1754->260->1988->928->899->51->1241->1160->219->634->249->2051->2045->2042->1148->1161->1162->1288->1289->1163->91->1287->109->478->83->235->477->1586->925->1588->1487->1584->1878->890->1975->1821->14->1295->1294->239->1931->1930->1991->119->1301->804->803->802->1086->1087->800->168->1679->6->5->1365->915->487,487->283
PSO_CHAOTIC,N2055_PS_parking_supply_P20_I1.dat,2055,5915,411,1824,283,0.9,0.5,20.5,0.9,1,1678,0.2319,0.418,0.0836,13.45,18.381999999999998,13.914,5.016,18.93,13.45,18.381999999999998,31535.005,1824->1969->193->2023->2008->2006->454->597->596->595->594->592->685->451->450->498->496->495->2031->1749->962->1984->1756->2010->1979->1090->2009->206->207->540->468->208->1873->1997->1874->1258->893->1266->892->1711->1875->891->1277->1273->1278->1279->1270->1269->427->65->1313->1314->1312->2022->1173->1171->1168->1166->1169->1099->2040->1100->636->802->1086->1087->800->168->1679->1505->1508->1678,1678->283
PSO_CHAOTIC,N2055_PS_parking_supply_P5_I1.dat,2055,5299,103,1824,283,0.9,0.5,20.5,0.9,1,487,0.21059999999999998,0.0655,0.0131,19.13,13.992799999999999,12.636,0.786,13.421999999999999,19.13,13.992799999999999,21476.491,1824->1969->193->2023->2008->2006->1233->157->155->1820->1972->497->496->38->1995->1844->1845->346->903->894->933->22->1220->23->932->1236->565->930->835->919->901->2021->248->2037->2043->1158->223->1157->1156->633->1421->909->660->911->891->1876->657->1276->1274->1269->427->65->1313->637->1311->2013->1961->1172->1170->1962->636->485->1645->90->799->1085->800->168->1679->6->5->1365->915->487,487->283
PSO_CHAOTIC,N2055_PS_traffic_high_I1.dat,2055,5299,103,1824,283,0.9,0.5,20.5,0.9,1,62,0.6715999999999999,0.4142,0.0828,11.52,41.8896,40.29599999999999,4.968,45.26399999999999,11.52,41.8896,34966.112,1824->1969->2024->644->643->642->641->640->639->638->2023->2008->2006->1233->157->2001->155->1820->1972->497->496->495->2031->299->1096->865->866->2010->1979->1090->2009->206->207->540->468->208->1873->1997->1740->1083->1373->1203->2015->1082->426->926->1185->2014->1177->427->65->1313->1314->1312->2022->2013->1961->1172->1170->1962->636->802->1086->1087->800->168->1679->6->5->62,62->283
PSO_CHAOTIC,N2055_PS_traffic_low_I1.dat,2055,5299,103,1824,283,0.9,0.5,20.5,0.9,1,487,0.2334,0.0655,0.0131,19.13,15.224,14.004,0.786,14.79,19.13,15.224,27230.119,1824->1969->193->2023->2008->2006->1233->157->155->1820->1972->497->496->495->2031->299->1096->865->866->847->1229->20->1970->648->649->1963->650->651->907->652->1292->533->663->1997->1874->1258->893->1266->892->1711->1875->891->1277->1273->1275->1270->1269->427->65->1313->637->1311->2013->1961->1172->1173->1171->1168->1166->1169->1099->2040->1100->636->802->1086->1087->800->168->1679->6->5->1365->915->487,487->283
PSO_CHAOTIC,N2055_PS_traffic_medium_I1.dat,2055,5299,103,1824,283,0.9,0.5,20.5,0.9,1,488,0.32410000000000017,0.2663,0.0533,11.22,21.501600000000007,19.44600000000001,3.198,22.644000000000013,11.22,21.501600000000007,25627.747,1824->1969->193->2023->2008->2006->1233->157->155->1820->1972->497->496->495->2031->1749->962->1984->1756->2010->1979->1090->2009->206->207->540->468->208->1873->1997->1874->1258->893->1266->892->1310->926->1185->1179->1576->494->917->1779->1176->492->1084->484->1081->1302->853->1280->1164->1174->1165->1286->1281->1099->2040->1100->636->802->803->804->1112->1781->1427->60->1967->801->1723->1724->1728->151->1673->489->488,488->283
PSO_CHAOTIC,N2055_PS_traffic_very_low_I1.dat,2055,5299,103,1824,283,0.9,0.5,20.5,0.9,1,487,0.2339,0.0655,0.0131,19.13,15.250999999999998,14.033999999999999,0.786,14.82,19.13,15.250999999999998,27931.577,1824->1969->193->2023->2008->2006->1233->157->2001->155->1820->1972->497->496->38->1995->1844->1845->346->936->347->348->1996->1201->950->564->836->565->838->1237->1236->932->1126->1123->1221->1125->1124->1141->1788->1134->1138->1132->1135->1130->1131->1153->1227->479->652->1292->533->663->1997->1874->1258->893->1266->892->1310->926->1185->1179->1576->494->917->493->1077->1078->1647->852->851->850->1525->1542->1497->1640->1644->799->101->1646->1422->1514->1648->1649->168->1679->6->5->1365->915->487,487->283
PSO_CHAOTIC,N2055_PS_walking_distance_W025_I1.dat,2055,5299,103,1824,283,0.9,0.25,20.5,0.9,1,1676,0.24459999999999998,0.2155,0.0431,18.62,17.397799999999997,14.675999999999998,2.586,17.261999999999997,18.62,17.397799999999997,25731.265,1824->1969->193->2023->2008->2006->454->597->596->595->594->592->685->451->450->498->496->495->2031->1749->962->1984->1756->2010->1979->1090->2009->206->207->540->468->208->1873->1997->1874->1258->893->1266->892->1711->1875->891->1277->1273->1275->1270->1267->1860->2014->1177->427->635->491->1176->492->1084->484->1079->1078->1647->852->851->850->1525->1542->1497->1646->1422->1514->1648->1649->168->1679->6->5->1365->1675->1676,1676->283
PSO_CHAOTIC,N2055_PS_walking_distance_W050_I1.dat,2055,5299,103,1824,283,0.9,0.5,20.5,0.9,1,487,0.2334,0.0655,0.0131,19.13,15.224,14.004,0.786,14.79,19.13,15.224,27109.86,1824->1969->193->2023->2008->2006->1233->157->155->1820->1972->497->496->495->2031->299->1096->865->866->847->1229->20->1970->648->649->1963->650->651->907->652->1292->533->663->1997->1874->1258->893->1266->892->1711->1875->891->1277->1273->1275->1270->1269->427->65->1313->637->1311->2013->1961->1172->1173->1171->1168->1166->1169->1099->2040->1100->636->802->1086->1087->800->168->1679->6->5->1365->915->487,487->283
PSO_CHAOTIC,N2055_PS_walking_distance_W075_I1.dat,2055,5299,103,1824,283,0.9,0.75,20.5,0.9,1,487,0.2546,0.0655,0.0131,19.13,16.3688,15.276,0.786,16.062,19.13,16.3688,30778.75,1824->1969->1732->428->2004->2003->2000->27->2001->253->1232->1245->342->153->156->1244->1980->1986->1798->1210->1115->343->1911->1800->344->959->1717->1243->1371->1909->897->500->2018->1117->564->834->835->919->2035->2021->224->37->2044->1776->2051->1803->1152->107->1974->1861->1862->922->106->105->923->633->1421->909->660->911->891->1277->1273->1275->1270->1269->427->65->1313->1314->1312->2022->2013->1961->1172->1170->1962->636->485->1645->90->799->101->1646->1422->1514->1648->1649->168->1679->6->5->1365->1675->1676->915->487,487->283
PSO_CHAOTIC,N2055_PS_walking_distance_W100_I1.dat,2055,5299,103,1824,283,0.9,1.0,20.5,0.9,1,62,0.21299999999999997,0.4142,0.0828,11.52,17.1252,12.779999999999998,4.968,17.747999999999998,11.52,17.1252,54054.832,1824->1969->193->2023->2008->2006->1233->157->2001->155->1820->1972->265->154->253->1232->1245->342->75->259->1847->1995->1844->1845->346->903->894->934->895->838->565->1236->932->931->2032->212->24->2046->2041->25->479->652->1292->1421->909->660->911->891->1277->1273->1275->1270->1269->427->635->1314->1312->1311->2013->1961->1172->1170->1962->636->802->803->804->1112->1087->800->168->1679->6->5->62,62->283
PSO_CHAOTIC,N2055_C1_I1.dat,2055,5299,103,1824,283,0.9,0.5,20.5,0.9,1,487,0.2334,0.0655,0.0131,19.13,15.224,14.004,0.786,14.79,19.13,15.224,27162.949,1824->1969->193->2023->2008->2006->1233->157->155->1820->1972->497->496->495->2031->299->1096->865->866->847->1229->20->1970->648->649->1963->650->651->907->652->1292->533->663->1997->1874->1258->893->1266->892->1711->1875->891->1277->1273->1275->1270->1269->427->65->1313->637->1311->2013->1961->1172->1173->1171->1168->1166->1169->1099->2040->1100->636->802->1086->1087->800->168->1679->6->5->1365->915->487,487->283
PSO_CHAOTIC,N2055_C2_I1.dat,2055,5983,103,1824,283,0.9,0.5,20.5,0.9,1,487,0.19350000000000003,0.0655,0.0131,19.13,13.069400000000002,11.610000000000001,0.786,12.396000000000003,19.13,13.069400000000002,38790.47,1824->1969->193->2023->453->156->1244->1980->1986->1798->1210->1115->1202->1116->1117->2018->1988->928->1149->403->673->677->674->940->1109->129->655->1954->1811->2027->2026->798->1663->1940->1664->1978->49->1107->1674->82->489->488->487,487->283
PSO_CHAOTIC,N2055_C3_I1.dat,2055,5503,205,1824,283,0.9,0.5,20.5,0.9,1,487,0.23289999999999997,0.0655,0.0131,19.13,0.9221326872043383,,,,19.13,15.197,64265.385,1824->1969->193->2023->2008->2006->1233->157->155->1820->1972->497->496->38->1995->1844->1845->346->903->567->1971->1211->933->22->1220->23->932->1236->565->836->835->919->901->2021->248->2037->2043->2044->1776->2051->1803->1152->107->1974->1861->1862->922->106->105->923->633->1421->222->1849->140->913->1588->1487->1584->1878->890->1975->1821->14->1295->1297->637->1311->1312->2022->1173->1171->1168->1166->1169->1099->2040->1100->636->485->1645->90->799->1085->800->168->1679->6->5->1365->915->487,487->283
PSO_CHAOTIC,N2055_C4_I1.dat,2055,5299,103,1824,283,0.9,1.0,20.5,0.9,1,487,0.2377,0.0655,0.0131,19.13,0.720738498292557,,,,19.13,15.456199999999999,141539.361,1824->1969->193->2023->2008->2006->1233->157->2001->253->1232->1245->342->75->259->1847->1995->1844->1845->346->903->894->934->895->838->565->1236->932->1126->1123->1221->1125->1124->2032->212->24->2046->2041->25->479->652->1292->1421->909->660->911->658->657->1876->891->1277->1273->1275->1270->1269->427->635->1314->1312->1311->2013->1961->1172->1170->1962->636->802->803->804->1112->1087->800->168->1679->6->5->1365->1675->1674->1677->1676->915->487,487->283
PSO_CHAOTIC,N2055_C5_I1.dat,2055,5299,103,1824,283,0.9,0.5,20.5,0.9,1,487,0.3084,0.0655,0.0131,19.13,1.0522645677786362,,,,19.13,19.274000000000004,73649.877,1824->1969->2024->644->643->642->641->640->639->638->2023->2008->2006->1233->157->155->1820->1972->684->451->685->697->586->585->445->447->444->438->440->441->2038->59->2020->1720->2017->69->2039->1758->1984->1756->2010->1979->1090->2009->206->207->540->468->208->1083->1373->1203->2015->1082->426->926->1185->2014->1177->427->65->1313->637->1311->1312->2022->1173->1172->1170->1962->636->485->1645->90->799->1085->800->168->1679->6->5->1365->915->487,487->283
PSO_CHAOTIC,N2055_C6_I1.dat,2055,5299,103,1824,283,0.9,0.5,20.5,0.9,1,915,0.5268,0.1965,0.0393,10.64,0.9948217377108322,,,,10.64,31.6334,65569.736,1824->1969->193->2023->2008->2006->1233->157->2001->253->1232->1245->342->153->156->1244->1980->352->1996->1201->950->564->834->901->2021->248->2037->2043->1158->223->1157->923->633->1421->909->660->659->658->657->1851->1877->1975->1821->14->1295->1297->637->1311->2013->1961->1172->1170->1962->636->1100->2040->1099->1281->1282->1283->1284->1285->1640->1497->1646->1422->1514->1648->1649->168->1679->6->5->1365->915,915->283
PSO_CHAOTIC,N2055_C7_I1.dat,2055,5299,103,1824,283,0.9,0.5,20.5,0.9,1,487,0.24639999999999995,0.0655,0.0131,19.13,0.9675532479520018,,,,19.13,15.925999999999998,73949.606,1824->1969->2024->644->642->641->640->639->638->2023->2008->2006->1233->157->155->1820->1972->497->496->495->2031->299->1096->865->866->847->1229->20->1970->648->649->1963->650->651->907->652->1292->1421->909->660->659->658->657->1851->1877->1975->1821->14->1295->1297->637->1311->2013->1961->1172->1170->1962->636->802->1086->1085->800->168->1679->6->5->1365->915->487,487->283
PSO_CHAOTIC,N2055_C8_I1.dat,2055,5299,103,1824,283,0.1,0.5,20.5,0.1,1,487,0.24639999999999995,0.0655,0.0131,19.13,0.9675532479520018,,,,19.13,18.773999999999997,78011.017,1824->1969->2024->644->642->641->640->639->638->2023->2008->2006->1233->157->155->1820->1972->497->496->495->2031->299->1096->865->866->847->1229->20->1970->648->649->1963->650->651->907->652->1292->1421->909->660->659->658->657->1851->1877->1975->1821->14->1295->1297->637->1311->2013->1961->1172->1170->1962->636->802->1086->1085->800->168->1679->6->5->1365->915->487,487->283
PSO_CHAOTIC,N2055_C9_I1.dat,2055,5299,103,1824,283,0.9,0.5,15.0,0.9,1,62,0.21870000000000003,0.4142,0.0828,11.52,1.1394521625230756,,,,11.52,17.433000000000003,92039.097,1824->1969->193->2023->2008->2006->1233->157->155->1820->1972->684->450->498->496->495->2031->1749->962->1984->1756->2010->1979->1090->2009->206->207->540->468->208->1083->1373->1203->2015->1082->426->926->1185->2014->1576->494->917->1779->1176->492->1084->484->1079->1078->1647->852->851->850->1285->1640->1497->1646->1422->1514->1648->1649->168->1679->6->5->62,62->283
PSO_CHAOTIC,N2055_C10_I1.dat,2055,5299,103,1824,283,0.9,0.5,20.5,0.9,1,62,0.23250000000000007,0.4142,0.0828,19.22,1.2233966745843232,,,,19.22,18.948200000000007,72934.114,1824->1969->193->2023->2008->2006->1233->157->2001->253->1232->1245->342->75->259->1847->1995->38->496->495->2031->299->1096->865->866->2010->1979->1090->2009->206->207->540->468->208->1873->1997->1874->1258->1259->1260->1262->1261->1265->1266->892->1711->1875->891->1876->657->1851->1877->1975->1821->14->1295->1294->239->1931->1930->1991->119->1301->804->1112->1087->800->168->1679->6->5->62,62->283
PSO_CHAOTIC,N2500_PS_edge_density_baseline_7446_I1.dat,2500,7696,125,2491,2500,0.9,0.5,20.5,0.9,1,2461,0.30590000000000067,0.1953,0.0391,9.15,19.545000000000037,18.354000000000042,2.346,20.700000000000042,9.15,19.545000000000037,188125.993,2491->2341->2328->2326->2320->2317->2300->2282->2268->2263->2256->2252->2251->2247->2257->2240->2226->2237->2220->2215->2235->2218->2228->2211->2202->2178->2156->2170->2183->2155->2154->2130->2109->2098->2085->2072->2082->2069->2046->2038->2033->2030->2044->2028->2017->2014->1968->1955->1902->1895->1894->1893->1882->1872->1864->1869->1863->1860->1841->1840->1832->1827->1826->1814->1813->1807->1789->1788->1781->1779->1774->1784->1780->1778->1767->1764->1763->1740->1736->1735->1731->1718->1713->1707->1693->1681->1677->1687->1672->1665->1664->1655->1649->1643->1637->1628->1610->1587->1579->1552->1550->1548->1530->1537->1525->1524->1492->1490->1488->1495->1479->1486->1471->1465->1460->1430->1423->1406->1401->1391->1384->1380->1374->1373->1369->1359->1355->1344->1311->1301->1310->1298->1290->1281->1274->1270->1279->1262->1257->1254->1234->1219->1206->1228->1203->1194->1197->1177->1170->1153->1152->1149->1142->1134->1130->1125->1117->1113->1129->1111->1105->1099->1089->1075->1069->1065->1064->1063->1051->1042->1039->1050->1037->1036->1027->1006->988->981->969->929->924->917->912->904->903->896->892->905->888->885->878->877->874->865->857->856->851->813->810->805->786->762->761->757->755->725->715->711->708->705->696->691->697->698->689->687->695->681->674->667->659->657->636->609->599->592->588->576->574->586->568->575->564->581->560->549->547->545->543->540->538->561->548->542->530->534->792->772->747->519->527->508->501->476->469->463->731->739->727->726->430->408->714->712->706->690->680->373->361->356->626->366->344->558->314->321->516->299->298->500->259->254->457->206->410->404->392->390->383->380->370->168->164->163->162->172->169->153->272->151->108->112->124->118->95->87->97->76->136->203->208->200->261->252->221->15->24->19->20->32->30->34->54->29->49->85->111->119->114->122->123->125->133->134->181->143->194->189->216->223->187->177->167->158->173->185->197->204->202->260->263->275->288->290->293->306->317->358->363->379->384->394->407->396->397->401->406->398->403->413->440->449->455->460->461->462->471->482->497->517->518->537->546->551->553->555->562->569->570->573->593->600->602->615->628->637->642->658->668->694->700->713->721->734->745->748->749->753->763->764->766->783->784->791->815->816->821->826->830->839->842->849->852->860->864->866->867->870->880->882->887->893->894->910->933->944->946->948->976->978->985->991->995->1017->1024->1031->1071->1077->1079->1091->1100->1110->1120->1116->1122->1139->1167->1168->1181->1175->1178->1192->1204->1182->1184->1193->1205->1210->1223->1229->1230->1241->1232->1237->1242->1244->1251->1269->1275->1278->1296->1322->1330->1348->1364->1353->1358->1366->1362->1368->1379->1381->1387->1390->1403->1417->1434->1426->1428->1453->1462->1463->1481->1497->1500->1502->1503->1508->1510->1512->1531->1518->1528->1540->1542->1554->1555->1568->1576->1582->1583->1594->1586->1588->1590->1600->1618->1593->1601->1604->1607->1616->1620->1630->1633->1641->1680->1688->1719->1739->1751->1755->1757->1776->1777->1798->1782->1785->1818->1821->1823->1824->1857->1859->1861->1871->1890->1907->1906->1940->1941->1951->1969->1980->1978->1982->1987->1991->2001->2002->2005->2013->2047->2050->2049->2065->2059->2063->2071->2074->2077->2079->2099->2100->2116->2118->2121->2134->2137->2148->2158->2169->2159->2174->2181->2195->2186->2196->2204->2208->2212->2217->2229->2460->2473->2461,2461->2500
PSO_CHAOTIC,N2500_PS_edge_density_dense_8278_I1.dat,2500,8528,125,2491,2500,0.9,0.5,20.5,0.9,1,2476,0.1823,0.1661,0.0332,8.29,12.466000000000001,10.937999999999999,1.992,12.93,8.29,12.466000000000001,56520.765,2491->2341->2332->1894->1895->1902->1955->1968->2014->2028->1673->1665->1672->1677->1681->1693->1697->1707->1713->1718->1369->1373->1374->1063->1051->1042->1039->1050->1037->681->687->689->362->175->26->20->19->24->15->11->403->749->748->1092->1100->1110->1462->1463->1481->1497->1499->1821->1818->2186->2485->2476,2476->2500
PSO_CHAOTIC,N2500_PS_edge_density_denser_9110_I1.dat,2500,9360,125,2491,2500,0.9,0.5,20.5,0.9,1,2490,0.2267000000000001,0.1348,0.027,10.63,14.762800000000006,13.602000000000006,1.6199999999999999,15.222000000000005,10.63,14.762800000000006,63431.837,2491->2493->2484->2481->2341->2328->2326->2320->2317->2305->2300->2282->2268->1841->1860->1863->1869->1864->1872->1882->1587->1839->1825->1812->1501->1493->1064->1065->1069->711->733->469->476->501->519->508->217->228->410->200->203->199->197->185->173->573->893->894->910->933->944->1364->1353->1358->1366->1362->976->978->985->991->995->1017->1390->1387->1381->1379->1688->1719->2099->2108->2100->2116->2118->2121->2134->2137->2148->2158->2169->2159->2174->2181->2186->2485->2490,2490->2500
PSO_CHAOTIC,N2500_PS_edge_density_densest_9942_I1.dat,2500,10192,125,2491,2500,0.9,0.5,20.5,0.9,1,2476,0.1786000000000001,0.1661,0.0332,8.29,12.266200000000005,10.716000000000005,1.992,12.708000000000006,8.29,12.266200000000005,281548.96,2491->2341->2328->2326->2320->2317->2305->1863->1860->1841->1840->1832->1827->1826->1814->1813->1807->1465->1746->1437->1424->1028->1033->538->561->532->548->458->475->160->167->166->569->889->887->893->894->910->933->944->946->948->976->1362->1368->1379->1688->1719->2099->2108->2100->2116->2118->2121->2134->2137->2148->2158->2169->2473->2461->2466->2476,2476->2500
PSO_CHAOTIC,N2500_PS_parking_budget_Cmax100_I1.dat,2500,7696,125,2491,2500,0.9,0.5,10.0,0.9,1,2441,0.25980000000000036,0.2683,0.0537,9.34,17.863000000000024,15.588000000000022,3.222,18.81000000000002,9.34,17.863000000000024,335407.346,2491->2341->2332->2328->2326->2320->2317->2300->2282->2268->2263->2256->2252->2251->2247->2244->2240->2226->2237->2223->2220->2235->2218->2228->2214->2211->2202->2178->2156->2170->2155->2154->2130->2109->2098->2085->2072->2078->2069->2046->2038->2033->2030->2044->2028->2017->2014->1968->1955->1902->1895->1894->1893->1882->1872->1864->1869->1863->1860->1841->1840->1832->1827->1826->1814->1813->1807->1789->1806->1781->1779->1774->1784->1780->1778->1766->1764->1763->1740->1736->1735->1731->1718->1713->1707->1697->1693->1681->1677->1672->1665->1664->1655->1649->1643->1637->1628->1610->1587->1579->1552->1550->1548->1530->1537->1525->1492->1490->1488->1495->1479->1486->1471->1465->1460->1430->1423->1406->1401->1391->1384->1380->1374->1373->1369->1359->1355->1344->1311->1301->1310->1298->1290->1281->1274->1270->1279->1262->1257->1254->1234->1219->1206->1228->1203->1194->1197->1177->1170->1153->1152->1149->1142->1134->1130->1125->1117->1113->1129->1111->1099->1089->1075->1069->1065->1064->1063->1051->1042->1039->1050->1037->1036->1027->1006->988->981->969->961->929->924->917->912->904->903->896->892->905->888->885->878->877->874->865->857->856->851->813->810->812->805->786->762->776->757->755->725->715->711->723->705->696->691->697->698->689->687->681->674->667->659->657->636->609->599->592->588->576->574->586->568->575->564->560->549->547->545->543->540->566->561->548->532->542->534->539->526->524->522->508->501->476->469->463->450->436->430->408->393->387->381->688->373->361->644->638->641->631->623->348->346->349->334->337->331->521->314->491->487->500->262->464->456->457->206->209->201->198->392->390->196->193->190->183->339->370->168->164->163->175->172->162->155->108->51->50->82->81->77->69->68->63->21->1->2->7->14->15->24->19->28->22->30->32->45->27->34->54->53->89->49->85->100->119->114->122->123->125->133->152->134->181->143->146->156->166->158->173->185->197->199->204->202->260->263->275->288->290->293->306->317->358->363->379->384->394->407->396->397->401->406->398->403->413->440->449->453->455->460->468->471->482->497->517->518->536->537->546->551->553->554->555->562->569->570->573->593->600->602->615->628->637->642->658->668->694->700->709->713->721->734->745->748->749->753->763->764->766->783->784->791->815->816->821->826->830->839->854->849->852->860->864->866->867->870->880->882->887->893->894->910->933->944->946->956->948->976->978->985->991->995->1017->1024->1031->1071->1077->1079->1091->1100->1110->1120->1122->1139->1167->1168->1181->1175->1178->1192->1180->1182->1184->1193->1205->1210->1223->1229->1230->1241->1232->1237->1242->1244->1251->1269->1275->1278->1296->1322->1330->1348->1364->1353->1358->1366->1362->1368->1385->1379->1382->1381->1387->1390->1403->1417->1434->1426->1428->1453->1462->1463->1481->1497->1500->1502->1503->1508->1510->1512->1531->1518->1528->1540->1542->1554->1555->1568->1576->1582->1583->1594->1586->1590->1600->1618->1593->1601->1595->1607->1616->1620->1630->1633->1641->1680->1688->1719->1739->1751->1755->1757->1776->1777->1798->1782->1785->1818->1821->1823->1824->1857->1861->1871->1890->1907->1906->1940->1941->1951->1969->1980->1978->1982->1987->1991->2001->2002->2005->2013->2047->2049->2065->2059->2063->2071->2074->2077->2079->2099->2100->2116->2118->2121->2134->2137->2148->2158->2169->2171->2174->2181->2186->2196->2204->2208->2212->2217->2229->2430->2439->2441,2441->2500
PSO_CHAOTIC,N2500_PS_parking_budget_Cmax150_I1.dat,2500,7696,125,2491,2500,0.9,0.5,15.0,0.9,1,2473,0.28010000000000035,0.2088,0.0418,13.15,18.697600000000023,16.806000000000022,2.508,19.31400000000002,13.15,18.697600000000023,603199.321,2491->2341->2340->2332->2328->2326->2320->2317->2300->2282->2268->2263->2256->2252->2251->2247->2244->2257->2240->2226->2237->2220->2215->2235->2218->2228->2211->2202->2178->2156->2170->2183->2155->2154->2136->2130->2109->2098->2085->2072->2078->2069->2046->2038->2033->2030->2044->2028->2017->2014->1968->1955->1902->1895->1894->1893->1882->1872->1864->1869->1863->1860->1841->1840->1832->1827->1826->1814->1813->1807->1789->1788->1781->1779->1774->1784->1780->1778->1767->1766->1764->1740->1736->1735->1731->1718->1713->1707->1693->1689->1681->1677->1702->1687->1672->1665->1664->1655->1649->1643->1637->1628->1610->1587->1579->1552->1550->1548->1530->1537->1525->1492->1490->1488->1495->1479->1486->1471->1465->1460->1430->1423->1401->1391->1384->1386->1380->1374->1373->1369->1359->1355->1344->1311->1301->1310->1298->1290->1281->1274->1270->1279->1262->1257->1254->1234->1219->1206->1212->1203->1194->1197->1177->1170->1153->1152->1149->1142->1134->1130->1125->1117->1113->1129->1111->1099->1089->1075->1069->1065->1064->1063->1051->1042->1039->1050->1037->1036->1027->1006->988->981->969->929->924->917->912->904->903->896->892->905->888->885->878->877->874->865->857->856->851->818->813->810->812->805->786->762->761->757->755->725->715->711->723->708->705->696->691->697->698->689->687->695->681->674->667->659->657->636->609->599->592->588->576->574->586->568->575->564->560->549->547->545->543->540->566->561->532->542->534->792->772->747->737->476->469->463->450->437->439->732->727->726->720->714->712->706->690->680->373->361->356->626->366->344->346->577->324->321->309->298->500->259->254->457->206->210->410->201->198->404->392->390->383->380->339->338->164->163->162->172->105->108->110->115->52->51->50->82->81->77->69->25->36->91->84->58->46->35->23->21->1->9->10->11->15->17->18->24->19->28->22->30->33->27->34->54->29->49->85->111->100->119->114->122->123->125->133->134->181->143->146->156->166->158->173->212->227->231->192->199->204->202->260->263->275->288->290->293->297->306->317->358->363->379->384->394->407->396->397->401->406->398->403->413->440->449->453->455->460->461->462->471->482->497->517->518->537->546->551->553->555->562->569->570->573->593->600->602->615->628->637->642->658->668->694->700->713->721->734->745->748->749->753->763->764->766->783->793->791->815->816->821->826->830->839->842->849->852->860->864->876->866->867->870->880->882->887->893->894->910->933->944->946->956->948->976->978->985->991->995->1017->1024->1031->1071->1077->1079->1091->1092->1100->1110->1120->1122->1139->1167->1168->1181->1175->1189->1191->1199->1204->1180->1182->1184->1193->1205->1210->1223->1229->1230->1241->1232->1237->1242->1244->1251->1269->1275->1278->1296->1322->1330->1348->1364->1353->1358->1366->1362->1368->1379->1381->1387->1390->1403->1417->1434->1428->1453->1462->1463->1481->1497->1500->1502->1503->1508->1510->1512->1531->1518->1528->1540->1542->1554->1555->1568->1576->1582->1583->1594->1586->1590->1599->1618->1593->1601->1595->1607->1616->1620->1633->1641->1680->1688->1719->1739->1751->1755->1757->1776->1777->1798->1782->1785->1818->1821->1823->1824->1857->1859->1861->1871->1890->1907->1906->1940->1941->1951->1969->1980->1978->1982->1987->1991->2001->2002->2005->2013->2047->2050->2065->2059->2063->2071->2074->2077->2079->2099->2100->2116->2118->2121->2134->2137->2148->2158->2169->2159->2174->2181->2186->2196->2204->2208->2212->2217->2229->2460->2473,2473->2500
PSO_CHAOTIC,N2500_PS_parking_budget_Cmax205_I1.dat,2500,7696,125,2491,2500,0.9,0.5,20.5,0.9,1,2461,0.30590000000000067,0.1953,0.0391,9.15,19.545000000000037,18.354000000000042,2.346,20.700000000000042,9.15,19.545000000000037,321632.182,2491->2341->2328->2326->2320->2317->2300->2282->2268->2263->2256->2252->2251->2247->2257->2240->2226->2237->2220->2215->2235->2218->2228->2211->2202->2178->2156->2170->2183->2155->2154->2130->2109->2098->2085->2072->2082->2069->2046->2038->2033->2030->2044->2028->2017->2014->1968->1955->1902->1895->1894->1893->1882->1872->1864->1869->1863->1860->1841->1840->1832->1827->1826->1814->1813->1807->1789->1788->1781->1779->1774->1784->1780->1778->1767->1764->1763->1740->1736->1735->1731->1718->1713->1707->1693->1681->1677->1687->1672->1665->1664->1655->1649->1643->1637->1628->1610->1587->1579->1552->1550->1548->1530->1537->1525->1524->1492->1490->1488->1495->1479->1486->1471->1465->1460->1430->1423->1406->1401->1391->1384->1380->1374->1373->1369->1359->1355->1344->1311->1301->1310->1298->1290->1281->1274->1270->1279->1262->1257->1254->1234->1219->1206->1228->1203->1194->1197->1177->1170->1153->1152->1149->1142->1134->1130->1125->1117->1113->1129->1111->1105->1099->1089->1075->1069->1065->1064->1063->1051->1042->1039->1050->1037->1036->1027->1006->988->981->969->929->924->917->912->904->903->896->892->905->888->885->878->877->874->865->857->856->851->813->810->805->786->762->761->757->755->725->715->711->708->705->696->691->697->698->689->687->695->681->674->667->659->657->636->609->599->592->588->576->574->586->568->575->564->581->560->549->547->545->543->540->538->561->548->542->530->534->792->772->747->519->527->508->501->476->469->463->731->739->727->726->430->408->714->712->706->690->680->373->361->356->626->366->344->558->314->321->516->299->298->500->259->254->457->206->410->404->392->390->383->380->370->168->164->163->162->172->169->153->272->151->108->112->124->118->95->87->97->76->136->203->208->200->261->252->221->15->24->19->20->32->30->34->54->29->49->85->111->119->114->122->123->125->133->134->181->143->194->189->216->223->187->177->167->158->173->185->197->204->202->260->263->275->288->290->293->306->317->358->363->379->384->394->407->396->397->401->406->398->403->413->440->449->455->460->461->462->471->482->497->517->518->537->546->551->553->555->562->569->570->573->593->600->602->615->628->637->642->658->668->694->700->713->721->734->745->748->749->753->763->764->766->783->784->791->815->816->821->826->830->839->842->849->852->860->864->866->867->870->880->882->887->893->894->910->933->944->946->948->976->978->985->991->995->1017->1024->1031->1071->1077->1079->1091->1100->1110->1120->1116->1122->1139->1167->1168->1181->1175->1178->1192->1204->1182->1184->1193->1205->1210->1223->1229->1230->1241->1232->1237->1242->1244->1251->1269->1275->1278->1296->1322->1330->1348->1364->1353->1358->1366->1362->1368->1379->1381->1387->1390->1403->1417->1434->1426->1428->1453->1462->1463->1481->1497->1500->1502->1503->1508->1510->1512->1531->1518->1528->1540->1542->1554->1555->1568->1576->1582->1583->1594->1586->1588->1590->1600->1618->1593->1601->1604->1607->1616->1620->1630->1633->1641->1680->1688->1719->1739->1751->1755->1757->1776->1777->1798->1782->1785->1818->1821->1823->1824->1857->1859->1861->1871->1890->1907->1906->1940->1941->1951->1969->1980->1978->1982->1987->1991->2001->2002->2005->2013->2047->2050->2049->2065->2059->2063->2071->2074->2077->2079->2099->2100->2116->2118->2121->2134->2137->2148->2158->2169->2159->2174->2181->2195->2186->2196->2204->2208->2212->2217->2229->2460->2473->2461,2461->2500
PSO_CHAOTIC,N2500_PS_parking_budget_Cmax250_I1.dat,2500,7696,125,2491,2500,0.9,0.5,25.0,0.9,1,2461,0.30590000000000067,0.1953,0.0391,9.15,19.545000000000037,18.354000000000042,2.346,20.700000000000042,9.15,19.545000000000037,321467.256,2491->2341->2328->2326->2320->2317->2300->2282->2268->2263->2256->2252->2251->2247->2257->2240->2226->2237->2220->2215->2235->2218->2228->2211->2202->2178->2156->2170->2183->2155->2154->2130->2109->2098->2085->2072->2082->2069->2046->2038->2033->2030->2044->2028->2017->2014->1968->1955->1902->1895->1894->1893->1882->1872->1864->1869->1863->1860->1841->1840->1832->1827->1826->1814->1813->1807->1789->1788->1781->1779->1774->1784->1780->1778->1767->1764->1763->1740->1736->1735->1731->1718->1713->1707->1693->1681->1677->1687->1672->1665->1664->1655->1649->1643->1637->1628->1610->1587->1579->1552->1550->1548->1530->1537->1525->1524->1492->1490->1488->1495->1479->1486->1471->1465->1460->1430->1423->1406->1401->1391->1384->1380->1374->1373->1369->1359->1355->1344->1311->1301->1310->1298->1290->1281->1274->1270->1279->1262->1257->1254->1234->1219->1206->1228->1203->1194->1197->1177->1170->1153->1152->1149->1142->1134->1130->1125->1117->1113->1129->1111->1105->1099->1089->1075->1069->1065->1064->1063->1051->1042->1039->1050->1037->1036->1027->1006->988->981->969->929->924->917->912->904->903->896->892->905->888->885->878->877->874->865->857->856->851->813->810->805->786->762->761->757->755->725->715->711->708->705->696->691->697->698->689->687->695->681->674->667->659->657->636->609->599->592->588->576->574->586->568->575->564->581->560->549->547->545->543->540->538->561->548->542->530->534->792->772->747->519->527->508->501->476->469->463->731->739->727->726->430->408->714->712->706->690->680->373->361->356->626->366->344->558->314->321->516->299->298->500->259->254->457->206->410->404->392->390->383->380->370->168->164->163->162->172->169->153->272->151->108->112->124->118->95->87->97->76->136->203->208->200->261->252->221->15->24->19->20->32->30->34->54->29->49->85->111->119->114->122->123->125->133->134->181->143->194->189->216->223->187->177->167->158->173->185->197->204->202->260->263->275->288->290->293->306->317->358->363->379->384->394->407->396->397->401->406->398->403->413->440->449->455->460->461->462->471->482->497->517->518->537->546->551->553->555->562->569->570->573->593->600->602->615->628->637->642->658->668->694->700->713->721->734->745->748->749->753->763->764->766->783->784->791->815->816->821->826->830->839->842->849->852->860->864->866->867->870->880->882->887->893->894->910->933->944->946->948->976->978->985->991->995->1017->1024->1031->1071->1077->1079->1091->1100->1110->1120->1116->1122->1139->1167->1168->1181->1175->1178->1192->1204->1182->1184->1193->1205->1210->1223->1229->1230->1241->1232->1237->1242->1244->1251->1269->1275->1278->1296->1322->1330->1348->1364->1353->1358->1366->1362->1368->1379->1381->1387->1390->1403->1417->1434->1426->1428->1453->1462->1463->1481->1497->1500->1502->1503->1508->1510->1512->1531->1518->1528->1540->1542->1554->1555->1568->1576->1582->1583->1594->1586->1588->1590->1600->1618->1593->1601->1604->1607->1616->1620->1630->1633->1641->1680->1688->1719->1739->1751->1755->1757->1776->1777->1798->1782->1785->1818->1821->1823->1824->1857->1859->1861->1871->1890->1907->1906->1940->1941->1951->1969->1980->1978->1982->1987->1991->2001->2002->2005->2013->2047->2050->2049->2065->2059->2063->2071->2074->2077->2079->2099->2100->2116->2118->2121->2134->2137->2148->2158->2169->2159->2174->2181->2195->2186->2196->2204->2208->2212->2217->2229->2460->2473->2461,2461->2500
PSO_CHAOTIC,N2500_PS_parking_cost_100_225_I1.dat,2500,7696,125,2491,2500,0.9,0.5,20.5,0.9,1,2441,0.29220000000000057,0.2683,0.0537,11.62,19.840600000000034,17.532000000000036,3.222,20.754000000000033,11.62,19.840600000000034,316134.439,2491->2341->2328->2326->2320->2317->2300->2282->2268->2263->2256->2252->2251->2247->2257->2240->2226->2237->2220->2215->2235->2218->2228->2211->2202->2178->2156->2170->2183->2155->2154->2130->2109->2098->2085->2072->2082->2069->2046->2038->2033->2030->2044->2028->2014->1968->1955->1902->1900->1894->1893->1882->1872->1864->1869->1863->1860->1841->1840->1832->1827->1826->1814->1813->1807->1789->1788->1781->1779->1774->1784->1780->1778->1767->1764->1740->1736->1735->1731->1718->1713->1707->1693->1689->1681->1677->1672->1665->1664->1655->1649->1643->1637->1628->1610->1587->1579->1552->1550->1548->1547->1530->1537->1525->1492->1490->1488->1495->1479->1486->1471->1465->1460->1430->1423->1406->1401->1391->1384->1380->1374->1373->1369->1359->1355->1344->1311->1301->1310->1298->1290->1281->1274->1270->1279->1262->1257->1254->1234->1219->1206->1212->1203->1194->1197->1177->1170->1153->1152->1149->1142->1134->1130->1125->1117->1113->1129->1111->1099->1089->1075->1069->1065->1064->1063->1051->1042->1039->1050->1037->1036->1027->1006->988->981->969->961->929->924->917->912->904->903->896->892->905->888->885->878->877->874->865->857->856->851->818->813->810->805->786->762->776->757->755->725->715->711->708->723->705->696->691->697->698->689->687->681->674->667->659->657->636->609->599->592->588->576->574->586->568->575->564->581->560->549->547->545->543->540->538->561->532->542->534->792->772->525->527->519->747->737->476->469->463->450->439->437->436->430->422->415->408->393->688->373->626->366->344->558->552->520->514->516->299->500->259->254->457->206->410->198->196->193->190->380->370->168->164->326->318->301->278->147->137->354->41->66->56->103->104->91->86->68->63->21->1->2->6->10->11->15->24->19->28->22->26->33->27->34->54->29->49->85->100->119->114->122->123->125->133->134->181->143->146->156->166->158->173->185->192->204->202->260->263->275->288->290->293->306->317->358->363->379->384->394->407->396->397->401->406->398->403->413->440->449->455->460->468->471->482->497->517->518->537->546->551->553->555->562->569->570->573->593->600->602->615->628->637->642->658->668->694->700->713->721->734->745->748->749->753->763->764->766->783->784->791->815->816->821->826->830->839->842->849->852->860->864->866->867->870->880->882->887->893->894->910->933->944->946->948->976->978->985->991->995->1017->1024->1031->1071->1077->1079->1091->1100->1110->1120->1122->1139->1167->1168->1181->1175->1189->1191->1199->1204->1182->1184->1193->1205->1210->1223->1229->1230->1241->1232->1237->1242->1244->1251->1269->1275->1278->1296->1322->1330->1348->1364->1353->1358->1361->1362->1368->1385->1379->1381->1387->1390->1403->1417->1434->1428->1453->1462->1463->1481->1497->1500->1502->1503->1508->1510->1512->1531->1518->1528->1540->1542->1554->1555->1568->1576->1582->1583->1594->1586->1590->1600->1599->1618->1593->1601->1604->1607->1616->1620->1630->1633->1641->1680->1688->1719->1739->1751->1755->1757->1776->1777->1798->1782->1791->1785->1818->1821->1823->1824->1857->1859->1861->1871->1890->1907->1906->1940->1941->1951->1969->1980->1978->1982->1986->1987->1991->2001->2002->2005->2013->2047->2050->2059->2063->2071->2074->2077->2079->2099->2100->2116->2118->2121->2134->2137->2148->2158->2169->2171->2174->2181->2186->2196->2204->2208->2212->2217->2229->2441,2441->2500
PSO_CHAOTIC,N2500_PS_parking_cost_125_250_I1.dat,2500,7696,125,2491,2500,0.9,0.5,20.5,0.9,1,2490,0.2784000000000004,0.1348,0.027,15.42,18.03360000000002,16.704000000000025,1.6199999999999999,18.324000000000026,15.42,18.03360000000002,358307.882,2491->2341->2328->2326->2320->2317->2305->2300->2282->2268->2263->2256->2252->2251->2247->2244->2240->2226->2237->2223->2220->2215->2235->2218->2228->2211->2202->2178->2156->2183->2170->2155->2154->2130->2109->2098->2085->2072->2082->2069->2046->2038->2033->2030->2044->2028->2014->1968->1955->1902->1895->1894->1893->1882->1872->1864->1869->1863->1860->1841->1840->1832->1827->1826->1814->1813->1807->1789->1788->1781->1779->1774->1784->1780->1778->1767->1764->1763->1740->1736->1735->1731->1718->1713->1707->1693->1681->1677->1702->1687->1672->1665->1673->1664->1655->1649->1640->1643->1637->1628->1610->1587->1579->1552->1550->1548->1530->1537->1525->1492->1490->1488->1495->1479->1486->1471->1465->1460->1430->1423->1401->1391->1384->1386->1380->1374->1373->1369->1359->1355->1344->1311->1301->1310->1298->1290->1281->1274->1270->1279->1262->1257->1254->1252->1219->1206->1228->1212->1203->1194->1197->1177->1170->1153->1152->1149->1142->1134->1130->1125->1117->1113->1129->1111->1105->1099->1089->1075->1069->1065->1064->1063->1051->1042->1039->1050->1037->1036->1027->1006->988->981->969->929->924->917->912->904->903->896->892->905->888->885->878->877->874->865->857->856->851->818->813->810->812->805->786->762->776->757->755->725->715->711->708->705->696->691->697->698->689->687->695->681->674->667->661->659->657->636->609->599->592->588->576->574->586->568->575->564->560->549->547->545->543->540->538->561->532->542->530->539->526->524->522->527->508->501->476->469->463->450->436->430->422->415->408->714->712->706->690->680->373->356->626->366->587->577->324->321->314->491->487->500->262->259->254->457->206->418->409->404->392->390->383->380->370->168->333->341->338->163->162->172->105->96->107->83->76->136->214->165->240->247->249->261->252->256->257->269->237->253->367->32->45->27->34->54->29->49->85->100->119->114->122->123->125->133->134->181->191->184->189->216->223->211->212->227->185->192->204->202->260->263->275->288->290->293->306->317->358->363->379->384->394->407->396->397->401->406->398->403->413->440->449->455->460->468->471->482->497->517->518->537->546->551->553->554->555->562->569->570->573->593->600->602->615->628->637->642->658->668->694->700->713->721->734->745->748->749->753->763->765->764->766->783->793->791->815->816->821->826->830->839->842->849->852->860->864->876->866->867->870->880->882->887->893->894->910->933->944->946->948->976->978->985->991->995->1017->1024->1031->1071->1077->1079->1091->1100->1110->1120->1122->1139->1167->1168->1181->1175->1178->1192->1199->1204->1180->1182->1184->1193->1205->1210->1223->1229->1230->1241->1232->1237->1242->1244->1251->1269->1275->1278->1296->1322->1330->1348->1364->1353->1358->1366->1362->1368->1379->1381->1387->1390->1403->1417->1434->1426->1428->1453->1462->1463->1481->1497->1499->1500->1502->1503->1508->1510->1512->1531->1522->1518->1528->1540->1542->1554->1555->1568->1576->1582->1583->1594->1586->1588->1599->1618->1593->1601->1604->1607->1616->1620->1633->1641->1680->1688->1719->1739->1751->1755->1757->1776->1777->1798->1782->1791->1785->1818->1821->1823->1824->1857->1859->1861->1871->1890->1907->1906->1940->1941->1951->1969->1980->1978->1982->1986->1987->1991->1992->2002->2005->2013->2047->2059->2063->2071->2074->2077->2079->2099->2100->2116->2118->2121->2134->2137->2148->2158->2169->2159->2174->2181->2195->2186->2196->2204->2208->2212->2217->2229->2490,2490->2500
PSO_CHAOTIC,N2500_PS_parking_cost_150_300_I1.dat,2500,7696,125,2491,2500,0.9,0.5,20.5,0.9,1,2425,0.3018000000000008,0.3145,0.0629,15.95,21.28880000000004,18.108000000000047,3.774,21.882000000000048,15.95,21.28880000000004,718196.111,2491->2493->2487->2341->2332->2328->2326->2320->2317->2300->2282->2268->2263->2256->2252->2251->2247->2244->2240->2226->2237->2220->2215->2235->2218->2214->2211->2202->2187->2178->2156->2183->2155->2154->2130->2109->2098->2085->2072->2082->2069->2046->2038->2033->2030->2044->2028->2017->2014->1968->1955->1902->1895->1894->1893->1882->1872->1864->1869->1863->1860->1841->1840->1832->1827->1826->1814->1813->1807->1789->1788->1781->1779->1774->1784->1780->1778->1767->1764->1740->1736->1735->1731->1718->1713->1707->1693->1681->1677->1687->1672->1665->1664->1655->1649->1643->1637->1628->1610->1587->1579->1552->1550->1548->1530->1537->1525->1492->1490->1488->1495->1479->1486->1471->1465->1460->1430->1423->1401->1391->1384->1380->1374->1373->1369->1359->1355->1344->1311->1301->1310->1298->1290->1281->1274->1270->1279->1262->1257->1254->1252->1219->1206->1212->1203->1194->1197->1177->1170->1153->1152->1149->1142->1134->1130->1125->1117->1113->1129->1111->1099->1089->1075->1069->1065->1064->1063->1051->1042->1039->1050->1037->1036->1027->1006->988->981->969->929->924->917->912->904->903->896->892->905->888->885->878->877->874->865->861->857->856->851->813->810->812->805->786->762->761->757->755->725->715->711->708->705->696->691->697->698->689->687->681->674->667->661->659->657->636->609->599->592->588->576->574->586->568->575->581->560->549->547->545->543->540->566->561->548->532->542->530->539->526->525->524->522->508->519->747->737->733->731->744->467->450->437->436->726->720->714->712->393->387->688->373->356->631->623->365->348->346->577->324->321->314->493->509->296->500->262->464->466->456->457->206->209->201->198->196->392->390->383->380->178->174->168->341->338->163->175->105->110->115->52->51->50->82->78->77->69->176->171->148->226->237->253->20->26->30->34->54->29->49->85->100->119->114->122->123->125->133->152->134->181->143->146->156->187->195->211->212->227->185->192->204->202->260->263->275->288->290->293->306->317->358->363->379->384->394->407->396->397->401->406->398->403->413->440->449->455->460->461->462->471->482->495->497->517->518->537->546->551->553->554->555->562->569->570->573->593->600->602->615->628->637->642->658->668->694->700->709->713->721->734->745->748->749->753->763->764->766->783->793->791->815->816->822->821->826->830->839->842->849->852->860->864->866->867->870->880->882->887->893->894->910->933->944->946->948->976->978->985->991->995->1011->1017->1024->1031->1071->1077->1079->1091->1100->1110->1120->1122->1139->1167->1168->1181->1175->1178->1192->1180->1182->1184->1193->1205->1210->1223->1229->1230->1241->1232->1237->1242->1244->1251->1269->1275->1278->1296->1322->1330->1348->1364->1353->1358->1361->1362->1368->1379->1381->1387->1390->1403->1417->1434->1426->1428->1453->1462->1463->1481->1497->1500->1502->1503->1508->1510->1512->1521->1522->1518->1528->1540->1542->1554->1555->1568->1576->1582->1583->1594->1586->1588->1599->1618->1593->1601->1595->1607->1616->1620->1630->1633->1641->1680->1688->1719->1739->1751->1755->1757->1776->1777->1798->1782->1791->1785->1818->1821->1823->1824->1857->1859->1861->1871->1890->1907->1906->1940->1941->1951->1969->1980->1978->1982->1986->1987->1991->1992->2001->2002->2005->2013->2047->2050->2065->2081->2096->2110->2063->2071->2074->2077->2079->2099->2100->2116->2118->2121->2134->2137->2148->2158->2169->2159->2174->2181->2186->2196->2204->2208->2212->2217->2229->2425,2425->2500
PSO_CHAOTIC,N2500_PS_parking_cost_80_205_I1.dat,2500,7696,125,2491,2500,0.9,0.5,20.5,0.9,1,2461,0.30590000000000067,0.1953,0.0391,9.15,19.545000000000037,18.354000000000042,2.346,20.700000000000042,9.15,19.545000000000037,318747.246,2491->2341->2328->2326->2320->2317->2300->2282->2268->2263->2256->2252->2251->2247->2257->2240->2226->2237->2220->2215->2235->2218->2228->2211->2202->2178->2156->2170->2183->2155->2154->2130->2109->2098->2085->2072->2082->2069->2046->2038->2033->2030->2044->2028->2017->2014->1968->1955->1902->1895->1894->1893->1882->1872->1864->1869->1863->1860->1841->1840->1832->1827->1826->1814->1813->1807->1789->1788->1781->1779->1774->1784->1780->1778->1767->1764->1763->1740->1736->1735->1731->1718->1713->1707->1693->1681->1677->1687->1672->1665->1664->1655->1649->1643->1637->1628->1610->1587->1579->1552->1550->1548->1530->1537->1525->1524->1492->1490->1488->1495->1479->1486->1471->1465->1460->1430->1423->1406->1401->1391->1384->1380->1374->1373->1369->1359->1355->1344->1311->1301->1310->1298->1290->1281->1274->1270->1279->1262->1257->1254->1234->1219->1206->1228->1203->1194->1197->1177->1170->1153->1152->1149->1142->1134->1130->1125->1117->1113->1129->1111->1105->1099->1089->1075->1069->1065->1064->1063->1051->1042->1039->1050->1037->1036->1027->1006->988->981->969->929->924->917->912->904->903->896->892->905->888->885->878->877->874->865->857->856->851->813->810->805->786->762->761->757->755->725->715->711->708->705->696->691->697->698->689->687->695->681->674->667->659->657->636->609->599->592->588->576->574->586->568->575->564->581->560->549->547->545->543->540->538->561->548->542->530->534->792->772->747->519->527->508->501->476->469->463->731->739->727->726->430->408->714->712->706->690->680->373->361->356->626->366->344->558->314->321->516->299->298->500->259->254->457->206->410->404->392->390->383->380->370->168->164->163->162->172->169->153->272->151->108->112->124->118->95->87->97->76->136->203->208->200->261->252->221->15->24->19->20->32->30->34->54->29->49->85->111->119->114->122->123->125->133->134->181->143->194->189->216->223->187->177->167->158->173->185->197->204->202->260->263->275->288->290->293->306->317->358->363->379->384->394->407->396->397->401->406->398->403->413->440->449->455->460->461->462->471->482->497->517->518->537->546->551->553->555->562->569->570->573->593->600->602->615->628->637->642->658->668->694->700->713->721->734->745->748->749->753->763->764->766->783->784->791->815->816->821->826->830->839->842->849->852->860->864->866->867->870->880->882->887->893->894->910->933->944->946->948->976->978->985->991->995->1017->1024->1031->1071->1077->1079->1091->1100->1110->1120->1116->1122->1139->1167->1168->1181->1175->1178->1192->1204->1182->1184->1193->1205->1210->1223->1229->1230->1241->1232->1237->1242->1244->1251->1269->1275->1278->1296->1322->1330->1348->1364->1353->1358->1366->1362->1368->1379->1381->1387->1390->1403->1417->1434->1426->1428->1453->1462->1463->1481->1497->1500->1502->1503->1508->1510->1512->1531->1518->1528->1540->1542->1554->1555->1568->1576->1582->1583->1594->1586->1588->1590->1600->1618->1593->1601->1604->1607->1616->1620->1630->1633->1641->1680->1688->1719->1739->1751->1755->1757->1776->1777->1798->1782->1785->1818->1821->1823->1824->1857->1859->1861->1871->1890->1907->1906->1940->1941->1951->1969->1980->1978->1982->1987->1991->2001->2002->2005->2013->2047->2050->2049->2065->2059->2063->2071->2074->2077->2079->2099->2100->2116->2118->2121->2134->2137->2148->2158->2169->2159->2174->2181->2195->2186->2196->2204->2208->2212->2217->2229->2460->2473->2461,2461->2500
PSO_CHAOTIC,N2500_PS_parking_supply_P10_I1.dat,2500,7892,223,2491,2500,0.9,0.5,20.5,0.9,1,2490,0.8481000000000002,0.1348,0.027,10.63,48.31840000000001,50.88600000000001,1.6199999999999999,52.506000000000014,10.63,48.31840000000001,733909.123,2491->2341->2328->2326->2320->2317->2300->2282->2268->2263->2256->2252->2251->2247->2244->2240->2226->2237->2223->2220->2235->2218->2228->2211->2202->2178->2156->2183->2155->2154->2130->2109->2098->2085->2072->2082->2069->2046->2038->2033->2030->2044->2028->2017->2014->1968->1955->1902->1895->1894->1893->1882->1872->1864->1869->1863->1860->1841->1840->1832->1827->1826->1814->1813->1807->1789->1788->1781->1779->1774->1784->1780->1778->1767->1764->1763->1740->1736->1735->1731->1718->1713->1707->1693->1681->1677->1672->1665->1664->1655->1649->1643->1637->1628->1625->1610->1587->1579->1552->1550->1548->1547->1530->1537->1525->1492->1490->1488->1495->1479->1486->1471->1465->1460->1430->1423->1401->1391->1384->1380->1374->1373->1369->1359->1355->1344->1311->1301->1310->1298->1290->1281->1274->1270->1279->1277->1262->1257->1254->1234->1219->1206->1228->1203->1194->1197->1177->1170->1153->1152->1149->1142->1134->1130->1125->1117->1113->1129->1111->1099->1089->1075->1069->1065->1064->1063->1051->1042->1039->1050->1037->1036->1027->1006->988->981->969->929->924->917->912->904->903->896->892->905->888->885->878->877->874->865->861->857->856->851->818->813->810->812->805->786->762->761->757->755->725->715->711->723->705->696->691->697->689->687->695->681->674->667->659->657->636->609->599->592->588->576->574->586->568->575->581->560->549->547->545->543->540->538->561->548->542->534->539->526->525->527->508->747->737->476->469->463->450->739->727->726->720->714->712->706->690->680->373->356->350->365->348->346->587->594->329->324->516->509->289->299->296->500->262->458->466->464->456->457->206->209->201->198->392->390->383->385->183->178->174->335->333->326->318->162->175->105->95->87->136->113->145->148->226->369->359->24->19->28->22->30->34->54->53->29->49->85->100->119->114->122->123->125->133->152->134->181->191->184->189->216->187->223->195->211->212->173->185->197->204->202->260->263->275->288->290->293->306->317->358->363->379->384->394->407->396->397->401->406->398->403->413->440->449->455->460->468->471->482->497->517->518->537->546->551->553->554->555->562->569->570->573->593->600->602->615->628->637->642->658->668->694->700->713->721->734->745->748->749->753->763->764->766->783->784->791->815->816->822->821->826->830->839->842->849->852->860->864->866->867->870->880->882->887->893->894->910->933->944->946->948->976->978->985->991->995->1017->1024->1031->1068->1071->1077->1079->1091->1100->1110->2500->2490,2490->2500
PSO_CHAOTIC,N2500_PS_parking_supply_P15_I1.dat,2500,7892,223,2491,2500,0.9,0.5,20.5,0.9,1,2490,0.8481000000000002,0.1348,0.027,10.63,48.31840000000001,50.88600000000001,1.6199999999999999,52.506000000000014,10.63,48.31840000000001,951344.338,2491->2341->2328->2326->2320->2317->2300->2282->2268->2263->2256->2252->2251->2247->2244->2240->2226->2237->2223->2220->2235->2218->2228->2211->2202->2178->2156->2183->2155->2154->2130->2109->2098->2085->2072->2082->2069->2046->2038->2033->2030->2044->2028->2017->2014->1968->1955->1902->1895->1894->1893->1882->1872->1864->1869->1863->1860->1841->1840->1832->1827->1826->1814->1813->1807->1789->1788->1781->1779->1774->1784->1780->1778->1767->1764->1763->1740->1736->1735->1731->1718->1713->1707->1693->1681->1677->1672->1665->1664->1655->1649->1643->1637->1628->1625->1610->1587->1579->1552->1550->1548->1547->1530->1537->1525->1492->1490->1488->1495->1479->1486->1471->1465->1460->1430->1423->1401->1391->1384->1380->1374->1373->1369->1359->1355->1344->1311->1301->1310->1298->1290->1281->1274->1270->1279->1277->1262->1257->1254->1234->1219->1206->1228->1203->1194->1197->1177->1170->1153->1152->1149->1142->1134->1130->1125->1117->1113->1129->1111->1099->1089->1075->1069->1065->1064->1063->1051->1042->1039->1050->1037->1036->1027->1006->988->981->969->929->924->917->912->904->903->896->892->905->888->885->878->877->874->865->861->857->856->851->818->813->810->812->805->786->762->761->757->755->725->715->711->723->705->696->691->697->689->687->695->681->674->667->659->657->636->609->599->592->588->576->574->586->568->575->581->560->549->547->545->543->540->538->561->548->542->534->539->526->525->527->508->747->737->476->469->463->450->739->727->726->720->714->712->706->690->680->373->356->350->365->348->346->587->594->329->324->516->509->289->299->296->500->262->458->466->464->456->457->206->209->201->198->392->390->383->385->183->178->174->335->333->326->318->162->175->105->95->87->136->113->145->148->226->369->359->24->19->28->22->30->34->54->53->29->49->85->100->119->114->122->123->125->133->152->134->181->191->184->189->216->187->223->195->211->212->173->185->197->204->202->260->263->275->288->290->293->306->317->358->363->379->384->394->407->396->397->401->406->398->403->413->440->449->455->460->468->471->482->497->517->518->537->546->551->553->554->555->562->569->570->573->593->600->602->615->628->637->642->658->668->694->700->713->721->734->745->748->749->753->763->764->766->783->784->791->815->816->822->821->826->830->839->842->849->852->860->864->866->867->870->880->882->887->893->894->910->933->944->946->948->976->978->985->991->995->1017->1024->1031->1068->1071->1077->1079->1091->1100->1110->2500->2490,2490->2500
PSO_CHAOTIC,N2500_PS_parking_supply_P20_I1.dat,2500,7892,223,2491,2500,0.9,0.5,20.5,0.9,1,2490,0.8481000000000002,0.1348,0.027,10.63,48.31840000000001,50.88600000000001,1.6199999999999999,52.506000000000014,10.63,48.31840000000001,1030396.278,2491->2341->2328->2326->2320->2317->2300->2282->2268->2263->2256->2252->2251->2247->2244->2240->2226->2237->2223->2220->2235->2218->2228->2211->2202->2178->2156->2183->2155->2154->2130->2109->2098->2085->2072->2082->2069->2046->2038->2033->2030->2044->2028->2017->2014->1968->1955->1902->1895->1894->1893->1882->1872->1864->1869->1863->1860->1841->1840->1832->1827->1826->1814->1813->1807->1789->1788->1781->1779->1774->1784->1780->1778->1767->1764->1763->1740->1736->1735->1731->1718->1713->1707->1693->1681->1677->1672->1665->1664->1655->1649->1643->1637->1628->1625->1610->1587->1579->1552->1550->1548->1547->1530->1537->1525->1492->1490->1488->1495->1479->1486->1471->1465->1460->1430->1423->1401->1391->1384->1380->1374->1373->1369->1359->1355->1344->1311->1301->1310->1298->1290->1281->1274->1270->1279->1277->1262->1257->1254->1234->1219->1206->1228->1203->1194->1197->1177->1170->1153->1152->1149->1142->1134->1130->1125->1117->1113->1129->1111->1099->1089->1075->1069->1065->1064->1063->1051->1042->1039->1050->1037->1036->1027->1006->988->981->969->929->924->917->912->904->903->896->892->905->888->885->878->877->874->865->861->857->856->851->818->813->810->812->805->786->762->761->757->755->725->715->711->723->705->696->691->697->689->687->695->681->674->667->659->657->636->609->599->592->588->576->574->586->568->575->581->560->549->547->545->543->540->538->561->548->542->534->539->526->525->527->508->747->737->476->469->463->450->739->727->726->720->714->712->706->690->680->373->356->350->365->348->346->587->594->329->324->516->509->289->299->296->500->262->458->466->464->456->457->206->209->201->198->392->390->383->385->183->178->174->335->333->326->318->162->175->105->95->87->136->113->145->148->226->369->359->24->19->28->22->30->34->54->53->29->49->85->100->119->114->122->123->125->133->152->134->181->191->184->189->216->187->223->195->211->212->173->185->197->204->202->260->263->275->288->290->293->306->317->358->363->379->384->394->407->396->397->401->406->398->403->413->440->449->455->460->468->471->482->497->517->518->537->546->551->553->554->555->562->569->570->573->593->600->602->615->628->637->642->658->668->694->700->713->721->734->745->748->749->753->763->764->766->783->784->791->815->816->822->821->826->830->839->842->849->852->860->864->866->867->870->880->882->887->893->894->910->933->944->946->948->976->978->985->991->995->1017->1024->1031->1068->1071->1077->1079->1091->1100->1110->2500->2490,2490->2500
PSO_CHAOTIC,N2500_PS_parking_supply_P5_I1.dat,2500,7696,125,2491,2500,0.9,0.5,20.5,0.9,1,2461,0.30590000000000067,0.1953,0.0391,9.15,19.545000000000037,18.354000000000042,2.346,20.700000000000042,9.15,19.545000000000037,788661.163,2491->2341->2328->2326->2320->2317->2300->2282->2268->2263->2256->2252->2251->2247->2257->2240->2226->2237->2220->2215->2235->2218->2228->2211->2202->2178->2156->2170->2183->2155->2154->2130->2109->2098->2085->2072->2082->2069->2046->2038->2033->2030->2044->2028->2017->2014->1968->1955->1902->1895->1894->1893->1882->1872->1864->1869->1863->1860->1841->1840->1832->1827->1826->1814->1813->1807->1789->1788->1781->1779->1774->1784->1780->1778->1767->1764->1763->1740->1736->1735->1731->1718->1713->1707->1693->1681->1677->1687->1672->1665->1664->1655->1649->1643->1637->1628->1610->1587->1579->1552->1550->1548->1530->1537->1525->1524->1492->1490->1488->1495->1479->1486->1471->1465->1460->1430->1423->1406->1401->1391->1384->1380->1374->1373->1369->1359->1355->1344->1311->1301->1310->1298->1290->1281->1274->1270->1279->1262->1257->1254->1234->1219->1206->1228->1203->1194->1197->1177->1170->1153->1152->1149->1142->1134->1130->1125->1117->1113->1129->1111->1105->1099->1089->1075->1069->1065->1064->1063->1051->1042->1039->1050->1037->1036->1027->1006->988->981->969->929->924->917->912->904->903->896->892->905->888->885->878->877->874->865->857->856->851->813->810->805->786->762->761->757->755->725->715->711->708->705->696->691->697->698->689->687->695->681->674->667->659->657->636->609->599->592->588->576->574->586->568->575->564->581->560->549->547->545->543->540->538->561->548->542->530->534->792->772->747->519->527->508->501->476->469->463->731->739->727->726->430->408->714->712->706->690->680->373->361->356->626->366->344->558->314->321->516->299->298->500->259->254->457->206->410->404->392->390->383->380->370->168->164->163->162->172->169->153->272->151->108->112->124->118->95->87->97->76->136->203->208->200->261->252->221->15->24->19->20->32->30->34->54->29->49->85->111->119->114->122->123->125->133->134->181->143->194->189->216->223->187->177->167->158->173->185->197->204->202->260->263->275->288->290->293->306->317->358->363->379->384->394->407->396->397->401->406->398->403->413->440->449->455->460->461->462->471->482->497->517->518->537->546->551->553->555->562->569->570->573->593->600->602->615->628->637->642->658->668->694->700->713->721->734->745->748->749->753->763->764->766->783->784->791->815->816->821->826->830->839->842->849->852->860->864->866->867->870->880->882->887->893->894->910->933->944->946->948->976->978->985->991->995->1017->1024->1031->1071->1077->1079->1091->1100->1110->1120->1116->1122->1139->1167->1168->1181->1175->1178->1192->1204->1182->1184->1193->1205->1210->1223->1229->1230->1241->1232->1237->1242->1244->1251->1269->1275->1278->1296->1322->1330->1348->1364->1353->1358->1366->1362->1368->1379->1381->1387->1390->1403->1417->1434->1426->1428->1453->1462->1463->1481->1497->1500->1502->1503->1508->1510->1512->1531->1518->1528->1540->1542->1554->1555->1568->1576->1582->1583->1594->1586->1588->1590->1600->1618->1593->1601->1604->1607->1616->1620->1630->1633->1641->1680->1688->1719->1739->1751->1755->1757->1776->1777->1798->1782->1785->1818->1821->1823->1824->1857->1859->1861->1871->1890->1907->1906->1940->1941->1951->1969->1980->1978->1982->1987->1991->2001->2002->2005->2013->2047->2050->2049->2065->2059->2063->2071->2074->2077->2079->2099->2100->2116->2118->2121->2134->2137->2148->2158->2169->2159->2174->2181->2195->2186->2196->2204->2208->2212->2217->2229->2460->2473->2461,2461->2500
PSO_CHAOTIC,N2500_PS_traffic_high_I1.dat,2500,7696,125,2491,2500,0.9,0.5,20.5,0.9,1,2476,1.1046000000000011,0.1661,0.0332,8.29,62.27020000000007,66.27600000000007,1.992,68.26800000000006,8.29,62.27020000000007,663124.943,2491->2487->2484->2481->2341->2328->2326->2320->2317->2300->2282->2268->2263->2256->2252->2251->2247->2257->2240->2226->2237->2220->2235->2218->2214->2228->2211->2202->2187->2178->2156->2170->2155->2154->2136->2130->2109->2098->2085->2072->2082->2069->2046->2038->2033->2030->2044->2028->2014->1968->1955->1902->1910->1894->1893->1882->1872->1864->1869->1863->1860->1841->1840->1832->1827->1826->1814->1813->1807->1789->1788->1781->1779->1774->1784->1780->1778->1767->1764->1740->1736->1735->1731->1718->1713->1707->1693->1681->1677->1687->1672->1665->1664->1655->1649->1643->1637->1628->1625->1610->1587->1579->1552->1550->1548->1530->1537->1525->1492->1490->1488->1495->1479->1486->1471->1465->1460->1430->1423->1401->1391->1384->1380->1374->1373->1369->1359->1355->1344->1311->1301->1310->1298->1290->1281->1274->1270->1279->1262->1257->1254->1252->1219->1206->1228->1203->1194->1197->1177->1170->1153->1152->1149->1142->1134->1130->1125->1117->1113->1129->1111->1099->1089->1075->1069->1065->1064->1063->1051->1042->1039->1050->1037->1036->1027->1006->988->981->969->929->924->917->912->904->903->896->892->905->888->885->878->877->874->865->857->856->851->813->810->805->786->762->761->757->755->725->715->711->708->723->705->696->691->697->689->687->681->674->667->659->669->657->636->609->599->592->588->576->574->586->568->575->564->560->549->547->545->543->540->538->561->548->532->542->534->792->772->747->737->733->469->463->467->450->436->430->408->393->387->372->375->371->633->623->348->346->587->329->324->516->299->289->500->262->464->456->457->206->209->201->198->392->390->383->385->183->178->174->168->164->163->162->172->155->108->61->52->57->80->65->113->21->1->9->10->13->14->15->24->19->20->26->32->33->30->34->54->53->89->98->67->85->100->119->114->122->123->125->133->134->181->143->146->156->187->177->167->158->173->185->192->204->202->260->263->275->288->290->293->306->317->358->363->379->384->394->407->396->397->401->406->398->403->413->440->449->455->460->461->462->471->482->495->497->517->518->537->546->551->553->554->555->562->569->570->573->593->600->602->615->628->637->642->658->668->694->700->713->721->734->745->748->749->753->763->764->766->783->784->791->815->816->821->826->830->839->842->849->852->860->864->866->875->867->870->880->882->889->887->893->894->910->933->944->946->948->976->978->985->991->995->1017->1024->1031->1071->1077->1079->1091->1100->1110->1120->1122->1139->1167->1168->1181->1175->1178->1192->1199->1204->1182->1184->1193->1205->1210->1223->1229->1230->1241->1232->1237->1242->1244->1251->1269->1275->1278->1296->1322->1330->1348->1364->1353->1358->1361->1362->1368->1379->1381->1387->1390->1403->1417->1434->1426->1428->1453->1462->1463->1481->1497->1500->1502->1503->1508->1510->1512->1531->1518->1528->1540->1542->1554->1555->1568->1576->1582->1583->1594->1586->1588->1599->1618->1593->1601->1595->1607->1616->1620->1633->1641->1680->1688->2500->2476,2476->2500
PSO_CHAOTIC,N2500_PS_traffic_low_I1.dat,2500,7696,125,2491,2500,0.9,0.5,20.5,0.9,1,2490,0.2703000000000008,0.1348,0.027,10.63,17.117200000000047,16.21800000000005,1.6199999999999999,17.83800000000005,10.63,17.117200000000047,911335.252,2491->2341->2328->2326->2320->2317->2300->2282->2268->2263->2256->2252->2251->2247->2257->2240->2226->2237->2220->2235->2236->2218->2228->2214->2211->2202->2178->2156->2183->2170->2155->2154->2130->2109->2098->2085->2072->2082->2069->2046->2038->2033->2030->2044->2028->2014->1968->1955->1902->1900->1894->1893->1882->1872->1864->1869->1863->1860->1841->1840->1832->1827->1826->1814->1813->1807->1789->1806->1781->1779->1774->1784->1780->1778->1767->1764->1763->1740->1736->1735->1731->1718->1713->1707->1693->1681->1677->1702->1687->1672->1665->1673->1664->1655->1649->1643->1637->1628->1610->1587->1579->1552->1550->1548->1530->1537->1525->1492->1490->1488->1495->1479->1486->1471->1465->1460->1430->1423->1401->1391->1384->1386->1380->1374->1373->1369->1359->1355->1344->1311->1301->1310->1298->1290->1281->1274->1270->1279->1262->1257->1254->1234->1219->1206->1228->1203->1194->1197->1177->1170->1153->1152->1149->1142->1134->1130->1125->1117->1113->1129->1111->1099->1089->1075->1069->1065->1064->1063->1051->1055->1042->1039->1050->1037->1036->1027->1006->988->981->969->929->924->917->912->907->904->903->896->892->905->888->885->878->877->874->865->857->856->851->818->813->810->805->786->762->776->761->757->755->725->715->711->708->705->696->691->697->698->689->687->681->674->667->659->657->636->609->599->592->588->576->574->586->568->575->581->564->560->549->547->545->543->540->538->561->548->542->530->539->526->524->522->508->519->747->737->733->731->744->739->727->437->439->450->436->430->415->408->714->712->706->690->680->663->677->373->626->366->344->558->552->314->493->491->487->485->479->262->259->254->457->441->438->206->209->201->198->392->390->383->380->370->168->164->163->162->172->169->155->108->51->50->48->47->77->69->25->36->46->35->23->63->150->148->226->237->253->20->32->45->27->34->54->29->89->98->67->85->100->119->114->122->123->125->133->134->181->143->191->184->189->216->187->177->167->158->211->212->227->185->192->204->202->260->263->275->288->290->293->306->317->358->363->379->384->394->407->396->397->401->406->398->403->413->440->449->455->460->461->462->471->482->495->497->517->518->537->546->551->553->555->562->569->570->573->593->600->602->615->628->637->642->658->668->694->700->709->713->721->734->745->748->749->753->763->764->766->783->784->791->815->816->821->826->830->839->842->849->852->860->864->866->867->870->880->882->887->893->894->910->933->944->946->956->976->978->985->991->995->1017->1024->1031->1071->1077->1079->1091->1100->1110->1120->1116->1122->1139->1167->1168->1173->1175->1178->1192->1180->1204->1182->1184->1193->1205->1210->1223->1229->1230->1241->1232->1237->1242->1244->1251->1269->1275->1278->1296->1322->1330->1348->1364->1353->1358->1366->1362->1368->1379->1381->1387->1390->1403->1417->1408->1426->1428->1453->1462->1463->1481->1497->1499->1500->1502->1503->1508->1510->1512->1531->1518->1528->1540->1542->1554->1555->1568->1576->1582->1583->1594->1586->1588->1599->1618->1593->1601->1595->1607->1616->1620->1633->1641->1680->1688->1719->1739->1751->1755->1757->1776->1777->1798->1782->1785->1818->1821->1823->1824->1857->1861->1871->1890->1907->1906->1940->1941->1951->1969->1980->1978->1982->1986->1987->1991->2001->2002->2005->2013->2047->2059->2063->2071->2074->2077->2079->2099->2100->2116->2118->2121->2134->2137->2148->2158->2169->2171->2174->2181->2195->2186->2196->2204->2208->2212->2217->2229->2490,2490->2500
PSO_CHAOTIC,N2500_PS_traffic_medium_I1.dat,2500,7696,125,2491,2500,0.9,0.5,20.5,0.9,1,2490,0.7308000000000007,0.1348,0.027,10.63,41.98420000000004,43.84800000000004,1.6199999999999999,45.46800000000004,10.63,41.98420000000004,1615795.772,2491->2487->2493->2484->2481->2478->2341->2328->2326->2320->2317->2305->2300->2282->2268->2263->2256->2252->2251->2247->2244->2240->2226->2237->2220->2235->2218->2228->2211->2202->2178->2156->2170->2155->2154->2130->2109->2098->2085->2072->2082->2069->2046->2038->2033->2030->2044->2028->2017->2014->1968->1955->1902->1895->1894->1893->1882->1872->1864->1869->1863->1860->1841->1840->1832->1827->1826->1814->1813->1807->1789->1788->1781->1779->1774->1784->1780->1778->1767->1764->1740->1736->1735->1731->1718->1713->1707->1693->1681->1677->1672->1665->1664->1655->1649->1643->1637->1628->1610->1587->1579->1552->1550->1548->1530->1537->1525->1492->1490->1488->1495->1479->1486->1471->1465->1460->1430->1423->1401->1391->1384->1380->1374->1373->1369->1359->1355->1344->1311->1301->1310->1298->1290->1281->1274->1270->1279->1262->1257->1254->1234->1219->1206->1212->1203->1194->1197->1177->1170->1153->1152->1149->1142->1134->1130->1125->1117->1113->1129->1111->1099->1089->1075->1069->1065->1064->1063->1051->1042->1039->1050->1037->1036->1027->1006->988->981->969->961->929->924->917->912->904->903->896->892->905->888->885->878->877->874->865->861->857->856->851->818->813->810->812->805->786->762->776->761->757->755->741->725->715->711->708->705->696->691->697->698->689->687->681->674->667->659->657->636->609->599->592->588->576->574->586->568->575->581->560->549->547->545->543->540->566->561->532->542->534->539->526->525->527->519->501->737->476->469->463->450->436->726->720->714->712->706->690->680->373->356->350->365->348->346->558->314->491->266->262->259->254->457->206->210->410->404->392->390->383->190->183->178->174->168->164->163->175->105->95->87->136->113->145->369->226->237->253->367->32->30->34->54->53->89->49->67->85->100->119->114->122->123->125->133->152->134->181->191->184->189->216->187->195->223->211->212->173->185->197->204->202->260->263->275->288->290->293->306->317->358->363->379->384->394->407->396->397->401->406->398->403->413->440->449->455->460->461->462->471->482->495->497->517->518->537->546->551->553->555->562->569->570->573->593->600->602->615->628->637->642->658->668->694->700->709->713->721->734->745->748->749->753->763->765->764->766->783->784->791->815->816->821->826->830->839->842->849->852->860->864->866->867->870->880->882->887->893->894->910->933->944->946->948->976->978->985->991->995->1011->1017->1024->1031->1068->1071->1077->1079->1091->1100->1110->1120->1116->1122->1139->1167->1168->1181->1175->1178->1192->1180->1182->1184->1193->1205->1210->1223->1229->1230->1241->1232->1237->1242->1244->1251->1269->1275->1278->1296->1322->1330->1348->1364->1353->1358->1361->1362->1368->1379->1382->1381->1387->1390->1403->1417->1434->1428->1453->1462->1463->1481->1497->1500->1502->1503->1508->1510->1512->1531->1518->1528->1540->1542->1554->1555->1568->1576->1582->1583->1594->1586->1588->1599->1600->1618->1593->1601->1604->1607->1616->1620->1633->1641->2500->2490,2490->2500
PSO_CHAOTIC,N2500_PS_traffic_very_low_I1.dat,2500,7696,125,2491,2500,0.9,0.5,20.5,0.9,1,2490,0.24650000000000044,0.1348,0.027,10.63,15.832000000000024,14.790000000000026,1.6199999999999999,16.41000000000003,10.63,15.832000000000024,826589.43,2491->2487->2341->2328->2326->2320->2317->2300->2282->2268->2263->2256->2252->2251->2247->2257->2240->2226->2237->2220->2235->2218->2228->2211->2202->2187->2178->2156->2183->2170->2155->2154->2130->2109->2098->2085->2072->2082->2069->2046->2038->2033->2030->2044->2028->2017->2014->1968->1955->1902->1900->1894->1893->1882->1872->1864->1869->1863->1860->1841->1840->1832->1827->1826->1814->1813->1807->1789->1788->1781->1779->1774->1784->1780->1778->1767->1764->1763->1740->1736->1735->1731->1718->1713->1707->1693->1681->1677->1702->1687->1672->1665->1664->1655->1649->1643->1637->1628->1610->1587->1579->1552->1550->1548->1547->1530->1537->1525->1524->1492->1490->1488->1495->1479->1486->1471->1465->1460->1430->1423->1406->1401->1391->1384->1380->1374->1373->1369->1359->1355->1344->1311->1301->1310->1298->1290->1281->1274->1270->1279->1277->1262->1257->1254->1234->1219->1206->1228->1203->1194->1197->1177->1170->1153->1152->1149->1142->1134->1130->1125->1117->1113->1129->1111->1105->1099->1089->1075->1069->1065->1064->1063->1051->1042->1039->1050->1037->1036->1027->1006->988->981->969->929->924->917->912->907->904->903->896->892->905->888->885->878->877->874->865->857->856->851->818->813->810->805->786->762->776->757->755->725->715->711->708->705->696->691->697->698->689->687->681->674->667->659->657->636->609->599->592->588->576->574->586->568->575->581->560->549->547->545->543->540->538->561->532->542->534->539->526->524->522->508->519->501->476->469->733->731->739->727->726->430->408->714->712->706->387->688->373->361->626->625->346->344->558->314->321->324->516->299->289->500->262->479->475->458->464->456->457->441->438->206->410->404->392->390->383->190->183->178->174->335->333->326->318->162->172->175->105->118->95->87->97->83->99->109->127->56->103->104->91->86->84->58->46->63->21->1->9->10->13->3->7->14->15->24->19->28->22->30->34->54->29->49->85->100->111->119->114->129->122->123->125->133->134->181->143->146->156->166->158->173->185->197->204->202->260->263->275->288->290->293->297->306->317->358->363->379->384->394->407->396->397->401->406->398->403->413->440->449->455->460->468->471->482->497->517->518->536->537->546->551->553->555->562->569->570->573->593->600->602->615->628->637->642->658->668->694->700->713->721->734->745->748->749->753->763->764->766->783->784->793->791->815->816->821->826->830->839->842->849->852->860->864->866->867->870->880->882->887->893->894->910->933->944->946->948->976->978->985->991->995->1017->1024->1031->1071->1077->1079->1091->1100->1110->1120->1116->1122->1139->1167->1168->1173->1175->1189->1191->1199->1204->1180->1182->1184->1193->1205->1210->1223->1229->1230->1241->1232->1237->1242->1244->1251->1269->1275->1278->1296->1322->1330->1348->1364->1353->1358->1366->1362->1368->1379->1381->1387->1390->1403->1417->1434->1426->1428->1453->1462->1463->1481->1497->1500->1502->1503->1508->1510->1512->1521->1522->1518->1528->1540->1542->1554->1555->1568->1576->1582->1583->1594->1586->1590->1588->1599->1618->1593->1601->1604->1607->1616->1620->1633->1641->1680->1688->1719->1739->1751->1755->1757->1776->1777->1798->1782->1785->1818->1821->1823->1824->1857->1861->1871->1890->1907->1906->1940->1941->1951->1969->1980->1978->1982->1987->1991->2001->2002->2005->2013->2047->2050->2065->2081->2089->2110->2063->2071->2074->2077->2079->2099->2100->2116->2118->2121->2134->2137->2148->2158->2169->2171->2174->2181->2195->2186->2196->2204->2208->2212->2217->2229->2490,2490->2500
PSO_CHAOTIC,N2500_PS_walking_distance_W025_I1.dat,2500,7696,125,2491,2500,0.9,0.25,20.5,0.9,1,2490,0.27420000000000055,0.1348,0.027,10.8,17.34480000000003,16.452000000000034,1.6199999999999999,18.072000000000035,10.8,17.34480000000003,834787.994,2491->2341->2328->2326->2320->2317->2305->2300->2282->2268->2263->2256->2252->2251->2247->2244->2257->2240->2226->2237->2223->2220->2215->2235->2236->2218->2228->2211->2202->2178->2156->2183->2170->2155->2154->2130->2109->2098->2085->2072->2082->2069->2046->2038->2033->2030->2044->2028->2017->2014->1968->1955->1902->1895->1894->1893->1882->1872->1864->1869->1863->1860->1841->1840->1832->1827->1826->1814->1813->1807->1789->1788->1781->1779->1774->1784->1780->1778->1766->1767->1764->1740->1736->1735->1731->1718->1713->1707->1693->1681->1677->1672->1665->1664->1655->1649->1643->1637->1628->1610->1587->1579->1552->1550->1548->1547->1530->1537->1525->1492->1490->1488->1495->1479->1486->1471->1469->1465->1460->1430->1423->1401->1391->1384->1386->1380->1374->1373->1369->1359->1355->1344->1311->1301->1310->1298->1290->1281->1274->1270->1279->1262->1257->1254->1234->1231->1219->1206->1228->1203->1194->1197->1183->1177->1170->1153->1152->1149->1142->1134->1130->1125->1117->1113->1129->1111->1099->1089->1075->1069->1065->1064->1063->1051->1042->1039->1050->1037->1036->1027->1006->988->981->969->961->929->924->917->912->904->903->896->892->905->888->885->878->877->874->865->861->857->856->851->818->813->810->812->805->786->762->776->761->757->755->725->715->711->723->705->696->691->697->689->687->681->674->667->659->669->657->636->609->599->592->588->576->574->586->568->575->581->560->549->547->545->543->540->538->566->561->532->542->530->539->526->525->527->519->501->476->469->463->450->436->430->408->393->387->372->375->633->353->365->348->346->349->334->558->321->516->509->493->284->266->262->259->254->235->438->425->206->210->410->404->392->196->193->190->183->178->174->168->333->326->318->301->153->147->137->354->323->319->255->47->101->82->78->102->104->86->68->171->148->145->369->226->237->253->20->32->30->34->54->53->29->49->85->100->119->114->122->123->125->133->152->134->181->143->146->156->187->223->195->211->212->227->224->231->197->204->202->260->263->268->275->288->290->293->306->317->358->363->379->384->394->407->396->397->401->406->398->403->413->440->449->455->460->468->471->482->497->517->518->537->546->551->553->554->555->562->569->570->573->593->600->602->615->628->637->642->658->668->694->700->713->721->734->745->748->749->753->763->764->766->783->784->791->815->816->822->821->826->830->839->842->849->852->860->864->866->875->867->870->880->882->887->893->894->910->933->944->946->956->948->976->978->985->991->995->1011->1017->1024->1031->1068->1071->1077->1079->1091->1100->1110->1120->1116->1122->1139->1167->1168->1181->1175->1178->1192->1180->1182->1184->1193->1205->1210->1223->1229->1230->1241->1232->1237->1242->1244->1251->1269->1275->1278->1296->1322->1330->1348->1364->1353->1358->1361->1362->1368->1379->1382->1381->1387->1390->1403->1417->1408->1426->1428->1453->1462->1463->1481->1497->1500->1502->1503->1508->1510->1512->1531->1518->1528->1540->1542->1554->1555->1568->1576->1582->1583->1594->1586->1588->1599->1618->1593->1601->1604->1607->1616->1620->1630->1633->1641->1680->1688->1719->1739->1751->1755->1757->1776->1777->1798->1782->1785->1818->1821->1823->1824->1857->1861->1871->1890->1907->1906->1940->1941->1951->1969->1980->1978->1982->1987->1991->1992->2001->2002->2005->2013->2047->2049->2050->2065->2081->2096->2110->2063->2071->2074->2077->2079->2099->2108->2100->2116->2118->2121->2134->2137->2148->2158->2169->2171->2174->2181->2195->2186->2196->2207->2204->2208->2212->2217->2229->2466->2476->2485->2490,2490->2500
PSO_CHAOTIC,N2500_PS_walking_distance_W050_I1.dat,2500,7696,125,2491,2500,0.9,0.5,20.5,0.9,1,2441,0.2718000000000005,0.2683,0.0537,10.6,18.637000000000025,16.30800000000003,3.222,19.530000000000026,10.6,18.637000000000025,513527.134,2491->2341->2328->2326->2320->2317->2300->2282->2268->2263->2256->2252->2251->2247->2257->2240->2226->2237->2220->2215->2235->2218->2228->2214->2211->2202->2178->2156->2170->2183->2155->2154->2130->2109->2098->2085->2072->2082->2069->2046->2038->2033->2030->2044->2028->2014->1968->1955->1902->1900->1894->1893->1882->1872->1864->1869->1863->1860->1841->1840->1832->1827->1826->1814->1813->1807->1789->1788->1781->1779->1774->1771->1784->1780->1778->1767->1764->1763->1740->1736->1735->1731->1718->1713->1707->1693->1681->1677->1687->1672->1665->1664->1655->1649->1643->1637->1628->1610->1587->1579->1552->1550->1548->1530->1537->1525->1524->1492->1490->1488->1495->1479->1486->1471->1465->1460->1430->1423->1401->1391->1384->1380->1374->1373->1369->1359->1355->1344->1311->1301->1310->1298->1290->1281->1274->1270->1279->1262->1257->1254->1234->1219->1206->1228->1203->1194->1197->1177->1170->1153->1152->1149->1142->1134->1130->1125->1117->1113->1129->1111->1099->1089->1075->1069->1065->1064->1063->1051->1042->1039->1050->1037->1036->1027->1006->988->981->969->929->924->917->912->904->903->896->892->905->888->885->878->877->874->865->857->856->851->813->810->805->786->762->776->757->755->725->715->711->723->705->696->691->697->698->689->687->695->681->674->667->659->657->636->609->599->592->588->576->574->586->568->575->564->581->560->549->547->545->543->540->538->561->548->542->534->539->526->525->527->519->501->476->469->733->731->739->727->726->430->408->393->688->373->356->626->366->344->558->321->314->491->487->500->262->464->456->457->206->410->404->392->390->383->380->370->168->164->163->162->172->105->95->87->109->127->56->38->55->59->103->220->16->17->15->24->19->20->32->33->30->34->54->53->89->98->67->85->111->119->114->122->123->125->133->134->181->143->146->156->166->177->167->158->173->185->197->204->202->260->263->275->288->290->293->306->317->358->363->379->384->394->407->396->397->401->406->398->399->403->413->440->449->455->460->461->462->471->482->497->517->518->536->537->546->551->553->555->562->569->570->573->593->600->602->615->628->637->642->658->668->694->700->713->721->734->745->748->749->753->763->764->766->783->784->791->815->816->821->826->830->839->842->849->852->860->864->866->875->867->870->880->882->887->893->894->910->933->944->946->948->976->978->985->991->995->1017->1024->1031->1071->1077->1079->1091->1100->1110->1120->1122->1139->1167->1168->1181->1175->1178->1192->1204->1182->1184->1193->1205->1210->1223->1229->1230->1241->1232->1237->1242->1244->1251->1269->1275->1278->1296->1322->1330->1348->1364->1353->1358->1366->1362->1368->1379->1381->1387->1390->1403->1417->1408->1426->1428->1453->1462->1463->1481->1497->1500->1502->1503->1508->1510->1512->1531->1518->1528->1540->1542->1554->1555->1568->1576->1582->1583->1594->1586->1590->1599->1618->1593->1601->1604->1607->1616->1620->1630->1633->1641->1680->1688->1719->1739->1751->1755->1757->1776->1777->1798->1782->1785->1818->1821->1823->1824->1857->1859->1861->1871->1875->1890->1907->1906->1940->1941->1951->1969->1980->1978->1982->1986->1987->1991->1992->2001->2002->2005->2013->2047->2050->2049->2065->2081->2059->2063->2071->2074->2077->2079->2099->2100->2116->2118->2121->2134->2137->2148->2158->2169->2159->2174->2181->2195->2186->2196->2204->2208->2212->2217->2229->2441,2441->2500
PSO_CHAOTIC,N2500_PS_walking_distance_W075_I1.dat,2500,7696,125,2491,2500,0.9,0.75,20.5,0.9,1,2441,0.2959000000000007,0.2683,0.0537,10.6,19.93840000000004,17.754000000000044,3.222,20.97600000000004,10.6,19.93840000000004,477494.127,2491->2341->2332->2328->2326->2320->2317->2300->2282->2268->2263->2256->2252->2251->2247->2244->2240->2226->2237->2220->2235->2218->2228->2211->2202->2178->2156->2170->2155->2154->2130->2109->2098->2085->2072->2078->2082->2069->2046->2038->2033->2030->2044->2028->2017->2014->1968->1955->1902->1895->1894->1893->1882->1872->1864->1869->1863->1860->1841->1840->1832->1827->1826->1814->1813->1807->1789->1806->1781->1779->1774->1784->1780->1778->1766->1764->1740->1736->1735->1731->1718->1713->1707->1693->1681->1677->1672->1665->1664->1655->1649->1643->1637->1628->1610->1587->1579->1552->1550->1548->1530->1537->1525->1492->1490->1488->1495->1479->1486->1471->1465->1460->1430->1423->1406->1401->1391->1384->1380->1374->1373->1369->1359->1355->1344->1311->1301->1310->1298->1290->1281->1274->1270->1279->1262->1257->1254->1234->1219->1206->1212->1203->1194->1197->1177->1170->1153->1152->1149->1142->1134->1130->1125->1117->1113->1129->1111->1099->1089->1075->1069->1065->1064->1063->1051->1042->1039->1050->1037->1036->1027->1006->988->981->969->961->929->924->917->912->904->903->896->892->905->888->885->878->877->874->865->857->856->851->818->813->810->805->786->762->761->757->755->725->715->711->723->705->696->691->697->689->687->681->674->667->659->657->636->609->599->592->588->576->574->586->568->575->564->581->560->549->547->545->543->540->538->561->532->542->534->530->539->526->524->522->508->501->476->737->733->731->739->727->732->439->437->436->430->408->393->706->387->372->663->688->371->362->626->625->349->558->314->309->298->296->289->284->266->262->259->254->235->233->232->424->425->206->210->410->198->196->390->383->190->183->339->370->168->164->163->175->172->155->108->51->52->57->80->65->62->74->106->84->58->46->35->63->150->145->369->359->24->19->28->22->30->34->54->29->49->67->85->111->119->114->122->123->125->133->134->181->143->191->184->189->216->223->195->166->158->173->185->197->204->202->260->263->275->288->290->293->306->317->358->363->379->384->394->407->396->397->401->406->398->399->403->413->440->449->453->455->460->461->462->471->482->497->517->518->536->537->546->551->553->554->555->562->569->570->573->593->600->602->615->628->637->642->658->668->694->700->713->721->734->745->748->749->753->763->765->764->766->783->793->791->815->816->821->826->830->839->854->849->852->860->864->876->866->867->870->880->882->889->887->893->894->910->933->944->946->948->976->978->985->991->995->1011->1017->1024->1031->1071->1077->1079->1091->1100->1110->1120->1122->1139->1167->1168->1181->1175->1178->1192->1180->1182->1184->1193->1205->1210->1223->1229->1230->1241->1232->1237->1242->1244->1251->1269->1275->1278->1296->1322->1330->1348->1364->1353->1358->1361->1366->1362->1368->1385->1379->1381->1387->1390->1403->1417->1408->1426->1428->1453->1462->1463->1481->1497->1499->1500->1502->1503->1508->1510->1512->1531->1518->1528->1540->1542->1554->1555->1568->1576->1582->1583->1594->1586->1590->1588->1599->1618->1593->1601->1604->1595->1607->1616->1620->1633->1641->1680->1688->1719->1739->1751->1755->1757->1776->1777->1798->1782->1791->1785->1818->1834->1821->1823->1824->1857->1859->1877->1861->1871->1875->1890->1907->1906->1940->1941->1951->1969->1980->1978->1982->1987->1991->1992->2002->2005->2013->2047->2049->2050->2059->2063->2071->2074->2077->2079->2099->2100->2116->2118->2121->2134->2137->2148->2158->2169->2159->2174->2181->2195->2186->2196->2207->2204->2208->2212->2217->2229->2455->2430->2439->2441,2441->2500
PSO_CHAOTIC,N2500_PS_walking_distance_W100_I1.dat,2500,7696,125,2491,2500,0.9,1.0,20.5,0.9,1,2425,0.3154000000000008,0.3145,0.0629,8.84,21.312200000000047,18.92400000000005,3.774,22.698000000000047,8.84,21.312200000000047,164718.6,2491->2341->2328->2326->2320->2317->2300->2282->2268->2263->2256->2252->2251->2247->2257->2240->2226->2237->2223->2220->2235->2218->2214->2211->2202->2178->2156->2170->2155->2154->2136->2130->2109->2098->2085->2072->2082->2078->2069->2046->2038->2033->2030->2044->2028->2014->1968->1955->1902->1895->1894->1893->1882->1872->1864->1869->1863->1860->1841->1840->1832->1827->1826->1814->1813->1807->1789->1788->1781->1779->1774->1784->1780->1778->1767->1764->1740->1736->1735->1731->1718->1713->1707->1693->1681->1677->1672->1665->1664->1655->1649->1643->1637->1628->1625->1610->1587->1579->1552->1550->1548->1530->1537->1525->1524->1492->1490->1488->1495->1479->1486->1471->1465->1460->1430->1423->1406->1401->1391->1384->1380->1374->1373->1369->1359->1355->1344->1311->1301->1310->1298->1290->1281->1274->1270->1279->1262->1257->1254->1252->1219->1206->1228->1203->1194->1197->1177->1170->1153->1152->1149->1142->1134->1130->1125->1117->1113->1129->1111->1105->1099->1089->1075->1069->1065->1064->1063->1051->1042->1039->1050->1037->1036->1027->1006->988->981->969->961->929->924->917->912->904->903->896->892->905->888->885->878->877->874->865->857->856->851->813->810->805->786->762->761->757->755->741->725->715->711->723->705->696->691->697->698->689->687->681->674->667->659->657->636->609->599->592->588->576->574->586->568->575->564->560->549->547->545->543->540->538->561->532->542->530->539->526->525->527->519->501->476->737->733->731->467->744->739->450->436->430->415->408->393->387->706->690->381->372->375->371->362->361->626->366->587->577->324->516->309->298->296->289->299->500->259->254->457->441->438->425->424->232->230->420->217->228->410->198->392->193->190->183->339->338->163->175->105->118->95->87->136->113->21->1->2->3->220->16->17->18->15->24->19->20->32->45->27->34->54->29->89->49->85->111->119->114->122->123->125->133->134->181->143->146->216->187->177->167->158->173->185->192->199->204->202->260->263->275->288->290->293->306->317->358->363->379->384->394->407->396->397->401->406->398->403->413->440->454->449->455->460->468->471->482->497->517->518->537->546->551->553->555->562->569->570->573->593->600->602->615->628->637->642->658->668->694->700->713->721->734->745->748->749->753->763->765->764->766->783->784->791->815->816->821->826->830->839->854->849->852->860->864->866->867->870->880->882->889->887->893->894->910->933->944->946->948->976->978->985->991->995->1017->1024->1031->1068->1071->1077->1079->1091->1100->1110->1120->1116->1122->1139->1167->1168->1181->1175->1189->1192->1204->1182->1184->1193->1205->1210->1223->1229->1230->1241->1232->1237->1242->1244->1251->1269->1275->1278->1296->1322->1330->1348->1364->1353->1358->1366->1362->1368->1385->1379->1381->1387->1390->1403->1417->1434->1426->1428->1453->1462->1463->1481->1497->1500->1502->1503->1508->1510->1512->1531->1518->1528->1540->1542->1554->1555->1568->1576->1582->1583->1594->1586->1590->1599->1618->1593->1601->1604->1607->1616->1620->1630->1633->1641->1680->1688->1719->1739->1751->1755->1757->1776->1777->1798->1782->1791->1785->1818->1834->1821->1823->1824->1857->1859->1861->1871->1875->1890->1907->1906->1940->1941->1951->1969->1980->1978->1982->1987->1991->2001->2002->2005->2013->2047->2059->2063->2071->2074->2077->2079->2099->2100->2116->2118->2121->2134->2137->2148->2158->2169->2159->2174->2181->2186->2196->2204->2208->2212->2217->2229->2425,2425->2500
PSO_CHAOTIC,N2500_C1_I1.dat,2500,7696,125,2491,2500,0.9,0.5,20.5,0.9,1,2461,0.30590000000000067,0.1953,0.0391,9.15,19.545000000000037,18.354000000000042,2.346,20.700000000000042,9.15,19.545000000000037,189242.835,2491->2341->2328->2326->2320->2317->2300->2282->2268->2263->2256->2252->2251->2247->2257->2240->2226->2237->2220->2215->2235->2218->2228->2211->2202->2178->2156->2170->2183->2155->2154->2130->2109->2098->2085->2072->2082->2069->2046->2038->2033->2030->2044->2028->2017->2014->1968->1955->1902->1895->1894->1893->1882->1872->1864->1869->1863->1860->1841->1840->1832->1827->1826->1814->1813->1807->1789->1788->1781->1779->1774->1784->1780->1778->1767->1764->1763->1740->1736->1735->1731->1718->1713->1707->1693->1681->1677->1687->1672->1665->1664->1655->1649->1643->1637->1628->1610->1587->1579->1552->1550->1548->1530->1537->1525->1524->1492->1490->1488->1495->1479->1486->1471->1465->1460->1430->1423->1406->1401->1391->1384->1380->1374->1373->1369->1359->1355->1344->1311->1301->1310->1298->1290->1281->1274->1270->1279->1262->1257->1254->1234->1219->1206->1228->1203->1194->1197->1177->1170->1153->1152->1149->1142->1134->1130->1125->1117->1113->1129->1111->1105->1099->1089->1075->1069->1065->1064->1063->1051->1042->1039->1050->1037->1036->1027->1006->988->981->969->929->924->917->912->904->903->896->892->905->888->885->878->877->874->865->857->856->851->813->810->805->786->762->761->757->755->725->715->711->708->705->696->691->697->698->689->687->695->681->674->667->659->657->636->609->599->592->588->576->574->586->568->575->564->581->560->549->547->545->543->540->538->561->548->542->530->534->792->772->747->519->527->508->501->476->469->463->731->739->727->726->430->408->714->712->706->690->680->373->361->356->626->366->344->558->314->321->516->299->298->500->259->254->457->206->410->404->392->390->383->380->370->168->164->163->162->172->169->153->272->151->108->112->124->118->95->87->97->76->136->203->208->200->261->252->221->15->24->19->20->32->30->34->54->29->49->85->111->119->114->122->123->125->133->134->181->143->194->189->216->223->187->177->167->158->173->185->197->204->202->260->263->275->288->290->293->306->317->358->363->379->384->394->407->396->397->401->406->398->403->413->440->449->455->460->461->462->471->482->497->517->518->537->546->551->553->555->562->569->570->573->593->600->602->615->628->637->642->658->668->694->700->713->721->734->745->748->749->753->763->764->766->783->784->791->815->816->821->826->830->839->842->849->852->860->864->866->867->870->880->882->887->893->894->910->933->944->946->948->976->978->985->991->995->1017->1024->1031->1071->1077->1079->1091->1100->1110->1120->1116->1122->1139->1167->1168->1181->1175->1178->1192->1204->1182->1184->1193->1205->1210->1223->1229->1230->1241->1232->1237->1242->1244->1251->1269->1275->1278->1296->1322->1330->1348->1364->1353->1358->1366->1362->1368->1379->1381->1387->1390->1403->1417->1434->1426->1428->1453->1462->1463->1481->1497->1500->1502->1503->1508->1510->1512->1531->1518->1528->1540->1542->1554->1555->1568->1576->1582->1583->1594->1586->1588->1590->1600->1618->1593->1601->1604->1607->1616->1620->1630->1633->1641->1680->1688->1719->1739->1751->1755->1757->1776->1777->1798->1782->1785->1818->1821->1823->1824->1857->1859->1861->1871->1890->1907->1906->1940->1941->1951->1969->1980->1978->1982->1987->1991->2001->2002->2005->2013->2047->2050->2049->2065->2059->2063->2071->2074->2077->2079->2099->2100->2116->2118->2121->2134->2137->2148->2158->2169->2159->2174->2181->2195->2186->2196->2204->2208->2212->2217->2229->2460->2473->2461,2461->2500
PSO_CHAOTIC,N2500_C2_I1.dat,2500,8528,125,2491,2500,0.9,0.5,20.5,0.9,1,2476,0.19340000000000002,0.1661,0.0332,8.29,13.0654,11.604000000000001,1.992,13.596000000000002,8.29,13.0654,97552.561,2491->2341->1895->1902->1955->1968->2014->2028->1673->1665->1664->1655->1649->1643->1262->1257->1254->1234->896->892->905->888->885->878->877->874->1371->1360->1329->1328->1356->1326->1320->1316->1312->1308->1299->1293->1302->1267->1260->923->922->909->356->373->172->105->95->87->97->204->602->615->628->637->946->956->976->978->985->991->995->1017->1024->1031->1068->1426->1428->1453->1462->1463->1481->1497->1499->1821->1818->2186->2485->2476,2476->2500
PSO_CHAOTIC,N2500_C3_I1.dat,2500,7892,223,2491,2500,0.9,0.5,20.5,0.9,1,2490,0.8454,0.1348,0.027,10.63,2.6735497222346924,,,,10.63,48.1726,607774.85,2491->2341->2332->2328->2326->2320->2317->2300->2282->2268->2263->2256->2252->2251->2247->2244->2240->2226->2237->2223->2220->2235->2218->2228->2211->2202->2178->2156->2183->2155->2154->2130->2109->2098->2085->2072->2082->2069->2046->2038->2033->2030->2044->2028->2017->2014->1968->1955->1902->1895->1894->1893->1882->1872->1864->1869->1863->1860->1841->1840->1832->1827->1826->1814->1813->1807->1789->1788->1781->1779->1774->1784->1780->1778->1766->1767->1764->1763->1740->1736->1735->1731->1718->1713->1707->1693->1681->1677->1672->1665->1664->1655->1649->1643->1637->1628->1610->1587->1579->1552->1550->1548->1530->1537->1525->1492->1490->1488->1495->1479->1486->1471->1465->1460->1430->1423->1406->1401->1391->1384->1380->1374->1373->1369->1359->1355->1344->1311->1301->1310->1298->1290->1281->1274->1270->1279->1277->1262->1257->1254->1234->1219->1206->1212->1203->1194->1197->1177->1170->1153->1152->1149->1142->1134->1130->1125->1117->1113->1129->1111->1099->1089->1075->1069->1065->1064->1063->1051->1042->1039->1050->1037->1036->1027->1006->988->981->969->929->924->917->912->904->903->896->892->905->888->885->878->877->874->865->861->857->856->851->818->813->810->812->805->786->762->761->757->755->725->715->711->723->705->696->691->697->689->687->695->681->674->667->659->657->636->609->599->592->588->576->574->586->568->575->581->560->549->547->545->543->540->538->561->532->542->534->792->772->747->737->476->469->463->450->437->727->726->720->714->712->706->690->680->373->356->350->365->348->346->587->594->329->324->321->516->509->289->299->296->500->262->466->464->456->457->206->209->201->198->404->392->390->383->385->183->178->174->335->333->326->318->162->175->105->95->87->136->113->21->1->5->6->2->3->4->17->18->24->19->28->20->26->30->34->54->53->89->49->67->85->100->119->114->122->123->125->133->134->181->191->184->189->216->187->223->195->211->212->173->185->197->204->202->260->263->275->288->290->293->306->317->358->363->379->384->394->407->396->397->401->406->398->403->413->440->449->455->460->468->471->482->497->517->518->537->546->551->553->555->562->569->570->573->593->600->602->615->628->637->642->658->668->694->700->713->721->734->745->748->749->753->763->764->766->783->784->791->815->816->821->826->830->839->842->849->852->860->864->866->867->870->880->882->887->893->894->910->933->944->946->948->976->978->985->991->995->1017->1024->1031->1068->1071->1077->1079->1091->1100->1110->2500->2490,2490->2500
PSO_CHAOTIC,N2500_C4_I1.dat,2500,7696,125,2491,2500,0.9,1.0,20.5,0.9,1,2461,0.28830000000000067,0.1953,0.0391,9.15,0.8010574446614434,,,,9.15,18.594600000000035,231994.649,2491->2341->2328->2326->2320->2317->2305->2311->2300->2282->2268->2263->2256->2252->2251->2247->2257->2240->2226->2237->2220->2235->2218->2214->2211->2202->2178->2156->2183->2170->2155->2154->2130->2109->2098->2085->2072->2082->2069->2046->2038->2033->2030->2044->2028->2014->1968->1955->1902->1900->1894->1893->1882->1872->1864->1869->1863->1860->1841->1840->1832->1827->1826->1814->1813->1807->1789->1788->1781->1779->1774->1771->1784->1780->1778->1767->1764->1740->1736->1735->1731->1718->1713->1707->1697->1693->1681->1677->1672->1665->1664->1655->1649->1643->1637->1628->1610->1587->1579->1552->1550->1548->1530->1537->1525->1524->1492->1490->1488->1495->1479->1486->1471->1465->1460->1430->1423->1406->1401->1391->1384->1380->1374->1373->1369->1359->1355->1344->1311->1301->1310->1298->1290->1281->1274->1270->1279->1262->1257->1254->1252->1219->1206->1212->1203->1194->1197->1177->1170->1153->1152->1149->1142->1134->1130->1125->1117->1113->1129->1111->1105->1099->1089->1075->1069->1065->1064->1063->1051->1055->1042->1039->1050->1037->1036->1027->1006->988->981->969->929->924->917->912->904->903->896->892->905->888->885->878->877->874->865->857->856->851->813->810->805->786->762->761->757->755->725->715->711->723->705->696->691->697->698->689->687->681->674->667->659->657->636->609->599->592->588->576->574->586->568->575->564->560->549->547->545->543->540->538->561->532->542->530->539->526->525->527->519->501->476->737->733->731->739->727->726->430->415->408->393->706->387->372->375->371->362->361->626->366->344->558->552->520->514->309->298->296->500->259->254->457->441->438->425->206->410->198->392->390->383->190->183->178->174->168->164->326->318->301->153->147->137->107->83->97->109->127->126->116->101->82->78->102->75->359->24->19->20->32->26->33->30->34->54->29->89->49->85->111->119->114->122->123->125->133->134->181->191->184->189->216->187->195->211->158->173->185->192->199->204->202->260->263->275->288->290->293->306->317->358->363->379->384->394->407->396->397->401->406->398->403->413->440->449->455->460->468->471->482->497->517->518->536->537->546->551->553->555->562->569->570->573->593->600->602->615->628->637->642->658->668->694->700->713->721->734->745->748->749->753->763->765->764->766->783->784->791->815->816->821->826->830->839->842->849->852->860->864->866->867->870->880->882->889->887->893->894->910->933->944->946->956->976->978->985->991->995->1017->1024->1031->1068->1071->1077->1079->1091->1100->1110->1120->1116->1122->1139->1167->1168->1181->1175->1189->1178->1192->1204->1182->1184->1193->1205->1210->1223->1229->1230->1241->1232->1237->1242->1244->1251->1269->1275->1278->1296->1322->1330->1348->1364->1353->1358->1366->1362->1368->1379->1381->1387->1390->1403->1417->1434->1426->1428->1453->1462->1463->1481->1497->1500->1502->1503->1508->1510->1512->1521->1522->1518->1528->1540->1542->1554->1555->1568->1576->1582->1583->1594->1586->1590->1588->1599->1618->1593->1601->1604->1607->1616->1620->1633->1641->1680->1688->1719->1739->1751->1755->1757->1776->1777->1798->1782->1791->1785->1818->1834->1821->1823->1824->1857->1859->1861->1871->1875->1890->1907->1906->1940->1941->1951->1969->1980->1978->1982->1987->1991->2001->2002->2005->2013->2047->2050->2065->2081->2089->2110->2063->2071->2074->2077->2079->2099->2100->2116->2118->2121->2134->2137->2148->2158->2169->2171->2174->2181->2186->2196->2207->2204->2208->2212->2217->2229->2466->2461,2461->2500
PSO_CHAOTIC,N2500_C5_I1.dat,2500,7696,125,2491,2500,0.9,0.5,20.5,0.9,1,2476,0.7124000000000007,0.1661,0.0332,8.29,1.7971871119701994,,,,8.29,41.091400000000036,213245.039,2491->2341->2332->2328->2326->2320->2317->2300->2282->2268->2263->2256->2252->2251->2247->2257->2240->2226->2237->2220->2235->2236->2218->2214->2211->2202->2187->2178->2156->2170->2155->2154->2136->2130->2109->2098->2085->2072->2082->2069->2046->2038->2033->2030->2044->2028->2014->1968->1955->1902->1895->1894->1893->1882->1872->1864->1869->1863->1860->1841->1840->1832->1827->1826->1814->1813->1807->1789->1788->1781->1779->1774->1784->1780->1778->1767->1764->1740->1736->1735->1731->1718->1713->1707->1697->1693->1681->1677->1672->1665->1664->1655->1649->1640->1643->1637->1628->1625->1610->1587->1579->1552->1550->1548->1530->1537->1525->1492->1490->1488->1495->1479->1486->1471->1465->1460->1430->1423->1401->1391->1384->1380->1374->1373->1369->1359->1355->1344->1311->1301->1310->1298->1290->1281->1274->1270->1279->1262->1257->1254->1252->1219->1206->1228->1203->1194->1197->1183->1177->1170->1153->1152->1149->1142->1134->1130->1125->1117->1113->1129->1111->1099->1089->1075->1069->1065->1064->1063->1051->1042->1039->1050->1037->1036->1027->1006->988->981->969->929->924->917->912->904->903->896->892->905->888->885->878->877->874->865->857->856->851->813->810->812->805->786->762->776->757->755->725->715->711->723->705->696->691->697->689->687->695->681->674->667->659->669->657->636->609->599->592->588->576->574->586->568->575->564->581->560->549->547->545->543->540->538->561->532->542->534->539->526->525->772->759->747->737->501->476->469->463->450->437->727->726->720->714->408->393->387->381->688->373->356->350->353->348->346->349->366->344->616->603->614->612->331->329->324->321->314->491->487->266->262->259->254->235->233->438->425->206->210->410->409->404->392->196->193->190->183->178->174->168->341->338->163->162->155->108->51->50->48->78->102->75->179->13->14->15->24->19->28->22->30->32->45->27->34->54->29->49->121->94->67->85->100->119->114->129->122->123->125->133->152->134->181->143->146->156->166->167->158->211->170->173->185->197->204->202->260->263->275->288->290->293->306->317->358->363->379->384->402->394->407->396->397->401->406->398->403->413->440->454->449->453->455->460->468->471->482->495->497->517->518->537->546->551->553->555->562->569->570->573->593->600->602->615->628->637->642->658->668->694->700->713->721->734->745->748->749->753->763->765->764->766->783->793->791->815->816->821->826->830->839->842->849->852->860->864->866->867->870->880->882->889->887->893->894->910->933->944->946->956->976->978->985->991->995->1017->1024->1031->1071->1077->1079->1091->1100->1110->1120->1122->1139->1167->1168->1173->1175->1178->1192->1199->1204->1182->1184->1193->1205->1210->1223->1229->1230->1241->1232->1237->1242->1244->1251->1269->1275->1278->1296->1322->1330->1348->1364->1353->1358->1361->1362->1368->1379->1381->1382->1387->1390->1403->1417->1434->1428->1453->1462->1463->1481->1497->1500->1502->1503->1508->1510->1512->1521->1531->1518->1528->1540->1542->1554->1555->1568->1576->1582->1583->1594->1586->1590->1599->1618->1593->1601->1604->1595->1607->1616->1620->1630->1633->1641->1680->1688->1719->1739->1751->1755->1757->1776->1777->1798->1782->1785->1818->1821->1823->2500->2485->2476,2476->2500
PSO_CHAOTIC,N2500_C6_I1.dat,2500,7696,125,2491,2500,0.9,0.5,20.5,0.9,1,2485,1.116500000000001,0.151,0.0302,16.3,1.5386124538842942,,,,16.3,63.55180000000005,281541.895,2491->2493->2484->2481->2341->2328->2326->2320->2317->2300->2282->2268->2263->2256->2252->2251->2247->2244->2257->2240->2226->2237->2220->2235->2218->2228->2211->2202->2187->2178->2156->2183->2155->2154->2130->2109->2098->2085->2072->2078->2082->2069->2046->2038->2033->2030->2044->2028->2014->1968->1955->1902->1900->1894->1893->1882->1872->1864->1869->1863->1860->1841->1840->1832->1827->1826->1814->1813->1807->1789->1788->1781->1779->1774->1784->1780->1778->1767->1764->1740->1736->1735->1731->1718->1713->1707->1693->1689->1681->1677->1672->1665->1664->1655->1649->1640->1643->1637->1628->1610->1587->1579->1552->1550->1548->1530->1537->1525->1524->1492->1490->1488->1495->1479->1486->1471->1465->1460->1430->1423->1401->1391->1384->1380->1374->1373->1369->1359->1355->1344->1311->1301->1310->1298->1290->1281->1274->1270->1279->1262->1257->1254->1234->1231->1219->1206->1212->1203->1194->1197->1177->1170->1153->1152->1149->1142->1134->1130->1125->1117->1113->1129->1111->1099->1089->1075->1069->1065->1064->1063->1051->1042->1039->1050->1037->1036->1027->1006->988->981->969->929->924->917->912->904->903->896->892->905->888->885->878->877->874->865->857->856->851->818->813->810->805->786->762->761->757->755->725->715->711->723->705->696->691->697->689->687->681->674->667->659->669->657->636->609->599->592->588->576->574->586->568->575->581->564->560->549->547->545->543->540->566->538->561->532->542->534->792->772->747->737->476->469->463->450->436->430->422->415->408->393->387->372->375->371->362->361->373->356->631->633->365->348->346->558->552->520->514->523->509->493->491->487->492->485->479->475->458->464->456->232->230->420->206->209->410->198->392->390->383->380->339->370->168->164->163->162->155->108->61->60->48->47->77->69->68->63->21->1->2->7->220->14->15->18->24->19->28->22->30->26->32->45->27->34->54->29->89->49->85->111->119->114->122->123->125->133->134->181->143->146->156->166->158->170->211->212->227->185->192->204->202->260->263->275->288->290->293->306->317->358->363->379->384->402->394->407->396->397->401->406->398->399->403->413->440->449->453->455->460->468->462->471->482->497->517->518->537->546->551->553->555->562->569->570->573->593->600->602->615->628->637->642->658->668->694->700->709->713->721->734->745->748->749->753->763->764->766->783->784->791->815->816->821->826->830->839->854->842->849->852->860->864->866->867->870->880->882->887->893->894->910->933->944->946->948->976->978->985->991->995->1017->1024->1031->1071->1077->1079->1091->1100->1110->1120->1122->1139->1167->1168->1181->1175->1178->1189->1191->1192->1204->1182->1184->1193->1205->1210->1223->1229->1230->1241->1232->1237->1242->1244->1251->1269->1275->1278->1296->1322->1330->1348->1364->1353->1358->1366->1362->1368->1385->1379->1382->1387->1390->1403->1417->1434->1428->1453->1462->1463->1481->1497->1499->1500->1502->1503->1508->1510->1512->1521->1531->1518->1528->1540->1542->1554->1555->1568->1576->1582->1583->1594->1586->1588->1599->1618->1593->1601->1604->1607->1616->1620->1633->1641->2500->2485,2485->2500
PSO_CHAOTIC,N2500_C7_I1.dat,2500,7696,125,2491,2500,0.9,0.5,20.5,0.9,1,2441,0.29110000000000064,0.2683,0.0537,9.34,1.0817992497683597,,,,9.34,19.553200000000036,301888.356,2491->2341->2328->2326->2320->2317->2300->2282->2268->2263->2256->2252->2251->2247->2257->2240->2226->2237->2220->2235->2218->2228->2214->2211->2202->2178->2156->2170->2183->2155->2154->2130->2109->2098->2085->2072->2082->2069->2046->2038->2033->2030->2044->2028->2014->1968->1955->1902->1895->1894->1893->1882->1872->1864->1869->1863->1860->1841->1840->1832->1827->1826->1814->1813->1807->1789->1788->1781->1779->1774->1784->1780->1778->1767->1764->1763->1740->1736->1735->1731->1718->1713->1707->1693->1681->1677->1702->1687->1672->1665->1664->1655->1649->1643->1637->1628->1610->1587->1579->1552->1550->1548->1530->1537->1525->1524->1492->1490->1488->1495->1479->1486->1471->1465->1460->1430->1423->1406->1401->1391->1384->1380->1374->1373->1369->1359->1355->1344->1311->1301->1310->1298->1290->1281->1274->1270->1279->1262->1257->1254->1252->1219->1206->1228->1203->1194->1197->1177->1170->1153->1152->1149->1142->1134->1130->1125->1117->1113->1129->1111->1105->1099->1089->1075->1069->1065->1064->1063->1051->1055->1042->1039->1050->1037->1036->1027->1006->988->981->969->929->924->917->912->904->903->896->892->905->888->885->878->877->874->865->857->856->851->813->810->805->786->762->761->757->755->725->715->711->723->705->696->691->697->698->689->687->681->674->667->659->657->636->609->599->592->588->576->574->586->568->575->564->560->549->547->545->543->540->566->561->548->542->534->539->526->525->527->519->747->508->501->476->469->463->731->744->739->727->726->430->408->393->706->690->680->373->356->626->366->344->558->314->309->298->299->500->259->254->457->206->410->409->404->392->390->383->380->370->168->164->163->162->172->155->169->153->272->246->242->241->239->238->205->186->161->151->144->141->140->135->131->128->142->124->118->95->87->136->127->56->44->75->179->13->14->15->24->19->20->32->45->27->34->54->29->49->85->111->119->114->122->123->125->133->134->181->143->194->189->146->156->166->177->167->158->173->185->197->204->202->260->263->268->275->288->290->293->306->317->358->363->379->384->394->407->396->397->401->406->398->403->413->440->449->455->460->461->462->471->482->497->517->518->537->546->551->553->555->562->569->570->573->593->600->602->615->628->637->642->658->668->694->700->713->721->734->745->748->749->753->763->764->766->783->784->791->815->816->821->826->830->839->842->849->852->860->864->866->867->870->880->882->887->893->894->910->933->944->946->948->976->978->985->991->995->1017->1024->1031->1071->1077->1079->1091->1100->1110->1120->1116->1122->1139->1167->1168->1181->1175->1178->1192->1204->1182->1184->1193->1205->1210->1223->1229->1230->1241->1232->1237->1242->1244->1251->1269->1275->1278->1296->1322->1330->1348->1364->1353->1358->1366->1362->1368->1379->1381->1387->1390->1403->1417->1408->1426->1428->1453->1462->1463->1481->1497->1500->1502->1503->1508->1510->1512->1531->1522->1518->1528->1540->1542->1554->1555->1568->1576->1582->1583->1594->1586->1590->1599->1618->1593->1601->1604->1607->1616->1620->1630->1633->1641->1680->1688->1719->1739->1751->1755->1757->1776->1777->1798->1782->1785->1818->1821->1823->1824->1857->1859->1861->1871->1890->1907->1906->1940->1941->1951->1969->1980->1978->1982->1986->1987->1991->2001->2002->2005->2013->2047->2050->2065->2081->2059->2063->2071->2074->2077->2079->2099->2100->2116->2118->2121->2134->2137->2148->2158->2169->2159->2174->2181->2195->2186->2196->2204->2208->2212->2217->2229->2441,2441->2500
PSO_CHAOTIC,N2500_C8_I1.dat,2500,7696,125,2491,2500,0.1,0.5,20.5,0.1,1,2441,0.29110000000000064,0.2683,0.0537,9.34,1.0817992497683597,,,,9.34,10.474800000000005,311443.966,2491->2341->2328->2326->2320->2317->2300->2282->2268->2263->2256->2252->2251->2247->2257->2240->2226->2237->2220->2235->2218->2228->2214->2211->2202->2178->2156->2170->2183->2155->2154->2130->2109->2098->2085->2072->2082->2069->2046->2038->2033->2030->2044->2028->2014->1968->1955->1902->1895->1894->1893->1882->1872->1864->1869->1863->1860->1841->1840->1832->1827->1826->1814->1813->1807->1789->1788->1781->1779->1774->1784->1780->1778->1767->1764->1763->1740->1736->1735->1731->1718->1713->1707->1693->1681->1677->1702->1687->1672->1665->1664->1655->1649->1643->1637->1628->1610->1587->1579->1552->1550->1548->1530->1537->1525->1524->1492->1490->1488->1495->1479->1486->1471->1465->1460->1430->1423->1406->1401->1391->1384->1380->1374->1373->1369->1359->1355->1344->1311->1301->1310->1298->1290->1281->1274->1270->1279->1262->1257->1254->1252->1219->1206->1228->1203->1194->1197->1177->1170->1153->1152->1149->1142->1134->1130->1125->1117->1113->1129->1111->1105->1099->1089->1075->1069->1065->1064->1063->1051->1055->1042->1039->1050->1037->1036->1027->1006->988->981->969->929->924->917->912->904->903->896->892->905->888->885->878->877->874->865->857->856->851->813->810->805->786->762->761->757->755->725->715->711->723->705->696->691->697->698->689->687->681->674->667->659->657->636->609->599->592->588->576->574->586->568->575->564->560->549->547->545->543->540->566->561->548->542->534->539->526->525->527->519->747->508->501->476->469->463->731->744->739->727->726->430->408->393->706->690->680->373->356->626->366->344->558->314->309->298->299->500->259->254->457->206->410->409->404->392->390->383->380->370->168->164->163->162->172->155->169->153->272->246->242->241->239->238->205->186->161->151->144->141->140->135->131->128->142->124->118->95->87->136->127->56->44->75->179->13->14->15->24->19->20->32->45->27->34->54->29->49->85->111->119->114->122->123->125->133->134->181->143->194->189->146->156->166->177->167->158->173->185->197->204->202->260->263->268->275->288->290->293->306->317->358->363->379->384->394->407->396->397->401->406->398->403->413->440->449->455->460->461->462->471->482->497->517->518->537->546->551->553->555->562->569->570->573->593->600->602->615->628->637->642->658->668->694->700->713->721->734->745->748->749->753->763->764->766->783->784->791->815->816->821->826->830->839->842->849->852->860->864->866->867->870->880->882->887->893->894->910->933->944->946->948->976->978->985->991->995->1017->1024->1031->1071->1077->1079->1091->1100->1110->1120->1116->1122->1139->1167->1168->1181->1175->1178->1192->1204->1182->1184->1193->1205->1210->1223->1229->1230->1241->1232->1237->1242->1244->1251->1269->1275->1278->1296->1322->1330->1348->1364->1353->1358->1366->1362->1368->1379->1381->1387->1390->1403->1417->1408->1426->1428->1453->1462->1463->1481->1497->1500->1502->1503->1508->1510->1512->1531->1522->1518->1528->1540->1542->1554->1555->1568->1576->1582->1583->1594->1586->1590->1599->1618->1593->1601->1604->1607->1616->1620->1630->1633->1641->1680->1688->1719->1739->1751->1755->1757->1776->1777->1798->1782->1785->1818->1821->1823->1824->1857->1859->1861->1871->1890->1907->1906->1940->1941->1951->1969->1980->1978->1982->1986->1987->1991->2001->2002->2005->2013->2047->2050->2065->2081->2059->2063->2071->2074->2077->2079->2099->2100->2116->2118->2121->2134->2137->2148->2158->2169->2159->2174->2181->2195->2186->2196->2204->2208->2212->2217->2229->2441,2441->2500
PSO_CHAOTIC,N2500_C9_I1.dat,2500,7696,125,2491,2500,0.9,0.5,15.0,0.9,1,2425,0.27390000000000053,0.3145,0.0629,8.84,1.095918128119944,,,,8.84,19.071200000000033,521427.609,2491->2341->2332->2328->2326->2320->2317->2300->2282->2268->2263->2256->2252->2251->2247->2244->2240->2226->2237->2223->2220->2215->2235->2218->2228->2211->2202->2178->2156->2170->2183->2155->2154->2130->2109->2098->2085->2072->2082->2069->2046->2038->2033->2030->2044->2028->2014->1968->1955->1902->1895->1894->1893->1882->1872->1864->1869->1863->1860->1841->1840->1832->1827->1826->1814->1813->1807->1789->1788->1781->1779->1774->1784->1780->1778->1767->1764->1740->1736->1735->1731->1718->1713->1707->1693->1689->1681->1677->1672->1665->1673->1664->1655->1649->1643->1637->1628->1610->1587->1579->1552->1550->1548->1530->1537->1525->1492->1490->1488->1495->1479->1486->1471->1465->1460->1430->1423->1401->1391->1384->1380->1374->1373->1369->1359->1355->1344->1311->1301->1310->1298->1290->1281->1274->1270->1279->1262->1257->1254->1234->1219->1206->1212->1203->1194->1197->1177->1170->1153->1152->1149->1142->1134->1130->1125->1117->1113->1129->1111->1099->1089->1075->1069->1065->1064->1063->1051->1042->1039->1050->1037->1036->1027->1006->988->981->969->961->929->924->917->912->904->903->896->892->905->888->885->878->877->874->865->857->856->851->818->813->810->812->805->786->762->761->757->755->725->715->711->708->705->696->691->697->698->689->687->681->674->667->659->657->636->609->599->592->588->576->574->586->568->575->564->581->560->549->547->545->543->540->566->561->548->532->542->534->792->772->525->527->508->501->476->469->463->450->436->430->415->408->393->688->373->356->350->626->366->344->349->334->337->331->329->324->321->552->520->309->298->500->259->254->457->206->418->409->404->392->390->383->380->339->338->335->333->326->164->163->162->172->105->95->87->109->127->56->38->55->37->31->69->25->36->46->63->21->1->2->3->13->14->15->24->19->28->22->30->33->45->27->34->54->29->49->85->111->100->119->114->122->123->125->133->134->181->143->146->156->166->158->173->185->192->204->202->260->263->275->288->290->293->297->306->317->358->363->379->384->394->407->396->397->401->406->398->403->413->440->449->453->455->460->461->462->471->482->497->517->518->537->546->551->553->554->555->562->569->570->573->593->600->602->615->628->637->642->658->668->694->700->713->721->734->745->748->749->753->763->764->766->783->793->791->815->816->821->826->830->839->842->849->852->860->864->876->866->867->870->880->882->887->893->894->910->933->944->946->956->976->978->985->991->995->1017->1024->1031->1071->1077->1079->1091->1100->1110->1120->1116->1122->1139->1167->1168->1181->1175->1189->1191->1199->1204->1180->1182->1184->1193->1205->1210->1223->1229->1230->1241->1232->1237->1242->1244->1251->1269->1275->1278->1296->1322->1330->1348->1364->1353->1358->1366->1362->1368->1379->1381->1387->1390->1403->1417->1434->1428->1453->1462->1463->1481->1497->1500->1502->1503->1508->1510->1512->1521->1531->1518->1528->1540->1542->1554->1555->1568->1576->1582->1583->1594->1586->1590->1599->1618->1593->1601->1604->1607->1616->1620->1633->1641->1680->1688->1719->1739->1751->1755->1757->1776->1777->1798->1782->1785->1818->1821->1823->1824->1857->1859->1861->1871->1875->1890->1907->1906->1940->1941->1951->1969->1980->1978->1982->1987->1991->2001->2002->2005->2013->2047->2050->2065->2059->2063->2071->2074->2077->2079->2099->2100->2116->2118->2121->2134->2137->2148->2158->2169->2159->2174->2181->2186->2196->2204->2208->2212->2217->2229->2422->2425,2425->2500
PSO_CHAOTIC,N2500_C10_I1.dat,2500,7696,125,2491,2500,0.9,0.5,20.5,0.9,1,2425,0.2947000000000007,0.3145,0.0629,15.95,1.1781255523629843,,,,15.95,20.905400000000036,922431.047,2491->2341->2332->2328->2326->2320->2317->2300->2282->2268->2263->2256->2252->2251->2247->2244->2240->2226->2237->2220->2215->2235->2218->2214->2211->2202->2187->2178->2156->2183->2155->2154->2130->2109->2098->2085->2072->2082->2069->2046->2038->2033->2030->2044->2028->2017->2014->1968->1955->1902->1895->1894->1893->1882->1872->1864->1869->1863->1860->1841->1840->1832->1827->1826->1814->1813->1807->1789->1788->1781->1779->1774->1784->1780->1778->1767->1764->1740->1736->1735->1731->1718->1713->1707->1693->1681->1677->1687->1672->1665->1664->1655->1649->1643->1637->1628->1610->1587->1579->1552->1550->1548->1530->1537->1525->1492->1490->1488->1495->1479->1486->1471->1465->1460->1430->1423->1401->1391->1384->1380->1374->1373->1369->1359->1355->1344->1311->1301->1310->1298->1290->1281->1274->1270->1279->1262->1257->1254->1252->1219->1206->1212->1203->1194->1197->1183->1177->1170->1153->1152->1149->1142->1134->1130->1125->1117->1113->1129->1111->1099->1089->1075->1069->1065->1064->1063->1051->1042->1039->1050->1037->1036->1027->1006->988->981->969->929->924->917->912->904->903->896->892->905->888->885->878->877->874->865->861->857->856->851->813->810->812->805->786->762->761->757->755->725->715->711->708->705->696->691->697->698->689->687->681->674->667->659->657->636->609->599->592->588->576->574->586->568->575->581->560->549->547->545->543->540->566->561->548->542->530->539->526->525->524->522->508->519->747->737->733->463->450->437->436->430->415->408->714->712->393->387->688->373->356->631->623->365->348->346->577->324->321->314->491->487->500->262->466->458->464->456->457->206->209->201->198->196->193->392->390->383->385->380->178->174->168->341->338->163->175->105->110->115->52->51->50->48->78->77->69->176->171->148->226->237->253->20->32->30->34->54->29->49->98->94->67->85->100->119->114->122->123->125->133->134->181->143->194->184->189->216->156->187->223->211->212->227->231->197->204->202->260->263->275->288->290->293->306->317->358->363->379->384->394->407->396->397->401->406->398->403->413->440->449->455->460->461->462->471->482->495->497->517->518->536->537->546->551->553->554->555->562->569->570->573->593->600->602->615->628->637->642->658->668->694->700->713->721->734->745->748->749->753->763->764->766->783->793->791->815->816->821->826->830->839->842->849->852->860->864->866->867->870->880->882->887->893->894->910->933->944->946->948->976->978->985->991->995->1011->1017->1024->1031->1071->1077->1079->1091->1100->1110->1120->1122->1139->1167->1168->1181->1175->1178->1192->1180->1182->1184->1193->1205->1210->1223->1229->1230->1241->1232->1237->1242->1244->1251->1269->1275->1278->1296->1322->1330->1348->1364->1353->1358->1361->1362->1368->1379->1381->1387->1390->1403->1417->1434->1426->1428->1453->1462->1463->1481->1497->1500->1502->1503->1508->1510->1512->1521->1522->1518->1528->1540->1542->1554->1555->1568->1576->1582->1583->1594->1586->1588->1599->1618->1593->1601->1604->1607->1616->1620->1630->1633->1641->1680->1688->1719->1739->1751->1755->1757->1776->1777->1798->1782->1791->1785->1818->1821->1823->1824->1857->1859->1861->1871->1890->1907->1906->1940->1941->1951->1969->1980->1978->1982->1986->1987->1991->1992->2001->2002->2005->2013->2047->2050->2065->2081->2096->2110->2063->2071->2074->2077->2079->2099->2100->2116->2118->2121->2134->2137->2148->2158->2169->2159->2174->2181->2186->2196->2204->2208->2212->2217->2229->2425,2425->2500
