method,dataset_name,dat_file,dataset_relative_path,dataset_group,node_scale,scenario_id,scenario_name,parameter_name,parameter_value,nodes,edges,parking_lots,total_spots,available_spots,available_percentage,feasible_spots,source,destination,alpha,maximum_walking_distance_km,maximum_parking_cost,S,D,Alpha,Wmax,Cmax,w,feasible,solver_status,parking_node,parking_spot_index,parking_spot_id,spot_class,selected_spot_available,external_drive_time_hr,internal_drive_time_hr,internal_walk_time_hr,external_walk_distance_km,external_walk_time_hr,total_walk_time_hr,total_travel_time_hr,drive_time_hr,walk_distance_km,walk_time_hr,travel_time_hr,parking_cost,objective,runtime_ms,drive_path,walk_path,source_result_csv
ACO,N40_PS_edge_density_baseline_180_I1,N40_PS_edge_density_baseline_180_I1.dat,parameter_sensitivity/small/N40_PS_edge_density_baseline_180_I1.dat,parameter_sensitivity,N40,SUMO,edge_density,edge_density,180,40,184,2,62,6,0.1,6,29,40,0.9,0.5,20.5,29,40,0.9,0.5,20.5,0.9,TRUE,solved,39,1,39_S001,near,1,0.026999999999999996,0.001496,0.002794,0.12,0.024,0.026794000000000002,0.05529,0.026999999999999996,0.12,0.026794000000000002,0.05529,19.63,4.948659999999999,207.157,29->33->26->20->18->15->14->5->1->21->23->36->31->39,39->40,RESULTS/ACO/log_aco_spot.csv
GA,N40_PS_edge_density_baseline_180_I1,N40_PS_edge_density_baseline_180_I1.dat,parameter_sensitivity/small/N40_PS_edge_density_baseline_180_I1.dat,parameter_sensitivity,N40,SUMO,edge_density,edge_density,180,40,184,2,62,6,0.1,6,29,40,0.9,0.5,20.5,29,40,0.9,0.5,20.5,0.9,TRUE,solved,39,1,39_S001,near,1,0.026999999999999996,0.001496,0.002794,0.12,0.024,0.026794000000000002,0.05529,0.026999999999999996,0.12,0.026794000000000002,0.05529,19.63,4.948659999999999,307.523,29->33->26->20->18->15->14->5->1->21->23->36->31->39,39->40,RESULTS/GA/log_ga_spot.csv
Optimization,N40_PS_edge_density_baseline_180_I1,N40_PS_edge_density_baseline_180_I1.dat,parameter_sensitivity/small/N40_PS_edge_density_baseline_180_I1.dat,parameter_sensitivity,N40,SUMO,edge_density,edge_density,180,40,184,2,62,6,0.1,6,29,40,0.9,0.5,20.5,29,40,0.9,0.5,20.5,0.9,TRUE,inferred_from_previous_exact_lot_solution,39,1,39_S001,near,1,0.027,0.001496,0.002794,0.12,0.024,0.026794000000000002,0.055290000000000006,0.027,0.12,0.026794000000000002,0.055290000000000006,19.63,4.948659999999999,0.827,29->33->26->20->18->15->14->5->1->21->23->36->31->39,39->40,RESULTS/COMBINED_ALL_METHODS/results_all_methods_parameter_sensitivity_spot_level.csv
PSO,N40_PS_edge_density_baseline_180_I1,N40_PS_edge_density_baseline_180_I1.dat,parameter_sensitivity/small/N40_PS_edge_density_baseline_180_I1.dat,parameter_sensitivity,N40,SUMO,edge_density,edge_density,180,40,184,2,62,6,0.1,6,29,40,0.9,0.5,20.5,29,40,0.9,0.5,20.5,0.9,TRUE,solved,39,1,39_S001,near,1,0.0286,0.001496,0.002794,0.12,0.024,0.026794000000000002,0.05689,0.0286,0.12,0.026794000000000002,0.05689,19.63,5.03506,236.277,29->33->30->22->19->24->12->6->1->21->23->36->31->39,39->40,RESULTS/PSO/log_pso_spot.csv
ACO,N40_PS_edge_density_dense_192_I1,N40_PS_edge_density_dense_192_I1.dat,parameter_sensitivity/small/N40_PS_edge_density_dense_192_I1.dat,parameter_sensitivity,N40,SUMO,edge_density,edge_density,192,40,196,2,62,6,0.1,6,29,40,0.9,0.5,20.5,29,40,0.9,0.5,20.5,0.9,TRUE,solved,39,1,39_S001,near,1,0.0234,0.001496,0.002794,0.12,0.024,0.026794000000000002,0.05169,0.0234,0.12,0.026794000000000002,0.05169,19.63,4.7542599999999995,108.615,29->10->9->38->39,39->40,RESULTS/ACO/log_aco_spot.csv
GA,N40_PS_edge_density_dense_192_I1,N40_PS_edge_density_dense_192_I1.dat,parameter_sensitivity/small/N40_PS_edge_density_dense_192_I1.dat,parameter_sensitivity,N40,SUMO,edge_density,edge_density,192,40,196,2,62,6,0.1,6,29,40,0.9,0.5,20.5,29,40,0.9,0.5,20.5,0.9,TRUE,solved,39,1,39_S001,near,1,0.0234,0.001496,0.002794,0.12,0.024,0.026794000000000002,0.05169,0.0234,0.12,0.026794000000000002,0.05169,19.63,4.7542599999999995,137.875,29->10->9->38->39,39->40,RESULTS/GA/log_ga_spot.csv
Optimization,N40_PS_edge_density_dense_192_I1,N40_PS_edge_density_dense_192_I1.dat,parameter_sensitivity/small/N40_PS_edge_density_dense_192_I1.dat,parameter_sensitivity,N40,SUMO,edge_density,edge_density,192,40,196,2,62,6,0.1,6,29,40,0.9,0.5,20.5,29,40,0.9,0.5,20.5,0.9,TRUE,inferred_from_previous_exact_lot_solution,39,1,39_S001,near,1,0.0234,0.001496,0.002794,0.12,0.024,0.026794000000000002,0.05169,0.0234,0.12,0.026794000000000002,0.05169,19.63,4.7542599999999995,0.861,29->10->9->38->39,39->40,RESULTS/COMBINED_ALL_METHODS/results_all_methods_parameter_sensitivity_spot_level.csv
PSO,N40_PS_edge_density_dense_192_I1,N40_PS_edge_density_dense_192_I1.dat,parameter_sensitivity/small/N40_PS_edge_density_dense_192_I1.dat,parameter_sensitivity,N40,SUMO,edge_density,edge_density,192,40,196,2,62,6,0.1,6,29,40,0.9,0.5,20.5,29,40,0.9,0.5,20.5,0.9,TRUE,solved,39,1,39_S001,near,1,0.0234,0.001496,0.002794,0.12,0.024,0.026794000000000002,0.05169,0.0234,0.12,0.026794000000000002,0.05169,19.63,4.7542599999999995,160.738,29->10->9->38->39,39->40,RESULTS/PSO/log_pso_spot.csv
ACO,N40_PS_edge_density_denser_204_I1,N40_PS_edge_density_denser_204_I1.dat,parameter_sensitivity/small/N40_PS_edge_density_denser_204_I1.dat,parameter_sensitivity,N40,SUMO,edge_density,edge_density,204,40,208,2,62,6,0.1,6,29,40,0.9,0.5,20.5,29,40,0.9,0.5,20.5,0.9,TRUE,solved,39,1,39_S001,near,1,0.023200000000000002,0.001496,0.002794,0.12,0.024,0.026794000000000002,0.05149000000000001,0.023200000000000002,0.12,0.026794000000000002,0.05149000000000001,19.63,4.74346,106.328,29->10->9->38->39,39->40,RESULTS/ACO/log_aco_spot.csv
GA,N40_PS_edge_density_denser_204_I1,N40_PS_edge_density_denser_204_I1.dat,parameter_sensitivity/small/N40_PS_edge_density_denser_204_I1.dat,parameter_sensitivity,N40,SUMO,edge_density,edge_density,204,40,208,2,62,6,0.1,6,29,40,0.9,0.5,20.5,29,40,0.9,0.5,20.5,0.9,TRUE,solved,39,1,39_S001,near,1,0.023200000000000002,0.001496,0.002794,0.12,0.024,0.026794000000000002,0.05149000000000001,0.023200000000000002,0.12,0.026794000000000002,0.05149000000000001,19.63,4.74346,127.716,29->10->9->38->39,39->40,RESULTS/GA/log_ga_spot.csv
Optimization,N40_PS_edge_density_denser_204_I1,N40_PS_edge_density_denser_204_I1.dat,parameter_sensitivity/small/N40_PS_edge_density_denser_204_I1.dat,parameter_sensitivity,N40,SUMO,edge_density,edge_density,204,40,208,2,62,6,0.1,6,29,40,0.9,0.5,20.5,29,40,0.9,0.5,20.5,0.9,TRUE,inferred_from_previous_exact_lot_solution,39,1,39_S001,near,1,0.0232,0.001496,0.002794,0.12,0.024,0.026794000000000002,0.05149,0.0232,0.12,0.026794000000000002,0.05149,19.63,4.74346,0.880,29->10->9->38->39,39->40,RESULTS/COMBINED_ALL_METHODS/results_all_methods_parameter_sensitivity_spot_level.csv
PSO,N40_PS_edge_density_denser_204_I1,N40_PS_edge_density_denser_204_I1.dat,parameter_sensitivity/small/N40_PS_edge_density_denser_204_I1.dat,parameter_sensitivity,N40,SUMO,edge_density,edge_density,204,40,208,2,62,6,0.1,6,29,40,0.9,0.5,20.5,29,40,0.9,0.5,20.5,0.9,TRUE,solved,39,1,39_S001,near,1,0.023200000000000002,0.001496,0.002794,0.12,0.024,0.026794000000000002,0.05149000000000001,0.023200000000000002,0.12,0.026794000000000002,0.05149000000000001,19.63,4.74346,165.651,29->10->9->38->39,39->40,RESULTS/PSO/log_pso_spot.csv
ACO,N40_PS_edge_density_densest_216_I1,N40_PS_edge_density_densest_216_I1.dat,parameter_sensitivity/small/N40_PS_edge_density_densest_216_I1.dat,parameter_sensitivity,N40,SUMO,edge_density,edge_density,216,40,220,2,62,6,0.1,6,29,40,0.9,0.5,20.5,29,40,0.9,0.5,20.5,0.9,TRUE,solved,39,1,39_S001,near,1,0.022,0.001496,0.002794,0.12,0.024,0.026794000000000002,0.05029,0.022,0.12,0.026794000000000002,0.05029,19.63,4.67866,151.189,29->10->6->5->39,39->40,RESULTS/ACO/log_aco_spot.csv
GA,N40_PS_edge_density_densest_216_I1,N40_PS_edge_density_densest_216_I1.dat,parameter_sensitivity/small/N40_PS_edge_density_densest_216_I1.dat,parameter_sensitivity,N40,SUMO,edge_density,edge_density,216,40,220,2,62,6,0.1,6,29,40,0.9,0.5,20.5,29,40,0.9,0.5,20.5,0.9,TRUE,solved,39,1,39_S001,near,1,0.022,0.001496,0.002794,0.12,0.024,0.026794000000000002,0.05029,0.022,0.12,0.026794000000000002,0.05029,19.63,4.67866,192.115,29->10->6->5->39,39->40,RESULTS/GA/log_ga_spot.csv
Optimization,N40_PS_edge_density_densest_216_I1,N40_PS_edge_density_densest_216_I1.dat,parameter_sensitivity/small/N40_PS_edge_density_densest_216_I1.dat,parameter_sensitivity,N40,SUMO,edge_density,edge_density,216,40,220,2,62,6,0.1,6,29,40,0.9,0.5,20.5,29,40,0.9,0.5,20.5,0.9,TRUE,inferred_from_previous_exact_lot_solution,39,1,39_S001,near,1,0.022,0.001496,0.002794,0.12,0.024,0.026794000000000002,0.05029,0.022,0.12,0.026794000000000002,0.05029,19.63,4.67866,0.357,29->10->6->5->39,39->40,RESULTS/COMBINED_ALL_METHODS/results_all_methods_parameter_sensitivity_spot_level.csv
PSO,N40_PS_edge_density_densest_216_I1,N40_PS_edge_density_densest_216_I1.dat,parameter_sensitivity/small/N40_PS_edge_density_densest_216_I1.dat,parameter_sensitivity,N40,SUMO,edge_density,edge_density,216,40,220,2,62,6,0.1,6,29,40,0.9,0.5,20.5,29,40,0.9,0.5,20.5,0.9,TRUE,solved,39,1,39_S001,near,1,0.022,0.001496,0.002794,0.12,0.024,0.026794000000000002,0.05029,0.022,0.12,0.026794000000000002,0.05029,19.63,4.67866,276.927,29->10->6->5->39,39->40,RESULTS/PSO/log_pso_spot.csv
ACO,N40_PS_parking_budget_Cmax100_I1,N40_PS_parking_budget_Cmax100_I1.dat,parameter_sensitivity/small/N40_PS_parking_budget_Cmax100_I1.dat,parameter_sensitivity,N40,Cmax100,parking_budget_cmax,parking_budget_cmax,10.0,40,184,2,62,6,0.1,6,29,40,0.9,0.5,10.0,29,40,0.9,0.5,10.0,0.9,TRUE,solved,39,1,39_S001,near,1,0.02700000000000001,0.001496,0.002794,0.12,0.024,0.026794000000000002,0.05529000000000001,0.02700000000000001,0.12,0.026794000000000002,0.05529000000000001,6.39,3.6246600000000004,39,29->33->26->20->18->15->14->5->1->21->23->36->31->39,39->40,RESULTS/ACO/log_aco_spot.csv
GA,N40_PS_parking_budget_Cmax100_I1,N40_PS_parking_budget_Cmax100_I1.dat,parameter_sensitivity/small/N40_PS_parking_budget_Cmax100_I1.dat,parameter_sensitivity,N40,Cmax100,parking_budget_cmax,parking_budget_cmax,10.0,40,184,2,62,6,0.1,6,29,40,0.9,0.5,10.0,29,40,0.9,0.5,10.0,0.9,TRUE,solved,39,1,39_S001,near,1,0.02720000000000001,0.001496,0.002794,0.12,0.024,0.026794000000000002,0.05549000000000001,0.02720000000000001,0.12,0.026794000000000002,0.05549000000000001,6.39,3.6354600000000006,39,29->33->26->20->18->12->6->1->21->23->36->31->39,39->40,RESULTS/GA/log_ga_spot.csv
Optimization,N40_PS_parking_budget_Cmax100_I1,N40_PS_parking_budget_Cmax100_I1.dat,parameter_sensitivity/small/N40_PS_parking_budget_Cmax100_I1.dat,parameter_sensitivity,N40,Cmax100,parking_budget_cmax,parking_budget_cmax,10.0,40,184,2,62,6,0.1,6,29,40,0.9,0.5,10.0,29,40,0.9,0.5,10.0,0.9,TRUE,inferred_from_previous_exact_lot_solution,39,1,39_S001,near,1,0.027,0.001496,0.002794,0.12,0.024,0.026794000000000002,0.055290000000000006,0.027,0.12,0.026794000000000002,0.055290000000000006,6.39,3.62466,0.804,29->33->26->20->18->15->14->5->1->21->23->36->31->39,39->40,RESULTS/COMBINED_ALL_METHODS/results_all_methods_parameter_sensitivity_spot_level.csv
PSO,N40_PS_parking_budget_Cmax100_I1,N40_PS_parking_budget_Cmax100_I1.dat,parameter_sensitivity/small/N40_PS_parking_budget_Cmax100_I1.dat,parameter_sensitivity,N40,Cmax100,parking_budget_cmax,parking_budget_cmax,10.0,40,184,2,62,6,0.1,6,29,40,0.9,0.5,10.0,29,40,0.9,0.5,10.0,0.9,TRUE,solved,39,1,39_S001,near,1,0.027900000000000015,0.001496,0.002794,0.12,0.024,0.026794000000000002,0.05619000000000002,0.027900000000000015,0.12,0.026794000000000002,0.05619000000000002,6.39,3.673260000000001,39,29->33->26->20->18->17->16->13->1->21->23->36->25->31->39,39->40,RESULTS/PSO/log_pso_spot.csv
ACO,N40_PS_parking_budget_Cmax150_I1,N40_PS_parking_budget_Cmax150_I1.dat,parameter_sensitivity/small/N40_PS_parking_budget_Cmax150_I1.dat,parameter_sensitivity,N40,Cmax150,parking_budget_cmax,parking_budget_cmax,15.0,40,184,2,62,6,0.1,6,29,40,0.9,0.5,15.0,29,40,0.9,0.5,15.0,0.9,TRUE,solved,39,1,39_S001,near,1,0.02700000000000001,0.001496,0.002794,0.12,0.024,0.026794000000000002,0.05529000000000001,0.02700000000000001,0.12,0.026794000000000002,0.05529000000000001,6.39,3.6246600000000004,39,29->33->26->20->18->15->14->5->1->21->23->36->31->39,39->40,RESULTS/ACO/log_aco_spot.csv
GA,N40_PS_parking_budget_Cmax150_I1,N40_PS_parking_budget_Cmax150_I1.dat,parameter_sensitivity/small/N40_PS_parking_budget_Cmax150_I1.dat,parameter_sensitivity,N40,Cmax150,parking_budget_cmax,parking_budget_cmax,15.0,40,184,2,62,6,0.1,6,29,40,0.9,0.5,15.0,29,40,0.9,0.5,15.0,0.9,TRUE,solved,39,1,39_S001,near,1,0.02720000000000001,0.001496,0.002794,0.12,0.024,0.026794000000000002,0.05549000000000001,0.02720000000000001,0.12,0.026794000000000002,0.05549000000000001,6.39,3.6354600000000006,39,29->33->26->20->18->12->6->1->21->23->36->31->39,39->40,RESULTS/GA/log_ga_spot.csv
Optimization,N40_PS_parking_budget_Cmax150_I1,N40_PS_parking_budget_Cmax150_I1.dat,parameter_sensitivity/small/N40_PS_parking_budget_Cmax150_I1.dat,parameter_sensitivity,N40,Cmax150,parking_budget_cmax,parking_budget_cmax,15.0,40,184,2,62,6,0.1,6,29,40,0.9,0.5,15.0,29,40,0.9,0.5,15.0,0.9,TRUE,inferred_from_previous_exact_lot_solution,39,1,39_S001,near,1,0.027,0.001496,0.002794,0.12,0.024,0.026794000000000002,0.055290000000000006,0.027,0.12,0.026794000000000002,0.055290000000000006,6.39,3.62466,0.804,29->33->26->20->18->15->14->5->1->21->23->36->31->39,39->40,RESULTS/COMBINED_ALL_METHODS/results_all_methods_parameter_sensitivity_spot_level.csv
PSO,N40_PS_parking_budget_Cmax150_I1,N40_PS_parking_budget_Cmax150_I1.dat,parameter_sensitivity/small/N40_PS_parking_budget_Cmax150_I1.dat,parameter_sensitivity,N40,Cmax150,parking_budget_cmax,parking_budget_cmax,15.0,40,184,2,62,6,0.1,6,29,40,0.9,0.5,15.0,29,40,0.9,0.5,15.0,0.9,TRUE,solved,39,1,39_S001,near,1,0.027900000000000015,0.001496,0.002794,0.12,0.024,0.026794000000000002,0.05619000000000002,0.027900000000000015,0.12,0.026794000000000002,0.05619000000000002,6.39,3.673260000000001,39,29->33->26->20->18->17->16->13->1->21->23->36->25->31->39,39->40,RESULTS/PSO/log_pso_spot.csv
ACO,N40_PS_parking_budget_Cmax205_I1,N40_PS_parking_budget_Cmax205_I1.dat,parameter_sensitivity/small/N40_PS_parking_budget_Cmax205_I1.dat,parameter_sensitivity,N40,Cmax205,parking_budget_cmax,parking_budget_cmax,20.5,40,184,2,62,6,0.1,6,29,40,0.9,0.5,20.5,29,40,0.9,0.5,20.5,0.9,TRUE,solved,39,1,39_S001,near,1,0.02700000000000001,0.001496,0.002794,0.12,0.024,0.026794000000000002,0.05529000000000001,0.02700000000000001,0.12,0.026794000000000002,0.05529000000000001,6.39,3.6246600000000004,39,29->33->26->20->18->15->14->5->1->21->23->36->31->39,39->40,RESULTS/ACO/log_aco_spot.csv
GA,N40_PS_parking_budget_Cmax205_I1,N40_PS_parking_budget_Cmax205_I1.dat,parameter_sensitivity/small/N40_PS_parking_budget_Cmax205_I1.dat,parameter_sensitivity,N40,Cmax205,parking_budget_cmax,parking_budget_cmax,20.5,40,184,2,62,6,0.1,6,29,40,0.9,0.5,20.5,29,40,0.9,0.5,20.5,0.9,TRUE,solved,39,1,39_S001,near,1,0.02700000000000001,0.001496,0.002794,0.12,0.024,0.026794000000000002,0.05529000000000001,0.02700000000000001,0.12,0.026794000000000002,0.05529000000000001,6.39,3.6246600000000004,39,29->33->26->20->18->15->14->5->1->21->23->36->31->39,39->40,RESULTS/GA/log_ga_spot.csv
Optimization,N40_PS_parking_budget_Cmax205_I1,N40_PS_parking_budget_Cmax205_I1.dat,parameter_sensitivity/small/N40_PS_parking_budget_Cmax205_I1.dat,parameter_sensitivity,N40,Cmax205,parking_budget_cmax,parking_budget_cmax,20.5,40,184,2,62,6,0.1,6,29,40,0.9,0.5,20.5,29,40,0.9,0.5,20.5,0.9,TRUE,inferred_from_previous_exact_lot_solution,39,1,39_S001,near,1,0.027,0.001496,0.002794,0.12,0.024,0.026794000000000002,0.055290000000000006,0.027,0.12,0.026794000000000002,0.055290000000000006,6.39,3.62466,0.231,29->33->26->20->18->15->14->5->1->21->23->36->31->39,39->40,RESULTS/COMBINED_ALL_METHODS/results_all_methods_parameter_sensitivity_spot_level.csv
PSO,N40_PS_parking_budget_Cmax205_I1,N40_PS_parking_budget_Cmax205_I1.dat,parameter_sensitivity/small/N40_PS_parking_budget_Cmax205_I1.dat,parameter_sensitivity,N40,Cmax205,parking_budget_cmax,parking_budget_cmax,20.5,40,184,2,62,6,0.1,6,29,40,0.9,0.5,20.5,29,40,0.9,0.5,20.5,0.9,TRUE,solved,39,1,39_S001,near,1,0.028600000000000014,0.001496,0.002794,0.12,0.024,0.026794000000000002,0.05689000000000002,0.028600000000000014,0.12,0.026794000000000002,0.05689000000000002,6.39,3.7110600000000007,39,29->33->30->22->19->24->12->6->1->21->23->36->31->39,39->40,RESULTS/PSO/log_pso_spot.csv
ACO,N40_PS_parking_budget_Cmax250_I1,N40_PS_parking_budget_Cmax250_I1.dat,parameter_sensitivity/small/N40_PS_parking_budget_Cmax250_I1.dat,parameter_sensitivity,N40,Cmax250,parking_budget_cmax,parking_budget_cmax,25.0,40,184,2,62,6,0.1,6,29,40,0.9,0.5,25.0,29,40,0.9,0.5,25.0,0.9,TRUE,solved,39,1,39_S001,near,1,0.02700000000000001,0.001496,0.002794,0.12,0.024,0.026794000000000002,0.05529000000000001,0.02700000000000001,0.12,0.026794000000000002,0.05529000000000001,6.39,3.6246600000000004,39,29->33->26->20->18->15->14->5->1->21->23->36->31->39,39->40,RESULTS/ACO/log_aco_spot.csv
GA,N40_PS_parking_budget_Cmax250_I1,N40_PS_parking_budget_Cmax250_I1.dat,parameter_sensitivity/small/N40_PS_parking_budget_Cmax250_I1.dat,parameter_sensitivity,N40,Cmax250,parking_budget_cmax,parking_budget_cmax,25.0,40,184,2,62,6,0.1,6,29,40,0.9,0.5,25.0,29,40,0.9,0.5,25.0,0.9,TRUE,solved,39,1,39_S001,near,1,0.02700000000000001,0.001496,0.002794,0.12,0.024,0.026794000000000002,0.05529000000000001,0.02700000000000001,0.12,0.026794000000000002,0.05529000000000001,6.39,3.6246600000000004,39,29->33->26->20->18->15->14->5->1->21->23->36->31->39,39->40,RESULTS/GA/log_ga_spot.csv
Optimization,N40_PS_parking_budget_Cmax250_I1,N40_PS_parking_budget_Cmax250_I1.dat,parameter_sensitivity/small/N40_PS_parking_budget_Cmax250_I1.dat,parameter_sensitivity,N40,Cmax250,parking_budget_cmax,parking_budget_cmax,25.0,40,184,2,62,6,0.1,6,29,40,0.9,0.5,25.0,29,40,0.9,0.5,25.0,0.9,TRUE,inferred_from_previous_exact_lot_solution,39,1,39_S001,near,1,0.027,0.001496,0.002794,0.12,0.024,0.026794000000000002,0.055290000000000006,0.027,0.12,0.026794000000000002,0.055290000000000006,6.39,3.62466,0.241,29->33->26->20->18->15->14->5->1->21->23->36->31->39,39->40,RESULTS/COMBINED_ALL_METHODS/results_all_methods_parameter_sensitivity_spot_level.csv
PSO,N40_PS_parking_budget_Cmax250_I1,N40_PS_parking_budget_Cmax250_I1.dat,parameter_sensitivity/small/N40_PS_parking_budget_Cmax250_I1.dat,parameter_sensitivity,N40,Cmax250,parking_budget_cmax,parking_budget_cmax,25.0,40,184,2,62,6,0.1,6,29,40,0.9,0.5,25.0,29,40,0.9,0.5,25.0,0.9,TRUE,solved,39,1,39_S001,near,1,0.028600000000000014,0.001496,0.002794,0.12,0.024,0.026794000000000002,0.05689000000000002,0.028600000000000014,0.12,0.026794000000000002,0.05689000000000002,6.39,3.7110600000000007,39,29->33->30->22->19->24->12->6->1->21->23->36->31->39,39->40,RESULTS/PSO/log_pso_spot.csv
ACO,N40_PS_parking_cost_100_225_I1,N40_PS_parking_cost_100_225_I1.dat,parameter_sensitivity/small/N40_PS_parking_cost_100_225_I1.dat,parameter_sensitivity,N40,SUMO,parking_cost_variation_mode,parking_cost_range,10.0-22.5,40,184,2,62,6,0.1,6,29,40,0.9,0.5,20.5,29,40,0.9,0.5,20.5,0.9,TRUE,solved,39,1,39_S001,near,1,0.026999999999999996,0.001496,0.002794,0.12,0.024,0.026794000000000002,0.05529,0.026999999999999996,0.12,0.026794000000000002,0.05529,9.5,3.93566,190.374,29->33->26->20->18->15->14->5->1->21->23->36->31->39,39->40,RESULTS/ACO/log_aco_spot.csv
GA,N40_PS_parking_cost_100_225_I1,N40_PS_parking_cost_100_225_I1.dat,parameter_sensitivity/small/N40_PS_parking_cost_100_225_I1.dat,parameter_sensitivity,N40,SUMO,parking_cost_variation_mode,parking_cost_range,10.0-22.5,40,184,2,62,6,0.1,6,29,40,0.9,0.5,20.5,29,40,0.9,0.5,20.5,0.9,TRUE,solved,39,1,39_S001,near,1,0.026999999999999996,0.001496,0.002794,0.12,0.024,0.026794000000000002,0.05529,0.026999999999999996,0.12,0.026794000000000002,0.05529,9.5,3.93566,309.374,29->33->26->20->18->15->14->5->1->21->23->36->31->39,39->40,RESULTS/GA/log_ga_spot.csv
Optimization,N40_PS_parking_cost_100_225_I1,N40_PS_parking_cost_100_225_I1.dat,parameter_sensitivity/small/N40_PS_parking_cost_100_225_I1.dat,parameter_sensitivity,N40,SUMO,parking_cost_variation_mode,parking_cost_range,10.0-22.5,40,184,2,62,6,0.1,6,29,40,0.9,0.5,20.5,29,40,0.9,0.5,20.5,0.9,TRUE,inferred_from_previous_exact_lot_solution,39,1,39_S001,near,1,0.027,0.001496,0.002794,0.12,0.024,0.026794000000000002,0.055290000000000006,0.027,0.12,0.026794000000000002,0.055290000000000006,9.5,3.93566,0.796,29->33->26->20->18->15->14->5->1->21->23->36->31->39,39->40,RESULTS/COMBINED_ALL_METHODS/results_all_methods_parameter_sensitivity_spot_level.csv
PSO,N40_PS_parking_cost_100_225_I1,N40_PS_parking_cost_100_225_I1.dat,parameter_sensitivity/small/N40_PS_parking_cost_100_225_I1.dat,parameter_sensitivity,N40,SUMO,parking_cost_variation_mode,parking_cost_range,10.0-22.5,40,184,2,62,6,0.1,6,29,40,0.9,0.5,20.5,29,40,0.9,0.5,20.5,0.9,TRUE,solved,39,1,39_S001,near,1,0.0286,0.001496,0.002794,0.12,0.024,0.026794000000000002,0.05689,0.0286,0.12,0.026794000000000002,0.05689,9.5,4.02206,229.396,29->33->30->22->19->24->12->6->1->21->23->36->31->39,39->40,RESULTS/PSO/log_pso_spot.csv
ACO,N40_PS_parking_cost_125_250_I1,N40_PS_parking_cost_125_250_I1.dat,parameter_sensitivity/small/N40_PS_parking_cost_125_250_I1.dat,parameter_sensitivity,N40,SUMO,parking_cost_variation_mode,parking_cost_range,12.5-25.0,40,184,2,62,6,0.1,6,29,40,0.9,0.5,20.5,29,40,0.9,0.5,20.5,0.9,TRUE,solved,39,1,39_S001,near,1,0.026999999999999996,0.001496,0.002794,0.12,0.024,0.026794000000000002,0.05529,0.026999999999999996,0.12,0.026794000000000002,0.05529,15.35,4.5206599999999995,202.122,29->33->26->20->18->15->14->5->1->21->23->36->31->39,39->40,RESULTS/ACO/log_aco_spot.csv
GA,N40_PS_parking_cost_125_250_I1,N40_PS_parking_cost_125_250_I1.dat,parameter_sensitivity/small/N40_PS_parking_cost_125_250_I1.dat,parameter_sensitivity,N40,SUMO,parking_cost_variation_mode,parking_cost_range,12.5-25.0,40,184,2,62,6,0.1,6,29,40,0.9,0.5,20.5,29,40,0.9,0.5,20.5,0.9,TRUE,solved,39,1,39_S001,near,1,0.026999999999999996,0.001496,0.002794,0.12,0.024,0.026794000000000002,0.05529,0.026999999999999996,0.12,0.026794000000000002,0.05529,15.35,4.5206599999999995,306.36,29->33->26->20->18->15->14->5->1->21->23->36->31->39,39->40,RESULTS/GA/log_ga_spot.csv
Optimization,N40_PS_parking_cost_125_250_I1,N40_PS_parking_cost_125_250_I1.dat,parameter_sensitivity/small/N40_PS_parking_cost_125_250_I1.dat,parameter_sensitivity,N40,SUMO,parking_cost_variation_mode,parking_cost_range,12.5-25.0,40,184,2,62,6,0.1,6,29,40,0.9,0.5,20.5,29,40,0.9,0.5,20.5,0.9,TRUE,inferred_from_previous_exact_lot_solution,39,1,39_S001,near,1,0.027,0.001496,0.002794,0.12,0.024,0.026794000000000002,0.055290000000000006,0.027,0.12,0.026794000000000002,0.055290000000000006,15.35,4.5206599999999995,0.796,29->33->26->20->18->15->14->5->1->21->23->36->31->39,39->40,RESULTS/COMBINED_ALL_METHODS/results_all_methods_parameter_sensitivity_spot_level.csv
PSO,N40_PS_parking_cost_125_250_I1,N40_PS_parking_cost_125_250_I1.dat,parameter_sensitivity/small/N40_PS_parking_cost_125_250_I1.dat,parameter_sensitivity,N40,SUMO,parking_cost_variation_mode,parking_cost_range,12.5-25.0,40,184,2,62,6,0.1,6,29,40,0.9,0.5,20.5,29,40,0.9,0.5,20.5,0.9,TRUE,solved,39,1,39_S001,near,1,0.0286,0.001496,0.002794,0.12,0.024,0.026794000000000002,0.05689,0.0286,0.12,0.026794000000000002,0.05689,15.35,4.607060000000001,224.309,29->33->30->22->19->24->12->6->1->21->23->36->31->39,39->40,RESULTS/PSO/log_pso_spot.csv
ACO,N40_PS_parking_cost_150_300_I1,N40_PS_parking_cost_150_300_I1.dat,parameter_sensitivity/small/N40_PS_parking_cost_150_300_I1.dat,parameter_sensitivity,N40,SUMO,parking_cost_variation_mode,parking_cost_range,15.0-30.0,40,184,2,62,6,0.1,6,29,40,0.9,0.5,20.5,29,40,0.9,0.5,20.5,0.9,TRUE,solved,39,1,39_S001,near,1,0.026999999999999996,0.001496,0.002794,0.12,0.024,0.026794000000000002,0.05529,0.026999999999999996,0.12,0.026794000000000002,0.05529,17.94,4.77966,205.909,29->33->26->20->18->15->14->5->1->21->23->36->31->39,39->40,RESULTS/ACO/log_aco_spot.csv
GA,N40_PS_parking_cost_150_300_I1,N40_PS_parking_cost_150_300_I1.dat,parameter_sensitivity/small/N40_PS_parking_cost_150_300_I1.dat,parameter_sensitivity,N40,SUMO,parking_cost_variation_mode,parking_cost_range,15.0-30.0,40,184,2,62,6,0.1,6,29,40,0.9,0.5,20.5,29,40,0.9,0.5,20.5,0.9,TRUE,solved,39,1,39_S001,near,1,0.026999999999999996,0.001496,0.002794,0.12,0.024,0.026794000000000002,0.05529,0.026999999999999996,0.12,0.026794000000000002,0.05529,17.94,4.77966,311.958,29->33->26->20->18->15->14->5->1->21->23->36->31->39,39->40,RESULTS/GA/log_ga_spot.csv
Optimization,N40_PS_parking_cost_150_300_I1,N40_PS_parking_cost_150_300_I1.dat,parameter_sensitivity/small/N40_PS_parking_cost_150_300_I1.dat,parameter_sensitivity,N40,SUMO,parking_cost_variation_mode,parking_cost_range,15.0-30.0,40,184,2,62,6,0.1,6,29,40,0.9,0.5,20.5,29,40,0.9,0.5,20.5,0.9,TRUE,inferred_from_previous_exact_lot_solution,39,1,39_S001,near,1,0.027,0.001496,0.002794,0.12,0.024,0.026794000000000002,0.055290000000000006,0.027,0.12,0.026794000000000002,0.055290000000000006,17.94,4.77966,0.807,29->33->26->20->18->15->14->5->1->21->23->36->31->39,39->40,RESULTS/COMBINED_ALL_METHODS/results_all_methods_parameter_sensitivity_spot_level.csv
PSO,N40_PS_parking_cost_150_300_I1,N40_PS_parking_cost_150_300_I1.dat,parameter_sensitivity/small/N40_PS_parking_cost_150_300_I1.dat,parameter_sensitivity,N40,SUMO,parking_cost_variation_mode,parking_cost_range,15.0-30.0,40,184,2,62,6,0.1,6,29,40,0.9,0.5,20.5,29,40,0.9,0.5,20.5,0.9,TRUE,solved,38,39,38_S001,near,1,0.0269,0.001609,0.003099,0.1501,0.03,0.033098999999999996,0.061607999999999996,0.0269,0.1501,0.033098999999999996,0.061607999999999996,15.08,4.834832,376.579,29->33->26->20->18->12->6->1->21->23->36->31->38,38->40,RESULTS/PSO/log_pso_spot.csv
ACO,N40_PS_parking_cost_80_205_I1,N40_PS_parking_cost_80_205_I1.dat,parameter_sensitivity/small/N40_PS_parking_cost_80_205_I1.dat,parameter_sensitivity,N40,SUMO,parking_cost_variation_mode,parking_cost_range,8.0-20.5,40,184,2,62,6,0.1,6,29,40,0.9,0.5,20.5,29,40,0.9,0.5,20.5,0.9,TRUE,solved,39,1,39_S001,near,1,0.026999999999999996,0.001496,0.002794,0.12,0.024,0.026794000000000002,0.05529,0.026999999999999996,0.12,0.026794000000000002,0.05529,19.63,4.948659999999999,197.063,29->33->26->20->18->15->14->5->1->21->23->36->31->39,39->40,RESULTS/ACO/log_aco_spot.csv
GA,N40_PS_parking_cost_80_205_I1,N40_PS_parking_cost_80_205_I1.dat,parameter_sensitivity/small/N40_PS_parking_cost_80_205_I1.dat,parameter_sensitivity,N40,SUMO,parking_cost_variation_mode,parking_cost_range,8.0-20.5,40,184,2,62,6,0.1,6,29,40,0.9,0.5,20.5,29,40,0.9,0.5,20.5,0.9,TRUE,solved,39,1,39_S001,near,1,0.026999999999999996,0.001496,0.002794,0.12,0.024,0.026794000000000002,0.05529,0.026999999999999996,0.12,0.026794000000000002,0.05529,19.63,4.948659999999999,307.236,29->33->26->20->18->15->14->5->1->21->23->36->31->39,39->40,RESULTS/GA/log_ga_spot.csv
Optimization,N40_PS_parking_cost_80_205_I1,N40_PS_parking_cost_80_205_I1.dat,parameter_sensitivity/small/N40_PS_parking_cost_80_205_I1.dat,parameter_sensitivity,N40,SUMO,parking_cost_variation_mode,parking_cost_range,8.0-20.5,40,184,2,62,6,0.1,6,29,40,0.9,0.5,20.5,29,40,0.9,0.5,20.5,0.9,TRUE,inferred_from_previous_exact_lot_solution,39,1,39_S001,near,1,0.027,0.001496,0.002794,0.12,0.024,0.026794000000000002,0.055290000000000006,0.027,0.12,0.026794000000000002,0.055290000000000006,19.63,4.948659999999999,0.811,29->33->26->20->18->15->14->5->1->21->23->36->31->39,39->40,RESULTS/COMBINED_ALL_METHODS/results_all_methods_parameter_sensitivity_spot_level.csv
PSO,N40_PS_parking_cost_80_205_I1,N40_PS_parking_cost_80_205_I1.dat,parameter_sensitivity/small/N40_PS_parking_cost_80_205_I1.dat,parameter_sensitivity,N40,SUMO,parking_cost_variation_mode,parking_cost_range,8.0-20.5,40,184,2,62,6,0.1,6,29,40,0.9,0.5,20.5,29,40,0.9,0.5,20.5,0.9,TRUE,solved,39,1,39_S001,near,1,0.0286,0.001496,0.002794,0.12,0.024,0.026794000000000002,0.05689,0.0286,0.12,0.026794000000000002,0.05689,19.63,5.03506,232.974,29->33->30->22->19->24->12->6->1->21->23->36->31->39,39->40,RESULTS/PSO/log_pso_spot.csv
ACO,N40_PS_parking_supply_P10_I1,N40_PS_parking_supply_P10_I1.dat,parameter_sensitivity/small/N40_PS_parking_supply_P10_I1.dat,parameter_sensitivity,N40,SUMO,parking_supply,parking_supply,10%,40,188,4,112,11,0.1,11,29,40,0.9,0.5,20.5,29,40,0.9,0.5,20.5,0.9,TRUE,solved,39,1,39_S001,near,1,0.026999999999999996,0.001496,0.002794,0.12,0.024,0.026794000000000002,0.05529,0.026999999999999996,0.12,0.026794000000000002,0.05529,19.63,4.948659999999999,236.353,29->33->26->20->18->15->14->5->1->21->23->36->31->39,39->40,RESULTS/ACO/log_aco_spot.csv
GA,N40_PS_parking_supply_P10_I1,N40_PS_parking_supply_P10_I1.dat,parameter_sensitivity/small/N40_PS_parking_supply_P10_I1.dat,parameter_sensitivity,N40,SUMO,parking_supply,parking_supply,10%,40,188,4,112,11,0.1,11,29,40,0.9,0.5,20.5,29,40,0.9,0.5,20.5,0.9,TRUE,solved,39,1,39_S001,near,1,0.027299999999999998,0.001496,0.002794,0.12,0.024,0.026794000000000002,0.05559,0.027299999999999998,0.12,0.026794000000000002,0.05559,19.63,4.96486,262.548,29->27->33->26->20->18->15->14->13->1->21->23->36->31->39,39->40,RESULTS/GA/log_ga_spot.csv
Optimization,N40_PS_parking_supply_P10_I1,N40_PS_parking_supply_P10_I1.dat,parameter_sensitivity/small/N40_PS_parking_supply_P10_I1.dat,parameter_sensitivity,N40,SUMO,parking_supply,parking_supply,10%,40,188,4,112,11,0.1,11,29,40,0.9,0.5,20.5,29,40,0.9,0.5,20.5,0.9,TRUE,inferred_from_previous_exact_lot_solution,39,1,39_S001,near,1,0.027,0.001496,0.002794,0.12,0.024,0.026794000000000002,0.055290000000000006,0.027,0.12,0.026794000000000002,0.055290000000000006,19.63,4.948659999999999,1.268,29->33->26->20->18->15->14->5->1->21->23->36->31->39,39->40,RESULTS/COMBINED_ALL_METHODS/results_all_methods_parameter_sensitivity_spot_level.csv
PSO,N40_PS_parking_supply_P10_I1,N40_PS_parking_supply_P10_I1.dat,parameter_sensitivity/small/N40_PS_parking_supply_P10_I1.dat,parameter_sensitivity,N40,SUMO,parking_supply,parking_supply,10%,40,188,4,112,11,0.1,11,29,40,0.9,0.5,20.5,29,40,0.9,0.5,20.5,0.9,TRUE,solved,39,1,39_S001,near,1,0.0286,0.001496,0.002794,0.12,0.024,0.026794000000000002,0.05689,0.0286,0.12,0.026794000000000002,0.05689,19.63,5.03506,272.488,29->34->30->22->19->24->12->6->1->21->23->36->31->39,39->40,RESULTS/PSO/log_pso_spot.csv
ACO,N40_PS_parking_supply_P15_I1,N40_PS_parking_supply_P15_I1.dat,parameter_sensitivity/small/N40_PS_parking_supply_P15_I1.dat,parameter_sensitivity,N40,SUMO,parking_supply,parking_supply,15%,40,192,6,173,17,0.1,17,29,40,0.9,0.5,20.5,29,40,0.9,0.5,20.5,0.9,TRUE,solved,39,1,39_S001,near,1,0.026999999999999996,0.001496,0.002794,0.12,0.024,0.026794000000000002,0.05529,0.026999999999999996,0.12,0.026794000000000002,0.05529,19.63,4.948659999999999,282.665,29->33->26->20->18->15->14->5->1->21->23->36->31->39,39->40,RESULTS/ACO/log_aco_spot.csv
GA,N40_PS_parking_supply_P15_I1,N40_PS_parking_supply_P15_I1.dat,parameter_sensitivity/small/N40_PS_parking_supply_P15_I1.dat,parameter_sensitivity,N40,SUMO,parking_supply,parking_supply,15%,40,192,6,173,17,0.1,17,29,40,0.9,0.5,20.5,29,40,0.9,0.5,20.5,0.9,TRUE,solved,39,1,39_S001,near,1,0.027200000000000002,0.001496,0.002794,0.12,0.024,0.026794000000000002,0.055490000000000005,0.027200000000000002,0.12,0.026794000000000002,0.055490000000000005,19.63,4.95946,345.17,29->33->26->20->18->12->6->1->21->23->36->31->39,39->40,RESULTS/GA/log_ga_spot.csv
Optimization,N40_PS_parking_supply_P15_I1,N40_PS_parking_supply_P15_I1.dat,parameter_sensitivity/small/N40_PS_parking_supply_P15_I1.dat,parameter_sensitivity,N40,SUMO,parking_supply,parking_supply,15%,40,192,6,173,17,0.1,17,29,40,0.9,0.5,20.5,29,40,0.9,0.5,20.5,0.9,TRUE,inferred_from_previous_exact_lot_solution,39,1,39_S001,near,1,0.027,0.001496,0.002794,0.12,0.024,0.026794000000000002,0.055290000000000006,0.027,0.12,0.026794000000000002,0.055290000000000006,19.63,4.948659999999999,2.859,29->33->26->20->18->15->14->5->1->21->23->36->31->39,39->40,RESULTS/COMBINED_ALL_METHODS/results_all_methods_parameter_sensitivity_spot_level.csv
PSO,N40_PS_parking_supply_P15_I1,N40_PS_parking_supply_P15_I1.dat,parameter_sensitivity/small/N40_PS_parking_supply_P15_I1.dat,parameter_sensitivity,N40,SUMO,parking_supply,parking_supply,15%,40,192,6,173,17,0.1,17,29,40,0.9,0.5,20.5,29,40,0.9,0.5,20.5,0.9,TRUE,solved,39,1,39_S001,near,1,0.0286,0.001496,0.002794,0.12,0.024,0.026794000000000002,0.05689,0.0286,0.12,0.026794000000000002,0.05689,19.63,5.03506,305.827,29->34->30->22->19->24->12->6->1->21->23->36->31->39,39->40,RESULTS/PSO/log_pso_spot.csv
ACO,N40_PS_parking_supply_P20_I1,N40_PS_parking_supply_P20_I1.dat,parameter_sensitivity/small/N40_PS_parking_supply_P20_I1.dat,parameter_sensitivity,N40,SUMO,parking_supply,parking_supply,20%,40,196,8,231,23,0.1,23,29,40,0.9,0.5,20.5,29,40,0.9,0.5,20.5,0.9,TRUE,solved,39,1,39_S001,near,1,0.026999999999999996,0.001496,0.002794,0.12,0.024,0.026794000000000002,0.05529,0.026999999999999996,0.12,0.026794000000000002,0.05529,19.63,4.948659999999999,306.67,29->33->26->20->18->15->14->5->1->21->23->36->31->39,39->40,RESULTS/ACO/log_aco_spot.csv
GA,N40_PS_parking_supply_P20_I1,N40_PS_parking_supply_P20_I1.dat,parameter_sensitivity/small/N40_PS_parking_supply_P20_I1.dat,parameter_sensitivity,N40,SUMO,parking_supply,parking_supply,20%,40,196,8,231,23,0.1,23,29,40,0.9,0.5,20.5,29,40,0.9,0.5,20.5,0.9,TRUE,solved,39,1,39_S001,near,1,0.027200000000000002,0.001496,0.002794,0.12,0.024,0.026794000000000002,0.055490000000000005,0.027200000000000002,0.12,0.026794000000000002,0.055490000000000005,19.63,4.95946,379.248,29->33->26->20->18->12->6->1->21->23->36->31->39,39->40,RESULTS/GA/log_ga_spot.csv
Optimization,N40_PS_parking_supply_P20_I1,N40_PS_parking_supply_P20_I1.dat,parameter_sensitivity/small/N40_PS_parking_supply_P20_I1.dat,parameter_sensitivity,N40,SUMO,parking_supply,parking_supply,20%,40,196,8,231,23,0.1,23,29,40,0.9,0.5,20.5,29,40,0.9,0.5,20.5,0.9,TRUE,inferred_from_previous_exact_lot_solution,39,1,39_S001,near,1,0.027,0.001496,0.002794,0.12,0.024,0.026794000000000002,0.055290000000000006,0.027,0.12,0.026794000000000002,0.055290000000000006,19.63,4.948659999999999,3.583,29->33->26->20->18->15->14->5->1->21->23->36->31->39,39->40,RESULTS/COMBINED_ALL_METHODS/results_all_methods_parameter_sensitivity_spot_level.csv
PSO,N40_PS_parking_supply_P20_I1,N40_PS_parking_supply_P20_I1.dat,parameter_sensitivity/small/N40_PS_parking_supply_P20_I1.dat,parameter_sensitivity,N40,SUMO,parking_supply,parking_supply,20%,40,196,8,231,23,0.1,23,29,40,0.9,0.5,20.5,29,40,0.9,0.5,20.5,0.9,TRUE,solved,39,1,39_S001,near,1,0.028700000000000003,0.001496,0.002794,0.12,0.024,0.026794000000000002,0.056990000000000006,0.028700000000000003,0.12,0.026794000000000002,0.056990000000000006,19.63,5.0404599999999995,469.704,29->34->30->22->19->24->12->6->1->21->23->36->25->31->39,39->40,RESULTS/PSO/log_pso_spot.csv
ACO,N40_PS_parking_supply_P5_I1,N40_PS_parking_supply_P5_I1.dat,parameter_sensitivity/small/N40_PS_parking_supply_P5_I1.dat,parameter_sensitivity,N40,SUMO,parking_supply,parking_supply,5%,40,184,2,62,6,0.1,6,29,40,0.9,0.5,20.5,29,40,0.9,0.5,20.5,0.9,TRUE,solved,39,1,39_S001,near,1,0.026999999999999996,0.001496,0.002794,0.12,0.024,0.026794000000000002,0.05529,0.026999999999999996,0.12,0.026794000000000002,0.05529,19.63,4.948659999999999,199.118,29->33->26->20->18->15->14->5->1->21->23->36->31->39,39->40,RESULTS/ACO/log_aco_spot.csv
GA,N40_PS_parking_supply_P5_I1,N40_PS_parking_supply_P5_I1.dat,parameter_sensitivity/small/N40_PS_parking_supply_P5_I1.dat,parameter_sensitivity,N40,SUMO,parking_supply,parking_supply,5%,40,184,2,62,6,0.1,6,29,40,0.9,0.5,20.5,29,40,0.9,0.5,20.5,0.9,TRUE,solved,39,1,39_S001,near,1,0.026999999999999996,0.001496,0.002794,0.12,0.024,0.026794000000000002,0.05529,0.026999999999999996,0.12,0.026794000000000002,0.05529,19.63,4.948659999999999,302.556,29->33->26->20->18->15->14->5->1->21->23->36->31->39,39->40,RESULTS/GA/log_ga_spot.csv
Optimization,N40_PS_parking_supply_P5_I1,N40_PS_parking_supply_P5_I1.dat,parameter_sensitivity/small/N40_PS_parking_supply_P5_I1.dat,parameter_sensitivity,N40,SUMO,parking_supply,parking_supply,5%,40,184,2,62,6,0.1,6,29,40,0.9,0.5,20.5,29,40,0.9,0.5,20.5,0.9,TRUE,inferred_from_previous_exact_lot_solution,39,1,39_S001,near,1,0.027,0.001496,0.002794,0.12,0.024,0.026794000000000002,0.055290000000000006,0.027,0.12,0.026794000000000002,0.055290000000000006,19.63,4.948659999999999,1.007,29->33->26->20->18->15->14->5->1->21->23->36->31->39,39->40,RESULTS/COMBINED_ALL_METHODS/results_all_methods_parameter_sensitivity_spot_level.csv
PSO,N40_PS_parking_supply_P5_I1,N40_PS_parking_supply_P5_I1.dat,parameter_sensitivity/small/N40_PS_parking_supply_P5_I1.dat,parameter_sensitivity,N40,SUMO,parking_supply,parking_supply,5%,40,184,2,62,6,0.1,6,29,40,0.9,0.5,20.5,29,40,0.9,0.5,20.5,0.9,TRUE,solved,39,1,39_S001,near,1,0.0286,0.001496,0.002794,0.12,0.024,0.026794000000000002,0.05689,0.0286,0.12,0.026794000000000002,0.05689,19.63,5.03506,265.713,29->33->30->22->19->24->12->6->1->21->23->36->31->39,39->40,RESULTS/PSO/log_pso_spot.csv
ACO,N40_PS_spot_availability_A10_I1,N40_PS_spot_availability_A10_I1.dat,parameter_sensitivity/small/N40_PS_spot_availability_A10_I1.dat,parameter_sensitivity,N40,SUMO,parking_spot_availability,parking_spot_availability,10%,40,184,2,62,6,0.1,6,29,40,0.9,0.5,20.5,29,40,0.9,0.5,20.5,0.9,TRUE,solved,39,1,39_S001,near,1,0.026999999999999996,0.001496,0.002794,0.12,0.024,0.026794000000000002,0.05529,0.026999999999999996,0.12,0.026794000000000002,0.05529,19.63,4.948659999999999,208.637,29->33->26->20->18->15->14->5->1->21->23->36->31->39,39->40,RESULTS/ACO/log_aco_spot.csv
GA,N40_PS_spot_availability_A10_I1,N40_PS_spot_availability_A10_I1.dat,parameter_sensitivity/small/N40_PS_spot_availability_A10_I1.dat,parameter_sensitivity,N40,SUMO,parking_spot_availability,parking_spot_availability,10%,40,184,2,62,6,0.1,6,29,40,0.9,0.5,20.5,29,40,0.9,0.5,20.5,0.9,TRUE,solved,39,1,39_S001,near,1,0.026999999999999996,0.001496,0.002794,0.12,0.024,0.026794000000000002,0.05529,0.026999999999999996,0.12,0.026794000000000002,0.05529,19.63,4.948659999999999,288.493,29->33->26->20->18->15->14->5->1->21->23->36->31->39,39->40,RESULTS/GA/log_ga_spot.csv
Optimization,N40_PS_spot_availability_A10_I1,N40_PS_spot_availability_A10_I1.dat,parameter_sensitivity/small/N40_PS_spot_availability_A10_I1.dat,parameter_sensitivity,N40,SUMO,parking_spot_availability,parking_spot_availability,10%,40,184,2,62,6,0.1,6,29,40,0.9,0.5,20.5,29,40,0.9,0.5,20.5,0.9,TRUE,inferred_from_previous_exact_lot_solution,39,1,39_S001,near,1,0.027,0.001496,0.002794,0.12,0.024,0.026794000000000002,0.055290000000000006,0.027,0.12,0.026794000000000002,0.055290000000000006,19.63,4.948659999999999,0.323,29->33->26->20->18->15->14->5->1->21->23->36->31->39,39->40,RESULTS/COMBINED_ALL_METHODS/results_all_methods_parameter_sensitivity_spot_level.csv
PSO,N40_PS_spot_availability_A10_I1,N40_PS_spot_availability_A10_I1.dat,parameter_sensitivity/small/N40_PS_spot_availability_A10_I1.dat,parameter_sensitivity,N40,SUMO,parking_spot_availability,parking_spot_availability,10%,40,184,2,62,6,0.1,6,29,40,0.9,0.5,20.5,29,40,0.9,0.5,20.5,0.9,TRUE,solved,39,1,39_S001,near,1,0.0286,0.001496,0.002794,0.12,0.024,0.026794000000000002,0.05689,0.0286,0.12,0.026794000000000002,0.05689,19.63,5.03506,225.458,29->33->30->22->19->24->12->6->1->21->23->36->31->39,39->40,RESULTS/PSO/log_pso_spot.csv
ACO,N40_PS_spot_availability_A20_I1,N40_PS_spot_availability_A20_I1.dat,parameter_sensitivity/small/N40_PS_spot_availability_A20_I1.dat,parameter_sensitivity,N40,SUMO,parking_spot_availability,parking_spot_availability,20%,40,184,2,62,13,0.2,13,29,40,0.9,0.5,20.5,29,40,0.9,0.5,20.5,0.9,TRUE,solved,39,1,39_S001,near,1,0.026999999999999996,0.001496,0.002794,0.12,0.024,0.026794000000000002,0.05529,0.026999999999999996,0.12,0.026794000000000002,0.05529,19.63,4.948659999999999,229.549,29->33->26->20->18->15->14->5->1->21->23->36->31->39,39->40,RESULTS/ACO/log_aco_spot.csv
GA,N40_PS_spot_availability_A20_I1,N40_PS_spot_availability_A20_I1.dat,parameter_sensitivity/small/N40_PS_spot_availability_A20_I1.dat,parameter_sensitivity,N40,SUMO,parking_spot_availability,parking_spot_availability,20%,40,184,2,62,13,0.2,13,29,40,0.9,0.5,20.5,29,40,0.9,0.5,20.5,0.9,TRUE,solved,39,1,39_S001,near,1,0.026999999999999996,0.001496,0.002794,0.12,0.024,0.026794000000000002,0.05529,0.026999999999999996,0.12,0.026794000000000002,0.05529,19.63,4.948659999999999,318.76,29->33->26->20->18->15->14->5->1->21->23->36->31->39,39->40,RESULTS/GA/log_ga_spot.csv
Optimization,N40_PS_spot_availability_A20_I1,N40_PS_spot_availability_A20_I1.dat,parameter_sensitivity/small/N40_PS_spot_availability_A20_I1.dat,parameter_sensitivity,N40,SUMO,parking_spot_availability,parking_spot_availability,20%,40,184,2,62,13,0.2,13,29,40,0.9,0.5,20.5,29,40,0.9,0.5,20.5,0.9,TRUE,inferred_from_previous_exact_lot_solution,39,1,39_S001,near,1,0.027,0.001496,0.002794,0.12,0.024,0.026794000000000002,0.055290000000000006,0.027,0.12,0.026794000000000002,0.055290000000000006,19.63,4.948659999999999,0.576,29->33->26->20->18->15->14->5->1->21->23->36->31->39,39->40,RESULTS/COMBINED_ALL_METHODS/results_all_methods_parameter_sensitivity_spot_level.csv
PSO,N40_PS_spot_availability_A20_I1,N40_PS_spot_availability_A20_I1.dat,parameter_sensitivity/small/N40_PS_spot_availability_A20_I1.dat,parameter_sensitivity,N40,SUMO,parking_spot_availability,parking_spot_availability,20%,40,184,2,62,13,0.2,13,29,40,0.9,0.5,20.5,29,40,0.9,0.5,20.5,0.9,TRUE,solved,39,1,39_S001,near,1,0.0286,0.001496,0.002794,0.12,0.024,0.026794000000000002,0.05689,0.0286,0.12,0.026794000000000002,0.05689,19.63,5.03506,256.276,29->34->30->22->19->24->12->6->1->21->23->36->31->39,39->40,RESULTS/PSO/log_pso_spot.csv
ACO,N40_PS_spot_availability_A30_I1,N40_PS_spot_availability_A30_I1.dat,parameter_sensitivity/small/N40_PS_spot_availability_A30_I1.dat,parameter_sensitivity,N40,SUMO,parking_spot_availability,parking_spot_availability,30%,40,184,2,62,18,0.3,18,29,40,0.9,0.5,20.5,29,40,0.9,0.5,20.5,0.9,TRUE,solved,39,1,39_S001,near,1,0.026999999999999996,0.001496,0.002794,0.12,0.024,0.026794000000000002,0.05529,0.026999999999999996,0.12,0.026794000000000002,0.05529,19.63,4.948659999999999,226.119,29->33->26->20->18->15->14->5->1->21->23->36->31->39,39->40,RESULTS/ACO/log_aco_spot.csv
GA,N40_PS_spot_availability_A30_I1,N40_PS_spot_availability_A30_I1.dat,parameter_sensitivity/small/N40_PS_spot_availability_A30_I1.dat,parameter_sensitivity,N40,SUMO,parking_spot_availability,parking_spot_availability,30%,40,184,2,62,18,0.3,18,29,40,0.9,0.5,20.5,29,40,0.9,0.5,20.5,0.9,TRUE,solved,39,1,39_S001,near,1,0.026999999999999996,0.001496,0.002794,0.12,0.024,0.026794000000000002,0.05529,0.026999999999999996,0.12,0.026794000000000002,0.05529,19.63,4.948659999999999,336.082,29->33->26->20->18->15->14->5->1->21->23->36->31->39,39->40,RESULTS/GA/log_ga_spot.csv
Optimization,N40_PS_spot_availability_A30_I1,N40_PS_spot_availability_A30_I1.dat,parameter_sensitivity/small/N40_PS_spot_availability_A30_I1.dat,parameter_sensitivity,N40,SUMO,parking_spot_availability,parking_spot_availability,30%,40,184,2,62,18,0.3,18,29,40,0.9,0.5,20.5,29,40,0.9,0.5,20.5,0.9,TRUE,inferred_from_previous_exact_lot_solution,39,1,39_S001,near,1,0.027,0.001496,0.002794,0.12,0.024,0.026794000000000002,0.055290000000000006,0.027,0.12,0.026794000000000002,0.055290000000000006,19.63,4.948659999999999,1.484,29->33->26->20->18->15->14->5->1->21->23->36->31->39,39->40,RESULTS/COMBINED_ALL_METHODS/results_all_methods_parameter_sensitivity_spot_level.csv
PSO,N40_PS_spot_availability_A30_I1,N40_PS_spot_availability_A30_I1.dat,parameter_sensitivity/small/N40_PS_spot_availability_A30_I1.dat,parameter_sensitivity,N40,SUMO,parking_spot_availability,parking_spot_availability,30%,40,184,2,62,18,0.3,18,29,40,0.9,0.5,20.5,29,40,0.9,0.5,20.5,0.9,TRUE,solved,39,1,39_S001,near,1,0.0286,0.001496,0.002794,0.12,0.024,0.026794000000000002,0.05689,0.0286,0.12,0.026794000000000002,0.05689,19.63,5.03506,259.154,29->34->30->22->19->24->12->6->1->21->23->36->31->39,39->40,RESULTS/PSO/log_pso_spot.csv
ACO,N40_PS_spot_availability_A40_I1,N40_PS_spot_availability_A40_I1.dat,parameter_sensitivity/small/N40_PS_spot_availability_A40_I1.dat,parameter_sensitivity,N40,SUMO,parking_spot_availability,parking_spot_availability,40%,40,184,2,62,25,0.4,25,29,40,0.9,0.5,20.5,29,40,0.9,0.5,20.5,0.9,TRUE,solved,39,1,39_S001,near,1,0.026999999999999996,0.001496,0.002794,0.12,0.024,0.026794000000000002,0.05529,0.026999999999999996,0.12,0.026794000000000002,0.05529,19.63,4.948659999999999,247.371,29->33->26->20->18->15->14->5->1->21->23->36->31->39,39->40,RESULTS/ACO/log_aco_spot.csv
GA,N40_PS_spot_availability_A40_I1,N40_PS_spot_availability_A40_I1.dat,parameter_sensitivity/small/N40_PS_spot_availability_A40_I1.dat,parameter_sensitivity,N40,SUMO,parking_spot_availability,parking_spot_availability,40%,40,184,2,62,25,0.4,25,29,40,0.9,0.5,20.5,29,40,0.9,0.5,20.5,0.9,TRUE,solved,39,1,39_S001,near,1,0.026999999999999996,0.001496,0.002794,0.12,0.024,0.026794000000000002,0.05529,0.026999999999999996,0.12,0.026794000000000002,0.05529,19.63,4.948659999999999,341.839,29->33->26->20->18->15->14->5->1->21->23->36->31->39,39->40,RESULTS/GA/log_ga_spot.csv
Optimization,N40_PS_spot_availability_A40_I1,N40_PS_spot_availability_A40_I1.dat,parameter_sensitivity/small/N40_PS_spot_availability_A40_I1.dat,parameter_sensitivity,N40,SUMO,parking_spot_availability,parking_spot_availability,40%,40,184,2,62,25,0.4,25,29,40,0.9,0.5,20.5,29,40,0.9,0.5,20.5,0.9,TRUE,inferred_from_previous_exact_lot_solution,39,1,39_S001,near,1,0.027,0.001496,0.002794,0.12,0.024,0.026794000000000002,0.055290000000000006,0.027,0.12,0.026794000000000002,0.055290000000000006,19.63,4.948659999999999,1.854,29->33->26->20->18->15->14->5->1->21->23->36->31->39,39->40,RESULTS/COMBINED_ALL_METHODS/results_all_methods_parameter_sensitivity_spot_level.csv
PSO,N40_PS_spot_availability_A40_I1,N40_PS_spot_availability_A40_I1.dat,parameter_sensitivity/small/N40_PS_spot_availability_A40_I1.dat,parameter_sensitivity,N40,SUMO,parking_spot_availability,parking_spot_availability,40%,40,184,2,62,25,0.4,25,29,40,0.9,0.5,20.5,29,40,0.9,0.5,20.5,0.9,TRUE,solved,39,1,39_S001,near,1,0.0286,0.001496,0.002794,0.12,0.024,0.026794000000000002,0.05689,0.0286,0.12,0.026794000000000002,0.05689,19.63,5.03506,268.299,29->34->30->22->19->24->12->6->1->21->23->36->31->39,39->40,RESULTS/PSO/log_pso_spot.csv
ACO,N40_PS_spots_per_lot_S1020_I1,N40_PS_spots_per_lot_S1020_I1.dat,parameter_sensitivity/small/N40_PS_spots_per_lot_S1020_I1.dat,parameter_sensitivity,N40,SUMO,spots_per_lot,spots_per_lot,10-20,40,184,2,33,2,0.1,2,29,40,0.9,0.5,20.5,29,40,0.9,0.5,20.5,0.9,TRUE,solved,39,4,39_S004,near,1,0.026999999999999996,0.001481,0.003372,0.12,0.024,0.027372,0.055853,0.026999999999999996,0.12,0.027372,0.055853,19.22,4.9380619999999995,176.231,29->33->26->20->18->15->14->5->1->21->23->36->31->39,39->40,RESULTS/ACO/log_aco_spot.csv
GA,N40_PS_spots_per_lot_S1020_I1,N40_PS_spots_per_lot_S1020_I1.dat,parameter_sensitivity/small/N40_PS_spots_per_lot_S1020_I1.dat,parameter_sensitivity,N40,SUMO,spots_per_lot,spots_per_lot,10-20,40,184,2,33,2,0.1,2,29,40,0.9,0.5,20.5,29,40,0.9,0.5,20.5,0.9,TRUE,solved,39,4,39_S004,near,1,0.026999999999999996,0.001481,0.003372,0.12,0.024,0.027372,0.055853,0.026999999999999996,0.12,0.027372,0.055853,19.22,4.9380619999999995,285.766,29->33->26->20->18->15->14->5->1->21->23->36->31->39,39->40,RESULTS/GA/log_ga_spot.csv
Optimization,N40_PS_spots_per_lot_S1020_I1,N40_PS_spots_per_lot_S1020_I1.dat,parameter_sensitivity/small/N40_PS_spots_per_lot_S1020_I1.dat,parameter_sensitivity,N40,SUMO,spots_per_lot,spots_per_lot,10-20,40,184,2,33,2,0.1,2,29,40,0.9,0.5,20.5,29,40,0.9,0.5,20.5,0.9,TRUE,inferred_from_previous_exact_lot_solution,39,4,39_S004,near,1,0.027,0.001481,0.003372,0.12,0.024,0.027372,0.055853,0.027,0.12,0.027372,0.055853,19.22,4.9380619999999995,0.415,29->33->26->20->18->15->14->5->1->21->23->36->31->39,39->40,RESULTS/COMBINED_ALL_METHODS/results_all_methods_parameter_sensitivity_spot_level.csv
PSO,N40_PS_spots_per_lot_S1020_I1,N40_PS_spots_per_lot_S1020_I1.dat,parameter_sensitivity/small/N40_PS_spots_per_lot_S1020_I1.dat,parameter_sensitivity,N40,SUMO,spots_per_lot,spots_per_lot,10-20,40,184,2,33,2,0.1,2,29,40,0.9,0.5,20.5,29,40,0.9,0.5,20.5,0.9,TRUE,solved,39,4,39_S004,near,1,0.0271,0.001481,0.003372,0.12,0.024,0.027372,0.055953,0.0271,0.12,0.027372,0.055953,19.22,4.943461999999999,357.904,29->33->26->20->18->15->14->5->1->21->23->36->25->31->39,39->40,RESULTS/PSO/log_pso_spot.csv
ACO,N40_PS_spots_per_lot_S2040_I1,N40_PS_spots_per_lot_S2040_I1.dat,parameter_sensitivity/small/N40_PS_spots_per_lot_S2040_I1.dat,parameter_sensitivity,N40,SUMO,spots_per_lot,spots_per_lot,20-40,40,184,2,67,4,0.1,4,29,40,0.9,0.5,20.5,29,40,0.9,0.5,20.5,0.9,TRUE,solved,39,4,39_S004,near,1,0.026999999999999996,0.001481,0.003372,0.12,0.024,0.027372,0.055853,0.026999999999999996,0.12,0.027372,0.055853,19.22,4.9380619999999995,182.318,29->33->26->20->18->15->14->5->1->21->23->36->31->39,39->40,RESULTS/ACO/log_aco_spot.csv
GA,N40_PS_spots_per_lot_S2040_I1,N40_PS_spots_per_lot_S2040_I1.dat,parameter_sensitivity/small/N40_PS_spots_per_lot_S2040_I1.dat,parameter_sensitivity,N40,SUMO,spots_per_lot,spots_per_lot,20-40,40,184,2,67,4,0.1,4,29,40,0.9,0.5,20.5,29,40,0.9,0.5,20.5,0.9,TRUE,solved,39,4,39_S004,near,1,0.026999999999999996,0.001481,0.003372,0.12,0.024,0.027372,0.055853,0.026999999999999996,0.12,0.027372,0.055853,19.22,4.9380619999999995,305.668,29->33->26->20->18->15->14->5->1->21->23->36->31->39,39->40,RESULTS/GA/log_ga_spot.csv
Optimization,N40_PS_spots_per_lot_S2040_I1,N40_PS_spots_per_lot_S2040_I1.dat,parameter_sensitivity/small/N40_PS_spots_per_lot_S2040_I1.dat,parameter_sensitivity,N40,SUMO,spots_per_lot,spots_per_lot,20-40,40,184,2,67,4,0.1,4,29,40,0.9,0.5,20.5,29,40,0.9,0.5,20.5,0.9,TRUE,inferred_from_previous_exact_lot_solution,39,4,39_S004,near,1,0.027,0.001481,0.003372,0.12,0.024,0.027372,0.055853,0.027,0.12,0.027372,0.055853,19.22,4.9380619999999995,0.841,29->33->26->20->18->15->14->5->1->21->23->36->31->39,39->40,RESULTS/COMBINED_ALL_METHODS/results_all_methods_parameter_sensitivity_spot_level.csv
PSO,N40_PS_spots_per_lot_S2040_I1,N40_PS_spots_per_lot_S2040_I1.dat,parameter_sensitivity/small/N40_PS_spots_per_lot_S2040_I1.dat,parameter_sensitivity,N40,SUMO,spots_per_lot,spots_per_lot,20-40,40,184,2,67,4,0.1,4,29,40,0.9,0.5,20.5,29,40,0.9,0.5,20.5,0.9,TRUE,solved,39,4,39_S004,near,1,0.0271,0.001481,0.003372,0.12,0.024,0.027372,0.055953,0.0271,0.12,0.027372,0.055953,19.22,4.943461999999999,353.158,29->33->26->20->18->15->14->5->1->21->23->36->25->31->39,39->40,RESULTS/PSO/log_pso_spot.csv
ACO,N40_PS_spots_per_lot_S4060_I1,N40_PS_spots_per_lot_S4060_I1.dat,parameter_sensitivity/small/N40_PS_spots_per_lot_S4060_I1.dat,parameter_sensitivity,N40,SUMO,spots_per_lot,spots_per_lot,40-60,40,184,2,100,5,0.1,5,29,40,0.9,0.5,20.5,29,40,0.9,0.5,20.5,0.9,TRUE,solved,39,4,39_S004,near,1,0.026999999999999996,0.001481,0.003372,0.12,0.024,0.027372,0.055853,0.026999999999999996,0.12,0.027372,0.055853,19.22,4.9380619999999995,208.653,29->33->26->20->18->15->14->5->1->21->23->36->31->39,39->40,RESULTS/ACO/log_aco_spot.csv
GA,N40_PS_spots_per_lot_S4060_I1,N40_PS_spots_per_lot_S4060_I1.dat,parameter_sensitivity/small/N40_PS_spots_per_lot_S4060_I1.dat,parameter_sensitivity,N40,SUMO,spots_per_lot,spots_per_lot,40-60,40,184,2,100,5,0.1,5,29,40,0.9,0.5,20.5,29,40,0.9,0.5,20.5,0.9,TRUE,solved,39,4,39_S004,near,1,0.026999999999999996,0.001481,0.003372,0.12,0.024,0.027372,0.055853,0.026999999999999996,0.12,0.027372,0.055853,19.22,4.9380619999999995,310.529,29->33->26->20->18->15->14->5->1->21->23->36->31->39,39->40,RESULTS/GA/log_ga_spot.csv
Optimization,N40_PS_spots_per_lot_S4060_I1,N40_PS_spots_per_lot_S4060_I1.dat,parameter_sensitivity/small/N40_PS_spots_per_lot_S4060_I1.dat,parameter_sensitivity,N40,SUMO,spots_per_lot,spots_per_lot,40-60,40,184,2,100,5,0.1,5,29,40,0.9,0.5,20.5,29,40,0.9,0.5,20.5,0.9,TRUE,inferred_from_previous_exact_lot_solution,39,4,39_S004,near,1,0.027,0.001481,0.003372,0.12,0.024,0.027372,0.055853,0.027,0.12,0.027372,0.055853,19.22,4.9380619999999995,1.459,29->33->26->20->18->15->14->5->1->21->23->36->31->39,39->40,RESULTS/COMBINED_ALL_METHODS/results_all_methods_parameter_sensitivity_spot_level.csv
PSO,N40_PS_spots_per_lot_S4060_I1,N40_PS_spots_per_lot_S4060_I1.dat,parameter_sensitivity/small/N40_PS_spots_per_lot_S4060_I1.dat,parameter_sensitivity,N40,SUMO,spots_per_lot,spots_per_lot,40-60,40,184,2,100,5,0.1,5,29,40,0.9,0.5,20.5,29,40,0.9,0.5,20.5,0.9,TRUE,solved,39,4,39_S004,near,1,0.0271,0.001481,0.003372,0.12,0.024,0.027372,0.055953,0.0271,0.12,0.027372,0.055953,19.22,4.943461999999999,362.355,29->33->26->20->18->15->14->5->1->21->23->36->25->31->39,39->40,RESULTS/PSO/log_pso_spot.csv
ACO,N40_PS_spots_per_lot_S6080_I1,N40_PS_spots_per_lot_S6080_I1.dat,parameter_sensitivity/small/N40_PS_spots_per_lot_S6080_I1.dat,parameter_sensitivity,N40,SUMO,spots_per_lot,spots_per_lot,60-80,40,184,2,133,14,0.1,14,29,40,0.9,0.5,20.5,29,40,0.9,0.5,20.5,0.9,TRUE,solved,39,4,39_S004,near,1,0.026999999999999996,0.001481,0.003372,0.12,0.024,0.027372,0.055853,0.026999999999999996,0.12,0.027372,0.055853,19.22,4.9380619999999995,224.508,29->33->26->20->18->15->14->5->1->21->23->36->31->39,39->40,RESULTS/ACO/log_aco_spot.csv
GA,N40_PS_spots_per_lot_S6080_I1,N40_PS_spots_per_lot_S6080_I1.dat,parameter_sensitivity/small/N40_PS_spots_per_lot_S6080_I1.dat,parameter_sensitivity,N40,SUMO,spots_per_lot,spots_per_lot,60-80,40,184,2,133,14,0.1,14,29,40,0.9,0.5,20.5,29,40,0.9,0.5,20.5,0.9,TRUE,solved,39,4,39_S004,near,1,0.026999999999999996,0.001481,0.003372,0.12,0.024,0.027372,0.055853,0.026999999999999996,0.12,0.027372,0.055853,19.22,4.9380619999999995,336.128,29->33->26->20->18->15->14->5->1->21->23->36->31->39,39->40,RESULTS/GA/log_ga_spot.csv
Optimization,N40_PS_spots_per_lot_S6080_I1,N40_PS_spots_per_lot_S6080_I1.dat,parameter_sensitivity/small/N40_PS_spots_per_lot_S6080_I1.dat,parameter_sensitivity,N40,SUMO,spots_per_lot,spots_per_lot,60-80,40,184,2,133,14,0.1,14,29,40,0.9,0.5,20.5,29,40,0.9,0.5,20.5,0.9,TRUE,inferred_from_previous_exact_lot_solution,39,4,39_S004,near,1,0.027,0.001481,0.003372,0.12,0.024,0.027372,0.055853,0.027,0.12,0.027372,0.055853,19.22,4.9380619999999995,2.467,29->33->26->20->18->15->14->5->1->21->23->36->31->39,39->40,RESULTS/COMBINED_ALL_METHODS/results_all_methods_parameter_sensitivity_spot_level.csv
PSO,N40_PS_spots_per_lot_S6080_I1,N40_PS_spots_per_lot_S6080_I1.dat,parameter_sensitivity/small/N40_PS_spots_per_lot_S6080_I1.dat,parameter_sensitivity,N40,SUMO,spots_per_lot,spots_per_lot,60-80,40,184,2,133,14,0.1,14,29,40,0.9,0.5,20.5,29,40,0.9,0.5,20.5,0.9,TRUE,solved,39,4,39_S004,near,1,0.0271,0.001481,0.003372,0.12,0.024,0.027372,0.055953,0.0271,0.12,0.027372,0.055953,19.22,4.943461999999999,388.116,29->33->26->20->18->15->14->5->1->21->23->36->25->31->39,39->40,RESULTS/PSO/log_pso_spot.csv
ACO,N40_PS_traffic_high_I1,N40_PS_traffic_high_I1.dat,parameter_sensitivity/small/N40_PS_traffic_high_I1.dat,parameter_sensitivity,N40,SUMO,traffic_level,traffic_level,high,40,184,2,62,6,0.1,6,29,40,0.9,0.5,20.5,29,40,0.9,0.5,20.5,0.9,TRUE,solved,39,1,39_S001,near,1,0.0832,0.001496,0.002794,0.12,0.024,0.026794000000000002,0.11148999999999999,0.0832,0.12,0.026794000000000002,0.11148999999999999,19.63,7.983459999999998,206.81,29->33->26->20->18->15->14->5->1->21->23->36->31->39,39->40,RESULTS/ACO/log_aco_spot.csv
GA,N40_PS_traffic_high_I1,N40_PS_traffic_high_I1.dat,parameter_sensitivity/small/N40_PS_traffic_high_I1.dat,parameter_sensitivity,N40,SUMO,traffic_level,traffic_level,high,40,184,2,62,6,0.1,6,29,40,0.9,0.5,20.5,29,40,0.9,0.5,20.5,0.9,TRUE,solved,39,1,39_S001,near,1,0.0832,0.001496,0.002794,0.12,0.024,0.026794000000000002,0.11148999999999999,0.0832,0.12,0.026794000000000002,0.11148999999999999,19.63,7.983459999999998,313.546,29->33->26->20->18->15->14->5->1->21->23->36->31->39,39->40,RESULTS/GA/log_ga_spot.csv
Optimization,N40_PS_traffic_high_I1,N40_PS_traffic_high_I1.dat,parameter_sensitivity/small/N40_PS_traffic_high_I1.dat,parameter_sensitivity,N40,SUMO,traffic_level,traffic_level,high,40,184,2,62,6,0.1,6,29,40,0.9,0.5,20.5,29,40,0.9,0.5,20.5,0.9,TRUE,inferred_from_previous_exact_lot_solution,39,1,39_S001,near,1,0.0708,0.001496,0.002794,0.12,0.024,0.026794000000000002,0.09909,0.0708,0.12,0.026794000000000002,0.09909,19.63,7.31386,0.979,29->33->26->20->18->17->16->13->1->21->23->36->25->31->37->39,39->40,RESULTS/COMBINED_ALL_METHODS/results_all_methods_parameter_sensitivity_spot_level.csv
PSO,N40_PS_traffic_high_I1,N40_PS_traffic_high_I1.dat,parameter_sensitivity/small/N40_PS_traffic_high_I1.dat,parameter_sensitivity,N40,SUMO,traffic_level,traffic_level,high,40,184,2,62,6,0.1,6,29,40,0.9,0.5,20.5,29,40,0.9,0.5,20.5,0.9,TRUE,solved,39,1,39_S001,near,1,0.08759999999999998,0.001496,0.002794,0.12,0.024,0.026794000000000002,0.11588999999999998,0.08759999999999998,0.12,0.026794000000000002,0.11588999999999998,19.63,8.221059999999998,239.331,29->34->30->22->28->24->12->6->1->21->23->36->31->39,39->40,RESULTS/PSO/log_pso_spot.csv
ACO,N40_PS_traffic_low_I1,N40_PS_traffic_low_I1.dat,parameter_sensitivity/small/N40_PS_traffic_low_I1.dat,parameter_sensitivity,N40,SUMO,traffic_level,traffic_level,low,40,184,2,62,6,0.1,6,29,40,0.9,0.5,20.5,29,40,0.9,0.5,20.5,0.9,TRUE,solved,39,1,39_S001,near,1,0.026999999999999996,0.001496,0.002794,0.12,0.024,0.026794000000000002,0.05529,0.026999999999999996,0.12,0.026794000000000002,0.05529,19.63,4.948659999999999,205.228,29->33->26->20->18->15->14->5->1->21->23->36->31->39,39->40,RESULTS/ACO/log_aco_spot.csv
GA,N40_PS_traffic_low_I1,N40_PS_traffic_low_I1.dat,parameter_sensitivity/small/N40_PS_traffic_low_I1.dat,parameter_sensitivity,N40,SUMO,traffic_level,traffic_level,low,40,184,2,62,6,0.1,6,29,40,0.9,0.5,20.5,29,40,0.9,0.5,20.5,0.9,TRUE,solved,39,1,39_S001,near,1,0.026999999999999996,0.001496,0.002794,0.12,0.024,0.026794000000000002,0.05529,0.026999999999999996,0.12,0.026794000000000002,0.05529,19.63,4.948659999999999,297.033,29->33->26->20->18->15->14->5->1->21->23->36->31->39,39->40,RESULTS/GA/log_ga_spot.csv
Optimization,N40_PS_traffic_low_I1,N40_PS_traffic_low_I1.dat,parameter_sensitivity/small/N40_PS_traffic_low_I1.dat,parameter_sensitivity,N40,SUMO,traffic_level,traffic_level,low,40,184,2,62,6,0.1,6,29,40,0.9,0.5,20.5,29,40,0.9,0.5,20.5,0.9,TRUE,inferred_from_previous_exact_lot_solution,39,1,39_S001,near,1,0.0245,0.001496,0.002794,0.12,0.024,0.026794000000000002,0.052790000000000004,0.0245,0.12,0.026794000000000002,0.052790000000000004,19.63,4.81366,0.833,29->33->26->20->18->17->14->5->1->21->35->25->37->39,39->40,RESULTS/COMBINED_ALL_METHODS/results_all_methods_parameter_sensitivity_spot_level.csv
PSO,N40_PS_traffic_low_I1,N40_PS_traffic_low_I1.dat,parameter_sensitivity/small/N40_PS_traffic_low_I1.dat,parameter_sensitivity,N40,SUMO,traffic_level,traffic_level,low,40,184,2,62,6,0.1,6,29,40,0.9,0.5,20.5,29,40,0.9,0.5,20.5,0.9,TRUE,solved,39,1,39_S001,near,1,0.0286,0.001496,0.002794,0.12,0.024,0.026794000000000002,0.05689,0.0286,0.12,0.026794000000000002,0.05689,19.63,5.03506,271.797,29->33->30->22->19->24->12->6->1->21->23->36->31->39,39->40,RESULTS/PSO/log_pso_spot.csv
ACO,N40_PS_traffic_medium_I1,N40_PS_traffic_medium_I1.dat,parameter_sensitivity/small/N40_PS_traffic_medium_I1.dat,parameter_sensitivity,N40,SUMO,traffic_level,traffic_level,medium,40,184,2,62,6,0.1,6,29,40,0.9,0.5,20.5,29,40,0.9,0.5,20.5,0.9,TRUE,solved,39,1,39_S001,near,1,0.04080000000000001,0.001496,0.002794,0.12,0.024,0.026794000000000002,0.06909000000000001,0.04080000000000001,0.12,0.026794000000000002,0.06909000000000001,19.63,5.69386,195.497,29->33->26->20->18->15->14->5->1->21->23->36->31->39,39->40,RESULTS/ACO/log_aco_spot.csv
GA,N40_PS_traffic_medium_I1,N40_PS_traffic_medium_I1.dat,parameter_sensitivity/small/N40_PS_traffic_medium_I1.dat,parameter_sensitivity,N40,SUMO,traffic_level,traffic_level,medium,40,184,2,62,6,0.1,6,29,40,0.9,0.5,20.5,29,40,0.9,0.5,20.5,0.9,TRUE,solved,39,1,39_S001,near,1,0.0413,0.001496,0.002794,0.12,0.024,0.026794000000000002,0.06959,0.0413,0.12,0.026794000000000002,0.06959,19.63,5.720859999999999,306.471,29->27->32->20->18->15->14->5->1->21->23->36->31->39,39->40,RESULTS/GA/log_ga_spot.csv
Optimization,N40_PS_traffic_medium_I1,N40_PS_traffic_medium_I1.dat,parameter_sensitivity/small/N40_PS_traffic_medium_I1.dat,parameter_sensitivity,N40,SUMO,traffic_level,traffic_level,medium,40,184,2,62,6,0.1,6,29,40,0.9,0.5,20.5,29,40,0.9,0.5,20.5,0.9,TRUE,inferred_from_previous_exact_lot_solution,39,1,39_S001,near,1,0.0381,0.001496,0.002794,0.12,0.024,0.026794000000000002,0.06639,0.0381,0.12,0.026794000000000002,0.06639,19.63,5.5480599999999995,0.818,29->27->32->20->18->15->14->5->1->21->23->36->25->37->39,39->40,RESULTS/COMBINED_ALL_METHODS/results_all_methods_parameter_sensitivity_spot_level.csv
PSO,N40_PS_traffic_medium_I1,N40_PS_traffic_medium_I1.dat,parameter_sensitivity/small/N40_PS_traffic_medium_I1.dat,parameter_sensitivity,N40,SUMO,traffic_level,traffic_level,medium,40,184,2,62,6,0.1,6,29,40,0.9,0.5,20.5,29,40,0.9,0.5,20.5,0.9,TRUE,solved,39,1,39_S001,near,1,0.0447,0.001496,0.002794,0.12,0.024,0.026794000000000002,0.07299,0.0447,0.12,0.026794000000000002,0.07299,19.63,5.90446,378.91,29->34->30->20->18->15->11->10->6->1->21->23->36->25->37->39,39->40,RESULTS/PSO/log_pso_spot.csv
ACO,N40_PS_traffic_very_low_I1,N40_PS_traffic_very_low_I1.dat,parameter_sensitivity/small/N40_PS_traffic_very_low_I1.dat,parameter_sensitivity,N40,SUMO,traffic_level,traffic_level,very_low,40,184,2,62,6,0.1,6,29,40,0.9,0.5,20.5,29,40,0.9,0.5,20.5,0.9,TRUE,solved,39,1,39_S001,near,1,0.023200000000000005,0.001496,0.002794,0.12,0.024,0.026794000000000002,0.05149000000000001,0.023200000000000005,0.12,0.026794000000000002,0.05149000000000001,19.63,4.74346,194.401,29->33->26->20->18->15->14->5->1->21->23->36->31->39,39->40,RESULTS/ACO/log_aco_spot.csv
GA,N40_PS_traffic_very_low_I1,N40_PS_traffic_very_low_I1.dat,parameter_sensitivity/small/N40_PS_traffic_very_low_I1.dat,parameter_sensitivity,N40,SUMO,traffic_level,traffic_level,very_low,40,184,2,62,6,0.1,6,29,40,0.9,0.5,20.5,29,40,0.9,0.5,20.5,0.9,TRUE,solved,39,1,39_S001,near,1,0.023200000000000005,0.001496,0.002794,0.12,0.024,0.026794000000000002,0.05149000000000001,0.023200000000000005,0.12,0.026794000000000002,0.05149000000000001,19.63,4.74346,247.452,29->33->26->20->18->15->14->5->1->21->23->36->31->39,39->40,RESULTS/GA/log_ga_spot.csv
Optimization,N40_PS_traffic_very_low_I1,N40_PS_traffic_very_low_I1.dat,parameter_sensitivity/small/N40_PS_traffic_very_low_I1.dat,parameter_sensitivity,N40,SUMO,traffic_level,traffic_level,very_low,40,184,2,62,6,0.1,6,29,40,0.9,0.5,20.5,29,40,0.9,0.5,20.5,0.9,TRUE,inferred_from_previous_exact_lot_solution,39,1,39_S001,near,1,0.0215,0.001496,0.002794,0.12,0.024,0.026794000000000002,0.04979,0.0215,0.12,0.026794000000000002,0.04979,19.63,4.65166,0.824,29->27->33->26->20->18->17->14->5->1->21->35->25->37->39,39->40,RESULTS/COMBINED_ALL_METHODS/results_all_methods_parameter_sensitivity_spot_level.csv
PSO,N40_PS_traffic_very_low_I1,N40_PS_traffic_very_low_I1.dat,parameter_sensitivity/small/N40_PS_traffic_very_low_I1.dat,parameter_sensitivity,N40,SUMO,traffic_level,traffic_level,very_low,40,184,2,62,6,0.1,6,29,40,0.9,0.5,20.5,29,40,0.9,0.5,20.5,0.9,TRUE,solved,39,1,39_S001,near,1,0.023700000000000002,0.001496,0.002794,0.12,0.024,0.026794000000000002,0.05199000000000001,0.023700000000000002,0.12,0.026794000000000002,0.05199000000000001,19.63,4.77046,350.141,29->33->26->20->18->15->11->10->6->1->21->23->36->25->37->39,39->40,RESULTS/PSO/log_pso_spot.csv
ACO,N40_PS_walking_distance_W025_I1,N40_PS_walking_distance_W025_I1.dat,parameter_sensitivity/small/N40_PS_walking_distance_W025_I1.dat,parameter_sensitivity,N40,SUMO,maximum_walking_distance,maximum_walking_distance,0.25,40,184,2,62,6,0.1,6,29,40,0.9,0.25,20.5,29,40,0.9,0.25,20.5,0.9,TRUE,solved,39,1,39_S001,near,1,0.026999999999999996,0.001496,0.002794,0.12,0.024,0.026794000000000002,0.05529,0.026999999999999996,0.12,0.026794000000000002,0.05529,19.63,4.948659999999999,206.376,29->33->26->20->18->15->14->5->1->21->23->36->31->39,39->40,RESULTS/ACO/log_aco_spot.csv
GA,N40_PS_walking_distance_W025_I1,N40_PS_walking_distance_W025_I1.dat,parameter_sensitivity/small/N40_PS_walking_distance_W025_I1.dat,parameter_sensitivity,N40,SUMO,maximum_walking_distance,maximum_walking_distance,0.25,40,184,2,62,6,0.1,6,29,40,0.9,0.25,20.5,29,40,0.9,0.25,20.5,0.9,TRUE,solved,39,1,39_S001,near,1,0.026999999999999996,0.001496,0.002794,0.12,0.024,0.026794000000000002,0.05529,0.026999999999999996,0.12,0.026794000000000002,0.05529,19.63,4.948659999999999,305.586,29->33->26->20->18->15->14->5->1->21->23->36->31->39,39->40,RESULTS/GA/log_ga_spot.csv
Optimization,N40_PS_walking_distance_W025_I1,N40_PS_walking_distance_W025_I1.dat,parameter_sensitivity/small/N40_PS_walking_distance_W025_I1.dat,parameter_sensitivity,N40,SUMO,maximum_walking_distance,maximum_walking_distance,0.25,40,184,2,62,6,0.1,6,29,40,0.9,0.25,20.5,29,40,0.9,0.25,20.5,0.9,TRUE,inferred_from_previous_exact_lot_solution,39,1,39_S001,near,1,0.027,0.001496,0.002794,0.12,0.024,0.026794000000000002,0.055290000000000006,0.027,0.12,0.026794000000000002,0.055290000000000006,19.63,4.948659999999999,2.207,29->33->26->20->18->15->14->5->1->21->23->36->31->39,39->40,RESULTS/COMBINED_ALL_METHODS/results_all_methods_parameter_sensitivity_spot_level.csv
PSO,N40_PS_walking_distance_W025_I1,N40_PS_walking_distance_W025_I1.dat,parameter_sensitivity/small/N40_PS_walking_distance_W025_I1.dat,parameter_sensitivity,N40,SUMO,maximum_walking_distance,maximum_walking_distance,0.25,40,184,2,62,6,0.1,6,29,40,0.9,0.25,20.5,29,40,0.9,0.25,20.5,0.9,TRUE,solved,39,1,39_S001,near,1,0.0286,0.001496,0.002794,0.12,0.024,0.026794000000000002,0.05689,0.0286,0.12,0.026794000000000002,0.05689,19.63,5.03506,236.261,29->33->30->22->19->24->12->6->1->21->23->36->31->39,39->40,RESULTS/PSO/log_pso_spot.csv
ACO,N40_PS_walking_distance_W050_I1,N40_PS_walking_distance_W050_I1.dat,parameter_sensitivity/small/N40_PS_walking_distance_W050_I1.dat,parameter_sensitivity,N40,SUMO,maximum_walking_distance,maximum_walking_distance,0.50,40,184,2,62,6,0.1,6,29,40,0.9,0.5,20.5,29,40,0.9,0.5,20.5,0.9,TRUE,solved,39,1,39_S001,near,1,0.026999999999999996,0.001496,0.002794,0.12,0.024,0.026794000000000002,0.05529,0.026999999999999996,0.12,0.026794000000000002,0.05529,19.63,4.948659999999999,197.273,29->33->26->20->18->15->14->5->1->21->23->36->31->39,39->40,RESULTS/ACO/log_aco_spot.csv
GA,N40_PS_walking_distance_W050_I1,N40_PS_walking_distance_W050_I1.dat,parameter_sensitivity/small/N40_PS_walking_distance_W050_I1.dat,parameter_sensitivity,N40,SUMO,maximum_walking_distance,maximum_walking_distance,0.50,40,184,2,62,6,0.1,6,29,40,0.9,0.5,20.5,29,40,0.9,0.5,20.5,0.9,TRUE,solved,39,1,39_S001,near,1,0.026999999999999996,0.001496,0.002794,0.12,0.024,0.026794000000000002,0.05529,0.026999999999999996,0.12,0.026794000000000002,0.05529,19.63,4.948659999999999,302.91,29->33->26->20->18->15->14->5->1->21->23->36->31->39,39->40,RESULTS/GA/log_ga_spot.csv
Optimization,N40_PS_walking_distance_W050_I1,N40_PS_walking_distance_W050_I1.dat,parameter_sensitivity/small/N40_PS_walking_distance_W050_I1.dat,parameter_sensitivity,N40,SUMO,maximum_walking_distance,maximum_walking_distance,0.50,40,184,2,62,6,0.1,6,29,40,0.9,0.5,20.5,29,40,0.9,0.5,20.5,0.9,TRUE,inferred_from_previous_exact_lot_solution,39,1,39_S001,near,1,0.027,0.001496,0.002794,0.12,0.024,0.026794000000000002,0.055290000000000006,0.027,0.12,0.026794000000000002,0.055290000000000006,19.63,4.948659999999999,3.191,29->33->26->20->18->15->14->5->1->21->23->36->31->39,39->40,RESULTS/COMBINED_ALL_METHODS/results_all_methods_parameter_sensitivity_spot_level.csv
PSO,N40_PS_walking_distance_W050_I1,N40_PS_walking_distance_W050_I1.dat,parameter_sensitivity/small/N40_PS_walking_distance_W050_I1.dat,parameter_sensitivity,N40,SUMO,maximum_walking_distance,maximum_walking_distance,0.50,40,184,2,62,6,0.1,6,29,40,0.9,0.5,20.5,29,40,0.9,0.5,20.5,0.9,TRUE,solved,39,1,39_S001,near,1,0.0286,0.001496,0.002794,0.12,0.024,0.026794000000000002,0.05689,0.0286,0.12,0.026794000000000002,0.05689,19.63,5.03506,237.456,29->33->30->22->19->24->12->6->1->21->23->36->31->39,39->40,RESULTS/PSO/log_pso_spot.csv
ACO,N40_PS_walking_distance_W075_I1,N40_PS_walking_distance_W075_I1.dat,parameter_sensitivity/small/N40_PS_walking_distance_W075_I1.dat,parameter_sensitivity,N40,SUMO,maximum_walking_distance,maximum_walking_distance,0.75,40,184,2,62,6,0.1,6,29,40,0.9,0.75,20.5,29,40,0.9,0.75,20.5,0.9,TRUE,solved,39,1,39_S001,near,1,0.026999999999999996,0.001496,0.002794,0.12,0.024,0.026794000000000002,0.05529,0.026999999999999996,0.12,0.026794000000000002,0.05529,19.63,4.948659999999999,202.457,29->33->26->20->18->15->14->5->1->21->23->36->31->39,39->40,RESULTS/ACO/log_aco_spot.csv
GA,N40_PS_walking_distance_W075_I1,N40_PS_walking_distance_W075_I1.dat,parameter_sensitivity/small/N40_PS_walking_distance_W075_I1.dat,parameter_sensitivity,N40,SUMO,maximum_walking_distance,maximum_walking_distance,0.75,40,184,2,62,6,0.1,6,29,40,0.9,0.75,20.5,29,40,0.9,0.75,20.5,0.9,TRUE,solved,39,1,39_S001,near,1,0.026999999999999996,0.001496,0.002794,0.12,0.024,0.026794000000000002,0.05529,0.026999999999999996,0.12,0.026794000000000002,0.05529,19.63,4.948659999999999,301.426,29->33->26->20->18->15->14->5->1->21->23->36->31->39,39->40,RESULTS/GA/log_ga_spot.csv
Optimization,N40_PS_walking_distance_W075_I1,N40_PS_walking_distance_W075_I1.dat,parameter_sensitivity/small/N40_PS_walking_distance_W075_I1.dat,parameter_sensitivity,N40,SUMO,maximum_walking_distance,maximum_walking_distance,0.75,40,184,2,62,6,0.1,6,29,40,0.9,0.75,20.5,29,40,0.9,0.75,20.5,0.9,TRUE,inferred_from_previous_exact_lot_solution,39,1,39_S001,near,1,0.027,0.001496,0.002794,0.12,0.024,0.026794000000000002,0.055290000000000006,0.027,0.12,0.026794000000000002,0.055290000000000006,19.63,4.948659999999999,3.425,29->33->26->20->18->15->14->5->1->21->23->36->31->39,39->40,RESULTS/COMBINED_ALL_METHODS/results_all_methods_parameter_sensitivity_spot_level.csv
PSO,N40_PS_walking_distance_W075_I1,N40_PS_walking_distance_W075_I1.dat,parameter_sensitivity/small/N40_PS_walking_distance_W075_I1.dat,parameter_sensitivity,N40,SUMO,maximum_walking_distance,maximum_walking_distance,0.75,40,184,2,62,6,0.1,6,29,40,0.9,0.75,20.5,29,40,0.9,0.75,20.5,0.9,TRUE,solved,39,1,39_S001,near,1,0.0286,0.001496,0.002794,0.12,0.024,0.026794000000000002,0.05689,0.0286,0.12,0.026794000000000002,0.05689,19.63,5.03506,259.156,29->33->30->22->19->24->12->6->1->21->23->36->31->39,39->40,RESULTS/PSO/log_pso_spot.csv
ACO,N40_PS_walking_distance_W100_I1,N40_PS_walking_distance_W100_I1.dat,parameter_sensitivity/small/N40_PS_walking_distance_W100_I1.dat,parameter_sensitivity,N40,SUMO,maximum_walking_distance,maximum_walking_distance,1.00,40,184,2,62,6,0.1,6,29,40,0.9,1.0,20.5,29,40,0.9,1.0,20.5,0.9,TRUE,solved,39,1,39_S001,near,1,0.026999999999999996,0.001496,0.002794,0.12,0.024,0.026794000000000002,0.05529,0.026999999999999996,0.12,0.026794000000000002,0.05529,19.63,4.948659999999999,216.725,29->33->26->20->18->15->14->5->1->21->23->36->31->39,39->40,RESULTS/ACO/log_aco_spot.csv
GA,N40_PS_walking_distance_W100_I1,N40_PS_walking_distance_W100_I1.dat,parameter_sensitivity/small/N40_PS_walking_distance_W100_I1.dat,parameter_sensitivity,N40,SUMO,maximum_walking_distance,maximum_walking_distance,1.00,40,184,2,62,6,0.1,6,29,40,0.9,1.0,20.5,29,40,0.9,1.0,20.5,0.9,TRUE,solved,39,1,39_S001,near,1,0.026999999999999996,0.001496,0.002794,0.12,0.024,0.026794000000000002,0.05529,0.026999999999999996,0.12,0.026794000000000002,0.05529,19.63,4.948659999999999,304.006,29->33->26->20->18->15->14->5->1->21->23->36->31->39,39->40,RESULTS/GA/log_ga_spot.csv
Optimization,N40_PS_walking_distance_W100_I1,N40_PS_walking_distance_W100_I1.dat,parameter_sensitivity/small/N40_PS_walking_distance_W100_I1.dat,parameter_sensitivity,N40,SUMO,maximum_walking_distance,maximum_walking_distance,1.00,40,184,2,62,6,0.1,6,29,40,0.9,1.0,20.5,29,40,0.9,1.0,20.5,0.9,TRUE,inferred_from_previous_exact_lot_solution,39,1,39_S001,near,1,0.027,0.001496,0.002794,0.12,0.024,0.026794000000000002,0.055290000000000006,0.027,0.12,0.026794000000000002,0.055290000000000006,19.63,4.948659999999999,4.298,29->33->26->20->18->15->14->5->1->21->23->36->31->39,39->40,RESULTS/COMBINED_ALL_METHODS/results_all_methods_parameter_sensitivity_spot_level.csv
PSO,N40_PS_walking_distance_W100_I1,N40_PS_walking_distance_W100_I1.dat,parameter_sensitivity/small/N40_PS_walking_distance_W100_I1.dat,parameter_sensitivity,N40,SUMO,maximum_walking_distance,maximum_walking_distance,1.00,40,184,2,62,6,0.1,6,29,40,0.9,1.0,20.5,29,40,0.9,1.0,20.5,0.9,TRUE,solved,39,1,39_S001,near,1,0.0286,0.001496,0.002794,0.12,0.024,0.026794000000000002,0.05689,0.0286,0.12,0.026794000000000002,0.05689,19.63,5.03506,233.487,29->33->30->22->19->24->12->6->1->21->23->36->31->39,39->40,RESULTS/PSO/log_pso_spot.csv
ACO,N2055_PS_edge_density_baseline_5385_I1,N2055_PS_edge_density_baseline_5385_I1.dat,parameter_sensitivity/SUMO/N2055_PS_edge_density_baseline_5385_I1.dat,parameter_sensitivity,SUMO,SUMO,edge_density,edge_density,5093,2055,5299,103,3055,308,0.1,308,1824,283,0.9,0.5,20.5,1824,283,0.9,0.5,20.5,0.9,TRUE,solved,487,476,487_S001,near,1,0.171,0.00145,0.002399,0.0655,0.0131,0.015499,0.18794900000000003,0.171,0.0655,0.015499,0.18794900000000003,19.66,12.115246,2887.738,1824->1969->193->2023->2008->2006->1233->157->2001->253->1232->1245->342->75->259->1847->1995->1844->1845->346->936->347->348->1996->1210->1115->343->1911->1800->344->959->1717->1243->1371->1909->897->500->1908->1687->135->1895->1517->1894->389->1893->386->1999->1900->1998->1935->1901->1981->1983->1902->1982->1903->194->1977->40->1904->2025->227->2011->270->501->1938->1958->1771->1957->1937->526->213->1956->471->1955->129->655->1954->1811->2027->1808->1253->1601->138->775->774->2->773->771->3->1427->60->1967->801->1723->1724->1728->151->1673->489->488->487,487->283,RESULTS/ACO/log_aco_spot.csv
GA,N2055_PS_edge_density_baseline_5385_I1,N2055_PS_edge_density_baseline_5385_I1.dat,parameter_sensitivity/SUMO/N2055_PS_edge_density_baseline_5385_I1.dat,parameter_sensitivity,SUMO,SUMO,edge_density,edge_density,5093,2055,5299,103,3055,308,0.1,308,1824,283,0.9,0.5,20.5,1824,283,0.9,0.5,20.5,0.9,TRUE,solved,915,443,915_S003,near,1,0.2163,0.002402,0.005343,0.1965,0.0393,0.044643,0.263345,0.2163,0.1965,0.044643,0.263345,9.22,15.14263,12500.863,1824->1969->193->2023->2008->2006->1233->157->2001->155->1820->1972->497->496->495->2031->299->1096->865->866->2010->1979->1090->2009->206->207->540->468->208->1873->1997->1740->1083->1373->1203->2015->1082->426->926->1185->1179->1254->494->917->493->483->1084->484->1079->1078->1647->852->851->850->1285->1640->1644->799->1085->800->168->1679->6->5->1365->915,915->283,RESULTS/GA/log_ga_spot.csv
Optimization,N2055_PS_edge_density_baseline_5385_I1,N2055_PS_edge_density_baseline_5385_I1.dat,parameter_sensitivity/SUMO/N2055_PS_edge_density_baseline_5385_I1.dat,parameter_sensitivity,SUMO,SUMO,edge_density,edge_density,5093,2055,5299,103,3055,308,0.1,308,1824,283,0.9,0.5,20.5,1824,283,0.9,0.5,20.5,0.9,TRUE,inferred_from_previous_exact_lot_solution,487,476,487_S001,near,1,0.21579999999999996,0.00145,0.002399,0.0655,0.0131,0.015499,0.23274899999999998,0.21579999999999996,0.0655,0.015499,0.23274899999999998,19.66,14.534445999999999,91977.475,1824->1969->193->2023->2008->2006->1233->157->155->1820->1972->497->496->495->2031->299->1096->865->866->2010->1979->1090->2009->206->207->540->468->208->1873->1997->1874->1258->893->1266->892->1711->1875->891->1277->1273->1275->1270->1267->1860->2014->1177->427->65->1313->1314->1312->2022->2013->1961->1172->1170->1962->636->802->1086->1087->800->168->1679->6->5->1365->915->487,487->283,RESULTS/COMBINED_ALL_METHODS/results_all_methods_parameter_sensitivity_spot_level.csv
PSO,N2055_PS_edge_density_baseline_5385_I1,N2055_PS_edge_density_baseline_5385_I1.dat,parameter_sensitivity/SUMO/N2055_PS_edge_density_baseline_5385_I1.dat,parameter_sensitivity,SUMO,SUMO,edge_density,edge_density,5093,2055,5299,103,3055,308,0.1,308,1824,283,0.9,0.5,20.5,1824,283,0.9,0.5,20.5,0.9,TRUE,solved,487,476,487_S001,near,1,0.2662999999999999,0.00145,0.002399,0.0655,0.0131,0.015499,0.2832489999999999,0.2662999999999999,0.0655,0.015499,0.2832489999999999,19.66,17.261445999999996,70815.423,1824->1969->1732->428->2004->2003->2000->27->2001->253->1232->1245->342->75->259->1847->1995->1846->567->1205->840->1212->839->1207->22->1220->23->1126->932->931->2032->212->24->1134->1138->1132->1135->1130->1131->1153->1227->479->652->1292->533->663->1997->1740->1083->1373->1203->1204->1863->1993->1742->2015->1082->426->926->1185->2014->1576->1575->1177->427->65->1313->1314->1312->2022->2013->1961->1172->1170->1962->636->485->1645->90->799->101->1646->1422->1514->1648->1649->168->1679->6->5->1365->915->487,487->283,RESULTS/PSO/log_pso_spot.csv
ACO,N2055_PS_edge_density_dense_6069_I1,N2055_PS_edge_density_dense_6069_I1.dat,parameter_sensitivity/SUMO/N2055_PS_edge_density_dense_6069_I1.dat,parameter_sensitivity,SUMO,SUMO,edge_density,edge_density,5777,2055,5983,103,3055,308,0.1,308,1824,283,0.9,0.5,20.5,1824,283,0.9,0.5,20.5,0.9,TRUE,solved,487,476,487_S001,near,1,0.1566,0.00145,0.002399,0.0655,0.0131,0.015499,0.173549,0.1566,0.0655,0.015499,0.173549,19.66,11.337646,2228.118,1824->1969->193->2023->2008->2006->1233->157->2001->253->1232->1245->342->75->259->1847->1995->1846->567->1971->1211->933->22->1220->23->1126->932->931->2032->212->921->1291->528->477->1586->925->205->476->1583->475->1518->775->138->1967->801->1723->1724->1728->151->1673->489->488->487,487->283,RESULTS/ACO/log_aco_spot.csv
GA,N2055_PS_edge_density_dense_6069_I1,N2055_PS_edge_density_dense_6069_I1.dat,parameter_sensitivity/SUMO/N2055_PS_edge_density_dense_6069_I1.dat,parameter_sensitivity,SUMO,SUMO,edge_density,edge_density,5777,2055,5983,103,3055,308,0.1,308,1824,283,0.9,0.5,20.5,1824,283,0.9,0.5,20.5,0.9,TRUE,solved,488,357,488_S001,near,1,0.24769999999999998,0.001718,0.003954,0.2663,0.0533,0.057254,0.30667199999999994,0.24769999999999998,0.2663,0.057254,0.30667199999999994,9.63,17.523287999999997,15608.602,1824->1969->193->2023->453->156->1244->1980->352->1996->348->896->566->895->838->565->930->835->836->837->950->220->1999->386->393->398->176->113->403->673->677->674->940->1109->269->270->1905->136->781->1928->770->1601->138->1967->801->1723->1823->1648->1649->1466->216->1673->489->82->1674->1675->1676->1677->488,488->283,RESULTS/GA/log_ga_spot.csv
Optimization,N2055_PS_edge_density_dense_6069_I1,N2055_PS_edge_density_dense_6069_I1.dat,parameter_sensitivity/SUMO/N2055_PS_edge_density_dense_6069_I1.dat,parameter_sensitivity,SUMO,SUMO,edge_density,edge_density,5777,2055,5983,103,3055,308,0.1,308,1824,283,0.9,0.5,20.5,1824,283,0.9,0.5,20.5,0.9,TRUE,inferred_from_previous_exact_lot_solution,1365,268,1365_S001,near,1,0.1894000000000001,0.00201,0.005151,0.408,0.0816,0.08675100000000001,0.2781610000000001,0.1894000000000001,0.408,0.08675100000000001,0.2781610000000001,17.14,16.734694000000005,112335.162,1824->1969->193->2023->453->156->1244->1980->352->1996->348->1988->928->1149->403->673->677->674->675->676->937->1592->1906->136->1905->270->501->1938->1958->1771->1957->1937->1600->1810->2027->1375->1797->1725->1727->1726->1724->1728->151->1673->489->82->1674->1675->1365,1365->283,RESULTS/COMBINED_ALL_METHODS/results_all_methods_parameter_sensitivity_spot_level.csv
PSO,N2055_PS_edge_density_dense_6069_I1,N2055_PS_edge_density_dense_6069_I1.dat,parameter_sensitivity/SUMO/N2055_PS_edge_density_dense_6069_I1.dat,parameter_sensitivity,SUMO,SUMO,edge_density,edge_density,5777,2055,5983,103,3055,308,0.1,308,1824,283,0.9,0.5,20.5,1824,283,0.9,0.5,20.5,0.9,TRUE,solved,62,209,62_S001,near,1,0.1938,0.001994,0.005173,0.4142,0.0828,0.087973,0.283767,0.1938,0.4142,0.087973,0.283767,9.83,16.306418,127032.989,1824->1969->193->2023->453->156->1244->1980->352->1996->348->1988->2018->167->1151->194->1977->1730->1887->2011->270->1905->136->781->1928->1929->490->1828->1831->1830->1829->1641->132->1806->1991->804->1112->1087->800->168->1679->6->5->62,62->283,RESULTS/PSO/log_pso_spot.csv
ACO,N2055_PS_edge_density_denser_6753_I1,N2055_PS_edge_density_denser_6753_I1.dat,parameter_sensitivity/SUMO/N2055_PS_edge_density_denser_6753_I1.dat,parameter_sensitivity,SUMO,SUMO,edge_density,edge_density,6461,2055,6667,103,3055,308,0.1,308,1824,283,0.9,0.5,20.5,1824,283,0.9,0.5,20.5,0.9,TRUE,solved,487,476,487_S001,near,1,0.1753,0.00145,0.002399,0.0655,0.0131,0.015499,0.19224900000000003,0.1753,0.0655,0.015499,0.19224900000000003,19.66,12.347446000000001,2371.314,1824->1969->193->2023->2008->2006->1233->157->2001->253->346->936->347->348->1988->928->899->52->683->53->1251->18->1151->194->1977->40->1904->2025->227->2011->270->1905->136->1906->1592->937->1879->127->128->474->963->490->1832->92->775->138->1967->801->1723->1724->1728->151->1673->489->488->487,487->283,RESULTS/ACO/log_aco_spot.csv
GA,N2055_PS_edge_density_denser_6753_I1,N2055_PS_edge_density_denser_6753_I1.dat,parameter_sensitivity/SUMO/N2055_PS_edge_density_denser_6753_I1.dat,parameter_sensitivity,SUMO,SUMO,edge_density,edge_density,6461,2055,6667,103,3055,308,0.1,308,1824,283,0.9,0.5,20.5,1824,283,0.9,0.5,20.5,0.9,TRUE,solved,487,478,487_S003,near,1,0.17539999999999997,0.002266,0.004168,0.0655,0.0131,0.017268,0.19493399999999997,0.17539999999999997,0.0655,0.017268,0.19493399999999997,19.95,12.521435999999998,20136.576,1824->1969->193->2023->2008->2006->1233->157->2001->1846->932->2043->1474->1048->1049->1047->660->911->891->1277->1273->1275->1274->1269->2013->1296->1932->1086->1087->800->168->1679->6->5->1365->915->487,487->283,RESULTS/GA/log_ga_spot.csv
Optimization,N2055_PS_edge_density_denser_6753_I1,N2055_PS_edge_density_denser_6753_I1.dat,parameter_sensitivity/SUMO/N2055_PS_edge_density_denser_6753_I1.dat,parameter_sensitivity,SUMO,SUMO,edge_density,edge_density,6461,2055,6667,103,3055,308,0.1,308,1824,283,0.9,0.5,20.5,1824,283,0.9,0.5,20.5,0.9,TRUE,inferred_from_previous_exact_lot_solution,487,476,487_S001,near,1,0.17420000000000005,0.00145,0.002399,0.0655,0.0131,0.015499,0.19114900000000007,0.17420000000000005,0.0655,0.015499,0.19114900000000007,19.66,12.288046000000003,129375.026,1824->1969->193->2023->2008->2006->1233->157->2001->253->1232->246->158->1133->347->167->1151->194->1977->40->1109->129->655->1406->1563->795->131->796->1949->1674->82->489->488->487,487->283,RESULTS/COMBINED_ALL_METHODS/results_all_methods_parameter_sensitivity_spot_level.csv
PSO,N2055_PS_edge_density_denser_6753_I1,N2055_PS_edge_density_denser_6753_I1.dat,parameter_sensitivity/SUMO/N2055_PS_edge_density_denser_6753_I1.dat,parameter_sensitivity,SUMO,SUMO,edge_density,edge_density,6461,2055,6667,103,3055,308,0.1,308,1824,283,0.9,0.5,20.5,1824,283,0.9,0.5,20.5,0.9,TRUE,solved,62,209,62_S001,near,1,0.19320000000000004,0.001994,0.005173,0.4142,0.0828,0.087973,0.28316700000000006,0.19320000000000004,0.4142,0.087973,0.28316700000000006,9.83,16.274018000000005,165929.947,1824->1969->193->2023->453->156->1244->1201->950->2046->2033->247->1163->924->477->1586->925->1588->913->1587->890->1975->1821->14->1295->1297->637->1313->1314->1312->1640->1497->1646->1422->1514->6->5->62,62->283,RESULTS/PSO/log_pso_spot.csv
ACO,N2055_PS_edge_density_densest_7437_I1,N2055_PS_edge_density_densest_7437_I1.dat,parameter_sensitivity/SUMO/N2055_PS_edge_density_densest_7437_I1.dat,parameter_sensitivity,SUMO,SUMO,edge_density,edge_density,7145,2055,7351,103,3055,308,0.1,308,1824,283,0.9,0.5,20.5,1824,283,0.9,0.5,20.5,0.9,TRUE,solved,487,476,487_S001,near,1,0.20000000000000007,0.00145,0.002399,0.0655,0.0131,0.015499,0.2169490000000001,0.20000000000000007,0.0655,0.015499,0.2169490000000001,19.66,13.681246000000005,4145.116,1824->1969->193->2023->2008->2006->1233->157->2001->253->346->936->347->348->1988->928->899->52->683->53->1251->18->1151->194->1977->40->1904->2025->227->2011->270->1905->136->1906->1592->937->1762->1761->1473->1529->1763->665->666->667->939->1594->941->940->1109->778->777->1907->781->1928->1929->490->1832->92->775->138->1967->801->1723->1724->1728->151->1673->489->488->487,487->283,RESULTS/ACO/log_aco_spot.csv
GA,N2055_PS_edge_density_densest_7437_I1,N2055_PS_edge_density_densest_7437_I1.dat,parameter_sensitivity/SUMO/N2055_PS_edge_density_densest_7437_I1.dat,parameter_sensitivity,SUMO,SUMO,edge_density,edge_density,7145,2055,7351,103,3055,308,0.1,308,1824,283,0.9,0.5,20.5,1824,283,0.9,0.5,20.5,0.9,TRUE,solved,488,357,488_S001,near,1,0.19710000000000003,0.001718,0.003954,0.2663,0.0533,0.057254,0.256072,0.19710000000000003,0.2663,0.057254,0.256072,9.63,14.790888,21747.091,1824->1969->193->2023->638->452->453->156->153->342->566->896->135->86->1151->194->1977->40->1904->2025->939->1594->941->1351->198->1609->785->1985->1939->76->137->794->271->796->1949->1674->82->489->488,488->283,RESULTS/GA/log_ga_spot.csv
Optimization,N2055_PS_edge_density_densest_7437_I1,N2055_PS_edge_density_densest_7437_I1.dat,parameter_sensitivity/SUMO/N2055_PS_edge_density_densest_7437_I1.dat,parameter_sensitivity,SUMO,SUMO,edge_density,edge_density,7145,2055,7351,103,3055,308,0.1,308,1824,283,0.9,0.5,20.5,1824,283,0.9,0.5,20.5,0.9,TRUE,inferred_from_previous_exact_lot_solution,487,476,487_S001,near,1,0.18490000000000006,0.00145,0.002399,0.0655,0.0131,0.015499,0.20184900000000008,0.18490000000000006,0.0655,0.015499,0.20184900000000008,19.66,12.865846000000003,74871.864,1824->1969->193->2023->2008->2006->1233->157->1844->1845->346->936->347->167->1151->1148->1766->32->654->1487->1584->120->1585->1582->1444->1641->1829->1100->2040->1099->1514->1648->1649->1466->216->1673->489->488->487,487->283,RESULTS/COMBINED_ALL_METHODS/results_all_methods_parameter_sensitivity_spot_level.csv
PSO,N2055_PS_edge_density_densest_7437_I1,N2055_PS_edge_density_densest_7437_I1.dat,parameter_sensitivity/SUMO/N2055_PS_edge_density_densest_7437_I1.dat,parameter_sensitivity,SUMO,SUMO,edge_density,edge_density,7145,2055,7351,103,3055,308,0.1,308,1824,283,0.9,0.5,20.5,1824,283,0.9,0.5,20.5,0.9,TRUE,solved,487,476,487_S001,near,1,0.18490000000000006,0.00145,0.002399,0.0655,0.0131,0.015499,0.20184900000000008,0.18490000000000006,0.0655,0.015499,0.20184900000000008,19.66,12.865846000000003,74871.864,1824->1969->193->2023->2008->2006->1233->157->1844->1845->346->936->347->167->1151->1148->1766->32->654->1487->1584->120->1585->1582->1444->1641->1829->1100->2040->1099->1514->1648->1649->1466->216->1673->489->488->487,487->283,RESULTS/PSO/log_pso_spot.csv
ACO,N2055_PS_parking_budget_Cmax100_I1,N2055_PS_parking_budget_Cmax100_I1.dat,parameter_sensitivity/SUMO/N2055_PS_parking_budget_Cmax100_I1.dat,parameter_sensitivity,SUMO,Cmax100,parking_budget_cmax,parking_budget_cmax,10.0,2055,5299,103,3055,308,0.1,308,1824,283,0.9,0.5,10.0,1824,283,0.9,0.5,10.0,0.9,TRUE,solved,915,441,915_S001,near,1,0.17120000000000002,0.001623,0.003411,0.1965,0.0393,0.042711,0.21553400000000003,0.17120000000000002,0.1965,0.042711,0.21553400000000003,9.08,12.546836000000003,2653.435,1824->1969->193->2023->2008->2006->1233->157->2001->253->1232->1245->342->75->259->1847->1995->1844->1845->346->936->347->348->1996->1210->1115->343->1911->1800->344->959->1717->1243->1371->1909->897->500->1908->1687->135->1895->1517->1894->389->1893->386->1999->1900->1998->1935->1901->1981->1983->1902->1982->1903->194->1977->40->1904->2025->227->2011->270->501->1938->1958->1771->1957->1937->526->213->1956->471->1955->129->655->1954->1811->2027->1808->1253->1601->138->775->774->2->773->771->3->1427->60->1967->801->1723->1724->1728->151->1673->489->488->1677->1676->915,915->283,RESULTS/ACO/log_aco_spot.csv
GA,N2055_PS_parking_budget_Cmax100_I1,N2055_PS_parking_budget_Cmax100_I1.dat,parameter_sensitivity/SUMO/N2055_PS_parking_budget_Cmax100_I1.dat,parameter_sensitivity,SUMO,Cmax100,parking_budget_cmax,parking_budget_cmax,10.0,2055,5299,103,3055,308,0.1,308,1824,283,0.9,0.5,10.0,1824,283,0.9,0.5,10.0,0.9,TRUE,solved,915,441,915_S001,near,1,0.22700000000000004,0.001623,0.003411,0.1965,0.0393,0.042711,0.2713340000000001,0.22700000000000004,0.1965,0.042711,0.2713340000000001,9.08,15.560036000000002,12998.823,1824->1969->193->2023->2008->2006->1233->157->155->1820->1972->684->450->498->496->495->2031->1749->962->1984->1756->2010->1979->1090->2009->206->207->540->468->208->1873->1997->1740->1083->1373->1203->1204->1863->1993->1742->2015->1082->426->926->1185->1179->1576->494->917->493->483->1084->484->1079->1078->1647->852->851->850->1285->1640->1463->1523->1644->799->1085->800->168->1679->6->5->1365->915,915->283,RESULTS/GA/log_ga_spot.csv
Optimization,N2055_PS_parking_budget_Cmax100_I1,N2055_PS_parking_budget_Cmax100_I1.dat,parameter_sensitivity/SUMO/N2055_PS_parking_budget_Cmax100_I1.dat,parameter_sensitivity,SUMO,Cmax100,parking_budget_cmax,parking_budget_cmax,10.0,2055,5299,103,3055,308,0.1,308,1824,283,0.9,0.5,10.0,1824,283,0.9,0.5,10.0,0.9,TRUE,inferred_from_previous_exact_lot_solution,915,441,915_S001,near,1,0.21390000000000003,0.001623,0.003411,0.1965,0.0393,0.042711,0.2582340000000001,0.21390000000000003,0.1965,0.042711,0.2582340000000001,9.08,14.852636000000004,93511.566,1824->1969->193->2023->2008->2006->1233->157->155->1820->1972->497->496->495->2031->1749->962->1984->1756->2010->1979->1090->2009->206->207->540->468->208->1873->1997->1740->1083->1373->1203->2015->1082->426->926->1185->2014->1576->494->917->1779->1176->492->1084->484->1079->1078->1647->852->851->850->1525->1542->1497->1646->1422->1514->1648->1649->168->1679->6->5->1365->915,915->283,RESULTS/COMBINED_ALL_METHODS/results_all_methods_parameter_sensitivity_spot_level.csv
PSO,N2055_PS_parking_budget_Cmax100_I1,N2055_PS_parking_budget_Cmax100_I1.dat,parameter_sensitivity/SUMO/N2055_PS_parking_budget_Cmax100_I1.dat,parameter_sensitivity,SUMO,Cmax100,parking_budget_cmax,parking_budget_cmax,10.0,2055,5299,103,3055,308,0.1,308,1824,283,0.9,0.5,10.0,1824,283,0.9,0.5,10.0,0.9,TRUE,solved,62,209,62_S001,near,1,0.2077,0.001994,0.005173,0.4142,0.0828,0.087973,0.297667,0.2077,0.4142,0.087973,0.297667,9.83,17.057018000000003,80389.585,1824->1969->193->2023->2008->2006->1233->157->2001->253->1232->1245->342->75->259->1847->1995->38->496->495->2031->299->1096->865->866->2010->1979->1090->2009->206->207->540->468->208->1873->1997->1874->1258->893->1266->892->1711->1875->891->1277->1273->1275->1270->1269->427->65->1313->637->1311->2013->1961->1172->1170->1962->636->802->803->804->1112->1087->800->168->1679->6->5->62,62->283,RESULTS/PSO/log_pso_spot.csv
ACO,N2055_PS_parking_budget_Cmax150_I1,N2055_PS_parking_budget_Cmax150_I1.dat,parameter_sensitivity/SUMO/N2055_PS_parking_budget_Cmax150_I1.dat,parameter_sensitivity,SUMO,Cmax150,parking_budget_cmax,parking_budget_cmax,15.0,2055,5299,103,3055,308,0.1,308,1824,283,0.9,0.5,15.0,1824,283,0.9,0.5,15.0,0.9,TRUE,solved,915,441,915_S001,near,1,0.17120000000000002,0.001623,0.003411,0.1965,0.0393,0.042711,0.21553400000000003,0.17120000000000002,0.1965,0.042711,0.21553400000000003,9.08,12.546836000000003,2942.583,1824->1969->193->2023->2008->2006->1233->157->2001->253->1232->1245->342->75->259->1847->1995->1844->1845->346->936->347->348->1996->1210->1115->343->1911->1800->344->959->1717->1243->1371->1909->897->500->1908->1687->135->1895->1517->1894->389->1893->386->1999->1900->1998->1935->1901->1981->1983->1902->1982->1903->194->1977->40->1904->2025->227->2011->270->501->1938->1958->1771->1957->1937->526->213->1956->471->1955->129->655->1954->1811->2027->1808->1253->1601->138->775->774->2->773->771->3->1427->60->1967->801->1723->1724->1728->151->1673->489->488->1677->1676->915,915->283,RESULTS/ACO/log_aco_spot.csv
GA,N2055_PS_parking_budget_Cmax150_I1,N2055_PS_parking_budget_Cmax150_I1.dat,parameter_sensitivity/SUMO/N2055_PS_parking_budget_Cmax150_I1.dat,parameter_sensitivity,SUMO,Cmax150,parking_budget_cmax,parking_budget_cmax,15.0,2055,5299,103,3055,308,0.1,308,1824,283,0.9,0.5,15.0,1824,283,0.9,0.5,15.0,0.9,TRUE,solved,915,441,915_S001,near,1,0.20810000000000003,0.001623,0.003411,0.1965,0.0393,0.042711,0.25243400000000005,0.20810000000000003,0.1965,0.042711,0.25243400000000005,9.08,14.539436000000002,12288.383,1824->1969->193->2023->2008->2006->1233->157->155->1820->1972->497->496->495->2031->1749->962->1984->1756->2010->1979->1090->2009->206->207->540->468->208->1873->1997->1740->1083->1373->1203->2015->1082->426->926->1185->2014->1177->427->65->1313->1314->1312->2022->1173->1171->1168->1166->1169->1099->2040->1100->636->485->1645->90->799->101->1646->1422->1514->1648->1649->168->1679->6->5->1365->915,915->283,RESULTS/GA/log_ga_spot.csv
PSO,N2055_PS_parking_budget_Cmax150_I1,N2055_PS_parking_budget_Cmax150_I1.dat,parameter_sensitivity/SUMO/N2055_PS_parking_budget_Cmax150_I1.dat,parameter_sensitivity,SUMO,Cmax150,parking_budget_cmax,parking_budget_cmax,15.0,2055,5299,103,3055,308,0.1,308,1824,283,0.9,0.5,15.0,1824,283,0.9,0.5,15.0,0.9,TRUE,solved,915,441,915_S001,near,1,0.19790000000000008,0.001623,0.003411,0.1965,0.0393,0.042711,0.2422340000000001,0.19790000000000008,0.1965,0.042711,0.2422340000000001,9.08,13.988636000000003,93424.977,1824->1969->193->2023->2008->2006->1233->157->2001->253->1232->1245->342->153->156->1244->1980->1986->2055->1910->343->1911->1800->344->959->1717->1243->1371->1909->897->500->2018->1988->928->929->1239->898->1240->899->52->683->53->1251->18->1151->86->160->161->162->163->478->83->235->477->1586->925->205->476->1620->2053->1852->1643->127->1879->764->501->1938->1958->1771->1957->1937->526->213->1956->471->1593->766->656->1985->1600->1810->2027->1808->1253->772->1377->1374->125->1427->60->1967->801->1723->1724->1728->151->1673->489->82->1674->1675->1365->915,915->283,RESULTS/PSO/log_pso_spot.csv
ACO,N2055_PS_parking_budget_Cmax205_I1,N2055_PS_parking_budget_Cmax205_I1.dat,parameter_sensitivity/SUMO/N2055_PS_parking_budget_Cmax205_I1.dat,parameter_sensitivity,SUMO,Cmax205,parking_budget_cmax,parking_budget_cmax,20.5,2055,5299,103,3055,308,0.1,308,1824,283,0.9,0.5,20.5,1824,283,0.9,0.5,20.5,0.9,TRUE,solved,487,476,487_S001,near,1,0.171,0.00145,0.002399,0.0655,0.0131,0.015499,0.18794900000000003,0.171,0.0655,0.015499,0.18794900000000003,19.66,12.115246,2868.86,1824->1969->193->2023->2008->2006->1233->157->2001->253->1232->1245->342->75->259->1847->1995->1844->1845->346->936->347->348->1996->1210->1115->343->1911->1800->344->959->1717->1243->1371->1909->897->500->1908->1687->135->1895->1517->1894->389->1893->386->1999->1900->1998->1935->1901->1981->1983->1902->1982->1903->194->1977->40->1904->2025->227->2011->270->501->1938->1958->1771->1957->1937->526->213->1956->471->1955->129->655->1954->1811->2027->1808->1253->1601->138->775->774->2->773->771->3->1427->60->1967->801->1723->1724->1728->151->1673->489->488->487,487->283,RESULTS/ACO/log_aco_spot.csv
GA,N2055_PS_parking_budget_Cmax205_I1,N2055_PS_parking_budget_Cmax205_I1.dat,parameter_sensitivity/SUMO/N2055_PS_parking_budget_Cmax205_I1.dat,parameter_sensitivity,SUMO,Cmax205,parking_budget_cmax,parking_budget_cmax,20.5,2055,5299,103,3055,308,0.1,308,1824,283,0.9,0.5,20.5,1824,283,0.9,0.5,20.5,0.9,TRUE,solved,915,443,915_S003,near,1,0.2163,0.002402,0.005343,0.1965,0.0393,0.044643,0.263345,0.2163,0.1965,0.044643,0.263345,9.22,15.14263,12553.103,1824->1969->193->2023->2008->2006->1233->157->2001->155->1820->1972->497->496->495->2031->299->1096->865->866->2010->1979->1090->2009->206->207->540->468->208->1873->1997->1740->1083->1373->1203->2015->1082->426->926->1185->1179->1254->494->917->493->483->1084->484->1079->1078->1647->852->851->850->1285->1640->1644->799->1085->800->168->1679->6->5->1365->915,915->283,RESULTS/GA/log_ga_spot.csv
Optimization,N2055_PS_parking_budget_Cmax205_I1,N2055_PS_parking_budget_Cmax205_I1.dat,parameter_sensitivity/SUMO/N2055_PS_parking_budget_Cmax205_I1.dat,parameter_sensitivity,SUMO,Cmax205,parking_budget_cmax,parking_budget_cmax,20.5,2055,5299,103,3055,308,0.1,308,1824,283,0.9,0.5,20.5,1824,283,0.9,0.5,20.5,0.9,TRUE,inferred_from_previous_exact_lot_solution,487,476,487_S001,near,1,0.22279999999999997,0.00145,0.002399,0.0655,0.0131,0.015499,0.239749,0.22279999999999997,0.0655,0.015499,0.239749,19.66,14.912446,307641.106,1824->1969->193->2023->2008->2006->1233->157->2001->253->1232->1245->342->75->259->1847->1995->38->496->495->2031->1749->962->1984->1756->2010->1979->1090->2009->206->207->540->468->208->1083->1373->1203->2015->1082->426->926->1185->1179->1576->494->917->1779->1176->492->1084->484->1081->854->853->1280->852->851->850->1285->1640->1497->1646->1422->1514->1648->1649->168->1679->6->5->1365->915->487,487->283,RESULTS/COMBINED_ALL_METHODS/results_all_methods_parameter_sensitivity_spot_level.csv
PSO,N2055_PS_parking_budget_Cmax205_I1,N2055_PS_parking_budget_Cmax205_I1.dat,parameter_sensitivity/SUMO/N2055_PS_parking_budget_Cmax205_I1.dat,parameter_sensitivity,SUMO,Cmax205,parking_budget_cmax,parking_budget_cmax,20.5,2055,5299,103,3055,308,0.1,308,1824,283,0.9,0.5,20.5,1824,283,0.9,0.5,20.5,0.9,TRUE,solved,487,476,487_S001,near,1,0.2662999999999999,0.00145,0.002399,0.0655,0.0131,0.015499,0.2832489999999999,0.2662999999999999,0.0655,0.015499,0.2832489999999999,19.66,17.261445999999996,70835.457,1824->1969->1732->428->2004->2003->2000->27->2001->253->1232->1245->342->75->259->1847->1995->1846->567->1205->840->1212->839->1207->22->1220->23->1126->932->931->2032->212->24->1134->1138->1132->1135->1130->1131->1153->1227->479->652->1292->533->663->1997->1740->1083->1373->1203->1204->1863->1993->1742->2015->1082->426->926->1185->2014->1576->1575->1177->427->65->1313->1314->1312->2022->2013->1961->1172->1170->1962->636->485->1645->90->799->101->1646->1422->1514->1648->1649->168->1679->6->5->1365->915->487,487->283,RESULTS/PSO/log_pso_spot.csv
ACO,N2055_PS_parking_budget_Cmax250_I1,N2055_PS_parking_budget_Cmax250_I1.dat,parameter_sensitivity/SUMO/N2055_PS_parking_budget_Cmax250_I1.dat,parameter_sensitivity,SUMO,Cmax250,parking_budget_cmax,parking_budget_cmax,25.0,2055,5299,103,3055,308,0.1,308,1824,283,0.9,0.5,25.0,1824,283,0.9,0.5,25.0,0.9,TRUE,solved,487,476,487_S001,near,1,0.171,0.00145,0.002399,0.0655,0.0131,0.015499,0.18794900000000003,0.171,0.0655,0.015499,0.18794900000000003,19.66,12.115246,2940.762,1824->1969->193->2023->2008->2006->1233->157->2001->253->1232->1245->342->75->259->1847->1995->1844->1845->346->936->347->348->1996->1210->1115->343->1911->1800->344->959->1717->1243->1371->1909->897->500->1908->1687->135->1895->1517->1894->389->1893->386->1999->1900->1998->1935->1901->1981->1983->1902->1982->1903->194->1977->40->1904->2025->227->2011->270->501->1938->1958->1771->1957->1937->526->213->1956->471->1955->129->655->1954->1811->2027->1808->1253->1601->138->775->774->2->773->771->3->1427->60->1967->801->1723->1724->1728->151->1673->489->488->487,487->283,RESULTS/ACO/log_aco_spot.csv
GA,N2055_PS_parking_budget_Cmax250_I1,N2055_PS_parking_budget_Cmax250_I1.dat,parameter_sensitivity/SUMO/N2055_PS_parking_budget_Cmax250_I1.dat,parameter_sensitivity,SUMO,Cmax250,parking_budget_cmax,parking_budget_cmax,25.0,2055,5299,103,3055,308,0.1,308,1824,283,0.9,0.5,25.0,1824,283,0.9,0.5,25.0,0.9,TRUE,solved,915,444,915_S004,near,1,0.21150000000000002,0.002879,0.006398,0.1965,0.0393,0.045698,0.260077,0.21150000000000002,0.1965,0.045698,0.260077,9.28,14.972158,12167.362,1824->1969->193->2023->2008->2006->1233->157->155->1820->1972->497->496->495->2031->1749->962->1984->1756->2010->1979->1090->2009->206->207->540->468->208->1873->1997->1740->1083->1373->1203->2015->1082->426->926->1185->2014->1576->494->917->493->483->1084->484->1081->854->1175->2012->1174->1164->1165->1286->1282->1281->1099->2040->1100->636->802->1086->1085->800->168->1679->6->5->1365->915,915->283,RESULTS/GA/log_ga_spot.csv
Optimization,N2055_PS_parking_budget_Cmax250_I1,N2055_PS_parking_budget_Cmax250_I1.dat,parameter_sensitivity/SUMO/N2055_PS_parking_budget_Cmax250_I1.dat,parameter_sensitivity,SUMO,Cmax250,parking_budget_cmax,parking_budget_cmax,25.0,2055,5299,103,3055,308,0.1,308,1824,283,0.9,0.5,25.0,1824,283,0.9,0.5,25.0,0.9,TRUE,inferred_from_previous_exact_lot_solution,915,441,915_S001,near,1,0.22419999999999995,0.001623,0.003411,0.1965,0.0393,0.042711,0.26853399999999994,0.22419999999999995,0.1965,0.042711,0.26853399999999994,9.08,15.408835999999997,107384.005,1824->1969->193->2023->2008->2006->1233->157->155->1820->1972->684->450->498->496->495->2031->1749->962->1984->1756->2010->1979->1090->2009->206->207->540->468->208->1083->1373->1203->2015->1082->426->926->1185->1179->1576->494->917->493->483->1084->484->1079->1078->1647->852->851->850->1285->1640->1463->1523->1644->799->1085->800->168->1679->6->5->1365->915,915->283,RESULTS/COMBINED_ALL_METHODS/results_all_methods_parameter_sensitivity_spot_level.csv
PSO,N2055_PS_parking_budget_Cmax250_I1,N2055_PS_parking_budget_Cmax250_I1.dat,parameter_sensitivity/SUMO/N2055_PS_parking_budget_Cmax250_I1.dat,parameter_sensitivity,SUMO,Cmax250,parking_budget_cmax,parking_budget_cmax,25.0,2055,5299,103,3055,308,0.1,308,1824,283,0.9,0.5,25.0,1824,283,0.9,0.5,25.0,0.9,TRUE,solved,487,476,487_S001,near,1,0.2569,0.00145,0.002399,0.0655,0.0131,0.015499,0.273849,0.2569,0.0655,0.015499,0.273849,19.66,16.753846,54761.034,1824->1969->2024->644->642->641->640->639->638->2023->2008->2006->1233->157->155->1820->1972->684->450->498->57->41->446->727->449->745->742->739->623->2039->1758->1984->1756->2010->1979->1090->2009->206->207->540->468->208->1873->1997->1740->1083->1373->1203->1204->1863->1993->1742->2015->1082->426->926->1185->2014->1576->494->917->493->1077->1078->1647->852->851->850->1525->1542->1497->1646->101->799->1085->800->168->1679->6->5->1365->915->487,487->283,RESULTS/PSO/log_pso_spot.csv
ACO,N2055_PS_parking_cost_100_225_I1,N2055_PS_parking_cost_100_225_I1.dat,parameter_sensitivity/SUMO/N2055_PS_parking_cost_100_225_I1.dat,parameter_sensitivity,SUMO,SUMO,parking_cost_variation_mode,parking_cost_range,10.0-22.5,2055,5299,103,3055,308,0.1,308,1824,283,0.9,0.5,20.5,1824,283,0.9,0.5,20.5,0.9,TRUE,solved,915,441,915_S001,near,1,0.17120000000000002,0.001623,0.003411,0.1965,0.0393,0.042711,0.21553400000000003,0.17120000000000002,0.1965,0.042711,0.21553400000000003,11.33,12.771836000000002,2858.136,1824->1969->193->2023->2008->2006->1233->157->2001->253->1232->1245->342->75->259->1847->1995->1844->1845->346->936->347->348->1996->1210->1115->343->1911->1800->344->959->1717->1243->1371->1909->897->500->1908->1687->135->1895->1517->1894->389->1893->386->1999->1900->1998->1935->1901->1981->1983->1902->1982->1903->194->1977->40->1904->2025->227->2011->270->501->1938->1958->1771->1957->1937->526->213->1956->471->1955->129->655->1954->1811->2027->1808->1253->1601->138->775->774->2->773->771->3->1427->60->1967->801->1723->1724->1728->151->1673->489->488->1677->1676->915,915->283,RESULTS/ACO/log_aco_spot.csv
GA,N2055_PS_parking_cost_100_225_I1,N2055_PS_parking_cost_100_225_I1.dat,parameter_sensitivity/SUMO/N2055_PS_parking_cost_100_225_I1.dat,parameter_sensitivity,SUMO,SUMO,parking_cost_variation_mode,parking_cost_range,10.0-22.5,2055,5299,103,3055,308,0.1,308,1824,283,0.9,0.5,20.5,1824,283,0.9,0.5,20.5,0.9,TRUE,solved,915,441,915_S001,near,1,0.2142,0.001623,0.003411,0.1965,0.0393,0.042711,0.25853400000000004,0.2142,0.1965,0.042711,0.25853400000000004,11.33,15.093836000000001,9568.056,1824->1969->193->2023->2008->2006->1233->157->155->1820->1972->497->496->495->2031->1749->962->1984->1756->2010->1979->1090->2009->206->207->540->468->208->1083->1373->1203->2015->1082->426->926->1185->2014->1576->494->917->1779->1176->492->1084->484->1081->854->853->1280->852->851->850->1525->1542->1497->1646->1422->1514->1648->1649->168->1679->6->5->1365->915,915->283,RESULTS/GA/log_ga_spot.csv
Optimization,N2055_PS_parking_cost_100_225_I1,N2055_PS_parking_cost_100_225_I1.dat,parameter_sensitivity/SUMO/N2055_PS_parking_cost_100_225_I1.dat,parameter_sensitivity,SUMO,SUMO,parking_cost_variation_mode,parking_cost_range,10.0-22.5,2055,5299,103,3055,308,0.1,308,1824,283,0.9,0.5,20.5,1824,283,0.9,0.5,20.5,0.9,TRUE,inferred_from_previous_exact_lot_solution,915,441,915_S001,near,1,0.2142,0.001623,0.003411,0.1965,0.0393,0.042711,0.25853400000000004,0.2142,0.1965,0.042711,0.25853400000000004,11.33,15.093836000000001,92415.241,1824->1969->193->2023->2008->2006->1233->157->155->1820->1972->497->496->495->2031->1749->962->1984->1756->2010->1979->1090->2009->206->207->540->468->208->1083->1373->1203->2015->1082->426->926->1185->2014->1576->494->917->1779->1176->492->1084->484->1081->854->853->1280->852->851->850->1525->1542->1497->1646->1422->1514->1648->1649->168->1679->6->5->1365->915,915->283,RESULTS/COMBINED_ALL_METHODS/results_all_methods_parameter_sensitivity_spot_level.csv
PSO,N2055_PS_parking_cost_100_225_I1,N2055_PS_parking_cost_100_225_I1.dat,parameter_sensitivity/SUMO/N2055_PS_parking_cost_100_225_I1.dat,parameter_sensitivity,SUMO,SUMO,parking_cost_variation_mode,parking_cost_range,10.0-22.5,2055,5299,103,3055,308,0.1,308,1824,283,0.9,0.5,20.5,1824,283,0.9,0.5,20.5,0.9,TRUE,solved,1678,158,1678_S001,near,1,0.2216000000000001,0.00201,0.005215,0.418,0.0836,0.08881499999999999,0.3124250000000001,0.2216000000000001,0.418,0.08881499999999999,0.3124250000000001,14.46,18.316950000000006,85775.812,1824->1969->193->2023->2008->2006->1233->157->2001->253->1232->1245->342->75->259->1847->1995->38->496->495->2031->1749->962->1984->1756->2010->1979->1090->2009->206->207->540->468->208->1873->1997->1874->1258->893->1310->926->1185->1179->1254->494->917->493->483->1084->484->1079->1078->1647->852->851->850->1525->1542->1497->1646->1422->1514->1648->1649->168->1679->1505->1508->1678,1678->283,RESULTS/PSO/log_pso_spot.csv
ACO,N2055_PS_parking_cost_125_250_I1,N2055_PS_parking_cost_125_250_I1.dat,parameter_sensitivity/SUMO/N2055_PS_parking_cost_125_250_I1.dat,parameter_sensitivity,SUMO,SUMO,parking_cost_variation_mode,parking_cost_range,12.5-25.0,2055,5299,103,3055,308,0.1,308,1824,283,0.9,0.5,20.5,1824,283,0.9,0.5,20.5,0.9,TRUE,solved,915,441,915_S001,near,1,0.17120000000000002,0.001623,0.003411,0.1965,0.0393,0.042711,0.21553400000000003,0.17120000000000002,0.1965,0.042711,0.21553400000000003,14.32,13.070836000000003,2843.182,1824->1969->193->2023->2008->2006->1233->157->2001->253->1232->1245->342->75->259->1847->1995->1844->1845->346->936->347->348->1996->1210->1115->343->1911->1800->344->959->1717->1243->1371->1909->897->500->1908->1687->135->1895->1517->1894->389->1893->386->1999->1900->1998->1935->1901->1981->1983->1902->1982->1903->194->1977->40->1904->2025->227->2011->270->501->1938->1958->1771->1957->1937->526->213->1956->471->1955->129->655->1954->1811->2027->1808->1253->1601->138->775->774->2->773->771->3->1427->60->1967->801->1723->1724->1728->151->1673->489->488->1677->1676->915,915->283,RESULTS/ACO/log_aco_spot.csv
GA,N2055_PS_parking_cost_125_250_I1,N2055_PS_parking_cost_125_250_I1.dat,parameter_sensitivity/SUMO/N2055_PS_parking_cost_125_250_I1.dat,parameter_sensitivity,SUMO,SUMO,parking_cost_variation_mode,parking_cost_range,12.5-25.0,2055,5299,103,3055,308,0.1,308,1824,283,0.9,0.5,20.5,1824,283,0.9,0.5,20.5,0.9,TRUE,solved,915,441,915_S001,near,1,0.2116,0.001623,0.003411,0.1965,0.0393,0.042711,0.255934,0.2116,0.1965,0.042711,0.255934,14.32,15.252436000000001,12599.353,1824->1969->193->2023->2008->2006->1233->157->155->1820->1972->497->496->495->2031->299->1096->865->866->2010->1979->1090->2009->206->207->540->468->208->1083->1373->1203->2015->228->1744->1082->426->926->1185->2014->1576->494->917->493->483->1084->484->1081->854->853->1280->1164->1174->1165->1286->1281->1099->2040->1100->636->802->803->804->1112->1087->800->168->1679->6->5->1365->915,915->283,RESULTS/GA/log_ga_spot.csv
Optimization,N2055_PS_parking_cost_125_250_I1,N2055_PS_parking_cost_125_250_I1.dat,parameter_sensitivity/SUMO/N2055_PS_parking_cost_125_250_I1.dat,parameter_sensitivity,SUMO,SUMO,parking_cost_variation_mode,parking_cost_range,12.5-25.0,2055,5299,103,3055,308,0.1,308,1824,283,0.9,0.5,20.5,1824,283,0.9,0.5,20.5,0.9,TRUE,inferred_from_previous_exact_lot_solution,915,441,915_S001,near,1,0.2116,0.001623,0.003411,0.1965,0.0393,0.042711,0.255934,0.2116,0.1965,0.042711,0.255934,14.32,15.252436000000001,103961.922,1824->1969->193->2023->2008->2006->1233->157->155->1820->1972->497->496->495->2031->299->1096->865->866->2010->1979->1090->2009->206->207->540->468->208->1083->1373->1203->2015->228->1744->1082->426->926->1185->2014->1576->494->917->493->483->1084->484->1081->854->853->1280->1164->1174->1165->1286->1281->1099->2040->1100->636->802->803->804->1112->1087->800->168->1679->6->5->1365->915,915->283,RESULTS/COMBINED_ALL_METHODS/results_all_methods_parameter_sensitivity_spot_level.csv
PSO,N2055_PS_parking_cost_125_250_I1,N2055_PS_parking_cost_125_250_I1.dat,parameter_sensitivity/SUMO/N2055_PS_parking_cost_125_250_I1.dat,parameter_sensitivity,SUMO,SUMO,parking_cost_variation_mode,parking_cost_range,12.5-25.0,2055,5299,103,3055,308,0.1,308,1824,283,0.9,0.5,20.5,1824,283,0.9,0.5,20.5,0.9,TRUE,solved,62,209,62_S001,near,1,0.20519999999999997,0.001994,0.005173,0.4142,0.0828,0.087973,0.29516699999999996,0.20519999999999997,0.4142,0.087973,0.29516699999999996,15.2,17.459017999999997,81506.705,1824->1969->193->2023->2008->2006->1233->157->155->1820->1972->497->496->495->2031->1749->962->1984->1756->2010->1979->1090->2009->206->207->540->468->208->1083->1373->1203->2015->1082->426->926->1185->2014->1576->494->917->493->483->1084->484->1081->1302->853->1280->852->851->850->1285->1640->1644->799->1085->800->168->1679->6->5->62,62->283,RESULTS/PSO/log_pso_spot.csv
ACO,N2055_PS_parking_cost_150_300_I1,N2055_PS_parking_cost_150_300_I1.dat,parameter_sensitivity/SUMO/N2055_PS_parking_cost_150_300_I1.dat,parameter_sensitivity,SUMO,SUMO,parking_cost_variation_mode,parking_cost_range,15.0-30.0,2055,5299,103,3055,308,0.1,308,1824,283,0.9,0.5,20.5,1824,283,0.9,0.5,20.5,0.9,TRUE,solved,915,441,915_S001,near,1,0.17120000000000002,0.001623,0.003411,0.1965,0.0393,0.042711,0.21553400000000003,0.17120000000000002,0.1965,0.042711,0.21553400000000003,18.22,13.460836000000002,2592.826,1824->1969->193->2023->2008->2006->1233->157->2001->253->1232->1245->342->75->259->1847->1995->1844->1845->346->936->347->348->1996->1210->1115->343->1911->1800->344->959->1717->1243->1371->1909->897->500->1908->1687->135->1895->1517->1894->389->1893->386->1999->1900->1998->1935->1901->1981->1983->1902->1982->1903->194->1977->40->1904->2025->227->2011->270->501->1938->1958->1771->1957->1937->526->213->1956->471->1955->129->655->1954->1811->2027->1808->1253->1601->138->775->774->2->773->771->3->1427->60->1967->801->1723->1724->1728->151->1673->489->488->1677->1676->915,915->283,RESULTS/ACO/log_aco_spot.csv
GA,N2055_PS_parking_cost_150_300_I1,N2055_PS_parking_cost_150_300_I1.dat,parameter_sensitivity/SUMO/N2055_PS_parking_cost_150_300_I1.dat,parameter_sensitivity,SUMO,SUMO,parking_cost_variation_mode,parking_cost_range,15.0-30.0,2055,5299,103,3055,308,0.1,308,1824,283,0.9,0.5,20.5,1824,283,0.9,0.5,20.5,0.9,TRUE,solved,915,442,915_S002,near,1,0.23479999999999998,0.002006,0.00437,0.1965,0.0393,0.04367,0.280476,0.23479999999999998,0.1965,0.04367,0.280476,18.33,16.978704,11947.616,1824->1969->193->2023->2008->2006->454->597->596->594->592->685->451->450->498->496->495->2031->1749->962->1984->1756->2010->1979->1090->2009->206->207->540->468->208->1873->1997->1740->1083->1373->1203->2015->1082->426->926->1185->2014->1576->494->917->493->483->1084->484->1079->1078->1647->852->851->850->1285->1640->1463->1523->1644->799->1085->800->168->1679->6->5->1365->915,915->283,RESULTS/GA/log_ga_spot.csv
Optimization,N2055_PS_parking_cost_150_300_I1,N2055_PS_parking_cost_150_300_I1.dat,parameter_sensitivity/SUMO/N2055_PS_parking_cost_150_300_I1.dat,parameter_sensitivity,SUMO,SUMO,parking_cost_variation_mode,parking_cost_range,15.0-30.0,2055,5299,103,3055,308,0.1,308,1824,283,0.9,0.5,20.5,1824,283,0.9,0.5,20.5,0.9,TRUE,inferred_from_previous_exact_lot_solution,915,441,915_S001,near,1,0.22700000000000004,0.001623,0.003411,0.1965,0.0393,0.042711,0.2713340000000001,0.22700000000000004,0.1965,0.042711,0.2713340000000001,18.22,16.474036,106406.84,1824->1969->193->2023->2008->2006->1233->157->155->1820->1972->684->450->498->496->495->2031->1749->962->1984->1756->2010->1979->1090->2009->206->207->540->468->208->1873->1997->1740->1083->1373->1203->1204->1863->1993->1742->2015->1082->426->926->1185->1179->1576->494->917->493->483->1084->484->1079->1078->1647->852->851->850->1285->1640->1463->1523->1644->799->1085->800->168->1679->6->5->1365->915,915->283,RESULTS/COMBINED_ALL_METHODS/results_all_methods_parameter_sensitivity_spot_level.csv
PSO,N2055_PS_parking_cost_150_300_I1,N2055_PS_parking_cost_150_300_I1.dat,parameter_sensitivity/SUMO/N2055_PS_parking_cost_150_300_I1.dat,parameter_sensitivity,SUMO,SUMO,parking_cost_variation_mode,parking_cost_range,15.0-30.0,2055,5299,103,3055,308,0.1,308,1824,283,0.9,0.5,20.5,1824,283,0.9,0.5,20.5,0.9,TRUE,solved,62,209,62_S001,near,1,0.2077,0.001994,0.005173,0.4142,0.0828,0.087973,0.297667,0.2077,0.4142,0.087973,0.297667,19.41,18.015018,80617.658,1824->1969->193->2023->2008->2006->1233->157->2001->253->1232->1245->342->75->259->1847->1995->38->496->495->2031->299->1096->865->866->2010->1979->1090->2009->206->207->540->468->208->1873->1997->1874->1258->893->1266->892->1711->1875->891->1277->1273->1275->1270->1269->427->65->1313->637->1311->2013->1961->1172->1170->1962->636->802->803->804->1112->1087->800->168->1679->6->5->62,62->283,RESULTS/PSO/log_pso_spot.csv
ACO,N2055_PS_parking_cost_80_205_I1,N2055_PS_parking_cost_80_205_I1.dat,parameter_sensitivity/SUMO/N2055_PS_parking_cost_80_205_I1.dat,parameter_sensitivity,SUMO,SUMO,parking_cost_variation_mode,parking_cost_range,8.0-20.5,2055,5299,103,3055,308,0.1,308,1824,283,0.9,0.5,20.5,1824,283,0.9,0.5,20.5,0.9,TRUE,solved,487,476,487_S001,near,1,0.171,0.00145,0.002399,0.0655,0.0131,0.015499,0.18794900000000003,0.171,0.0655,0.015499,0.18794900000000003,19.66,12.115246,2947.368,1824->1969->193->2023->2008->2006->1233->157->2001->253->1232->1245->342->75->259->1847->1995->1844->1845->346->936->347->348->1996->1210->1115->343->1911->1800->344->959->1717->1243->1371->1909->897->500->1908->1687->135->1895->1517->1894->389->1893->386->1999->1900->1998->1935->1901->1981->1983->1902->1982->1903->194->1977->40->1904->2025->227->2011->270->501->1938->1958->1771->1957->1937->526->213->1956->471->1955->129->655->1954->1811->2027->1808->1253->1601->138->775->774->2->773->771->3->1427->60->1967->801->1723->1724->1728->151->1673->489->488->487,487->283,RESULTS/ACO/log_aco_spot.csv
GA,N2055_PS_parking_cost_80_205_I1,N2055_PS_parking_cost_80_205_I1.dat,parameter_sensitivity/SUMO/N2055_PS_parking_cost_80_205_I1.dat,parameter_sensitivity,SUMO,SUMO,parking_cost_variation_mode,parking_cost_range,8.0-20.5,2055,5299,103,3055,308,0.1,308,1824,283,0.9,0.5,20.5,1824,283,0.9,0.5,20.5,0.9,TRUE,solved,915,443,915_S003,near,1,0.2163,0.002402,0.005343,0.1965,0.0393,0.044643,0.263345,0.2163,0.1965,0.044643,0.263345,9.22,15.14263,12434.019,1824->1969->193->2023->2008->2006->1233->157->2001->155->1820->1972->497->496->495->2031->299->1096->865->866->2010->1979->1090->2009->206->207->540->468->208->1873->1997->1740->1083->1373->1203->2015->1082->426->926->1185->1179->1254->494->917->493->483->1084->484->1079->1078->1647->852->851->850->1285->1640->1644->799->1085->800->168->1679->6->5->1365->915,915->283,RESULTS/GA/log_ga_spot.csv
Optimization,N2055_PS_parking_cost_80_205_I1,N2055_PS_parking_cost_80_205_I1.dat,parameter_sensitivity/SUMO/N2055_PS_parking_cost_80_205_I1.dat,parameter_sensitivity,SUMO,SUMO,parking_cost_variation_mode,parking_cost_range,8.0-20.5,2055,5299,103,3055,308,0.1,308,1824,283,0.9,0.5,20.5,1824,283,0.9,0.5,20.5,0.9,TRUE,inferred_from_previous_exact_lot_solution,487,476,487_S001,near,1,0.21579999999999996,0.00145,0.002399,0.0655,0.0131,0.015499,0.23274899999999998,0.21579999999999996,0.0655,0.015499,0.23274899999999998,19.66,14.534445999999999,93738.775,1824->1969->193->2023->2008->2006->1233->157->155->1820->1972->497->496->495->2031->299->1096->865->866->2010->1979->1090->2009->206->207->540->468->208->1873->1997->1874->1258->893->1266->892->1711->1875->891->1277->1273->1275->1270->1267->1860->2014->1177->427->65->1313->1314->1312->2022->2013->1961->1172->1170->1962->636->802->1086->1087->800->168->1679->6->5->1365->915->487,487->283,RESULTS/COMBINED_ALL_METHODS/results_all_methods_parameter_sensitivity_spot_level.csv
PSO,N2055_PS_parking_cost_80_205_I1,N2055_PS_parking_cost_80_205_I1.dat,parameter_sensitivity/SUMO/N2055_PS_parking_cost_80_205_I1.dat,parameter_sensitivity,SUMO,SUMO,parking_cost_variation_mode,parking_cost_range,8.0-20.5,2055,5299,103,3055,308,0.1,308,1824,283,0.9,0.5,20.5,1824,283,0.9,0.5,20.5,0.9,TRUE,solved,487,476,487_S001,near,1,0.2662999999999999,0.00145,0.002399,0.0655,0.0131,0.015499,0.2832489999999999,0.2662999999999999,0.0655,0.015499,0.2832489999999999,19.66,17.261445999999996,70577.122,1824->1969->1732->428->2004->2003->2000->27->2001->253->1232->1245->342->75->259->1847->1995->1846->567->1205->840->1212->839->1207->22->1220->23->1126->932->931->2032->212->24->1134->1138->1132->1135->1130->1131->1153->1227->479->652->1292->533->663->1997->1740->1083->1373->1203->1204->1863->1993->1742->2015->1082->426->926->1185->2014->1576->1575->1177->427->65->1313->1314->1312->2022->2013->1961->1172->1170->1962->636->485->1645->90->799->101->1646->1422->1514->1648->1649->168->1679->6->5->1365->915->487,487->283,RESULTS/PSO/log_pso_spot.csv
ACO,N2055_PS_parking_supply_P10_I1,N2055_PS_parking_supply_P10_I1.dat,parameter_sensitivity/SUMO/N2055_PS_parking_supply_P10_I1.dat,parameter_sensitivity,SUMO,SUMO,parking_supply,parking_supply,10%,2055,5505,206,6224,629,0.1,629,1824,283,0.9,0.5,20.5,1824,283,0.9,0.5,20.5,0.9,TRUE,solved,487,476,487_S001,near,1,0.171,0.00145,0.002399,0.0655,0.0131,0.015499,0.18794900000000003,0.171,0.0655,0.015499,0.18794900000000003,19.66,12.115246,4319.643,1824->1969->193->2023->2008->2006->1233->157->2001->253->1232->1245->342->75->259->1847->1995->1844->1845->346->936->347->348->1996->1210->1115->343->1911->1800->344->959->1717->1243->1371->1909->897->500->1908->1687->135->1895->1517->1894->389->1893->386->1999->1900->1998->1935->1901->1981->1983->1902->1982->1903->194->1977->40->1904->2025->227->2011->270->501->1938->1958->1771->1957->1937->526->213->1956->471->1955->129->655->1954->1811->2027->1808->1253->1601->138->775->774->2->773->771->3->1427->60->1967->801->1723->1724->1728->151->1673->489->488->487,487->283,RESULTS/ACO/log_aco_spot.csv
GA,N2055_PS_parking_supply_P10_I1,N2055_PS_parking_supply_P10_I1.dat,parameter_sensitivity/SUMO/N2055_PS_parking_supply_P10_I1.dat,parameter_sensitivity,SUMO,SUMO,parking_supply,parking_supply,10%,2055,5505,206,6224,629,0.1,629,1824,283,0.9,0.5,20.5,1824,283,0.9,0.5,20.5,0.9,TRUE,solved,915,443,915_S003,near,1,0.2089,0.002402,0.005343,0.1965,0.0393,0.044643,0.255945,0.2089,0.1965,0.044643,0.255945,9.22,14.74303,13177.545,1824->1969->193->2023->2008->2006->1233->157->155->1820->1972->497->496->495->2031->1749->962->1984->1756->2010->1979->1090->2009->206->207->540->468->208->1083->1373->1203->2015->1082->426->926->1185->2014->1177->1575->1576->494->917->493->483->1084->484->1081->854->853->1280->1164->1174->1165->1286->1281->1099->2040->1100->636->802->803->804->1112->1087->800->168->1679->6->5->1365->915,915->283,RESULTS/GA/log_ga_spot.csv
Optimization,N2055_PS_parking_supply_P10_I1,N2055_PS_parking_supply_P10_I1.dat,parameter_sensitivity/SUMO/N2055_PS_parking_supply_P10_I1.dat,parameter_sensitivity,SUMO,SUMO,parking_supply,parking_supply,10%,2055,5505,206,6224,629,0.1,629,1824,283,0.9,0.5,20.5,1824,283,0.9,0.5,20.5,0.9,TRUE,inferred_from_previous_exact_lot_solution,487,476,487_S001,near,1,0.2116,0.00145,0.002399,0.0655,0.0131,0.015499,0.22854900000000003,0.2116,0.0655,0.015499,0.22854900000000003,19.66,14.307646,110300.904,1824->1969->193->2023->2008->2006->1233->157->155->1820->1972->497->496->495->2031->1749->962->1984->1756->2010->1979->1090->2009->206->207->540->468->208->1083->1373->1203->2015->1082->426->926->1185->2014->1177->427->65->1313->637->1311->2013->1961->1172->1170->1962->636->802->1086->1087->800->168->1679->6->5->1365->1675->1674->82->489->488->487,487->283,RESULTS/COMBINED_ALL_METHODS/results_all_methods_parameter_sensitivity_spot_level.csv
PSO,N2055_PS_parking_supply_P10_I1,N2055_PS_parking_supply_P10_I1.dat,parameter_sensitivity/SUMO/N2055_PS_parking_supply_P10_I1.dat,parameter_sensitivity,SUMO,SUMO,parking_supply,parking_supply,10%,2055,5505,206,6224,629,0.1,629,1824,283,0.9,0.5,20.5,1824,283,0.9,0.5,20.5,0.9,TRUE,solved,915,441,915_S001,near,1,0.27669999999999995,0.001623,0.003411,0.1965,0.0393,0.042711,0.32103399999999993,0.27669999999999995,0.1965,0.042711,0.32103399999999993,9.08,18.243835999999998,118775.964,1824->1969->1732->428->2004->2003->2000->27->2001->155->1820->1972->497->496->38->1995->1844->1845->346->936->935->566->895->838->565->1236->932->931->2032->2036->2035->2021->248->2037->949->223->921->922->106->105->923->633->1421->909->660->911->658->657->1276->1277->1273->1275->1270->1267->1860->2014->1576->1575->1177->427->65->1313->1314->1312->2022->1173->1172->1170->1962->636->1100->2040->1099->1281->1282->1283->1284->1285->1640->1497->1646->101->799->1085->800->168->1679->6->5->1365->915,915->283,RESULTS/PSO/log_pso_spot.csv
ACO,N2055_PS_parking_supply_P15_I1,N2055_PS_parking_supply_P15_I1.dat,parameter_sensitivity/SUMO/N2055_PS_parking_supply_P15_I1.dat,parameter_sensitivity,SUMO,SUMO,parking_supply,parking_supply,15%,2055,5709,308,9316,939,0.1,939,1824,283,0.9,0.5,20.5,1824,283,0.9,0.5,20.5,0.9,TRUE,solved,487,476,487_S001,near,1,0.171,0.00145,0.002399,0.0655,0.0131,0.015499,0.18794900000000003,0.171,0.0655,0.015499,0.18794900000000003,19.66,12.115246,5732.286,1824->1969->193->2023->2008->2006->1233->157->2001->253->1232->1245->342->75->259->1847->1995->1844->1845->346->936->347->348->1996->1210->1115->343->1911->1800->344->959->1717->1243->1371->1909->897->500->1908->1687->135->1895->1517->1894->389->1893->386->1999->1900->1998->1935->1901->1981->1983->1902->1982->1903->194->1977->40->1904->2025->227->2011->270->501->1938->1958->1771->1957->1937->526->213->1956->471->1955->129->655->1954->1811->2027->1808->1253->1601->138->775->774->2->773->771->3->1427->60->1967->801->1723->1724->1728->151->1673->489->488->487,487->283,RESULTS/ACO/log_aco_spot.csv
GA,N2055_PS_parking_supply_P15_I1,N2055_PS_parking_supply_P15_I1.dat,parameter_sensitivity/SUMO/N2055_PS_parking_supply_P15_I1.dat,parameter_sensitivity,SUMO,SUMO,parking_supply,parking_supply,15%,2055,5709,308,9316,939,0.1,939,1824,283,0.9,0.5,20.5,1824,283,0.9,0.5,20.5,0.9,TRUE,solved,1676,404,1676_S001,near,1,0.21730000000000005,0.001707,0.003616,0.2155,0.0431,0.046716,0.26572300000000004,0.21730000000000005,0.2155,0.046716,0.26572300000000004,18.81,16.230042,15219.155,1824->1969->193->2023->2008->2006->1233->157->155->1820->1972->497->496->495->2031->1749->962->1984->1756->2010->1979->1090->2009->206->207->540->468->208->1083->1373->1203->2015->1082->426->926->1185->2014->1177->1575->1779->1176->492->483->1084->484->1079->1078->1647->852->851->850->1285->1640->1497->1646->1422->1514->1648->1649->168->1679->6->5->1365->1675->1676,1676->283,RESULTS/GA/log_ga_spot.csv
Optimization,N2055_PS_parking_supply_P15_I1,N2055_PS_parking_supply_P15_I1.dat,parameter_sensitivity/SUMO/N2055_PS_parking_supply_P15_I1.dat,parameter_sensitivity,SUMO,SUMO,parking_supply,parking_supply,15%,2055,5709,308,9316,939,0.1,939,1824,283,0.9,0.5,20.5,1824,283,0.9,0.5,20.5,0.9,TRUE,inferred_from_previous_exact_lot_solution,487,476,487_S001,near,1,0.221,0.00145,0.002399,0.0655,0.0131,0.015499,0.23794900000000002,0.221,0.0655,0.015499,0.23794900000000002,19.66,14.815246,317508.739,1824->1969->193->2023->2008->2006->1233->157->155->1820->1972->497->496->495->2031->299->1096->865->866->2010->1979->1090->2009->206->207->540->468->208->1873->1997->1740->1083->1373->1203->2015->1082->426->926->1185->2014->1177->427->65->1313->1314->1312->2022->1173->1171->1170->1962->636->485->1645->90->799->1085->800->168->1679->6->5->1365->1675->1676->915->487,487->283,RESULTS/COMBINED_ALL_METHODS/results_all_methods_parameter_sensitivity_spot_level.csv
PSO,N2055_PS_parking_supply_P15_I1,N2055_PS_parking_supply_P15_I1.dat,parameter_sensitivity/SUMO/N2055_PS_parking_supply_P15_I1.dat,parameter_sensitivity,SUMO,SUMO,parking_supply,parking_supply,15%,2055,5709,308,9316,939,0.1,939,1824,283,0.9,0.5,20.5,1824,283,0.9,0.5,20.5,0.9,TRUE,solved,487,476,487_S001,near,1,0.2322,0.00145,0.002399,0.0655,0.0131,0.015499,0.249149,0.2322,0.0655,0.015499,0.249149,19.66,15.420046,74072.672,1824->1969->193->2023->2008->2006->1233->157->2001->155->1820->1972->265->154->253->1232->1245->342->75->259->1847->1995->1846->567->1971->1211->933->22->902->1237->1236->565->836->835->919->2035->2021->224->37->2044->1776->2051->1803->1152->107->1974->1861->1862->922->106->105->923->633->1163->91->1287->109->478->83->235->477->1586->925->1588->1487->1584->1878->890->1975->1821->14->1295->1294->239->1931->1930->1991->119->1301->1300->803->802->1086->1087->800->168->1679->6->5->1365->915->487,487->283,RESULTS/PSO/log_pso_spot.csv
ACO,N2055_PS_parking_supply_P20_I1,N2055_PS_parking_supply_P20_I1.dat,parameter_sensitivity/SUMO/N2055_PS_parking_supply_P20_I1.dat,parameter_sensitivity,SUMO,SUMO,parking_supply,parking_supply,20%,2055,5915,411,12360,1241,0.1,1241,1824,283,0.9,0.5,20.5,1824,283,0.9,0.5,20.5,0.9,TRUE,solved,487,476,487_S001,near,1,0.171,0.00145,0.002399,0.0655,0.0131,0.015499,0.18794900000000003,0.171,0.0655,0.015499,0.18794900000000003,19.66,12.115246,7209.456,1824->1969->193->2023->2008->2006->1233->157->2001->253->1232->1245->342->75->259->1847->1995->1844->1845->346->936->347->348->1996->1210->1115->343->1911->1800->344->959->1717->1243->1371->1909->897->500->1908->1687->135->1895->1517->1894->389->1893->386->1999->1900->1998->1935->1901->1981->1983->1902->1982->1903->194->1977->40->1904->2025->227->2011->270->501->1938->1958->1771->1957->1937->526->213->1956->471->1955->129->655->1954->1811->2027->1808->1253->1601->138->775->774->2->773->771->3->1427->60->1967->801->1723->1724->1728->151->1673->489->488->487,487->283,RESULTS/ACO/log_aco_spot.csv
GA,N2055_PS_parking_supply_P20_I1,N2055_PS_parking_supply_P20_I1.dat,parameter_sensitivity/SUMO/N2055_PS_parking_supply_P20_I1.dat,parameter_sensitivity,SUMO,SUMO,parking_supply,parking_supply,20%,2055,5915,411,12360,1241,0.1,1241,1824,283,0.9,0.5,20.5,1824,283,0.9,0.5,20.5,0.9,TRUE,solved,1676,404,1676_S001,near,1,0.21640000000000004,0.001707,0.003616,0.2155,0.0431,0.046716,0.26482300000000003,0.21640000000000004,0.2155,0.046716,0.26482300000000003,18.81,16.181442,16879.368,1824->1969->193->2023->2008->2006->1233->157->155->1820->1972->497->496->495->2031->1749->962->1984->1756->2010->1979->1090->2009->206->207->540->468->208->1083->1373->1203->2015->1082->426->926->1185->1179->1254->494->917->493->483->1084->484->1079->1078->1647->852->851->850->1285->1640->1497->1646->1422->1514->1648->1649->168->1679->6->5->1365->1675->1676,1676->283,RESULTS/GA/log_ga_spot.csv
Optimization,N2055_PS_parking_supply_P20_I1,N2055_PS_parking_supply_P20_I1.dat,parameter_sensitivity/SUMO/N2055_PS_parking_supply_P20_I1.dat,parameter_sensitivity,SUMO,SUMO,parking_supply,parking_supply,20%,2055,5915,411,12360,1241,0.1,1241,1824,283,0.9,0.5,20.5,1824,283,0.9,0.5,20.5,0.9,TRUE,inferred_from_previous_exact_lot_solution,1676,404,1676_S001,near,1,0.21640000000000004,0.001707,0.003616,0.2155,0.0431,0.046716,0.26482300000000003,0.21640000000000004,0.2155,0.046716,0.26482300000000003,18.81,16.181442,142816.322,1824->1969->193->2023->2008->2006->1233->157->155->1820->1972->497->496->495->2031->1749->962->1984->1756->2010->1979->1090->2009->206->207->540->468->208->1083->1373->1203->2015->1082->426->926->1185->1179->1254->494->917->493->483->1084->484->1079->1078->1647->852->851->850->1285->1640->1497->1646->1422->1514->1648->1649->168->1679->6->5->1365->1675->1676,1676->283,RESULTS/COMBINED_ALL_METHODS/results_all_methods_parameter_sensitivity_spot_level.csv
PSO,N2055_PS_parking_supply_P20_I1,N2055_PS_parking_supply_P20_I1.dat,parameter_sensitivity/SUMO/N2055_PS_parking_supply_P20_I1.dat,parameter_sensitivity,SUMO,SUMO,parking_supply,parking_supply,20%,2055,5915,411,12360,1241,0.1,1241,1824,283,0.9,0.5,20.5,1824,283,0.9,0.5,20.5,0.9,TRUE,solved,487,476,487_S001,near,1,0.2742,0.00145,0.002399,0.0655,0.0131,0.015499,0.291149,0.2742,0.0655,0.015499,0.291149,19.66,17.688046,111226.404,1824->1969->193->2023->2008->2006->454->597->596->595->594->592->685->451->450->498->496->495->2031->1749->962->1984->1756->2010->1979->1090->2009->206->207->540->468->863->864->530->534->282->533->908->909->660->911->891->1876->657->1851->1877->1975->1821->14->1295->1297->637->1311->2013->1961->1172->1170->1962->636->802->803->804->1112->1087->800->801->1723->1724->1726->1727->1489->1551->1728->151->1673->489->1714->914->488->487,487->283,RESULTS/PSO/log_pso_spot.csv
ACO,N2055_PS_parking_supply_P5_I1,N2055_PS_parking_supply_P5_I1.dat,parameter_sensitivity/SUMO/N2055_PS_parking_supply_P5_I1.dat,parameter_sensitivity,SUMO,SUMO,parking_supply,parking_supply,5%,2055,5299,103,3144,317,0.1,317,1824,283,0.9,0.5,20.5,1824,283,0.9,0.5,20.5,0.9,TRUE,solved,487,476,487_S001,near,1,0.171,0.00145,0.002399,0.0655,0.0131,0.015499,0.18794900000000003,0.171,0.0655,0.015499,0.18794900000000003,19.66,12.115246,2924.539,1824->1969->193->2023->2008->2006->1233->157->2001->253->1232->1245->342->75->259->1847->1995->1844->1845->346->936->347->348->1996->1210->1115->343->1911->1800->344->959->1717->1243->1371->1909->897->500->1908->1687->135->1895->1517->1894->389->1893->386->1999->1900->1998->1935->1901->1981->1983->1902->1982->1903->194->1977->40->1904->2025->227->2011->270->501->1938->1958->1771->1957->1937->526->213->1956->471->1955->129->655->1954->1811->2027->1808->1253->1601->138->775->774->2->773->771->3->1427->60->1967->801->1723->1724->1728->151->1673->489->488->487,487->283,RESULTS/ACO/log_aco_spot.csv
GA,N2055_PS_parking_supply_P5_I1,N2055_PS_parking_supply_P5_I1.dat,parameter_sensitivity/SUMO/N2055_PS_parking_supply_P5_I1.dat,parameter_sensitivity,SUMO,SUMO,parking_supply,parking_supply,5%,2055,5299,103,3144,317,0.1,317,1824,283,0.9,0.5,20.5,1824,283,0.9,0.5,20.5,0.9,TRUE,solved,1678,160,1678_S003,near,1,0.21780000000000008,0.003092,0.008586,0.418,0.0836,0.09218599999999999,0.3130780000000001,0.21780000000000008,0.418,0.09218599999999999,0.3130780000000001,12.27,18.133212000000004,9981.239,1824->1969->193->2023->2008->2006->1233->157->2001->253->1232->1245->342->75->259->1847->1995->1846->567->1971->1211->933->22->1220->23->1126->1123->1221->1789->1141->1788->1134->1138->1132->1135->1130->1129->1128->25->479->652->1292->533->908->909->660->659->658->657->1851->1877->1975->1821->14->1295->1297->1296->1932->1298->1294->239->1931->1930->1991->119->1301->804->1112->1087->800->168->1679->1505->1508->1678,1678->283,RESULTS/GA/log_ga_spot.csv
Optimization,N2055_PS_parking_supply_P5_I1,N2055_PS_parking_supply_P5_I1.dat,parameter_sensitivity/SUMO/N2055_PS_parking_supply_P5_I1.dat,parameter_sensitivity,SUMO,SUMO,parking_supply,parking_supply,5%,2055,5299,103,3144,317,0.1,317,1824,283,0.9,0.5,20.5,1824,283,0.9,0.5,20.5,0.9,TRUE,inferred_from_previous_exact_lot_solution,487,476,487_S001,near,1,0.21579999999999996,0.00145,0.002399,0.0655,0.0131,0.015499,0.23274899999999998,0.21579999999999996,0.0655,0.015499,0.23274899999999998,19.66,14.534445999999999,96257.762,1824->1969->193->2023->2008->2006->1233->157->155->1820->1972->497->496->495->2031->299->1096->865->866->2010->1979->1090->2009->206->207->540->468->208->1873->1997->1874->1258->893->1266->892->1711->1875->891->1277->1273->1275->1270->1267->1860->2014->1177->427->65->1313->1314->1312->2022->2013->1961->1172->1170->1962->636->802->1086->1087->800->168->1679->6->5->1365->915->487,487->283,RESULTS/COMBINED_ALL_METHODS/results_all_methods_parameter_sensitivity_spot_level.csv
PSO,N2055_PS_parking_supply_P5_I1,N2055_PS_parking_supply_P5_I1.dat,parameter_sensitivity/SUMO/N2055_PS_parking_supply_P5_I1.dat,parameter_sensitivity,SUMO,SUMO,parking_supply,parking_supply,5%,2055,5299,103,3144,317,0.1,317,1824,283,0.9,0.5,20.5,1824,283,0.9,0.5,20.5,0.9,TRUE,solved,487,476,487_S001,near,1,0.2456999999999999,0.00145,0.002399,0.0655,0.0131,0.015499,0.2626489999999999,0.2456999999999999,0.0655,0.015499,0.2626489999999999,19.66,16.149045999999995,54560.751,1824->1969->1732->428->2004->2003->2000->27->2001->253->1232->1245->342->75->259->1847->1995->1844->1845->346->903->935->566->895->838->565->836->564->834->901->2021->248->2037->949->948->1054->1156->633->1421->909->660->911->891->1277->1273->1275->1270->1269->427->65->1313->1314->1312->2022->1173->1172->1170->1962->636->485->1645->90->799->101->1646->1422->1514->1648->1649->168->1679->6->5->1365->915->487,487->283,RESULTS/PSO/log_pso_spot.csv
ACO,N2055_PS_spot_availability_A10_I1,N2055_PS_spot_availability_A10_I1.dat,parameter_sensitivity/SUMO/N2055_PS_spot_availability_A10_I1.dat,parameter_sensitivity,SUMO,SUMO,parking_spot_availability,parking_spot_availability,10%,2055,5299,103,3055,308,0.1,308,1824,283,0.9,0.5,20.5,1824,283,0.9,0.5,20.5,0.9,TRUE,solved,487,476,487_S001,near,1,0.171,0.00145,0.002399,0.0655,0.0131,0.015499,0.18794900000000003,0.171,0.0655,0.015499,0.18794900000000003,19.66,12.115246,2862.521,1824->1969->193->2023->2008->2006->1233->157->2001->253->1232->1245->342->75->259->1847->1995->1844->1845->346->936->347->348->1996->1210->1115->343->1911->1800->344->959->1717->1243->1371->1909->897->500->1908->1687->135->1895->1517->1894->389->1893->386->1999->1900->1998->1935->1901->1981->1983->1902->1982->1903->194->1977->40->1904->2025->227->2011->270->501->1938->1958->1771->1957->1937->526->213->1956->471->1955->129->655->1954->1811->2027->1808->1253->1601->138->775->774->2->773->771->3->1427->60->1967->801->1723->1724->1728->151->1673->489->488->487,487->283,RESULTS/ACO/log_aco_spot.csv
GA,N2055_PS_spot_availability_A10_I1,N2055_PS_spot_availability_A10_I1.dat,parameter_sensitivity/SUMO/N2055_PS_spot_availability_A10_I1.dat,parameter_sensitivity,SUMO,SUMO,parking_spot_availability,parking_spot_availability,10%,2055,5299,103,3055,308,0.1,308,1824,283,0.9,0.5,20.5,1824,283,0.9,0.5,20.5,0.9,TRUE,solved,915,443,915_S003,near,1,0.2163,0.002402,0.005343,0.1965,0.0393,0.044643,0.263345,0.2163,0.1965,0.044643,0.263345,9.22,15.14263,12503.794,1824->1969->193->2023->2008->2006->1233->157->2001->155->1820->1972->497->496->495->2031->299->1096->865->866->2010->1979->1090->2009->206->207->540->468->208->1873->1997->1740->1083->1373->1203->2015->1082->426->926->1185->1179->1254->494->917->493->483->1084->484->1079->1078->1647->852->851->850->1285->1640->1644->799->1085->800->168->1679->6->5->1365->915,915->283,RESULTS/GA/log_ga_spot.csv
Optimization,N2055_PS_spot_availability_A10_I1,N2055_PS_spot_availability_A10_I1.dat,parameter_sensitivity/SUMO/N2055_PS_spot_availability_A10_I1.dat,parameter_sensitivity,SUMO,SUMO,parking_spot_availability,parking_spot_availability,10%,2055,5299,103,3055,308,0.1,308,1824,283,0.9,0.5,20.5,1824,283,0.9,0.5,20.5,0.9,TRUE,inferred_from_previous_exact_lot_solution,487,476,487_S001,near,1,0.21579999999999996,0.00145,0.002399,0.0655,0.0131,0.015499,0.23274899999999998,0.21579999999999996,0.0655,0.015499,0.23274899999999998,19.66,14.534445999999999,271926.368,1824->1969->193->2023->2008->2006->1233->157->155->1820->1972->497->496->495->2031->299->1096->865->866->2010->1979->1090->2009->206->207->540->468->208->1873->1997->1874->1258->893->1266->892->1711->1875->891->1277->1273->1275->1270->1267->1860->2014->1177->427->65->1313->1314->1312->2022->2013->1961->1172->1170->1962->636->802->1086->1087->800->168->1679->6->5->1365->915->487,487->283,RESULTS/COMBINED_ALL_METHODS/results_all_methods_parameter_sensitivity_spot_level.csv
PSO,N2055_PS_spot_availability_A10_I1,N2055_PS_spot_availability_A10_I1.dat,parameter_sensitivity/SUMO/N2055_PS_spot_availability_A10_I1.dat,parameter_sensitivity,SUMO,SUMO,parking_spot_availability,parking_spot_availability,10%,2055,5299,103,3055,308,0.1,308,1824,283,0.9,0.5,20.5,1824,283,0.9,0.5,20.5,0.9,TRUE,solved,487,476,487_S001,near,1,0.2662999999999999,0.00145,0.002399,0.0655,0.0131,0.015499,0.2832489999999999,0.2662999999999999,0.0655,0.015499,0.2832489999999999,19.66,17.261445999999996,70478.993,1824->1969->1732->428->2004->2003->2000->27->2001->253->1232->1245->342->75->259->1847->1995->1846->567->1205->840->1212->839->1207->22->1220->23->1126->932->931->2032->212->24->1134->1138->1132->1135->1130->1131->1153->1227->479->652->1292->533->663->1997->1740->1083->1373->1203->1204->1863->1993->1742->2015->1082->426->926->1185->2014->1576->1575->1177->427->65->1313->1314->1312->2022->2013->1961->1172->1170->1962->636->485->1645->90->799->101->1646->1422->1514->1648->1649->168->1679->6->5->1365->915->487,487->283,RESULTS/PSO/log_pso_spot.csv
ACO,N2055_PS_spot_availability_A20_I1,N2055_PS_spot_availability_A20_I1.dat,parameter_sensitivity/SUMO/N2055_PS_spot_availability_A20_I1.dat,parameter_sensitivity,SUMO,SUMO,parking_spot_availability,parking_spot_availability,20%,2055,5299,103,3055,607,0.2,607,1824,283,0.9,0.5,20.5,1824,283,0.9,0.5,20.5,0.9,TRUE,solved,487,476,487_S001,near,1,0.171,0.00145,0.002399,0.0655,0.0131,0.015499,0.18794900000000003,0.171,0.0655,0.015499,0.18794900000000003,19.66,12.115246,3319.243,1824->1969->193->2023->2008->2006->1233->157->2001->253->1232->1245->342->75->259->1847->1995->1844->1845->346->936->347->348->1996->1210->1115->343->1911->1800->344->959->1717->1243->1371->1909->897->500->1908->1687->135->1895->1517->1894->389->1893->386->1999->1900->1998->1935->1901->1981->1983->1902->1982->1903->194->1977->40->1904->2025->227->2011->270->501->1938->1958->1771->1957->1937->526->213->1956->471->1955->129->655->1954->1811->2027->1808->1253->1601->138->775->774->2->773->771->3->1427->60->1967->801->1723->1724->1728->151->1673->489->488->487,487->283,RESULTS/ACO/log_aco_spot.csv
GA,N2055_PS_spot_availability_A20_I1,N2055_PS_spot_availability_A20_I1.dat,parameter_sensitivity/SUMO/N2055_PS_spot_availability_A20_I1.dat,parameter_sensitivity,SUMO,SUMO,parking_spot_availability,parking_spot_availability,20%,2055,5299,103,3055,607,0.2,607,1824,283,0.9,0.5,20.5,1824,283,0.9,0.5,20.5,0.9,TRUE,solved,487,480,487_S005,near,1,0.23350000000000007,0.003229,0.006084,0.0655,0.0131,0.019184,0.25591300000000006,0.23350000000000007,0.0655,0.019184,0.25591300000000006,20.24,15.843302000000003,12194.7,1824->1969->193->2023->2008->2006->1233->157->2001->253->1232->1245->342->75->259->1847->1995->1846->567->1205->840->1212->839->1207->22->1220->23->1126->932->931->930->2036->2035->247->2033->2034->949->223->921->922->106->105->923->633->1421->909->660->659->658->657->1851->1877->1975->1821->14->1295->1294->239->1931->1930->1991->119->1301->804->1112->1781->1427->60->1967->801->1723->1724->1726->1551->1728->151->1524->1714->914->487,487->283,RESULTS/GA/log_ga_spot.csv
Optimization,N2055_PS_spot_availability_A20_I1,N2055_PS_spot_availability_A20_I1.dat,parameter_sensitivity/SUMO/N2055_PS_spot_availability_A20_I1.dat,parameter_sensitivity,SUMO,SUMO,parking_spot_availability,parking_spot_availability,20%,2055,5299,103,3055,607,0.2,607,1824,283,0.9,0.5,20.5,1824,283,0.9,0.5,20.5,0.9,TRUE,inferred_from_previous_exact_lot_solution,487,476,487_S001,near,1,0.21579999999999996,0.00145,0.002399,0.0655,0.0131,0.015499,0.23274899999999998,0.21579999999999996,0.0655,0.015499,0.23274899999999998,19.66,14.534445999999999,271926.368,1824->1969->193->2023->2008->2006->1233->157->155->1820->1972->497->496->495->2031->299->1096->865->866->2010->1979->1090->2009->206->207->540->468->208->1873->1997->1874->1258->893->1266->892->1711->1875->891->1277->1273->1275->1270->1267->1860->2014->1177->427->65->1313->1314->1312->2022->2013->1961->1172->1170->1962->636->802->1086->1087->800->168->1679->6->5->1365->915->487,487->283,RESULTS/COMBINED_ALL_METHODS/results_all_methods_parameter_sensitivity_spot_level.csv
PSO,N2055_PS_spot_availability_A20_I1,N2055_PS_spot_availability_A20_I1.dat,parameter_sensitivity/SUMO/N2055_PS_spot_availability_A20_I1.dat,parameter_sensitivity,SUMO,SUMO,parking_spot_availability,parking_spot_availability,20%,2055,5299,103,3055,607,0.2,607,1824,283,0.9,0.5,20.5,1824,283,0.9,0.5,20.5,0.9,TRUE,solved,915,441,915_S001,near,1,0.22820000000000001,0.001623,0.003411,0.1965,0.0393,0.042711,0.27253400000000005,0.22820000000000001,0.1965,0.042711,0.27253400000000005,9.08,15.624836000000002,65653.35,1824->1969->193->2023->2008->2006->1233->157->2001->253->1232->1245->342->75->259->1847->1995->38->496->495->2031->1749->962->1984->1756->2010->1979->1090->2009->206->207->540->468->208->1873->1997->1740->1083->1373->1203->1204->1863->1993->1742->2015->1082->426->926->1185->2014->1860->1267->1270->1269->427->65->1313->1314->1312->2022->2013->1961->1172->1170->1962->636->485->1645->90->799->101->1646->1422->1514->1648->1649->168->1679->6->5->1365->915,915->283,RESULTS/PSO/log_pso_spot.csv
ACO,N2055_PS_spot_availability_A30_I1,N2055_PS_spot_availability_A30_I1.dat,parameter_sensitivity/SUMO/N2055_PS_spot_availability_A30_I1.dat,parameter_sensitivity,SUMO,SUMO,parking_spot_availability,parking_spot_availability,30%,2055,5299,103,3055,917,0.3,917,1824,283,0.9,0.5,20.5,1824,283,0.9,0.5,20.5,0.9,TRUE,solved,487,476,487_S001,near,1,0.1746,0.00145,0.002399,0.0655,0.0131,0.015499,0.19154900000000002,0.1746,0.0655,0.015499,0.19154900000000002,19.66,12.309646,3835.793,1824->1969->193->2023->2008->2006->1233->157->2001->253->1232->1245->342->75->259->1847->1995->1844->1845->346->936->347->348->1996->1210->1115->343->1911->1800->344->959->1717->1243->1371->1909->897->500->1908->1687->135->1895->1517->1894->389->1893->386->1999->1900->1998->1935->1901->1981->1983->1902->1982->1903->194->1977->40->1904->2025->227->2011->270->501->1938->1958->1771->1957->1937->526->213->1956->471->1955->129->655->1954->1811->2027->1808->1253->1601->138->775->774->2->773->771->3->1427->60->1967->801->1723->1724->1728->151->1673->489->488->1677->1676->915->487,487->283,RESULTS/ACO/log_aco_spot.csv
GA,N2055_PS_spot_availability_A30_I1,N2055_PS_spot_availability_A30_I1.dat,parameter_sensitivity/SUMO/N2055_PS_spot_availability_A30_I1.dat,parameter_sensitivity,SUMO,SUMO,parking_spot_availability,parking_spot_availability,30%,2055,5299,103,3055,917,0.3,917,1824,283,0.9,0.5,20.5,1824,283,0.9,0.5,20.5,0.9,TRUE,solved,915,442,915_S002,near,1,0.2336,0.002006,0.00437,0.1965,0.0393,0.04367,0.279276,0.2336,0.1965,0.04367,0.279276,9.15,15.995904,15384.364,1824->1969->193->2023->2008->2006->1233->157->155->1820->1972->497->496->495->2031->1749->962->1984->1756->2010->1979->1090->2009->206->207->540->468->863->864->530->534->282->533->908->909->660->911->891->1277->1273->1275->1270->1267->1860->2014->1177->427->65->1313->1314->1312->2022->1173->1171->1168->1169->1099->2040->1100->636->485->1645->90->799->1085->800->168->1679->6->5->1365->915,915->283,RESULTS/GA/log_ga_spot.csv
Optimization,N2055_PS_spot_availability_A30_I1,N2055_PS_spot_availability_A30_I1.dat,parameter_sensitivity/SUMO/N2055_PS_spot_availability_A30_I1.dat,parameter_sensitivity,SUMO,SUMO,parking_spot_availability,parking_spot_availability,30%,2055,5299,103,3055,917,0.3,917,1824,283,0.9,0.5,20.5,1824,283,0.9,0.5,20.5,0.9,TRUE,inferred_from_previous_exact_lot_solution,487,476,487_S001,near,1,0.21579999999999996,0.00145,0.002399,0.0655,0.0131,0.015499,0.23274899999999998,0.21579999999999996,0.0655,0.015499,0.23274899999999998,19.66,14.534445999999999,271926.368,1824->1969->193->2023->2008->2006->1233->157->155->1820->1972->497->496->495->2031->299->1096->865->866->2010->1979->1090->2009->206->207->540->468->208->1873->1997->1874->1258->893->1266->892->1711->1875->891->1277->1273->1275->1270->1267->1860->2014->1177->427->65->1313->1314->1312->2022->2013->1961->1172->1170->1962->636->802->1086->1087->800->168->1679->6->5->1365->915->487,487->283,RESULTS/COMBINED_ALL_METHODS/results_all_methods_parameter_sensitivity_spot_level.csv
PSO,N2055_PS_spot_availability_A30_I1,N2055_PS_spot_availability_A30_I1.dat,parameter_sensitivity/SUMO/N2055_PS_spot_availability_A30_I1.dat,parameter_sensitivity,SUMO,SUMO,parking_spot_availability,parking_spot_availability,30%,2055,5299,103,3055,917,0.3,917,1824,283,0.9,0.5,20.5,1824,283,0.9,0.5,20.5,0.9,TRUE,solved,1678,158,1678_S001,near,1,0.2271,0.00201,0.005215,0.418,0.0836,0.08881499999999999,0.317925,0.2271,0.418,0.08881499999999999,0.317925,12.03,18.37095,86085.502,1824->1969->193->2023->2008->2006->454->597->596->594->592->685->451->450->498->496->495->2031->1749->962->1984->1756->2010->1979->1090->2009->206->207->540->468->208->1873->1997->1740->1083->1373->1203->2015->1082->426->926->1185->2014->1177->427->65->1313->1314->1312->2022->1173->1172->1170->1962->636->802->1086->1087->800->168->1679->1505->1508->1678,1678->283,RESULTS/PSO/log_pso_spot.csv
ACO,N2055_PS_spot_availability_A40_I1,N2055_PS_spot_availability_A40_I1.dat,parameter_sensitivity/SUMO/N2055_PS_spot_availability_A40_I1.dat,parameter_sensitivity,SUMO,SUMO,parking_spot_availability,parking_spot_availability,40%,2055,5299,103,3055,1225,0.4,1225,1824,283,0.9,0.5,20.5,1824,283,0.9,0.5,20.5,0.9,TRUE,solved,487,478,487_S003,near,1,0.171,0.002266,0.004168,0.0655,0.0131,0.017268,0.190534,0.171,0.0655,0.017268,0.190534,19.95,12.283836,4179.086,1824->1969->193->2023->2008->2006->1233->157->2001->253->1232->1245->342->75->259->1847->1995->1844->1845->346->936->347->348->1996->1210->1115->343->1911->1800->344->959->1717->1243->1371->1909->897->500->1908->1687->135->1895->1517->1894->389->1893->386->1999->1900->1998->1935->1901->1981->1983->1902->1982->1903->194->1977->40->1904->2025->227->2011->270->501->1938->1958->1771->1957->1937->526->213->1956->471->1955->129->655->1954->1811->2027->1808->1253->1601->138->775->774->2->773->771->3->1427->60->1967->801->1723->1724->1728->151->1673->489->488->487,487->283,RESULTS/ACO/log_aco_spot.csv
GA,N2055_PS_spot_availability_A40_I1,N2055_PS_spot_availability_A40_I1.dat,parameter_sensitivity/SUMO/N2055_PS_spot_availability_A40_I1.dat,parameter_sensitivity,SUMO,SUMO,parking_spot_availability,parking_spot_availability,40%,2055,5299,103,3055,1225,0.4,1225,1824,283,0.9,0.5,20.5,1824,283,0.9,0.5,20.5,0.9,TRUE,solved,62,210,62_S002,near,1,0.2073,0.002651,0.007067,0.4142,0.0828,0.089867,0.29981800000000003,0.2073,0.4142,0.089867,0.29981800000000003,9.91,17.181172,12710.244,1824->1969->193->2023->2008->2006->1233->157->155->1820->1972->497->496->495->2031->1749->962->1984->1756->2010->1979->1090->2009->206->207->540->468->208->1083->1373->1203->2015->1082->426->926->1185->2014->1576->494->917->493->483->1084->484->1081->854->853->1280->852->851->850->1285->1640->1497->1646->1422->1514->1648->1649->168->1679->6->5->62,62->283,RESULTS/GA/log_ga_spot.csv
Optimization,N2055_PS_spot_availability_A40_I1,N2055_PS_spot_availability_A40_I1.dat,parameter_sensitivity/SUMO/N2055_PS_spot_availability_A40_I1.dat,parameter_sensitivity,SUMO,SUMO,parking_spot_availability,parking_spot_availability,40%,2055,5299,103,3055,1225,0.4,1225,1824,283,0.9,0.5,20.5,1824,283,0.9,0.5,20.5,0.9,TRUE,inferred_from_previous_exact_lot_solution,487,476,487_S001,near,1,0.21579999999999996,0.00145,0.002399,0.0655,0.0131,0.015499,0.23274899999999998,0.21579999999999996,0.0655,0.015499,0.23274899999999998,19.66,14.534445999999999,271926.368,1824->1969->193->2023->2008->2006->1233->157->155->1820->1972->497->496->495->2031->299->1096->865->866->2010->1979->1090->2009->206->207->540->468->208->1873->1997->1874->1258->893->1266->892->1711->1875->891->1277->1273->1275->1270->1267->1860->2014->1177->427->65->1313->1314->1312->2022->2013->1961->1172->1170->1962->636->802->1086->1087->800->168->1679->6->5->1365->915->487,487->283,RESULTS/COMBINED_ALL_METHODS/results_all_methods_parameter_sensitivity_spot_level.csv
PSO,N2055_PS_spot_availability_A40_I1,N2055_PS_spot_availability_A40_I1.dat,parameter_sensitivity/SUMO/N2055_PS_spot_availability_A40_I1.dat,parameter_sensitivity,SUMO,SUMO,parking_spot_availability,parking_spot_availability,40%,2055,5299,103,3055,1225,0.4,1225,1824,283,0.9,0.5,20.5,1824,283,0.9,0.5,20.5,0.9,TRUE,solved,1678,158,1678_S001,near,1,0.22340000000000004,0.00201,0.005215,0.418,0.0836,0.08881499999999999,0.31422500000000003,0.22340000000000004,0.418,0.08881499999999999,0.31422500000000003,12.03,18.17115,92393.092,1824->1969->193->2023->2008->2006->454->597->596->594->592->685->451->450->498->496->495->2031->1749->962->1984->1756->2010->1979->1090->2009->206->207->540->468->208->1873->1997->1740->1083->1373->1203->2015->1082->426->926->1185->2014->1177->427->65->1313->1314->1312->2022->1173->1171->1168->1166->1169->1099->2040->1100->636->802->1086->1087->800->168->1679->1505->1508->1678,1678->283,RESULTS/PSO/log_pso_spot.csv
ACO,N2055_PS_spots_per_lot_S1020_I1,N2055_PS_spots_per_lot_S1020_I1.dat,parameter_sensitivity/SUMO/N2055_PS_spots_per_lot_S1020_I1.dat,parameter_sensitivity,SUMO,SUMO,spots_per_lot,spots_per_lot,10-20,2055,5299,103,1834,178,0.1,178,1824,283,0.9,0.5,20.5,1824,283,0.9,0.5,20.5,0.9,TRUE,solved,487,311,487_S001,near,1,0.171,0.001,0.0018,0.0655,0.0131,0.0149,0.1869,0.171,0.0655,0.0149,0.1869,19.08,12.0006,2280.907,1824->1969->193->2023->2008->2006->1233->157->2001->253->1232->1245->342->75->259->1847->1995->1844->1845->346->936->347->348->1996->1210->1115->343->1911->1800->344->959->1717->1243->1371->1909->897->500->1908->1687->135->1895->1517->1894->389->1893->386->1999->1900->1998->1935->1901->1981->1983->1902->1982->1903->194->1977->40->1904->2025->227->2011->270->501->1938->1958->1771->1957->1937->526->213->1956->471->1955->129->655->1954->1811->2027->1808->1253->1601->138->775->774->2->773->771->3->1427->60->1967->801->1723->1724->1728->151->1673->489->488->487,487->283,RESULTS/ACO/log_aco_spot.csv
GA,N2055_PS_spots_per_lot_S1020_I1,N2055_PS_spots_per_lot_S1020_I1.dat,parameter_sensitivity/SUMO/N2055_PS_spots_per_lot_S1020_I1.dat,parameter_sensitivity,SUMO,SUMO,spots_per_lot,spots_per_lot,10-20,2055,5299,103,1834,178,0.1,178,1824,283,0.9,0.5,20.5,1824,283,0.9,0.5,20.5,0.9,TRUE,solved,1678,121,1678_S011,near,1,0.19760000000000003,0.002469,0.008869,0.418,0.0836,0.092469,0.292538,0.19760000000000003,0.418,0.092469,0.292538,11.45,16.942052,12499.998,1824->1969->193->2023->2008->2006->1233->157->155->1820->1972->497->496->495->2031->1749->962->1984->1756->2010->1979->1090->2009->206->207->540->468->208->1873->1997->1740->1083->1373->1203->2015->1082->426->926->1185->2014->1177->427->65->1313->637->1311->2013->1961->1172->1170->1962->636->802->803->804->1112->1087->800->168->1679->1505->1508->1678,1678->283,RESULTS/GA/log_ga_spot.csv
Optimization,N2055_PS_spots_per_lot_S1020_I1,N2055_PS_spots_per_lot_S1020_I1.dat,parameter_sensitivity/SUMO/N2055_PS_spots_per_lot_S1020_I1.dat,parameter_sensitivity,SUMO,SUMO,spots_per_lot,spots_per_lot,10-20,2055,5299,103,1834,178,0.1,178,1824,283,0.9,0.5,20.5,1824,283,0.9,0.5,20.5,0.9,TRUE,inferred_from_previous_exact_lot_solution,487,311,487_S001,near,1,0.21579999999999996,0.001,0.0018,0.0655,0.0131,0.0149,0.23169999999999996,0.21579999999999996,0.0655,0.0149,0.23169999999999996,19.08,14.419799999999997,271926.368,1824->1969->193->2023->2008->2006->1233->157->155->1820->1972->497->496->495->2031->299->1096->865->866->2010->1979->1090->2009->206->207->540->468->208->1873->1997->1874->1258->893->1266->892->1711->1875->891->1277->1273->1275->1270->1267->1860->2014->1177->427->65->1313->1314->1312->2022->2013->1961->1172->1170->1962->636->802->1086->1087->800->168->1679->6->5->1365->915->487,487->283,RESULTS/COMBINED_ALL_METHODS/results_all_methods_parameter_sensitivity_spot_level.csv
PSO,N2055_PS_spots_per_lot_S1020_I1,N2055_PS_spots_per_lot_S1020_I1.dat,parameter_sensitivity/SUMO/N2055_PS_spots_per_lot_S1020_I1.dat,parameter_sensitivity,SUMO,SUMO,spots_per_lot,spots_per_lot,10-20,2055,5299,103,1834,178,0.1,178,1824,283,0.9,0.5,20.5,1824,283,0.9,0.5,20.5,0.9,TRUE,solved,487,311,487_S001,near,1,0.21650000000000003,0.001,0.0018,0.0655,0.0131,0.0149,0.23240000000000002,0.21650000000000003,0.0655,0.0149,0.23240000000000002,19.08,14.457600000000001,49575.626,1824->1969->193->2023->2008->2006->1233->157->2001->155->1820->1972->497->496->495->2031->1749->962->1984->1756->2010->1979->1090->2009->206->207->540->468->208->1873->1997->1874->1258->893->1310->926->1185->2014->1576->494->917->493->483->1084->484->1081->1302->853->1280->1164->1174->1165->1286->1281->1099->2040->1100->636->802->803->804->1112->1087->800->168->1679->6->5->1365->915->487,487->283,RESULTS/PSO/log_pso_spot.csv
ACO,N2055_PS_spots_per_lot_S2040_I1,N2055_PS_spots_per_lot_S2040_I1.dat,parameter_sensitivity/SUMO/N2055_PS_spots_per_lot_S2040_I1.dat,parameter_sensitivity,SUMO,SUMO,spots_per_lot,spots_per_lot,20-40,2055,5299,103,3666,344,0.1,344,1824,283,0.9,0.5,20.5,1824,283,0.9,0.5,20.5,0.9,TRUE,solved,487,618,487_S001,near,1,0.171,0.001,0.0018,0.0655,0.0131,0.0149,0.1869,0.171,0.0655,0.0149,0.1869,19.08,12.0006,3343.362,1824->1969->193->2023->2008->2006->1233->157->2001->253->1232->1245->342->75->259->1847->1995->1844->1845->346->936->347->348->1996->1210->1115->343->1911->1800->344->959->1717->1243->1371->1909->897->500->1908->1687->135->1895->1517->1894->389->1893->386->1999->1900->1998->1935->1901->1981->1983->1902->1982->1903->194->1977->40->1904->2025->227->2011->270->501->1938->1958->1771->1957->1937->526->213->1956->471->1955->129->655->1954->1811->2027->1808->1253->1601->138->775->774->2->773->771->3->1427->60->1967->801->1723->1724->1728->151->1673->489->488->487,487->283,RESULTS/ACO/log_aco_spot.csv
GA,N2055_PS_spots_per_lot_S2040_I1,N2055_PS_spots_per_lot_S2040_I1.dat,parameter_sensitivity/SUMO/N2055_PS_spots_per_lot_S2040_I1.dat,parameter_sensitivity,SUMO,SUMO,spots_per_lot,spots_per_lot,20-40,2055,5299,103,3666,344,0.1,344,1824,283,0.9,0.5,20.5,1824,283,0.9,0.5,20.5,0.9,TRUE,solved,487,629,487_S012,near,1,0.2171,0.00286,0.005939,0.0655,0.0131,0.019039,0.238999,0.2171,0.0655,0.019039,0.238999,19.82,14.887945999999998,11726.519,1824->1969->193->2023->2008->2006->1233->157->155->1820->1972->497->496->495->2031->1749->962->1984->1756->2010->1979->1090->2009->206->207->540->468->208->1873->1997->1740->1083->1373->1203->2015->228->1744->1082->426->926->1185->1179->1254->494->917->493->483->1084->484->1081->854->853->1280->852->851->850->1525->1542->1497->1646->1422->1514->1648->1649->168->1679->6->5->1365->915->487,487->283,RESULTS/GA/log_ga_spot.csv
Optimization,N2055_PS_spots_per_lot_S2040_I1,N2055_PS_spots_per_lot_S2040_I1.dat,parameter_sensitivity/SUMO/N2055_PS_spots_per_lot_S2040_I1.dat,parameter_sensitivity,SUMO,SUMO,spots_per_lot,spots_per_lot,20-40,2055,5299,103,3666,344,0.1,344,1824,283,0.9,0.5,20.5,1824,283,0.9,0.5,20.5,0.9,TRUE,inferred_from_previous_exact_lot_solution,487,618,487_S001,near,1,0.21579999999999996,0.001,0.0018,0.0655,0.0131,0.0149,0.23169999999999996,0.21579999999999996,0.0655,0.0149,0.23169999999999996,19.08,14.419799999999997,271926.368,1824->1969->193->2023->2008->2006->1233->157->155->1820->1972->497->496->495->2031->299->1096->865->866->2010->1979->1090->2009->206->207->540->468->208->1873->1997->1874->1258->893->1266->892->1711->1875->891->1277->1273->1275->1270->1267->1860->2014->1177->427->65->1313->1314->1312->2022->2013->1961->1172->1170->1962->636->802->1086->1087->800->168->1679->6->5->1365->915->487,487->283,RESULTS/COMBINED_ALL_METHODS/results_all_methods_parameter_sensitivity_spot_level.csv
PSO,N2055_PS_spots_per_lot_S2040_I1,N2055_PS_spots_per_lot_S2040_I1.dat,parameter_sensitivity/SUMO/N2055_PS_spots_per_lot_S2040_I1.dat,parameter_sensitivity,SUMO,SUMO,spots_per_lot,spots_per_lot,20-40,2055,5299,103,3666,344,0.1,344,1824,283,0.9,0.5,20.5,1824,283,0.9,0.5,20.5,0.9,TRUE,solved,487,618,487_S001,near,1,0.2177,0.001,0.0018,0.0655,0.0131,0.0149,0.2336,0.2177,0.0655,0.0149,0.2336,19.08,14.5224,73974.311,1824->1969->193->2023->2008->2006->1233->157->155->1820->1972->497->496->495->2031->1749->962->1984->1756->2010->1979->1090->2009->206->207->540->468->208->1083->1373->1203->2015->228->1744->1082->426->926->1185->2014->1576->494->917->1779->1176->492->1084->484->1081->1302->853->1280->1164->1174->1165->1286->1281->1099->2040->1100->636->802->1086->1087->800->168->1679->6->5->1365->1675->1676->915->487,487->283,RESULTS/PSO/log_pso_spot.csv
ACO,N2055_PS_spots_per_lot_S4060_I1,N2055_PS_spots_per_lot_S4060_I1.dat,parameter_sensitivity/SUMO/N2055_PS_spots_per_lot_S4060_I1.dat,parameter_sensitivity,SUMO,SUMO,spots_per_lot,spots_per_lot,40-60,2055,5299,103,5494,526,0.1,526,1824,283,0.9,0.5,20.5,1824,283,0.9,0.5,20.5,0.9,TRUE,solved,487,919,487_S001,near,1,0.171,0.001,0.0018,0.0655,0.0131,0.0149,0.1869,0.171,0.0655,0.0149,0.1869,19.08,12.0006,3856.604,1824->1969->193->2023->2008->2006->1233->157->2001->253->1232->1245->342->75->259->1847->1995->1844->1845->346->936->347->348->1996->1210->1115->343->1911->1800->344->959->1717->1243->1371->1909->897->500->1908->1687->135->1895->1517->1894->389->1893->386->1999->1900->1998->1935->1901->1981->1983->1902->1982->1903->194->1977->40->1904->2025->227->2011->270->501->1938->1958->1771->1957->1937->526->213->1956->471->1955->129->655->1954->1811->2027->1808->1253->1601->138->775->774->2->773->771->3->1427->60->1967->801->1723->1724->1728->151->1673->489->488->487,487->283,RESULTS/ACO/log_aco_spot.csv
GA,N2055_PS_spots_per_lot_S4060_I1,N2055_PS_spots_per_lot_S4060_I1.dat,parameter_sensitivity/SUMO/N2055_PS_spots_per_lot_S4060_I1.dat,parameter_sensitivity,SUMO,SUMO,spots_per_lot,spots_per_lot,40-60,2055,5299,103,5494,526,0.1,526,1824,283,0.9,0.5,20.5,1824,283,0.9,0.5,20.5,0.9,TRUE,solved,487,919,487_S001,near,1,0.2091,0.001,0.0018,0.0655,0.0131,0.0149,0.225,0.2091,0.0655,0.0149,0.225,19.08,14.058,11462.588,1824->1969->193->2023->2008->2006->1233->157->155->1820->1972->497->496->495->2031->1749->962->1984->1756->2010->1979->1090->2009->206->207->540->468->208->1083->1373->1203->2015->1082->426->926->1185->2014->1177->427->65->1313->1314->1312->2022->1173->1171->1168->1166->1169->1099->2040->1100->636->802->1086->1087->800->168->1679->6->5->1365->915->487,487->283,RESULTS/GA/log_ga_spot.csv
Optimization,N2055_PS_spots_per_lot_S4060_I1,N2055_PS_spots_per_lot_S4060_I1.dat,parameter_sensitivity/SUMO/N2055_PS_spots_per_lot_S4060_I1.dat,parameter_sensitivity,SUMO,SUMO,spots_per_lot,spots_per_lot,40-60,2055,5299,103,5494,526,0.1,526,1824,283,0.9,0.5,20.5,1824,283,0.9,0.5,20.5,0.9,TRUE,inferred_from_previous_exact_lot_solution,487,919,487_S001,near,1,0.21579999999999996,0.001,0.0018,0.0655,0.0131,0.0149,0.23169999999999996,0.21579999999999996,0.0655,0.0149,0.23169999999999996,19.08,14.419799999999997,271926.368,1824->1969->193->2023->2008->2006->1233->157->155->1820->1972->497->496->495->2031->299->1096->865->866->2010->1979->1090->2009->206->207->540->468->208->1873->1997->1874->1258->893->1266->892->1711->1875->891->1277->1273->1275->1270->1267->1860->2014->1177->427->65->1313->1314->1312->2022->2013->1961->1172->1170->1962->636->802->1086->1087->800->168->1679->6->5->1365->915->487,487->283,RESULTS/COMBINED_ALL_METHODS/results_all_methods_parameter_sensitivity_spot_level.csv
PSO,N2055_PS_spots_per_lot_S4060_I1,N2055_PS_spots_per_lot_S4060_I1.dat,parameter_sensitivity/SUMO/N2055_PS_spots_per_lot_S4060_I1.dat,parameter_sensitivity,SUMO,SUMO,spots_per_lot,spots_per_lot,40-60,2055,5299,103,5494,526,0.1,526,1824,283,0.9,0.5,20.5,1824,283,0.9,0.5,20.5,0.9,TRUE,solved,62,440,62_S003,near,1,0.225,0.001665,0.005506,0.4142,0.0828,0.088306,0.314971,0.225,0.4142,0.088306,0.314971,9.17,17.925434000000003,94249.464,1824->1969->2024->644->643->642->641->640->639->638->2023->2008->2006->1233->157->155->1820->1972->684->450->498->496->495->2031->1749->962->1984->1756->2010->1979->1090->2009->206->207->540->468->208->1083->1373->1203->2015->1082->426->926->1185->2014->1576->494->917->1779->1176->492->1084->484->1081->1302->853->1280->1164->1174->1165->1286->1281->1099->2040->1100->636->485->1645->90->799->1085->800->168->1679->6->5->62,62->283,RESULTS/PSO/log_pso_spot.csv
ACO,N2055_PS_spots_per_lot_S6080_I1,N2055_PS_spots_per_lot_S6080_I1.dat,parameter_sensitivity/SUMO/N2055_PS_spots_per_lot_S6080_I1.dat,parameter_sensitivity,SUMO,SUMO,spots_per_lot,spots_per_lot,60-80,2055,5299,103,7328,731,0.1,731,1824,283,0.9,0.5,20.5,1824,283,0.9,0.5,20.5,0.9,TRUE,solved,487,1229,487_S001,near,1,0.171,0.001,0.0018,0.0655,0.0131,0.0149,0.1869,0.171,0.0655,0.0149,0.1869,19.08,12.0006,4619.223,1824->1969->193->2023->2008->2006->1233->157->2001->253->1232->1245->342->75->259->1847->1995->1844->1845->346->936->347->348->1996->1210->1115->343->1911->1800->344->959->1717->1243->1371->1909->897->500->1908->1687->135->1895->1517->1894->389->1893->386->1999->1900->1998->1935->1901->1981->1983->1902->1982->1903->194->1977->40->1904->2025->227->2011->270->501->1938->1958->1771->1957->1937->526->213->1956->471->1955->129->655->1954->1811->2027->1808->1253->1601->138->775->774->2->773->771->3->1427->60->1967->801->1723->1724->1728->151->1673->489->488->487,487->283,RESULTS/ACO/log_aco_spot.csv
GA,N2055_PS_spots_per_lot_S6080_I1,N2055_PS_spots_per_lot_S6080_I1.dat,parameter_sensitivity/SUMO/N2055_PS_spots_per_lot_S6080_I1.dat,parameter_sensitivity,SUMO,SUMO,spots_per_lot,spots_per_lot,60-80,2055,5299,103,7328,731,0.1,731,1824,283,0.9,0.5,20.5,1824,283,0.9,0.5,20.5,0.9,TRUE,solved,915,1178,915_S029,mid,1,0.20810000000000003,0.004508,0.012393,0.1965,0.0393,0.051693,0.26430100000000006,0.20810000000000003,0.1965,0.051693,0.26430100000000006,9.03,15.175254000000004,13514.256,1824->1969->193->2023->2008->2006->1233->157->155->1820->1972->497->496->495->2031->1749->962->1984->1756->2010->1979->1090->2009->206->207->540->468->208->1873->1997->1740->1083->1373->1203->2015->1082->426->926->1185->2014->1177->427->65->1313->1314->1312->2022->1173->1171->1168->1166->1169->1099->2040->1100->636->485->1645->90->799->101->1646->1422->1514->1648->1649->168->1679->6->5->1365->915,915->283,RESULTS/GA/log_ga_spot.csv
Optimization,N2055_PS_spots_per_lot_S6080_I1,N2055_PS_spots_per_lot_S6080_I1.dat,parameter_sensitivity/SUMO/N2055_PS_spots_per_lot_S6080_I1.dat,parameter_sensitivity,SUMO,SUMO,spots_per_lot,spots_per_lot,60-80,2055,5299,103,7328,731,0.1,731,1824,283,0.9,0.5,20.5,1824,283,0.9,0.5,20.5,0.9,TRUE,inferred_from_previous_exact_lot_solution,487,1229,487_S001,near,1,0.21579999999999996,0.001,0.0018,0.0655,0.0131,0.0149,0.23169999999999996,0.21579999999999996,0.0655,0.0149,0.23169999999999996,19.08,14.419799999999997,271926.368,1824->1969->193->2023->2008->2006->1233->157->155->1820->1972->497->496->495->2031->299->1096->865->866->2010->1979->1090->2009->206->207->540->468->208->1873->1997->1874->1258->893->1266->892->1711->1875->891->1277->1273->1275->1270->1267->1860->2014->1177->427->65->1313->1314->1312->2022->2013->1961->1172->1170->1962->636->802->1086->1087->800->168->1679->6->5->1365->915->487,487->283,RESULTS/COMBINED_ALL_METHODS/results_all_methods_parameter_sensitivity_spot_level.csv
PSO,N2055_PS_spots_per_lot_S6080_I1,N2055_PS_spots_per_lot_S6080_I1.dat,parameter_sensitivity/SUMO/N2055_PS_spots_per_lot_S6080_I1.dat,parameter_sensitivity,SUMO,SUMO,spots_per_lot,spots_per_lot,60-80,2055,5299,103,7328,731,0.1,731,1824,283,0.9,0.5,20.5,1824,283,0.9,0.5,20.5,0.9,TRUE,solved,62,588,62_S003,near,1,0.21800000000000008,0.001665,0.005506,0.4142,0.0828,0.088306,0.3079710000000001,0.21800000000000008,0.4142,0.088306,0.3079710000000001,9.17,17.547434000000003,68494.192,1824->1969->193->2023->2008->2006->1233->157->155->1820->1972->684->450->498->496->495->2031->1749->962->1984->1756->2010->1979->1090->2009->206->207->540->468->208->1873->1997->1740->1083->1373->1203->2015->1082->426->926->1185->2014->1177->1575->1779->1176->492->1084->484->1079->1078->1647->852->851->850->1525->1542->1497->1646->1422->1514->1648->1649->168->1679->6->5->62,62->283,RESULTS/PSO/log_pso_spot.csv
ACO,N2055_PS_traffic_high_I1,N2055_PS_traffic_high_I1.dat,parameter_sensitivity/SUMO/N2055_PS_traffic_high_I1.dat,parameter_sensitivity,SUMO,SUMO,traffic_level,traffic_level,high,2055,5299,103,3055,308,0.1,308,1824,283,0.9,0.5,20.5,1824,283,0.9,0.5,20.5,0.9,TRUE,solved,487,476,487_S001,near,1,0.5286000000000001,0.00145,0.002399,0.0655,0.0131,0.015499,0.5455490000000001,0.5286000000000001,0.0655,0.015499,0.5455490000000001,19.66,31.425646000000008,2815.374,1824->1969->193->2023->2008->2006->1233->157->2001->253->1232->1245->342->75->259->1847->1995->1844->1845->346->936->347->348->1996->1210->1115->343->1911->1800->344->959->1717->1243->1371->1909->897->500->1908->1687->135->1895->1517->1894->389->1893->386->1999->1900->1998->1935->1901->1981->1983->1902->1982->1903->194->1977->40->1904->2025->227->2011->270->501->1938->1958->1771->1957->1937->526->213->1956->471->1955->129->655->1954->1811->2027->1808->1253->1601->138->775->774->2->773->771->3->1427->60->1967->801->1723->1724->1728->151->1673->489->488->487,487->283,RESULTS/ACO/log_aco_spot.csv
GA,N2055_PS_traffic_high_I1,N2055_PS_traffic_high_I1.dat,parameter_sensitivity/SUMO/N2055_PS_traffic_high_I1.dat,parameter_sensitivity,SUMO,SUMO,traffic_level,traffic_level,high,2055,5299,103,3055,308,0.1,308,1824,283,0.9,0.5,20.5,1824,283,0.9,0.5,20.5,0.9,TRUE,solved,5,235,5_S003,near,1,0.6156000000000001,0.002756,0.007574,0.4099,0.082,0.089574,0.7079300000000002,0.6156000000000001,0.4099,0.089574,0.7079300000000002,12.54,39.482220000000005,6541.041,1824->1969->193->2023->2008->2006->1233->157->155->1820->1972->497->496->495->2031->1749->962->1984->1756->2010->1979->1090->2009->206->207->540->468->208->1083->1373->1203->2015->228->1744->1082->426->926->1185->2014->1177->427->65->1313->637->1311->2013->1961->1172->1170->1962->636->485->1645->90->799->1085->800->168->1679->6->5,5->283,RESULTS/GA/log_ga_spot.csv
Optimization,N2055_PS_traffic_high_I1,N2055_PS_traffic_high_I1.dat,parameter_sensitivity/SUMO/N2055_PS_traffic_high_I1.dat,parameter_sensitivity,SUMO,SUMO,traffic_level,traffic_level,high,2055,5299,103,3055,308,0.1,308,1824,283,0.9,0.5,20.5,1824,283,0.9,0.5,20.5,0.9,TRUE,inferred_from_previous_exact_lot_solution,1678,158,1678_S001,near,1,0.5423000000000001,0.00201,0.005215,0.418,0.0836,0.08881499999999999,0.633125,0.5423000000000001,0.418,0.08881499999999999,0.633125,12.03,35.39175000000001,85178.524,1824->1969->193->2023->2008->2006->1233->157->155->1820->1972->497->496->38->1995->1846->567->1971->1211->933->22->1220->23->932->1126->1123->1221->1125->1124->2032->2036->2035->2021->248->2037->949->223->921->922->106->105->923->633->1421->909->660->661->662->1265->1266->892->1310->926->1185->1179->1254->494->917->493->483->1084->484->1079->1080->1302->853->1280->852->851->850->1285->1640->1497->1646->1422->1514->1648->1649->168->1679->1505->1508->1678,1678->283,RESULTS/COMBINED_ALL_METHODS/results_all_methods_parameter_sensitivity_spot_level.csv
PSO,N2055_PS_traffic_high_I1,N2055_PS_traffic_high_I1.dat,parameter_sensitivity/SUMO/N2055_PS_traffic_high_I1.dat,parameter_sensitivity,SUMO,SUMO,traffic_level,traffic_level,high,2055,5299,103,3055,308,0.1,308,1824,283,0.9,0.5,20.5,1824,283,0.9,0.5,20.5,0.9,TRUE,solved,62,209,62_S001,near,1,0.6298000000000002,0.001994,0.005173,0.4142,0.0828,0.087973,0.7197670000000003,0.6298000000000002,0.4142,0.087973,0.7197670000000003,9.83,39.85041800000001,60125.846,1824->1969->193->2023->2008->2006->1233->157->155->1820->1972->497->496->495->2031->1749->962->1984->1756->2010->1979->1090->2009->206->207->540->468->208->1083->1373->1203->2015->1082->426->926->1185->1179->1576->494->917->493->483->1084->484->1081->854->853->1280->1164->1174->1165->1286->1281->1099->2040->1100->636->485->1645->90->799->1085->800->168->1679->6->5->62,62->283,RESULTS/PSO/log_pso_spot.csv
ACO,N2055_PS_traffic_low_I1,N2055_PS_traffic_low_I1.dat,parameter_sensitivity/SUMO/N2055_PS_traffic_low_I1.dat,parameter_sensitivity,SUMO,SUMO,traffic_level,traffic_level,low,2055,5299,103,3055,308,0.1,308,1824,283,0.9,0.5,20.5,1824,283,0.9,0.5,20.5,0.9,TRUE,solved,487,476,487_S001,near,1,0.171,0.00145,0.002399,0.0655,0.0131,0.015499,0.18794900000000003,0.171,0.0655,0.015499,0.18794900000000003,19.66,12.115246,2945.642,1824->1969->193->2023->2008->2006->1233->157->2001->253->1232->1245->342->75->259->1847->1995->1844->1845->346->936->347->348->1996->1210->1115->343->1911->1800->344->959->1717->1243->1371->1909->897->500->1908->1687->135->1895->1517->1894->389->1893->386->1999->1900->1998->1935->1901->1981->1983->1902->1982->1903->194->1977->40->1904->2025->227->2011->270->501->1938->1958->1771->1957->1937->526->213->1956->471->1955->129->655->1954->1811->2027->1808->1253->1601->138->775->774->2->773->771->3->1427->60->1967->801->1723->1724->1728->151->1673->489->488->487,487->283,RESULTS/ACO/log_aco_spot.csv
GA,N2055_PS_traffic_low_I1,N2055_PS_traffic_low_I1.dat,parameter_sensitivity/SUMO/N2055_PS_traffic_low_I1.dat,parameter_sensitivity,SUMO,SUMO,traffic_level,traffic_level,low,2055,5299,103,3055,308,0.1,308,1824,283,0.9,0.5,20.5,1824,283,0.9,0.5,20.5,0.9,TRUE,solved,915,443,915_S003,near,1,0.2163,0.002402,0.005343,0.1965,0.0393,0.044643,0.263345,0.2163,0.1965,0.044643,0.263345,9.22,15.14263,12474.754,1824->1969->193->2023->2008->2006->1233->157->2001->155->1820->1972->497->496->495->2031->299->1096->865->866->2010->1979->1090->2009->206->207->540->468->208->1873->1997->1740->1083->1373->1203->2015->1082->426->926->1185->1179->1254->494->917->493->483->1084->484->1079->1078->1647->852->851->850->1285->1640->1644->799->1085->800->168->1679->6->5->1365->915,915->283,RESULTS/GA/log_ga_spot.csv
Optimization,N2055_PS_traffic_low_I1,N2055_PS_traffic_low_I1.dat,parameter_sensitivity/SUMO/N2055_PS_traffic_low_I1.dat,parameter_sensitivity,SUMO,SUMO,traffic_level,traffic_level,low,2055,5299,103,3055,308,0.1,308,1824,283,0.9,0.5,20.5,1824,283,0.9,0.5,20.5,0.9,TRUE,inferred_from_previous_exact_lot_solution,487,476,487_S001,near,1,0.2000000000000001,0.00145,0.002399,0.0655,0.0131,0.015499,0.21694900000000011,0.2000000000000001,0.0655,0.015499,0.21694900000000011,19.66,13.681246000000005,244299.958,1824->1969->193->2023->2008->2006->454->597->596->595->594->592->685->451->684->1972->497->496->38->1995->1846->567->1971->1211->933->22->1207->1816->1790->1123->1221->1125->1124->2032->212->24->1134->1138->1132->1135->1130->1131->904->905->906->907->652->1292->533->663->1261->1265->662->908->909->660->911->891->1876->657->1276->1274->1269->427->65->1313->1314->1312->2022->1173->1172->1170->1962->636->802->803->804->1112->1781->1427->60->1967->801->1723->1724->1728->151->1524->1714->489->488->487,487->283,RESULTS/COMBINED_ALL_METHODS/results_all_methods_parameter_sensitivity_spot_level.csv
PSO,N2055_PS_traffic_low_I1,N2055_PS_traffic_low_I1.dat,parameter_sensitivity/SUMO/N2055_PS_traffic_low_I1.dat,parameter_sensitivity,SUMO,SUMO,traffic_level,traffic_level,low,2055,5299,103,3055,308,0.1,308,1824,283,0.9,0.5,20.5,1824,283,0.9,0.5,20.5,0.9,TRUE,solved,487,476,487_S001,near,1,0.2662999999999999,0.00145,0.002399,0.0655,0.0131,0.015499,0.2832489999999999,0.2662999999999999,0.0655,0.015499,0.2832489999999999,19.66,17.261445999999996,66483.435,1824->1969->1732->428->2004->2003->2000->27->2001->253->1232->1245->342->75->259->1847->1995->1846->567->1205->840->1212->839->1207->22->1220->23->1126->932->931->2032->212->24->1134->1138->1132->1135->1130->1131->1153->1227->479->652->1292->533->663->1997->1740->1083->1373->1203->1204->1863->1993->1742->2015->1082->426->926->1185->2014->1576->1575->1177->427->65->1313->1314->1312->2022->2013->1961->1172->1170->1962->636->485->1645->90->799->101->1646->1422->1514->1648->1649->168->1679->6->5->1365->915->487,487->283,RESULTS/PSO/log_pso_spot.csv
ACO,N2055_PS_traffic_medium_I1,N2055_PS_traffic_medium_I1.dat,parameter_sensitivity/SUMO/N2055_PS_traffic_medium_I1.dat,parameter_sensitivity,SUMO,SUMO,traffic_level,traffic_level,medium,2055,5299,103,3055,308,0.1,308,1824,283,0.9,0.5,20.5,1824,283,0.9,0.5,20.5,0.9,TRUE,solved,487,476,487_S001,near,1,0.2613000000000001,0.00145,0.002399,0.0655,0.0131,0.015499,0.2782490000000001,0.2613000000000001,0.0655,0.015499,0.2782490000000001,19.66,16.991446000000007,2888.443,1824->1969->193->2023->2008->2006->1233->157->2001->253->1232->1245->342->75->259->1847->1995->1844->1845->346->936->347->348->1996->1210->1115->343->1911->1800->344->959->1717->1243->1371->1909->897->500->1908->1687->135->1895->1517->1894->389->1893->386->1999->1900->1998->1935->1901->1981->1983->1902->1982->1903->194->1977->40->1904->2025->227->2011->270->501->1938->1958->1771->1957->1937->526->213->1956->471->1955->129->655->1954->1811->2027->1808->1253->1601->138->775->774->2->773->771->3->1427->60->1967->801->1723->1724->1728->151->1673->489->488->487,487->283,RESULTS/ACO/log_aco_spot.csv
GA,N2055_PS_traffic_medium_I1,N2055_PS_traffic_medium_I1.dat,parameter_sensitivity/SUMO/N2055_PS_traffic_medium_I1.dat,parameter_sensitivity,SUMO,SUMO,traffic_level,traffic_level,medium,2055,5299,103,3055,308,0.1,308,1824,283,0.9,0.5,20.5,1824,283,0.9,0.5,20.5,0.9,TRUE,solved,487,478,487_S003,near,1,0.3875,0.002266,0.004168,0.0655,0.0131,0.017268,0.407034,0.3875,0.0655,0.017268,0.407034,19.95,23.974836,11511.481,1824->1969->1732->428->2004->2003->2000->1752->486->55->1753->21->54->382->383->303->380->1871->376->341->80->302->79->305->307->1994->339->340->1799->301->319->1898->345->36->35->1733->1897->359->1896->135->1687->1908->500->1754->929->1239->898->386->1999->1900->1998->85->1151->1148->1161->2047->1290->162->163->478->83->235->477->1586->925->1588->1487->1584->1878->890->1975->1821->14->1295->1294->239->1931->1930->1991->119->1301->804->803->802->1086->1087->800->168->1679->6->5->1365->915->487,487->283,RESULTS/GA/log_ga_spot.csv
Optimization,N2055_PS_traffic_medium_I1,N2055_PS_traffic_medium_I1.dat,parameter_sensitivity/SUMO/N2055_PS_traffic_medium_I1.dat,parameter_sensitivity,SUMO,SUMO,traffic_level,traffic_level,medium,2055,5299,103,3055,308,0.1,308,1824,283,0.9,0.5,20.5,1824,283,0.9,0.5,20.5,0.9,TRUE,inferred_from_previous_exact_lot_solution,487,476,487_S001,near,1,0.24950000000000003,0.00145,0.002399,0.0655,0.0131,0.015499,0.266449,0.24950000000000003,0.0655,0.015499,0.266449,19.66,16.354246,441251.82,1824->1969->193->2023->2008->2006->1233->157->2001->253->1232->1245->342->153->156->1244->1980->352->1996->1201->950->564->836->835->919->2035->2021->224->37->2044->1776->2051->1803->1152->107->1974->1861->1862->922->106->105->923->633->1421->909->660->911->658->657->1276->1274->1269->427->635->491->1176->492->1084->484->1079->1078->1647->852->851->850->1525->1542->1497->1646->1422->1514->1648->1649->168->1679->6->5->1365->915->487,487->283,RESULTS/COMBINED_ALL_METHODS/results_all_methods_parameter_sensitivity_spot_level.csv
PSO,N2055_PS_traffic_medium_I1,N2055_PS_traffic_medium_I1.dat,parameter_sensitivity/SUMO/N2055_PS_traffic_medium_I1.dat,parameter_sensitivity,SUMO,SUMO,traffic_level,traffic_level,medium,2055,5299,103,3055,308,0.1,308,1824,283,0.9,0.5,20.5,1824,283,0.9,0.5,20.5,0.9,TRUE,solved,62,209,62_S001,near,1,0.36220000000000024,0.001994,0.005173,0.4142,0.0828,0.087973,0.4521670000000002,0.36220000000000024,0.4142,0.087973,0.4521670000000002,9.83,25.400018000000014,57276.3,1824->1969->1732->428->2004->2003->2000->27->2001->155->1820->1972->497->496->495->2031->1749->962->1984->1756->2010->1979->1090->2009->206->207->540->468->208->1873->1997->1740->1083->1373->1203->2015->1082->426->926->1185->2014->1576->1575->1779->917->493->483->1084->484->1081->854->1175->2012->2022->1173->1171->1168->1166->1169->1099->2040->1100->636->485->1645->90->799->101->1646->1422->1514->1648->1649->168->1679->6->5->62,62->283,RESULTS/PSO/log_pso_spot.csv
ACO,N2055_PS_traffic_very_low_I1,N2055_PS_traffic_very_low_I1.dat,parameter_sensitivity/SUMO/N2055_PS_traffic_very_low_I1.dat,parameter_sensitivity,SUMO,SUMO,traffic_level,traffic_level,very_low,2055,5299,103,3055,308,0.1,308,1824,283,0.9,0.5,20.5,1824,283,0.9,0.5,20.5,0.9,TRUE,solved,487,476,487_S001,near,1,0.14690000000000006,0.00145,0.002399,0.0655,0.0131,0.015499,0.16384900000000008,0.14690000000000006,0.0655,0.015499,0.16384900000000008,19.66,10.813846000000005,2834.375,1824->1969->193->2023->2008->2006->1233->157->2001->253->1232->1245->342->75->259->1847->1995->1844->1845->346->936->347->348->1996->1210->1115->343->1911->1800->344->959->1717->1243->1371->1909->897->500->1908->1687->135->1895->1517->1894->389->1893->386->1999->1900->1998->1935->1901->1981->1983->1902->1982->1903->194->1977->40->1904->2025->227->2011->270->501->1938->1958->1771->1957->1937->526->213->1956->471->1955->129->655->1954->1811->2027->1808->1253->1601->138->775->774->2->773->771->3->1427->60->1967->801->1723->1724->1728->151->1673->489->488->487,487->283,RESULTS/ACO/log_aco_spot.csv
GA,N2055_PS_traffic_very_low_I1,N2055_PS_traffic_very_low_I1.dat,parameter_sensitivity/SUMO/N2055_PS_traffic_very_low_I1.dat,parameter_sensitivity,SUMO,SUMO,traffic_level,traffic_level,very_low,2055,5299,103,3055,308,0.1,308,1824,283,0.9,0.5,20.5,1824,283,0.9,0.5,20.5,0.9,TRUE,solved,915,441,915_S001,near,1,0.1839,0.001623,0.003411,0.1965,0.0393,0.042711,0.22823400000000002,0.1839,0.1965,0.042711,0.22823400000000002,9.08,13.232636000000001,11597.716,1824->1969->193->2023->2008->2006->1233->157->155->1820->1972->497->496->495->2031->1749->962->1984->1756->2010->1979->1090->2009->206->207->540->468->208->1083->1373->1203->2015->1082->426->926->1185->2014->1177->1575->1779->1176->492->1084->484->1081->854->853->1280->852->851->850->1525->1542->1497->1646->1422->1514->1648->1649->168->1679->6->5->1365->915,915->283,RESULTS/GA/log_ga_spot.csv
Optimization,N2055_PS_traffic_very_low_I1,N2055_PS_traffic_very_low_I1.dat,parameter_sensitivity/SUMO/N2055_PS_traffic_very_low_I1.dat,parameter_sensitivity,SUMO,SUMO,traffic_level,traffic_level,very_low,2055,5299,103,3055,308,0.1,308,1824,283,0.9,0.5,20.5,1824,283,0.9,0.5,20.5,0.9,TRUE,inferred_from_previous_exact_lot_solution,487,476,487_S001,near,1,0.15900000000000003,0.00145,0.002399,0.0655,0.0131,0.015499,0.17594900000000005,0.15900000000000003,0.0655,0.015499,0.17594900000000005,19.66,11.467246000000001,326201.312,1824->1969->193->2023->2008->2006->1233->157->2001->155->1820->1972->497->496->495->2031->299->1096->865->866->847->1229->20->1970->648->649->1963->650->651->907->652->1292->1421->909->660->911->891->1876->657->1851->1877->1975->1821->14->1295->1294->239->1931->1930->1991->119->1301->804->1112->1087->800->168->1679->6->5->1365->915->487,487->283,RESULTS/COMBINED_ALL_METHODS/results_all_methods_parameter_sensitivity_spot_level.csv
PSO,N2055_PS_traffic_very_low_I1,N2055_PS_traffic_very_low_I1.dat,parameter_sensitivity/SUMO/N2055_PS_traffic_very_low_I1.dat,parameter_sensitivity,SUMO,SUMO,traffic_level,traffic_level,very_low,2055,5299,103,3055,308,0.1,308,1824,283,0.9,0.5,20.5,1824,283,0.9,0.5,20.5,0.9,TRUE,solved,5,233,5_S001,near,1,0.18030000000000002,0.002042,0.005196,0.4099,0.082,0.08719600000000001,0.269538,0.18030000000000002,0.4099,0.08719600000000001,0.269538,12.34,15.789052000000002,57508.357,1824->1969->193->2023->2008->2006->1233->157->155->1820->1972->497->496->495->2031->1749->962->1984->961->1750->2019->609->2010->1979->1090->2009->206->207->540->468->208->1873->1997->1740->1083->1373->1203->2015->1082->426->926->1185->2014->1177->427->65->1313->1314->1312->2022->1173->1171->1170->1962->636->485->1645->90->799->1085->800->168->1679->6->5,5->283,RESULTS/PSO/log_pso_spot.csv
ACO,N2055_PS_walking_distance_W025_I1,N2055_PS_walking_distance_W025_I1.dat,parameter_sensitivity/SUMO/N2055_PS_walking_distance_W025_I1.dat,parameter_sensitivity,SUMO,SUMO,maximum_walking_distance,maximum_walking_distance,0.25,2055,5299,103,3055,308,0.1,308,1824,283,0.9,0.25,20.5,1824,283,0.9,0.25,20.5,0.9,TRUE,solved,487,476,487_S001,near,1,0.171,0.00145,0.002399,0.0655,0.0131,0.015499,0.18794900000000003,0.171,0.0655,0.015499,0.18794900000000003,19.66,12.115246,2673.38,1824->1969->193->2023->2008->2006->1233->157->2001->253->1232->1245->342->75->259->1847->1995->1844->1845->346->936->347->348->1996->1210->1115->343->1911->1800->344->959->1717->1243->1371->1909->897->500->1908->1687->135->1895->1517->1894->389->1893->386->1999->1900->1998->1935->1901->1981->1983->1902->1982->1903->194->1977->40->1904->2025->227->2011->270->501->1938->1958->1771->1957->1937->526->213->1956->471->1955->129->655->1954->1811->2027->1808->1253->1601->138->775->774->2->773->771->3->1427->60->1967->801->1723->1724->1728->151->1673->489->488->487,487->283,RESULTS/ACO/log_aco_spot.csv
GA,N2055_PS_walking_distance_W025_I1,N2055_PS_walking_distance_W025_I1.dat,parameter_sensitivity/SUMO/N2055_PS_walking_distance_W025_I1.dat,parameter_sensitivity,SUMO,SUMO,maximum_walking_distance,maximum_walking_distance,0.25,2055,5299,103,3055,308,0.1,308,1824,283,0.9,0.25,20.5,1824,283,0.9,0.25,20.5,0.9,TRUE,solved,915,443,915_S003,near,1,0.25030000000000013,0.002402,0.005343,0.1965,0.0393,0.044643,0.29734500000000014,0.25030000000000013,0.1965,0.044643,0.29734500000000014,9.22,16.97863000000001,12856.317,1824->1969->193->2023->2008->2006->1233->157->155->1820->1972->497->496->38->1995->1847->259->75->342->153->156->1244->1980->1986->2055->1910->343->1243->1371->1909->897->500->2018->1988->928->899->52->683->53->1251->18->1151->1148->1161->2047->161->162->163->478->83->235->477->1586->925->1588->1487->1587->890->1975->1821->14->1295->1297->637->1311->1312->2022->2012->1174->1164->1165->1286->1281->1099->2040->1100->636->485->1645->1501->1523->1463->1640->1497->1646->1422->1514->1648->1649->168->1679->6->5->1365->1675->1676->915,915->283,RESULTS/GA/log_ga_spot.csv
Optimization,N2055_PS_walking_distance_W025_I1,N2055_PS_walking_distance_W025_I1.dat,parameter_sensitivity/SUMO/N2055_PS_walking_distance_W025_I1.dat,parameter_sensitivity,SUMO,SUMO,maximum_walking_distance,maximum_walking_distance,0.25,2055,5299,103,3055,308,0.1,308,1824,283,0.9,0.25,20.5,1824,283,0.9,0.25,20.5,0.9,TRUE,inferred_from_previous_exact_lot_solution,487,476,487_S001,near,1,0.21639999999999995,0.00145,0.002399,0.0655,0.0131,0.015499,0.23334899999999997,0.21639999999999995,0.0655,0.015499,0.23334899999999997,19.66,14.566845999999998,96355.625,1824->1969->193->2023->2008->2006->1233->157->155->1820->1972->497->496->495->2031->1749->962->1984->1756->2010->1979->1090->2009->206->207->540->468->208->1873->1997->1740->1083->1373->1203->2015->1082->426->926->1185->1179->1576->494->917->493->483->1084->484->1079->1078->1647->852->851->850->1285->1640->1644->799->101->1646->1422->1514->1648->1649->168->1679->6->5->1365->915->487,487->283,RESULTS/COMBINED_ALL_METHODS/results_all_methods_parameter_sensitivity_spot_level.csv
PSO,N2055_PS_walking_distance_W025_I1,N2055_PS_walking_distance_W025_I1.dat,parameter_sensitivity/SUMO/N2055_PS_walking_distance_W025_I1.dat,parameter_sensitivity,SUMO,SUMO,maximum_walking_distance,maximum_walking_distance,0.25,2055,5299,103,3055,308,0.1,308,1824,283,0.9,0.25,20.5,1824,283,0.9,0.25,20.5,0.9,TRUE,solved,487,476,487_S001,near,1,0.2459,0.00145,0.002399,0.0655,0.0131,0.015499,0.262849,0.2459,0.0655,0.015499,0.262849,19.66,16.159846,61604.249,1824->1969->193->2023->2008->2006->454->597->596->595->594->592->685->451->450->498->496->495->2031->1749->962->1984->1756->2010->1979->1090->2009->206->207->540->468->208->1873->1997->1740->1083->1373->1203->1204->1863->1993->1742->2015->1082->426->926->1185->2014->1576->1575->1177->427->65->1313->1314->1312->2022->2013->1961->1172->1170->1962->636->485->1645->90->799->101->1646->1422->1514->1648->1649->168->1679->6->5->1365->915->487,487->283,RESULTS/PSO/log_pso_spot.csv
ACO,N2055_PS_walking_distance_W050_I1,N2055_PS_walking_distance_W050_I1.dat,parameter_sensitivity/SUMO/N2055_PS_walking_distance_W050_I1.dat,parameter_sensitivity,SUMO,SUMO,maximum_walking_distance,maximum_walking_distance,0.50,2055,5299,103,3055,308,0.1,308,1824,283,0.9,0.5,20.5,1824,283,0.9,0.5,20.5,0.9,TRUE,solved,487,476,487_S001,near,1,0.171,0.00145,0.002399,0.0655,0.0131,0.015499,0.18794900000000003,0.171,0.0655,0.015499,0.18794900000000003,19.66,12.115246,2946.687,1824->1969->193->2023->2008->2006->1233->157->2001->253->1232->1245->342->75->259->1847->1995->1844->1845->346->936->347->348->1996->1210->1115->343->1911->1800->344->959->1717->1243->1371->1909->897->500->1908->1687->135->1895->1517->1894->389->1893->386->1999->1900->1998->1935->1901->1981->1983->1902->1982->1903->194->1977->40->1904->2025->227->2011->270->501->1938->1958->1771->1957->1937->526->213->1956->471->1955->129->655->1954->1811->2027->1808->1253->1601->138->775->774->2->773->771->3->1427->60->1967->801->1723->1724->1728->151->1673->489->488->487,487->283,RESULTS/ACO/log_aco_spot.csv
GA,N2055_PS_walking_distance_W050_I1,N2055_PS_walking_distance_W050_I1.dat,parameter_sensitivity/SUMO/N2055_PS_walking_distance_W050_I1.dat,parameter_sensitivity,SUMO,SUMO,maximum_walking_distance,maximum_walking_distance,0.50,2055,5299,103,3055,308,0.1,308,1824,283,0.9,0.5,20.5,1824,283,0.9,0.5,20.5,0.9,TRUE,solved,915,443,915_S003,near,1,0.2163,0.002402,0.005343,0.1965,0.0393,0.044643,0.263345,0.2163,0.1965,0.044643,0.263345,9.22,15.14263,12511.519,1824->1969->193->2023->2008->2006->1233->157->2001->155->1820->1972->497->496->495->2031->299->1096->865->866->2010->1979->1090->2009->206->207->540->468->208->1873->1997->1740->1083->1373->1203->2015->1082->426->926->1185->1179->1254->494->917->493->483->1084->484->1079->1078->1647->852->851->850->1285->1640->1644->799->1085->800->168->1679->6->5->1365->915,915->283,RESULTS/GA/log_ga_spot.csv
Optimization,N2055_PS_walking_distance_W050_I1,N2055_PS_walking_distance_W050_I1.dat,parameter_sensitivity/SUMO/N2055_PS_walking_distance_W050_I1.dat,parameter_sensitivity,SUMO,SUMO,maximum_walking_distance,maximum_walking_distance,0.50,2055,5299,103,3055,308,0.1,308,1824,283,0.9,0.5,20.5,1824,283,0.9,0.5,20.5,0.9,TRUE,inferred_from_previous_exact_lot_solution,487,476,487_S001,near,1,0.23159999999999994,0.00145,0.002399,0.0655,0.0131,0.015499,0.24854899999999996,0.23159999999999994,0.0655,0.015499,0.24854899999999996,19.66,15.387645999999997,106049.158,1824->1969->193->2023->2008->2006->1233->157->155->1820->1972->497->496->498->57->41->446->727->449->441->2038->59->2020->1720->2017->69->2039->1758->1984->1756->2010->1979->1090->2009->206->207->540->468->208->1873->1997->1740->1083->1373->1203->2015->1082->426->926->1185->2014->1177->1575->1576->494->917->493->1077->1078->1647->852->851->850->1285->1640->1644->799->101->1646->1422->1514->1648->1649->168->1679->6->5->1365->915->487,487->283,RESULTS/COMBINED_ALL_METHODS/results_all_methods_parameter_sensitivity_spot_level.csv
PSO,N2055_PS_walking_distance_W050_I1,N2055_PS_walking_distance_W050_I1.dat,parameter_sensitivity/SUMO/N2055_PS_walking_distance_W050_I1.dat,parameter_sensitivity,SUMO,SUMO,maximum_walking_distance,maximum_walking_distance,0.50,2055,5299,103,3055,308,0.1,308,1824,283,0.9,0.5,20.5,1824,283,0.9,0.5,20.5,0.9,TRUE,solved,487,476,487_S001,near,1,0.2662999999999999,0.00145,0.002399,0.0655,0.0131,0.015499,0.2832489999999999,0.2662999999999999,0.0655,0.015499,0.2832489999999999,19.66,17.261445999999996,71740.154,1824->1969->1732->428->2004->2003->2000->27->2001->253->1232->1245->342->75->259->1847->1995->1846->567->1205->840->1212->839->1207->22->1220->23->1126->932->931->2032->212->24->1134->1138->1132->1135->1130->1131->1153->1227->479->652->1292->533->663->1997->1740->1083->1373->1203->1204->1863->1993->1742->2015->1082->426->926->1185->2014->1576->1575->1177->427->65->1313->1314->1312->2022->2013->1961->1172->1170->1962->636->485->1645->90->799->101->1646->1422->1514->1648->1649->168->1679->6->5->1365->915->487,487->283,RESULTS/PSO/log_pso_spot.csv
ACO,N2055_PS_walking_distance_W075_I1,N2055_PS_walking_distance_W075_I1.dat,parameter_sensitivity/SUMO/N2055_PS_walking_distance_W075_I1.dat,parameter_sensitivity,SUMO,SUMO,maximum_walking_distance,maximum_walking_distance,0.75,2055,5299,103,3055,308,0.1,308,1824,283,0.9,0.75,20.5,1824,283,0.9,0.75,20.5,0.9,TRUE,solved,487,476,487_S001,near,1,0.171,0.00145,0.002399,0.0655,0.0131,0.015499,0.18794900000000003,0.171,0.0655,0.015499,0.18794900000000003,19.66,12.115246,2975.668,1824->1969->193->2023->2008->2006->1233->157->2001->253->1232->1245->342->75->259->1847->1995->1844->1845->346->936->347->348->1996->1210->1115->343->1911->1800->344->959->1717->1243->1371->1909->897->500->1908->1687->135->1895->1517->1894->389->1893->386->1999->1900->1998->1935->1901->1981->1983->1902->1982->1903->194->1977->40->1904->2025->227->2011->270->501->1938->1958->1771->1957->1937->526->213->1956->471->1955->129->655->1954->1811->2027->1808->1253->1601->138->775->774->2->773->771->3->1427->60->1967->801->1723->1724->1728->151->1673->489->488->487,487->283,RESULTS/ACO/log_aco_spot.csv
GA,N2055_PS_walking_distance_W075_I1,N2055_PS_walking_distance_W075_I1.dat,parameter_sensitivity/SUMO/N2055_PS_walking_distance_W075_I1.dat,parameter_sensitivity,SUMO,SUMO,maximum_walking_distance,maximum_walking_distance,0.75,2055,5299,103,3055,308,0.1,308,1824,283,0.9,0.75,20.5,1824,283,0.9,0.75,20.5,0.9,TRUE,solved,487,477,487_S002,near,1,0.21560000000000004,0.00187,0.003296,0.0655,0.0131,0.016396,0.23386600000000005,0.21560000000000004,0.0655,0.016396,0.23386600000000005,19.82,14.610764000000003,10966.578,1824->1969->193->2023->2008->2006->1233->157->155->1820->1972->497->496->495->2031->1749->962->1984->1756->2010->1979->1090->2009->206->207->540->468->208->1873->1997->1740->1083->1373->1203->2015->1082->426->926->1185->2014->1177->427->65->1313->637->1311->2013->1961->1172->1173->1171->1168->1166->1169->1099->2040->1100->636->485->1645->90->799->101->1646->1422->1514->1648->1649->168->1679->6->5->1365->915->487,487->283,RESULTS/GA/log_ga_spot.csv
Optimization,N2055_PS_walking_distance_W075_I1,N2055_PS_walking_distance_W075_I1.dat,parameter_sensitivity/SUMO/N2055_PS_walking_distance_W075_I1.dat,parameter_sensitivity,SUMO,SUMO,maximum_walking_distance,maximum_walking_distance,0.75,2055,5299,103,3055,308,0.1,308,1824,283,0.9,0.75,20.5,1824,283,0.9,0.75,20.5,0.9,TRUE,inferred_from_previous_exact_lot_solution,915,441,915_S001,near,1,0.2096,0.001623,0.003411,0.1965,0.0393,0.042711,0.253934,0.2096,0.1965,0.042711,0.253934,9.08,14.620436,108340.485,1824->1969->193->2023->2008->2006->1233->157->2001->155->1820->1972->497->496->495->2031->1749->962->1984->1756->2010->1979->1090->2009->206->207->540->468->208->1083->1373->1203->2015->228->1744->1082->426->926->1185->2014->1576->494->917->493->483->1084->484->1081->1302->1080->1280->1164->1165->1286->1281->1099->2040->1100->636->802->803->804->1112->1087->800->168->1679->6->5->1365->915,915->283,RESULTS/COMBINED_ALL_METHODS/results_all_methods_parameter_sensitivity_spot_level.csv
PSO,N2055_PS_walking_distance_W075_I1,N2055_PS_walking_distance_W075_I1.dat,parameter_sensitivity/SUMO/N2055_PS_walking_distance_W075_I1.dat,parameter_sensitivity,SUMO,SUMO,maximum_walking_distance,maximum_walking_distance,0.75,2055,5299,103,3055,308,0.1,308,1824,283,0.9,0.75,20.5,1824,283,0.9,0.75,20.5,0.9,TRUE,solved,487,476,487_S001,near,1,0.22600000000000003,0.00145,0.002399,0.0655,0.0131,0.015499,0.24294900000000005,0.22600000000000003,0.0655,0.015499,0.24294900000000005,19.66,15.085246000000003,72034.975,1824->1969->193->2023->2008->2006->1233->157->155->1820->1972->497->496->495->2031->1749->962->1984->1756->2010->1979->1090->2009->206->207->540->468->208->1083->1373->1203->1204->1863->1993->1742->2015->1082->426->926->1185->2014->1576->1575->1177->427->65->1313->1314->1312->2022->2013->1961->1172->1170->1962->636->485->1645->90->799->101->1646->1422->1514->1648->1649->168->1679->6->5->1365->1675->1676->915->487,487->283,RESULTS/PSO/log_pso_spot.csv
ACO,N2055_PS_walking_distance_W100_I1,N2055_PS_walking_distance_W100_I1.dat,parameter_sensitivity/SUMO/N2055_PS_walking_distance_W100_I1.dat,parameter_sensitivity,SUMO,SUMO,maximum_walking_distance,maximum_walking_distance,1.00,2055,5299,103,3055,308,0.1,308,1824,283,0.9,1.0,20.5,1824,283,0.9,1.0,20.5,0.9,TRUE,solved,487,476,487_S001,near,1,0.18049999999999997,0.00145,0.002399,0.0655,0.0131,0.015499,0.19744899999999999,0.18049999999999997,0.0655,0.015499,0.19744899999999999,19.66,12.628245999999999,3317.662,1824->1969->193->2023->2008->2006->1233->157->2001->253->1232->1245->342->75->259->1847->1995->1844->1845->346->936->347->348->1996->1210->1115->343->1911->1800->344->959->1717->1243->1371->1909->897->500->1908->1687->135->1895->1517->1894->389->1893->386->1999->1900->1998->1935->1901->1981->1983->1902->1982->1903->194->1977->40->1904->2025->227->2011->270->501->1938->1958->1771->1957->1937->526->213->1956->471->1955->129->655->1954->1811->2027->1375->1797->2050->4->1113->124->2028->1951->2002->1635->1949->1619->50->1948->1107->47->1670->48->1672->1433->1682->914->488->1677->1676->915->487,487->283,RESULTS/ACO/log_aco_spot.csv
GA,N2055_PS_walking_distance_W100_I1,N2055_PS_walking_distance_W100_I1.dat,parameter_sensitivity/SUMO/N2055_PS_walking_distance_W100_I1.dat,parameter_sensitivity,SUMO,SUMO,maximum_walking_distance,maximum_walking_distance,1.00,2055,5299,103,3055,308,0.1,308,1824,283,0.9,1.0,20.5,1824,283,0.9,1.0,20.5,0.9,TRUE,solved,488,358,488_S002,near,1,0.22590000000000002,0.00231,0.005481,0.2663,0.0533,0.058781,0.286991,0.22590000000000002,0.2663,0.058781,0.286991,9.77,16.474514,11895.734,1824->1969->193->2023->2008->2006->1233->157->155->1820->1972->684->450->498->496->495->2031->1749->962->1984->1756->2010->1979->1090->2009->206->207->540->468->208->1873->1997->1874->1258->893->1266->892->1711->1875->891->1876->657->1851->1877->1975->1821->14->1295->1294->239->1931->1930->1991->119->1301->804->1112->1087->800->168->1679->6->5->1365->1675->1676->1677->488,488->283,RESULTS/GA/log_ga_spot.csv
Optimization,N2055_PS_walking_distance_W100_I1,N2055_PS_walking_distance_W100_I1.dat,parameter_sensitivity/SUMO/N2055_PS_walking_distance_W100_I1.dat,parameter_sensitivity,SUMO,SUMO,maximum_walking_distance,maximum_walking_distance,1.00,2055,5299,103,3055,308,0.1,308,1824,283,0.9,1.0,20.5,1824,283,0.9,1.0,20.5,0.9,TRUE,inferred_from_previous_exact_lot_solution,915,441,915_S001,near,1,0.21669999999999998,0.001623,0.003411,0.1965,0.0393,0.042711,0.261034,0.21669999999999998,0.1965,0.042711,0.261034,9.08,15.003836,113525.075,1824->1969->193->2023->2008->2006->1233->157->155->1820->1972->497->496->495->2031->1749->962->1984->1756->2010->1979->1090->2009->206->207->540->468->208->1873->1997->1740->1083->1373->1203->1204->1863->1993->1742->2015->228->1744->1082->426->926->1185->1179->1576->494->917->1779->635->1314->1312->2022->2013->1961->1172->1170->1962->636->802->1086->1087->800->168->1679->6->5->1365->915,915->283,RESULTS/COMBINED_ALL_METHODS/results_all_methods_parameter_sensitivity_spot_level.csv
PSO,N2055_PS_walking_distance_W100_I1,N2055_PS_walking_distance_W100_I1.dat,parameter_sensitivity/SUMO/N2055_PS_walking_distance_W100_I1.dat,parameter_sensitivity,SUMO,SUMO,maximum_walking_distance,maximum_walking_distance,1.00,2055,5299,103,3055,308,0.1,308,1824,283,0.9,1.0,20.5,1824,283,0.9,1.0,20.5,0.9,TRUE,solved,62,209,62_S001,near,1,0.21760000000000007,0.001994,0.005173,0.4142,0.0828,0.087973,0.30756700000000003,0.21760000000000007,0.4142,0.087973,0.30756700000000003,9.83,17.591618000000004,52586.926,1824->1969->193->2023->2008->2006->1233->157->155->1820->1972->497->496->495->2031->299->1096->865->866->2010->1979->1090->2009->206->207->540->468->208->1873->1997->1740->1083->1373->1203->2015->1082->426->926->1185->1179->1254->494->917->493->1077->1078->1647->852->851->850->1525->1542->1497->1646->1422->1514->1648->1649->168->1679->6->5->62,62->283,RESULTS/PSO/log_pso_spot.csv
ACO,N2500_PS_edge_density_baseline_7446_I1,N2500_PS_edge_density_baseline_7446_I1.dat,parameter_sensitivity/medium_large/N2500_PS_edge_density_baseline_7446_I1.dat,parameter_sensitivity,N2500,SUMO,edge_density,edge_density,7446,2500,7696,125,3732,375,0.1,375,2491,2500,0.9,0.5,20.5,2491,2500,0.9,0.5,20.5,0.9,TRUE,solved,2476,340,2476_S001,near,1,0.2046000000000003,0.001603,0.003195,0.1661,0.0332,0.036395,0.2425980000000003,0.2046000000000003,0.1661,0.036395,0.2425980000000003,6.66,13.766292000000018,46887.527,2491->2341->2328->2326->2320->2317->2305->2300->2282->2268->2263->2256->2252->2251->2247->2244->2240->2226->2237->2220->2235->2218->2228->2214->2211->2202->2178->2156->2183->2170->2155->2154->2130->2109->2098->2085->2072->2082->2069->2046->2038->2033->2030->2044->2028->2014->1968->1955->1902->1895->1894->1893->1882->1872->1864->1869->1863->1860->1841->1840->1832->1827->1826->1814->1813->1807->1789->1788->1781->1779->1774->1784->1780->1778->1767->1764->1740->1736->1735->1731->1718->1713->1707->1693->1681->1677->1687->1672->1665->1673->1664->1655->1649->1643->1637->1628->1610->1587->1579->1552->1550->1548->1530->1537->1525->1492->1490->1488->1495->1479->1486->1471->1465->1460->1430->1423->1406->1401->1391->1384->1380->1374->1373->1369->1359->1355->1344->1311->1301->1310->1298->1290->1281->1274->1270->1279->1262->1257->1254->1252->1219->1206->1228->1212->1203->1194->1197->1177->1170->1153->1152->1149->1142->1134->1130->1125->1117->1113->1129->1111->1099->1089->1075->1069->1065->1064->1063->1051->1042->1039->1050->1037->1036->1027->1006->988->981->969->929->924->917->912->904->903->896->892->905->888->885->878->877->874->865->861->857->856->851->818->813->810->812->805->786->762->761->757->755->725->715->711->723->705->696->691->697->698->689->687->681->674->667->659->657->636->609->599->592->588->576->574->586->568->575->564->560->549->547->545->543->540->538->561->532->542->534->539->526->525->527->508->501->476->469->463->450->436->430->408->393->387->372->375->371->362->373->356->350->353->348->346->349->334->337->331->329->324->321->309->298->299->296->289->284->266->262->259->254->235->233->232->230->229->217->228->210->206->209->201->198->196->193->190->183->178->174->168->164->163->162->155->108->51->50->82->81->77->69->68->63->21->1->5->6->10->11->15->24->19->28->22->30->34->54->29->49->85->100->119->114->122->123->125->133->134->181->143->146->156->166->158->173->185->192->204->202->260->263->275->288->290->293->306->317->358->363->379->384->394->407->396->397->401->406->398->403->413->440->449->455->460->468->471->482->497->517->518->537->546->551->553->555->562->569->570->573->593->600->602->615->628->637->642->658->668->694->700->713->721->734->745->748->749->753->763->765->764->766->783->784->791->815->816->821->826->830->839->854->849->852->860->864->866->867->870->880->882->887->893->894->910->933->944->946->948->976->978->985->991->995->1017->1024->1031->1071->1077->1079->1091->1100->1110->1120->1122->1139->1167->1168->1181->1175->1178->1192->1204->1182->1184->1193->1205->1210->1223->1229->1230->1241->1232->1237->1242->1244->1251->1269->1275->1278->1296->1322->1330->1348->1364->1353->1358->1361->1362->1368->1379->1381->1387->1390->1403->1417->1434->1426->1428->1453->1462->1463->1481->1497->1500->1502->1503->1508->1510->1512->1531->1518->1528->1540->1542->1554->1555->1568->1576->1582->1583->1594->1586->1590->1600->1618->1593->1601->1604->1607->1616->1620->1633->1641->1680->1688->1719->1739->1751->1755->1757->1776->1777->1798->1782->1791->1785->1818->1821->1823->1824->1857->1859->1861->1871->1890->1907->1906->1940->1941->1951->1969->1980->1978->1982->1987->1991->2001->2002->2005->2013->2047->2059->2063->2071->2074->2077->2079->2099->2100->2116->2118->2121->2134->2137->2148->2158->2169->2171->2174->2181->2195->2186->2196->2204->2208->2212->2217->2229->2461->2466->2476,2476->2500,RESULTS/ACO/log_aco_spot.csv
GA,N2500_PS_edge_density_baseline_7446_I1,N2500_PS_edge_density_baseline_7446_I1.dat,parameter_sensitivity/medium_large/N2500_PS_edge_density_baseline_7446_I1.dat,parameter_sensitivity,N2500,SUMO,edge_density,edge_density,7446,2500,7696,125,3732,375,0.1,375,2491,2500,0.9,0.5,20.5,2491,2500,0.9,0.5,20.5,0.9,TRUE,solved,2476,341,2476_S002,near,1,0.30910000000000065,0.002259,0.00477,0.1661,0.0332,0.037970000000000004,0.34932900000000067,0.30910000000000065,0.1661,0.037970000000000004,0.34932900000000067,6.76,19.539766000000036,121525.181,2491->2493->2484->2487->2341->2340->2332->2328->2326->2320->2317->2300->2282->2268->2263->2256->2252->2251->2247->2257->2240->2226->2237->2223->2220->2215->2235->2218->2228->2211->2202->2178->2156->2183->2155->2154->2130->2109->2098->2085->2072->2078->2069->2046->2038->2033->2030->2044->2028->2017->2014->1968->1955->1902->1910->1894->1893->1882->1872->1864->1869->1863->1860->1841->1840->1832->1827->1826->1814->1813->1807->1789->1806->1781->1779->1774->1771->1784->1780->1778->1766->1764->1740->1736->1735->1731->1718->1713->1707->1697->1693->1681->1677->1672->1665->1664->1655->1649->1640->1643->1637->1628->1610->1587->1579->1552->1550->1548->1547->1530->1537->1525->1524->1492->1490->1488->1495->1479->1486->1471->1465->1460->1430->1423->1406->1401->1391->1384->1386->1380->1374->1373->1369->1359->1355->1344->1311->1301->1310->1298->1290->1281->1274->1270->1279->1277->1262->1257->1254->1234->1231->1219->1206->1228->1203->1194->1197->1177->1170->1153->1152->1149->1142->1134->1130->1125->1117->1113->1129->1111->1099->1089->1075->1069->1065->1064->1063->1051->1055->1042->1039->1050->1037->1036->1027->1006->988->981->969->929->924->917->912->904->903->896->892->905->888->885->878->877->874->865->857->856->851->813->810->805->786->762->776->757->755->741->725->715->711->723->708->705->696->691->697->689->687->695->681->674->667->659->657->636->609->599->592->588->576->574->586->568->575->581->564->560->549->547->545->543->540->538->561->532->542->534->539->526->524->522->508->519->747->737->476->469->463->450->439->437->436->430->408->393->387->372->375->663->677->373->356->350->626->625->606->608->616->334->558->314->491->487->492->266->262->479->475->458->464->466->456->232->230->229->420->418->409->404->198->196->193->190->183->178->174->335->341->168->370->380->339->338->164->326->316->301->318->162->155->172->175->105->95->87->99->139->136->113->35->23->21->1->2->7->14->15->11->4->8->12->24->19->20->26->33->27->45->32->30->34->54->29->89->49->85->100->111->119->114->122->123->125->133->134->181->191->143->146->216->187->177->167->158->173->185->192->231->197->204->202->260->265->263->268->275->288->290->293->297->306->317->358->363->379->384->394->407->396->397->401->406->398->403->413->440->449->453->455->460->468->471->482->495->497->517->518->536->537->546->551->553->554->555->562->569->570->573->593->600->602->615->628->637->642->658->668->694->700->709->713->721->734->745->748->749->753->763->765->764->766->783->784->791->815->816->821->826->830->839->854->849->852->860->864->876->866->867->870->880->882->889->887->893->894->910->933->944->946->956->976->978->985->991->995->1011->1017->1024->1031->1068->1071->1077->1079->1091->1092->1100->1110->1120->1122->1139->1167->1168->1181->1173->1175->1178->1189->1192->1199->1204->1182->1184->1193->1205->1210->1223->1229->1230->1241->1232->1237->1242->1244->1251->1269->1275->1278->1296->1322->1330->1348->1364->1353->1358->1361->1366->1362->1368->1379->1382->1387->1390->1403->1417->1434->1428->1453->1462->1463->1481->1497->1500->1502->1503->1508->1510->1512->1521->1522->1518->1528->1540->1542->1554->1555->1568->1576->1582->1583->1594->1586->1590->1599->1600->1618->1593->1601->1595->1607->1616->1620->1630->1633->1641->1680->1688->1719->1739->1751->1755->1757->1776->1777->1794->1798->1782->1791->1785->1818->1834->1821->1823->1824->1857->1861->1871->1890->1907->1906->1940->1941->1951->1969->1980->1978->1982->1987->1991->1992->2002->2005->2013->2047->2049->2050->2059->2081->2089->2110->2063->2071->2074->2077->2079->2099->2108->2100->2116->2118->2121->2134->2137->2148->2158->2169->2159->2174->2181->2195->2186->2196->2207->2204->2208->2212->2217->2229->2490->2499->2485->2476,2476->2500,RESULTS/GA/log_ga_spot.csv
Optimization,N2500_PS_edge_density_baseline_7446_I1,N2500_PS_edge_density_baseline_7446_I1.dat,parameter_sensitivity/medium_large/N2500_PS_edge_density_baseline_7446_I1.dat,parameter_sensitivity,N2500,SUMO,edge_density,edge_density,7446,2500,7696,125,3732,375,0.1,375,2491,2500,0.9,0.5,20.5,2491,2500,0.9,0.5,20.5,0.9,TRUE,inferred_from_previous_exact_lot_solution,2476,340,2476_S001,near,1,0.2943000000000008,0.001603,0.003195,0.1661,0.0332,0.036395,0.3322980000000008,0.2943000000000008,0.1661,0.036395,0.3322980000000008,6.66,18.610092000000044,454124.363,2491->2493->2487->2484->2481->2478->2468->2448->2443->2458->2442->2426->2412->2401->2400->2395->2379->2374->2370->2369->2385->2372->2358->2390->2380->2363->2353->2350->2347->2340->2332->2328->2326->2320->2317->2300->2282->2268->2263->2256->2252->2251->2247->2257->2240->2226->2237->2223->2220->2235->2218->2214->2211->2202->2187->2178->2156->2183->2155->2154->2130->2109->2098->2085->2072->2082->2069->2046->2038->2033->2030->2044->2028->2014->1968->1955->1902->1910->1894->1893->1882->1872->1864->1869->1863->1860->1841->1840->1832->1827->1826->1814->1813->1807->1789->1788->1806->1781->1779->1774->1771->1784->1780->1778->1766->1764->1763->1740->1736->1735->1731->1718->1713->1707->1697->1693->1681->1677->1687->1672->1665->1664->1655->1649->1640->1643->1637->1628->1610->1587->1579->1552->1550->1548->1547->1530->1537->1525->1524->1492->1490->1488->1495->1479->1486->1471->1469->1465->1460->1430->1423->1401->1391->1384->1386->1380->1374->1373->1369->1359->1355->1344->1311->1301->1310->1298->1290->1281->1274->1270->1279->1277->1262->1257->1254->1234->1231->1219->1206->1228->1203->1194->1197->1183->1177->1170->1153->1152->1149->1142->1134->1130->1125->1117->1113->1129->1111->1099->1089->1075->1069->1065->1064->1063->1051->1055->1042->1039->1050->1037->1036->1027->1006->988->981->969->929->924->917->912->907->904->903->896->892->905->888->885->878->877->874->865->861->857->856->851->813->810->805->786->762->776->757->755->741->725->715->711->708->705->696->691->697->698->689->687->695->681->674->667->659->657->636->609->599->592->588->576->574->586->568->575->564->581->560->549->547->545->543->540->566->538->561->548->542->534->539->526->524->522->527->525->772->747->737->733->469->463->450->439->437->436->430->415->408->393->387->372->375->371->677->373->356->350->626->625->349->558->314->491->266->262->259->254->235->233->232->230->229->219->217->228->210->410->404->409->418->206->209->201->198->196->193->190->183->380->370->168->341->333->326->316->301->292->278->277->272->246->117->115->120->79->70->65->116->215->179->10->11->15->24->19->20->32->33->27->34->54->29->89->49->85->100->111->119->114->122->123->125->133->134->181->143->191->184->189->216->156->166->177->167->158->173->185->192->199->204->202->260->265->263->268->275->288->290->293->297->306->317->358->363->379->384->394->407->396->397->401->406->398->403->413->440->449->453->455->460->468->471->482->497->517->518->536->537->546->551->553->554->555->562->569->570->573->593->600->602->615->628->637->642->658->668->694->700->713->721->734->745->748->749->753->763->765->764->766->783->784->791->815->816->822->821->826->830->839->842->849->852->860->864->876->866->867->870->880->882->889->887->893->894->910->933->944->946->956->976->978->985->991->995->1017->1024->1031->1068->1071->1077->1079->1091->1092->1100->1110->1120->1122->1139->1167->1168->1181->1175->1189->1191->1192->1204->1180->1182->1184->1193->1205->1210->1223->1229->1230->1241->1232->1237->1242->1244->1251->1269->1275->1278->1296->1322->1330->1348->1364->1353->1358->1366->1361->1362->1368->1379->1382->1381->1387->1390->1403->1417->1434->1428->1453->1462->1463->1481->1497->1500->1502->1503->1508->1510->1512->1521->1531->1518->1528->1540->1542->1554->1555->1568->1576->1582->1583->1594->1586->1590->1599->1600->1618->1593->1601->1595->1607->1616->1620->1630->1633->1641->1680->1688->1719->1739->1751->1755->1757->1776->1777->1794->1798->1782->1785->1818->1834->1821->1823->1824->1857->1859->1877->1861->1871->1890->1907->1906->1940->1941->1951->1969->1980->1978->1982->1987->1991->1992->2001->2002->2005->2013->2047->2049->2050->2059->2081->2096->2110->2063->2071->2074->2077->2079->2099->2100->2116->2118->2121->2134->2137->2148->2158->2169->2171->2159->2174->2181->2186->2196->2204->2208->2212->2217->2229->2490->2499->2485->2476,2476->2500,RESULTS/COMBINED_ALL_METHODS/results_all_methods_parameter_sensitivity_spot_level.csv
PSO,N2500_PS_edge_density_baseline_7446_I1,N2500_PS_edge_density_baseline_7446_I1.dat,parameter_sensitivity/medium_large/N2500_PS_edge_density_baseline_7446_I1.dat,parameter_sensitivity,N2500,SUMO,edge_density,edge_density,7446,2500,7696,125,3732,375,0.1,375,2491,2500,0.9,0.5,20.5,2491,2500,0.9,0.5,20.5,0.9,TRUE,solved,2476,340,2476_S001,near,1,0.31290000000000084,0.001603,0.003195,0.1661,0.0332,0.036395,0.3508980000000009,0.31290000000000084,0.1661,0.036395,0.3508980000000009,6.66,19.614492000000048,994516.9,2491->2341->2340->2332->2328->2326->2320->2317->2305->2300->2282->2268->2263->2256->2252->2251->2247->2244->2240->2226->2237->2220->2235->2236->2218->2228->2211->2202->2187->2178->2156->2183->2155->2154->2130->2109->2098->2085->2072->2078->2069->2046->2038->2033->2030->2044->2028->2014->1968->1955->1902->1895->1894->1893->1882->1872->1864->1869->1863->1860->1841->1840->1832->1827->1826->1814->1813->1807->1789->1806->1781->1779->1774->1784->1780->1778->1767->1764->1763->1740->1736->1735->1731->1718->1713->1707->1693->1689->1681->1677->1687->1672->1665->1664->1655->1649->1643->1637->1628->1610->1587->1579->1552->1550->1548->1530->1537->1525->1524->1492->1490->1488->1495->1479->1486->1471->1469->1465->1460->1430->1423->1401->1391->1384->1386->1380->1374->1373->1369->1359->1355->1344->1311->1301->1310->1298->1290->1281->1274->1270->1279->1262->1257->1254->1234->1219->1206->1212->1203->1194->1197->1177->1170->1153->1152->1149->1142->1134->1130->1125->1117->1113->1129->1111->1105->1099->1089->1075->1069->1065->1064->1063->1051->1055->1042->1039->1050->1037->1036->1027->1006->988->981->969->929->924->917->912->904->903->896->892->905->888->885->878->877->874->865->857->856->851->813->810->805->786->762->776->757->755->725->715->711->723->705->696->691->697->698->689->687->681->674->667->659->657->636->609->599->592->588->576->574->586->568->575->564->560->549->547->545->543->540->538->561->532->542->534->824->792->772->747->519->508->501->476->469->733->731->744->739->450->436->430->720->422->415->408->393->688->677->660->646->638->641->631->623->365->626->366->344->346->577->559->314->493->284->500->262->466->456->457->441->438->425->206->209->201->198->196->193->190->380->178->174->335->341->338->164->163->175->105->95->87->109->127->39->38->55->37->31->69->25->36->46->35->23->21->1->5->6->10->13->14->15->24->19->28->22->26->33->27->34->54->29->53->89->98->94->67->85->100->119->114->129->122->123->125->133->134->181->143->146->216->223->211->212->224->231->197->204->202->260->265->263->268->275->288->290->293->306->317->358->363->379->384->394->407->396->397->401->406->398->399->403->413->440->449->455->460->461->462->471->482->495->497->517->518->537->546->551->553->555->562->569->570->573->593->600->602->615->628->637->642->658->668->694->700->713->721->734->745->748->749->753->763->764->766->783->793->791->815->816->821->826->830->839->854->849->852->860->864->876->866->867->870->880->882->887->893->894->910->933->944->946->948->956->976->978->985->991->995->1017->1024->1031->1071->1077->1079->1091->1092->1100->1110->1120->1116->1122->1139->1167->1168->1181->1175->1178->1192->1204->1180->1182->1184->1193->1205->1210->1223->1229->1230->1241->1232->1237->1242->1244->1251->1269->1275->1278->1296->1322->1330->1348->1364->1353->1358->1361->1362->1368->1385->1379->1381->1387->1390->1403->1417->1434->1428->1453->1462->1463->1481->1497->1500->1502->1503->1508->1510->1512->1521->1531->1518->1528->1540->1542->1554->1555->1568->1576->1582->1583->1594->1586->1588->1599->1618->1593->1601->1604->1607->1616->1620->1633->1641->1680->1688->1719->1739->1751->1755->1757->1776->1777->1798->1782->1785->1818->1821->1823->1824->1857->1859->1861->1871->1875->1890->1907->1906->1940->1941->1951->1969->1980->1978->1982->1987->1991->1992->2001->2002->2005->2013->2047->2059->2063->2071->2074->2077->2079->2099->2100->2116->2118->2121->2134->2137->2148->2158->2169->2159->2174->2181->2186->2196->2204->2208->2212->2217->2229->2473->2461->2466->2476,2476->2500,RESULTS/PSO/log_pso_spot.csv
ACO,N2500_PS_edge_density_dense_8278_I1,N2500_PS_edge_density_dense_8278_I1.dat,parameter_sensitivity/medium_large/N2500_PS_edge_density_dense_8278_I1.dat,parameter_sensitivity,N2500,SUMO,edge_density,edge_density,8278,2500,8528,125,3732,375,0.1,375,2491,2500,0.9,0.5,20.5,2491,2500,0.9,0.5,20.5,0.9,TRUE,solved,2476,340,2476_S001,near,1,0.16579999999999995,0.001603,0.003195,0.1661,0.0332,0.036395,0.20379799999999992,0.16579999999999995,0.1661,0.036395,0.20379799999999992,6.66,11.671091999999996,8067.404,2491->2487->2484->2481->2478->2468->2448->2443->2458->2442->2426->2412->2401->2400->2395->2379->2374->2370->2369->2372->2028->1673->1664->1655->1649->1643->1262->1257->1254->1234->896->892->905->888->885->878->877->874->865->861->857->856->851->818->813->810->805->786->762->450->437->436->430->408->393->387->372->375->371->362->175->105->96->107->92->90->88->189->216->223->569->570->573->593->600->602->615->628->637->642->658->668->694->700->713->721->734->745->748->1092->1100->1110->1120->1463->1481->1497->1499->1821->1818->2186->2485->2476,2476->2500,RESULTS/ACO/log_aco_spot.csv
GA,N2500_PS_edge_density_dense_8278_I1,N2500_PS_edge_density_dense_8278_I1.dat,parameter_sensitivity/medium_large/N2500_PS_edge_density_dense_8278_I1.dat,parameter_sensitivity,N2500,SUMO,edge_density,edge_density,8278,2500,8528,125,3732,375,0.1,375,2491,2500,0.9,0.5,20.5,2491,2500,0.9,0.5,20.5,0.9,TRUE,solved,2441,547,2441_S001,near,1,0.21480000000000005,0.001751,0.004,0.2683,0.0537,0.0577,0.274251,0.21480000000000005,0.2683,0.0577,0.274251,7.61,15.570554000000003,67895.842,2491->2341->1895->1900->1894->1893->1882->1872->1864->1869->1863->1860->1841->1840->1832->1827->1826->1814->1813->1807->1465->1460->1667->1682->1281->1290->1298->1519->1532->1520->1526->1534->1207->836->835->827->825->824->792->441->438->235->254->259->262->142->160->167->166->156->187->223->569->570->573->593->600->602->615->628->637->946->944->1364->1348->1330->1322->1296->1278->1275->1269->1251->1244->1242->1237->1232->1241->1230->1542->1554->1555->1568->1576->1582->1583->1594->1586->1588->1590->2002->1992->2343->2351->2368->2361->2365->2383->2371->2382->2388->2389->2394->2409->2405->2416->2417->2418->2422->2425->2455->2430->2439->2441,2441->2500,RESULTS/GA/log_ga_spot.csv
Optimization,N2500_PS_edge_density_dense_8278_I1,N2500_PS_edge_density_dense_8278_I1.dat,parameter_sensitivity/medium_large/N2500_PS_edge_density_dense_8278_I1.dat,parameter_sensitivity,N2500,SUMO,edge_density,edge_density,8278,2500,8528,125,3732,375,0.1,375,2491,2500,0.9,0.5,20.5,2491,2500,0.9,0.5,20.5,0.9,TRUE,inferred_from_previous_exact_lot_solution,2476,340,2476_S001,near,1,0.1859,0.001603,0.003195,0.1661,0.0332,0.036395,0.22389799999999999,0.1859,0.1661,0.036395,0.22389799999999999,6.66,12.756492000000001,669539.059,2491->2341->1895->1902->1955->1968->2014->2028->1673->1665->1672->1677->1681->1693->1707->1713->1718->1369->1359->1355->1344->1311->1027->1036->1037->681->687->689->362->646->168->10->6->406->748->1092->1100->1110->1462->1463->1481->1497->1499->1821->1818->2186->2485->2476,2476->2500,RESULTS/COMBINED_ALL_METHODS/results_all_methods_parameter_sensitivity_spot_level.csv
PSO,N2500_PS_edge_density_dense_8278_I1,N2500_PS_edge_density_dense_8278_I1.dat,parameter_sensitivity/medium_large/N2500_PS_edge_density_dense_8278_I1.dat,parameter_sensitivity,N2500,SUMO,edge_density,edge_density,8278,2500,8528,125,3732,375,0.1,375,2491,2500,0.9,0.5,20.5,2491,2500,0.9,0.5,20.5,0.9,TRUE,solved,2476,340,2476_S001,near,1,0.1859,0.001603,0.003195,0.1661,0.0332,0.036395,0.22389799999999999,0.1859,0.1661,0.036395,0.22389799999999999,6.66,12.756492,316587.422,2491->2341->1895->1902->1955->1968->2014->2028->1673->1665->1672->1677->1681->1693->1707->1713->1718->1369->1359->1355->1344->1311->1027->1036->1037->681->687->689->362->646->168->10->6->406->748->1092->1100->1110->1462->1463->1481->1497->1499->1821->1818->2186->2485->2476,2476->2500,RESULTS/PSO/log_pso_spot.csv
ACO,N2500_PS_edge_density_denser_9110_I1,N2500_PS_edge_density_denser_9110_I1.dat,parameter_sensitivity/medium_large/N2500_PS_edge_density_denser_9110_I1.dat,parameter_sensitivity,N2500,SUMO,edge_density,edge_density,9110,2500,9360,125,3732,375,0.1,375,2491,2500,0.9,0.5,20.5,2491,2500,0.9,0.5,20.5,0.9,TRUE,solved,2490,294,2490_S001,near,1,0.16340000000000002,0.001557,0.002951,0.1348,0.027,0.029951,0.19490800000000003,0.16340000000000002,0.1348,0.029951,0.19490800000000003,9.13,11.438032000000003,7016.873,2491->2341->2328->2326->2320->2317->2305->1863->1860->1841->1840->1832->1827->1826->1814->1813->1807->1465->1460->1430->1423->1113->1129->1111->1099->1089->1075->1069->711->708->387->164->8->4->3->2->401->406->748->749->753->763->765->764->766->783->784->791->1175->1178->1192->1204->1182->1184->1193->1205->1528->1540->1542->1554->1555->1568->1576->1582->1583->1594->1586->1590->1600->1618->1593->1601->1604->1595->2013->2047->2050->2382->2388->2389->2409->2405->2416->2417->2422->2425->2455->2430->2439->2441->2452->2456->2473->2461->2466->2476->2485->2490,2490->2500,RESULTS/ACO/log_aco_spot.csv
GA,N2500_PS_edge_density_denser_9110_I1,N2500_PS_edge_density_denser_9110_I1.dat,parameter_sensitivity/medium_large/N2500_PS_edge_density_denser_9110_I1.dat,parameter_sensitivity,N2500,SUMO,edge_density,edge_density,9110,2500,9360,125,3732,375,0.1,375,2491,2500,0.9,0.5,20.5,2491,2500,0.9,0.5,20.5,0.9,TRUE,solved,2425,690,2425_S002,near,1,0.19890000000000002,0.002389,0.005949,0.3145,0.0629,0.068849,0.270138,0.19890000000000002,0.3145,0.068849,0.270138,7.15,15.302451999999999,90034.236,2491->2487->2484->2481->2478->2468->2448->2443->2458->2442->2426->2412->2401->2400->2404->2395->2379->2374->2370->2369->2030->2033->2038->1702->1677->1681->1689->1311->1027->1006->1033->538->566->561->532->232->456->466->262->142->160->167->158->173->573->893->887->889->882->1251->1583->1594->1586->1590->1600->1599->1618->1593->1601->1604->1595->2013->2047->2049->2065->2081->2089->2388->2399->2389->2409->2405->2229->2425,2425->2500,RESULTS/GA/log_ga_spot.csv
Optimization,N2500_PS_edge_density_denser_9110_I1,N2500_PS_edge_density_denser_9110_I1.dat,parameter_sensitivity/medium_large/N2500_PS_edge_density_denser_9110_I1.dat,parameter_sensitivity,N2500,SUMO,edge_density,edge_density,9110,2500,9360,125,3732,375,0.1,375,2491,2500,0.9,0.5,20.5,2491,2500,0.9,0.5,20.5,0.9,TRUE,inferred_from_previous_exact_lot_solution,2490,294,2490_S001,near,1,0.1946,0.001557,0.002951,0.1348,0.027,0.029951,0.226108,0.1946,0.1348,0.029951,0.226108,9.13,13.122832,1017584.502,2491->2487->2484->2481->2478->2468->2448->2443->2458->2442->2426->2412->2401->2400->2395->2391->2379->2374->2370->2369->2030->2044->2028->1673->1665->1672->1687->1677->1681->1689->1311->1027->1006->1052->543->540->538->479->475->160->117->115->105->95->224->212->173->573->893->894->910->933->944->1364->1348->1330->1322->1296->1278->1275->1269->1594->1583->1582->1576->1986->1982->1978->1980->1969->1951->1941->1940->2248->2229->2490,2490->2500,RESULTS/COMBINED_ALL_METHODS/results_all_methods_parameter_sensitivity_spot_level.csv
PSO,N2500_PS_edge_density_denser_9110_I1,N2500_PS_edge_density_denser_9110_I1.dat,parameter_sensitivity/medium_large/N2500_PS_edge_density_denser_9110_I1.dat,parameter_sensitivity,N2500,SUMO,edge_density,edge_density,9110,2500,9360,125,3732,375,0.1,375,2491,2500,0.9,0.5,20.5,2491,2500,0.9,0.5,20.5,0.9,TRUE,solved,2490,294,2490_S001,near,1,0.18619999999999992,0.001557,0.002951,0.1348,0.027,0.029951,0.21770799999999993,0.18619999999999992,0.1348,0.029951,0.21770799999999993,9.13,12.669231999999996,425660.833,2491->2487->2484->2481->2478->2468->2448->2443->2458->2442->2426->2412->2401->2400->2395->2379->2374->2370->2369->2030->2044->2028->1673->1665->1672->1687->1677->1681->1689->1311->1027->1006->1052->543->540->538->479->475->160->142->124->118->95->224->212->173->573->893->887->882->1251->1583->1594->1586->1588->1590->2002->2001->1991->1987->1986->1982->1978->1980->1969->1951->1941->1940->2248->2229->2490,2490->2500,RESULTS/PSO/log_pso_spot.csv
ACO,N2500_PS_edge_density_densest_9942_I1,N2500_PS_edge_density_densest_9942_I1.dat,parameter_sensitivity/medium_large/N2500_PS_edge_density_densest_9942_I1.dat,parameter_sensitivity,N2500,SUMO,edge_density,edge_density,9942,2500,10192,125,3732,375,0.1,375,2491,2500,0.9,0.5,20.5,2491,2500,0.9,0.5,20.5,0.9,TRUE,solved,2490,294,2490_S001,near,1,0.16179999999999994,0.001557,0.002951,0.1348,0.027,0.029951,0.19330799999999995,0.16179999999999994,0.1348,0.029951,0.19330799999999995,9.13,11.351631999999997,4516.01,2491->2341->1895->1894->1893->1882->1587->1252->1219->1206->1228->888->885->878->877->874->865->857->856->851->818->813->810->805->786->762->450->193->81->77->72->379->384->394->407->396->397->401->406->398->403->749->753->763->765->764->766->783->784->791->815->816->821->826->830->839->1223->1229->1230->1241->1232->1237->1242->1244->1251->1583->1594->1586->1590->2002->2351->2361->2365->2383->2371->2382->2388->2389->2409->2405->2416->2417->2422->2425->2455->2430->2439->2441->2452->2456->2473->2461->2466->2476->2485->2490,2490->2500,RESULTS/ACO/log_aco_spot.csv
GA,N2500_PS_edge_density_densest_9942_I1,N2500_PS_edge_density_densest_9942_I1.dat,parameter_sensitivity/medium_large/N2500_PS_edge_density_densest_9942_I1.dat,parameter_sensitivity,N2500,SUMO,edge_density,edge_density,9942,2500,10192,125,3732,375,0.1,375,2491,2500,0.9,0.5,20.5,2491,2500,0.9,0.5,20.5,0.9,TRUE,solved,2476,340,2476_S001,near,1,0.18330000000000005,0.001603,0.003195,0.1661,0.0332,0.036395,0.22129800000000005,0.18330000000000005,0.1661,0.036395,0.22129800000000005,6.66,12.616092000000004,27979.316,2491->2341->2332->2340->2347->1955->1640->1643->1649->1655->1664->1665->1298->988->1019->1018->548->458->466->124->211->195->569->889->882->880->870->867->866->876->864->860->852->849->854->839->830->826->821->822->816->815->1191->1199->1204->1182->1184->1518->1531->1521->1890->1875->2217->2229->2476,2476->2500,RESULTS/GA/log_ga_spot.csv
Optimization,N2500_PS_edge_density_densest_9942_I1,N2500_PS_edge_density_densest_9942_I1.dat,parameter_sensitivity/medium_large/N2500_PS_edge_density_densest_9942_I1.dat,parameter_sensitivity,N2500,SUMO,edge_density,edge_density,9942,2500,10192,125,3732,375,0.1,375,2491,2500,0.9,0.5,20.5,2491,2500,0.9,0.5,20.5,0.9,TRUE,inferred_from_previous_exact_lot_solution,2490,294,2490_S001,near,1,0.16179999999999994,0.001557,0.002951,0.1348,0.027,0.029951,0.19330799999999995,0.16179999999999994,0.1348,0.029951,0.19330799999999995,9.13,11.351631999999997,4516.01,2491->2341->1895->1894->1893->1882->1587->1252->1219->1206->1228->888->885->878->877->874->865->857->856->851->818->813->810->805->786->762->450->193->81->77->72->379->384->394->407->396->397->401->406->398->403->749->753->763->765->764->766->783->784->791->815->816->821->826->830->839->1223->1229->1230->1241->1232->1237->1242->1244->1251->1583->1594->1586->1590->2002->2351->2361->2365->2383->2371->2382->2388->2389->2409->2405->2416->2417->2422->2425->2455->2430->2439->2441->2452->2456->2473->2461->2466->2476->2485->2490,2490->2500,RESULTS/COMBINED_ALL_METHODS/results_all_methods_parameter_sensitivity_spot_level.csv
PSO,N2500_PS_edge_density_densest_9942_I1,N2500_PS_edge_density_densest_9942_I1.dat,parameter_sensitivity/medium_large/N2500_PS_edge_density_densest_9942_I1.dat,parameter_sensitivity,N2500,SUMO,edge_density,edge_density,9942,2500,10192,125,3732,375,0.1,375,2491,2500,0.9,0.5,20.5,2491,2500,0.9,0.5,20.5,0.9,TRUE,solved,2382,101,2382_S001,near,1,0.16779999999999998,0.00205,0.005521,0.4593,0.0919,0.097421,0.267271,0.16779999999999998,0.4593,0.097421,0.267271,6.72,15.104633999999999,149634.556,2491->2341->2332->1894->1893->1882->1587->1825->1812->1501->1491->1132->792->284->266->131->128->195->569->889->882->1251->1583->1594->1586->1590->2002->2351->2368->2361->2365->2383->2371->2382,2382->2500,RESULTS/PSO/log_pso_spot.csv
ACO,N2500_PS_parking_budget_Cmax100_I1,N2500_PS_parking_budget_Cmax100_I1.dat,parameter_sensitivity/medium_large/N2500_PS_parking_budget_Cmax100_I1.dat,parameter_sensitivity,N2500,Cmax100,parking_budget_cmax,parking_budget_cmax,10.0,2500,7696,125,3732,375,0.1,375,2491,2500,0.9,0.5,10.0,2491,2500,0.9,0.5,10.0,0.9,TRUE,solved,2476,340,2476_S001,near,1,0.2046000000000003,0.001603,0.003195,0.1661,0.0332,0.036395,0.2425980000000003,0.2046000000000003,0.1661,0.036395,0.2425980000000003,6.66,13.766292000000018,20274.999,2491->2341->2328->2326->2320->2317->2305->2300->2282->2268->2263->2256->2252->2251->2247->2244->2240->2226->2237->2220->2235->2218->2228->2214->2211->2202->2178->2156->2183->2170->2155->2154->2130->2109->2098->2085->2072->2082->2069->2046->2038->2033->2030->2044->2028->2014->1968->1955->1902->1895->1894->1893->1882->1872->1864->1869->1863->1860->1841->1840->1832->1827->1826->1814->1813->1807->1789->1788->1781->1779->1774->1784->1780->1778->1767->1764->1740->1736->1735->1731->1718->1713->1707->1693->1681->1677->1687->1672->1665->1673->1664->1655->1649->1643->1637->1628->1610->1587->1579->1552->1550->1548->1530->1537->1525->1492->1490->1488->1495->1479->1486->1471->1465->1460->1430->1423->1406->1401->1391->1384->1380->1374->1373->1369->1359->1355->1344->1311->1301->1310->1298->1290->1281->1274->1270->1279->1262->1257->1254->1252->1219->1206->1228->1212->1203->1194->1197->1177->1170->1153->1152->1149->1142->1134->1130->1125->1117->1113->1129->1111->1099->1089->1075->1069->1065->1064->1063->1051->1042->1039->1050->1037->1036->1027->1006->988->981->969->929->924->917->912->904->903->896->892->905->888->885->878->877->874->865->861->857->856->851->818->813->810->812->805->786->762->761->757->755->725->715->711->723->705->696->691->697->698->689->687->681->674->667->659->657->636->609->599->592->588->576->574->586->568->575->564->560->549->547->545->543->540->538->561->532->542->534->539->526->525->527->508->501->476->469->463->450->436->430->408->393->387->372->375->371->362->373->356->350->353->348->346->349->334->337->331->329->324->321->309->298->299->296->289->284->266->262->259->254->235->233->232->230->229->217->228->210->206->209->201->198->196->193->190->183->178->174->168->164->163->162->155->108->51->50->82->81->77->69->68->63->21->1->5->6->10->11->15->24->19->28->22->30->34->54->29->49->85->100->119->114->122->123->125->133->134->181->143->146->156->166->158->173->185->192->204->202->260->263->275->288->290->293->306->317->358->363->379->384->394->407->396->397->401->406->398->403->413->440->449->455->460->468->471->482->497->517->518->537->546->551->553->555->562->569->570->573->593->600->602->615->628->637->642->658->668->694->700->713->721->734->745->748->749->753->763->765->764->766->783->784->791->815->816->821->826->830->839->854->849->852->860->864->866->867->870->880->882->887->893->894->910->933->944->946->948->976->978->985->991->995->1017->1024->1031->1071->1077->1079->1091->1100->1110->1120->1122->1139->1167->1168->1181->1175->1178->1192->1204->1182->1184->1193->1205->1210->1223->1229->1230->1241->1232->1237->1242->1244->1251->1269->1275->1278->1296->1322->1330->1348->1364->1353->1358->1361->1362->1368->1379->1381->1387->1390->1403->1417->1434->1426->1428->1453->1462->1463->1481->1497->1500->1502->1503->1508->1510->1512->1531->1518->1528->1540->1542->1554->1555->1568->1576->1582->1583->1594->1586->1590->1600->1618->1593->1601->1604->1607->1616->1620->1633->1641->1680->1688->1719->1739->1751->1755->1757->1776->1777->1798->1782->1791->1785->1818->1821->1823->1824->1857->1859->1861->1871->1890->1907->1906->1940->1941->1951->1969->1980->1978->1982->1987->1991->2001->2002->2005->2013->2047->2059->2063->2071->2074->2077->2079->2099->2100->2116->2118->2121->2134->2137->2148->2158->2169->2171->2174->2181->2195->2186->2196->2204->2208->2212->2217->2229->2461->2466->2476,2476->2500,RESULTS/ACO/log_aco_spot.csv
GA,N2500_PS_parking_budget_Cmax100_I1,N2500_PS_parking_budget_Cmax100_I1.dat,parameter_sensitivity/medium_large/N2500_PS_parking_budget_Cmax100_I1.dat,parameter_sensitivity,N2500,Cmax100,parking_budget_cmax,parking_budget_cmax,10.0,2500,7696,125,3732,375,0.1,375,2491,2500,0.9,0.5,10.0,2491,2500,0.9,0.5,10.0,0.9,TRUE,solved,2476,340,2476_S001,near,1,0.30320000000000097,0.001603,0.003195,0.1661,0.0332,0.036395,0.341198000000001,0.30320000000000097,0.1661,0.036395,0.341198000000001,6.66,19.090692000000054,54734.82,2491->2493->2484->2481->2341->2332->2328->2326->2320->2317->2305->2311->2300->2282->2268->2263->2256->2252->2251->2247->2257->2244->2240->2226->2237->2223->2220->2235->2236->2218->2228->2211->2202->2187->2178->2156->2183->2170->2155->2154->2130->2109->2098->2085->2072->2078->2069->2046->2038->2033->2030->2044->2028->2017->2014->1968->1955->1902->1895->1894->1893->1882->1872->1864->1869->1863->1860->1841->1840->1832->1827->1826->1814->1813->1807->1789->1788->1781->1779->1774->1784->1780->1778->1766->1767->1764->1740->1736->1735->1731->1718->1713->1707->1693->1681->1677->1687->1672->1665->1673->1664->1655->1649->1640->1643->1637->1628->1625->1610->1587->1579->1552->1550->1548->1530->1537->1525->1524->1492->1490->1488->1495->1479->1486->1471->1465->1460->1430->1423->1406->1401->1391->1384->1380->1374->1373->1369->1359->1355->1344->1311->1301->1310->1298->1290->1281->1274->1270->1279->1262->1257->1254->1234->1231->1219->1206->1228->1212->1203->1194->1197->1183->1177->1170->1153->1152->1149->1142->1134->1130->1125->1117->1113->1129->1111->1099->1089->1075->1069->1065->1064->1063->1051->1042->1039->1050->1037->1036->1027->1006->988->981->969->929->924->917->912->907->904->903->896->892->905->888->885->878->877->874->865->857->856->851->818->813->810->805->786->762->761->757->755->741->725->715->711->708->705->696->691->697->689->687->695->681->674->667->659->669->657->636->609->599->592->588->576->574->586->568->575->564->560->549->547->545->543->540->538->561->532->542->530->539->526->525->527->508->501->476->469->463->450->437->436->430->415->408->393->387->381->372->375->371->362->361->626->353->348->346->614->337->331->329->587->577->559->558->552->321->309->298->299->500->284->266->262->259->254->235->233->438->206->209->410->404->392->196->193->190->183->339->338->341->333->168->164->163->175->105->108->112->117->120->130->272->153->147->278->277->132->137->107->83->93->157->159->101->82->81->77->75->179->176->171->148->145->113->106->221->15->18->24->19->28->22->26->33->32->30->34->54->53->89->29->49->121->94->67->85->100->119->114->129->122->123->125->133->134->181->143->146->156->166->167->158->211->212->224->227->231->192->199->197->204->202->260->265->263->268->275->288->290->293->306->317->358->363->379->384->402->394->407->396->397->401->406->398->403->413->440->454->449->455->460->461->468->462->471->482->497->517->518->536->537->546->551->553->554->555->562->569->570->573->593->600->602->615->628->637->642->658->668->694->700->709->713->721->734->745->748->749->753->763->764->766->783->793->784->791->815->816->821->826->830->839->842->849->852->860->864->866->867->870->880->882->889->887->893->894->910->933->944->946->948->976->978->985->991->995->1017->1024->1031->1071->1077->1079->1091->1100->1110->1120->1116->1122->1139->1167->1168->1181->1173->1175->1189->1192->1204->1180->1182->1184->1193->1205->1210->1223->1229->1230->1241->1232->1237->1242->1244->1251->1269->1275->1278->1296->1322->1330->1348->1364->1353->1358->1361->1362->1368->1385->1379->1381->1387->1390->1403->1417->1408->1434->1428->1453->1462->1463->1481->1497->1500->1502->1503->1508->1510->1512->1531->1522->1518->1528->1540->1542->1554->1555->1568->1576->1582->1583->1594->1586->1588->1590->1600->1618->1593->1601->1604->1607->1616->1620->1633->1641->1680->1688->1719->1739->1751->1755->1757->1776->1777->1794->1798->1782->1785->1818->1834->1821->1823->1824->1857->1861->1871->1890->1907->1906->1940->1941->1951->1969->1980->1978->1982->1987->1991->2001->2002->2005->2013->2047->2050->2065->2081->2096->2089->2110->2063->2071->2074->2077->2079->2099->2108->2100->2116->2118->2121->2134->2137->2148->2158->2169->2171->2159->2174->2181->2195->2186->2196->2207->2204->2208->2212->2217->2229->2456->2460->2473->2461->2466->2476,2476->2500,RESULTS/GA/log_ga_spot.csv
Optimization,N2500_PS_parking_budget_Cmax100_I1,N2500_PS_parking_budget_Cmax100_I1.dat,parameter_sensitivity/medium_large/N2500_PS_parking_budget_Cmax100_I1.dat,parameter_sensitivity,N2500,Cmax100,parking_budget_cmax,parking_budget_cmax,10.0,2500,7696,125,3732,375,0.1,375,2491,2500,0.9,0.5,10.0,2491,2500,0.9,0.5,10.0,0.9,TRUE,inferred_from_previous_exact_lot_solution,2476,340,2476_S001,near,1,0.27780000000000044,0.001603,0.003195,0.1661,0.0332,0.036395,0.31579800000000047,0.27780000000000044,0.1661,0.036395,0.31579800000000047,6.66,17.719092000000025,1046712.531,2491->2341->2328->2326->2320->2317->2300->2282->2268->2263->2256->2252->2251->2247->2244->2240->2226->2237->2220->2235->2236->2218->2228->2214->2211->2202->2178->2156->2170->2155->2154->2130->2109->2098->2085->2072->2082->2078->2069->2046->2038->2033->2030->2044->2028->2014->1968->1955->1902->1895->1894->1893->1882->1872->1864->1869->1863->1860->1841->1840->1832->1827->1826->1814->1813->1807->1789->1788->1781->1779->1774->1784->1780->1778->1767->1764->1763->1740->1736->1735->1731->1718->1713->1707->1693->1689->1681->1677->1672->1665->1664->1655->1649->1643->1637->1628->1610->1587->1579->1552->1550->1548->1530->1537->1525->1492->1490->1488->1495->1479->1486->1471->1465->1460->1430->1423->1401->1391->1384->1380->1374->1373->1369->1359->1355->1344->1311->1301->1310->1298->1290->1281->1274->1270->1279->1262->1257->1254->1234->1219->1206->1212->1203->1194->1197->1177->1170->1153->1152->1149->1142->1134->1130->1125->1117->1113->1129->1111->1099->1089->1075->1069->1065->1064->1063->1051->1042->1039->1050->1037->1036->1027->1006->988->981->969->929->924->917->912->904->903->896->892->905->888->885->878->877->874->865->857->856->851->813->810->805->786->762->776->757->755->725->715->711->723->705->696->691->697->689->687->681->674->667->659->657->636->609->599->592->588->576->574->586->568->575->581->560->549->547->545->543->540->566->561->532->542->530->539->526->524->522->508->519->501->476->469->463->450->436->430->415->408->393->387->372->381->688->373->362->626->625->346->577->559->314->491->266->262->464->456->457->206->209->201->198->196->390->383->385->183->178->174->168->370->339->338->335->341->333->326->318->301->278->147->137->107->83->97->136->214->188->249->252->256->222->359->24->19->20->32->26->22->30->34->54->29->49->85->100->119->114->122->123->125->133->152->134->181->143->146->216->223->211->170->173->212->227->231->197->204->202->260->265->263->275->288->290->293->306->317->358->363->379->384->394->407->396->397->401->406->398->403->413->440->449->453->455->460->461->462->471->482->495->497->517->518->537->546->551->553->555->562->569->570->573->593->600->602->615->628->637->642->658->668->694->700->709->713->721->734->745->748->749->753->763->764->766->783->784->791->815->816->821->826->830->839->854->849->852->860->864->866->867->870->880->882->887->893->894->910->933->944->946->956->976->978->985->991->995->1017->1024->1031->1071->1077->1079->1091->1100->1110->1120->1116->1122->1139->1167->1168->1181->1175->1189->1191->1199->1204->1180->1182->1184->1193->1205->1210->1223->1229->1230->1241->1232->1237->1242->1244->1251->1269->1275->1278->1296->1322->1330->1348->1364->1353->1358->1366->1362->1368->1379->1381->1387->1390->1403->1417->1408->1426->1428->1453->1462->1463->1481->1497->1500->1502->1503->1508->1510->1512->1531->1518->1528->1540->1542->1554->1555->1568->1576->1582->1583->1594->1586->1588->1599->1600->1618->1593->1601->1604->1607->1616->1620->1633->1641->1680->1688->1719->1739->1751->1755->1757->1776->1777->1798->1782->1785->1818->1821->1823->1824->1857->1859->1861->1871->1890->1907->1906->1940->1941->1951->1969->1980->1978->1982->1987->1991->2001->2002->2005->2013->2047->2049->2065->2081->2096->2110->2063->2071->2074->2077->2079->2099->2108->2100->2116->2118->2121->2134->2137->2148->2158->2169->2159->2174->2181->2186->2196->2207->2204->2208->2212->2217->2229->2476,2476->2500,RESULTS/COMBINED_ALL_METHODS/results_all_methods_parameter_sensitivity_spot_level.csv
PSO,N2500_PS_parking_budget_Cmax100_I1,N2500_PS_parking_budget_Cmax100_I1.dat,parameter_sensitivity/medium_large/N2500_PS_parking_budget_Cmax100_I1.dat,parameter_sensitivity,N2500,Cmax100,parking_budget_cmax,parking_budget_cmax,10.0,2500,7696,125,3732,375,0.1,375,2491,2500,0.9,0.5,10.0,2491,2500,0.9,0.5,10.0,0.9,TRUE,solved,2425,689,2425_S001,near,1,0.2833000000000006,0.001791,0.004334,0.3145,0.0629,0.067234,0.3523250000000006,0.2833000000000006,0.3145,0.067234,0.3523250000000006,7.05,19.730550000000033,762322.634,2491->2493->2487->2484->2341->2328->2326->2320->2317->2300->2282->2268->2263->2256->2252->2251->2247->2257->2240->2226->2237->2220->2235->2236->2218->2228->2214->2211->2202->2178->2156->2183->2155->2154->2130->2109->2098->2085->2072->2082->2069->2046->2038->2033->2030->2044->2028->2014->1968->1955->1902->1895->1894->1893->1882->1872->1864->1869->1863->1860->1841->1840->1832->1827->1826->1814->1813->1807->1789->1788->1781->1779->1774->1784->1780->1778->1766->1764->1740->1736->1735->1731->1718->1713->1707->1693->1681->1677->1672->1665->1664->1655->1649->1640->1643->1637->1628->1625->1610->1587->1579->1552->1550->1548->1547->1530->1537->1525->1492->1490->1488->1495->1479->1486->1471->1465->1460->1430->1423->1401->1391->1384->1380->1374->1373->1369->1359->1355->1344->1311->1301->1310->1298->1290->1281->1274->1270->1279->1262->1257->1254->1234->1219->1206->1212->1203->1194->1197->1183->1177->1170->1153->1152->1149->1142->1134->1130->1125->1117->1113->1129->1111->1105->1099->1089->1075->1069->1065->1064->1063->1051->1042->1039->1050->1037->1036->1027->1006->988->981->969->929->924->917->912->904->903->896->892->905->888->885->878->877->874->865->861->857->856->851->818->813->810->812->805->786->762->776->757->755->725->715->711->723->705->696->691->697->698->689->687->681->674->667->659->669->657->636->609->599->592->588->576->574->586->568->575->581->560->549->547->545->543->540->538->561->532->542->534->539->526->525->527->519->501->476->469->463->731->744->467->450->436->726->720->714->408->393->387->372->375->371->688->373->356->350->365->348->346->558->321->324->516->509->296->289->284->266->262->259->254->235->233->232->230->229->217->228->410->404->198->196->193->190->183->178->174->168->333->326->318->162->155->108->51->50->82->81->77->78->102->75->179->10->6->5->2->7->14->16->17->18->24->19->28->20->32->30->34->54->29->53->89->98->121->85->111->119->114->122->123->125->133->134->181->143->194->189->216->156->187->177->167->158->173->212->227->231->197->204->202->260->263->268->275->288->290->293->306->317->358->363->379->384->394->407->396->397->401->406->398->403->413->440->449->455->460->468->471->482->497->517->518->537->546->551->553->555->562->569->570->573->593->600->602->615->628->637->642->658->668->694->700->713->721->734->745->748->749->753->763->765->764->766->783->784->791->815->816->822->821->826->830->839->842->849->852->860->864->866->867->870->880->882->887->893->894->910->933->944->946->948->976->978->985->991->995->1011->1017->1024->1031->1068->1071->1077->1079->1091->1100->1110->1120->1122->1139->1167->1168->1181->1175->1178->1192->1180->1182->1184->1193->1205->1210->1223->1229->1230->1241->1232->1237->1242->1244->1251->1269->1275->1278->1296->1322->1330->1348->1364->1353->1358->1361->1362->1368->1379->1381->1387->1390->1403->1417->1434->1428->1453->1462->1463->1481->1497->1500->1502->1503->1508->1510->1512->1531->1518->1528->1540->1542->1554->1555->1568->1576->1582->1583->1594->1586->1588->1599->1618->1593->1601->1595->1607->1616->1620->1633->1641->1680->1688->1719->1739->1751->1755->1757->1776->1777->1798->1782->1785->1818->1834->1821->1823->1824->1857->1861->1871->1875->1890->1907->1906->1940->1941->1951->1969->1980->1978->1982->1987->1991->2001->2002->2005->2013->2047->2059->2050->2049->2065->2081->2089->2110->2063->2071->2074->2077->2079->2099->2100->2116->2118->2121->2134->2137->2148->2158->2169->2171->2174->2181->2186->2196->2204->2208->2212->2217->2229->2425,2425->2500,RESULTS/PSO/log_pso_spot.csv
ACO,N2500_PS_parking_budget_Cmax150_I1,N2500_PS_parking_budget_Cmax150_I1.dat,parameter_sensitivity/medium_large/N2500_PS_parking_budget_Cmax150_I1.dat,parameter_sensitivity,N2500,Cmax150,parking_budget_cmax,parking_budget_cmax,15.0,2500,7696,125,3732,375,0.1,375,2491,2500,0.9,0.5,15.0,2491,2500,0.9,0.5,15.0,0.9,TRUE,solved,2476,340,2476_S001,near,1,0.2046000000000003,0.001603,0.003195,0.1661,0.0332,0.036395,0.2425980000000003,0.2046000000000003,0.1661,0.036395,0.2425980000000003,6.66,13.766292000000018,22536.23,2491->2341->2328->2326->2320->2317->2305->2300->2282->2268->2263->2256->2252->2251->2247->2244->2240->2226->2237->2220->2235->2218->2228->2214->2211->2202->2178->2156->2183->2170->2155->2154->2130->2109->2098->2085->2072->2082->2069->2046->2038->2033->2030->2044->2028->2014->1968->1955->1902->1895->1894->1893->1882->1872->1864->1869->1863->1860->1841->1840->1832->1827->1826->1814->1813->1807->1789->1788->1781->1779->1774->1784->1780->1778->1767->1764->1740->1736->1735->1731->1718->1713->1707->1693->1681->1677->1687->1672->1665->1673->1664->1655->1649->1643->1637->1628->1610->1587->1579->1552->1550->1548->1530->1537->1525->1492->1490->1488->1495->1479->1486->1471->1465->1460->1430->1423->1406->1401->1391->1384->1380->1374->1373->1369->1359->1355->1344->1311->1301->1310->1298->1290->1281->1274->1270->1279->1262->1257->1254->1252->1219->1206->1228->1212->1203->1194->1197->1177->1170->1153->1152->1149->1142->1134->1130->1125->1117->1113->1129->1111->1099->1089->1075->1069->1065->1064->1063->1051->1042->1039->1050->1037->1036->1027->1006->988->981->969->929->924->917->912->904->903->896->892->905->888->885->878->877->874->865->861->857->856->851->818->813->810->812->805->786->762->761->757->755->725->715->711->723->705->696->691->697->698->689->687->681->674->667->659->657->636->609->599->592->588->576->574->586->568->575->564->560->549->547->545->543->540->538->561->532->542->534->539->526->525->527->508->501->476->469->463->450->436->430->408->393->387->372->375->371->362->373->356->350->353->348->346->349->334->337->331->329->324->321->309->298->299->296->289->284->266->262->259->254->235->233->232->230->229->217->228->210->206->209->201->198->196->193->190->183->178->174->168->164->163->162->155->108->51->50->82->81->77->69->68->63->21->1->5->6->10->11->15->24->19->28->22->30->34->54->29->49->85->100->119->114->122->123->125->133->134->181->143->146->156->166->158->173->185->192->204->202->260->263->275->288->290->293->306->317->358->363->379->384->394->407->396->397->401->406->398->403->413->440->449->455->460->468->471->482->497->517->518->537->546->551->553->555->562->569->570->573->593->600->602->615->628->637->642->658->668->694->700->713->721->734->745->748->749->753->763->765->764->766->783->784->791->815->816->821->826->830->839->854->849->852->860->864->866->867->870->880->882->887->893->894->910->933->944->946->948->976->978->985->991->995->1017->1024->1031->1071->1077->1079->1091->1100->1110->1120->1122->1139->1167->1168->1181->1175->1178->1192->1204->1182->1184->1193->1205->1210->1223->1229->1230->1241->1232->1237->1242->1244->1251->1269->1275->1278->1296->1322->1330->1348->1364->1353->1358->1361->1362->1368->1379->1381->1387->1390->1403->1417->1434->1426->1428->1453->1462->1463->1481->1497->1500->1502->1503->1508->1510->1512->1531->1518->1528->1540->1542->1554->1555->1568->1576->1582->1583->1594->1586->1590->1600->1618->1593->1601->1604->1607->1616->1620->1633->1641->1680->1688->1719->1739->1751->1755->1757->1776->1777->1798->1782->1791->1785->1818->1821->1823->1824->1857->1859->1861->1871->1890->1907->1906->1940->1941->1951->1969->1980->1978->1982->1987->1991->2001->2002->2005->2013->2047->2059->2063->2071->2074->2077->2079->2099->2100->2116->2118->2121->2134->2137->2148->2158->2169->2171->2174->2181->2195->2186->2196->2204->2208->2212->2217->2229->2461->2466->2476,2476->2500,RESULTS/ACO/log_aco_spot.csv
GA,N2500_PS_parking_budget_Cmax150_I1,N2500_PS_parking_budget_Cmax150_I1.dat,parameter_sensitivity/medium_large/N2500_PS_parking_budget_Cmax150_I1.dat,parameter_sensitivity,N2500,Cmax150,parking_budget_cmax,parking_budget_cmax,15.0,2500,7696,125,3732,375,0.1,375,2491,2500,0.9,0.5,15.0,2491,2500,0.9,0.5,15.0,0.9,TRUE,solved,2490,294,2490_S001,near,1,0.33520000000000133,0.001557,0.002951,0.1348,0.027,0.029951,0.3667080000000013,0.33520000000000133,0.1348,0.029951,0.3667080000000013,9.13,20.71523200000007,55100.028,2491->2493->2484->2481->2341->2332->2328->2326->2320->2317->2300->2282->2268->2263->2256->2252->2251->2247->2244->2240->2226->2237->2220->2235->2236->2218->2228->2211->2202->2187->2178->2156->2183->2155->2154->2130->2109->2098->2085->2072->2078->2082->2069->2046->2038->2033->2030->2044->2028->2017->2014->1968->1955->1902->1895->1894->1893->1882->1872->1864->1869->1863->1860->1841->1840->1832->1827->1826->1814->1813->1807->1789->1806->1788->1781->1779->1774->1784->1780->1778->1766->1767->1764->1763->1740->1736->1735->1731->1718->1713->1707->1693->1689->1681->1677->1687->1672->1665->1664->1655->1649->1643->1637->1628->1625->1610->1587->1579->1552->1550->1548->1547->1530->1537->1525->1524->1492->1490->1488->1495->1479->1486->1471->1465->1460->1430->1423->1406->1401->1391->1384->1380->1374->1373->1369->1359->1355->1344->1311->1301->1310->1298->1290->1281->1274->1270->1279->1262->1257->1254->1252->1219->1206->1212->1228->1203->1194->1197->1177->1170->1153->1152->1149->1142->1134->1130->1125->1117->1113->1129->1111->1105->1099->1089->1075->1069->1065->1064->1063->1051->1042->1039->1050->1037->1036->1027->1006->988->981->969->929->924->917->912->907->904->903->896->892->905->888->885->878->877->874->865->857->856->851->813->810->805->786->762->761->776->757->755->741->725->715->711->723->705->696->691->697->689->687->695->681->674->667->659->657->636->609->599->592->588->576->574->586->568->575->564->560->549->547->545->543->540->566->561->532->542->530->539->526->524->522->527->508->519->747->737->733->469->463->450->437->727->726->430->415->422->720->714->712->706->690->680->372->375->371->362->626->365->353->348->346->577->559->314->514->523->296->299->289->493->491->284->500->492->487->266->262->479->475->458->466->456->232->230->229->217->228->410->404->392->193->196->390->383->380->370->339->338->341->335->333->326->316->318->162->175->105->118->124->107->83->97->136->127->126->116->215->182->248->253->20->32->30->33->45->27->34->54->53->29->49->85->111->119->114->122->123->125->133->134->181->143->146->189->216->187->195->211->212->173->185->227->231->192->204->202->260->263->275->288->290->293->297->306->317->358->363->379->384->402->394->407->396->397->401->406->398->399->403->413->440->449->453->455->460->468->462->471->482->497->517->518->536->537->546->551->553->555->562->569->570->573->593->600->602->615->628->637->642->658->668->694->700->709->713->721->734->745->748->749->753->763->764->766->783->793->784->791->815->816->821->826->830->839->842->849->852->860->864->866->875->867->870->880->882->889->887->893->894->910->933->944->946->956->976->978->985->991->995->1017->1024->1031->1071->1077->1079->1091->1092->1100->1110->1120->1122->1139->1167->1168->1181->1175->1189->1192->1204->1180->1182->1184->1193->1205->1210->1223->1229->1230->1241->1232->1237->1242->1244->1251->1269->1275->1278->1296->1322->1330->1348->1364->1353->1358->1361->1362->1368->1385->1379->1381->1382->1387->1390->1403->1417->1408->1426->1428->1453->1462->1463->1481->1497->1499->1500->1502->1503->1508->1510->1512->1521->1531->1518->1528->1540->1542->1554->1555->1568->1576->1582->1583->1594->1586->1588->1599->1618->1593->1601->1604->1607->1616->1620->1633->1641->1680->1688->1719->1739->1751->1755->1757->1776->1777->1794->1798->1782->1791->1785->1818->1834->1821->1823->1824->1857->1859->1877->1861->1871->1890->1907->1906->1940->1941->1951->1969->1980->1978->1982->1987->1991->2001->1992->2002->2005->2013->2047->2049->2050->2059->2063->2071->2074->2077->2079->2099->2100->2116->2118->2121->2134->2137->2148->2158->2169->2171->2159->2174->2181->2195->2186->2196->2207->2204->2208->2212->2217->2229->2451->2452->2456->2460->2473->2461->2466->2476->2485->2490,2490->2500,RESULTS/GA/log_ga_spot.csv
Optimization,N2500_PS_parking_budget_Cmax150_I1,N2500_PS_parking_budget_Cmax150_I1.dat,parameter_sensitivity/medium_large/N2500_PS_parking_budget_Cmax150_I1.dat,parameter_sensitivity,N2500,Cmax150,parking_budget_cmax,parking_budget_cmax,15.0,2500,7696,125,3732,375,0.1,375,2491,2500,0.9,0.5,15.0,2491,2500,0.9,0.5,15.0,0.9,TRUE,inferred_from_previous_exact_lot_solution,2473,415,2473_S001,near,1,0.2637000000000004,0.001698,0.003565,0.2088,0.0418,0.045364999999999996,0.31076300000000034,0.2637000000000004,0.2088,0.045364999999999996,0.31076300000000034,11.9,17.97120200000002,1691538.185,2491->2493->2487->2341->2332->2328->2326->2320->2317->2305->2300->2282->2268->2263->2256->2252->2251->2247->2244->2240->2226->2237->2220->2235->2218->2214->2228->2211->2202->2178->2156->2170->2155->2154->2130->2109->2098->2085->2072->2082->2069->2046->2038->2033->2030->2044->2028->2017->2014->1968->1955->1902->1895->1894->1893->1882->1872->1864->1869->1863->1860->1841->1840->1832->1827->1826->1814->1813->1807->1789->1788->1781->1779->1774->1784->1780->1778->1766->1764->1763->1740->1736->1735->1731->1718->1713->1707->1693->1681->1677->1672->1665->1673->1664->1655->1649->1643->1637->1628->1610->1587->1579->1552->1550->1548->1530->1537->1525->1492->1490->1488->1495->1479->1486->1471->1465->1460->1430->1423->1401->1391->1384->1386->1380->1374->1373->1369->1359->1355->1344->1311->1301->1310->1298->1290->1281->1274->1270->1279->1262->1257->1254->1252->1219->1206->1212->1203->1194->1197->1177->1170->1153->1152->1149->1142->1134->1130->1125->1117->1113->1129->1111->1099->1089->1075->1069->1065->1064->1063->1051->1042->1039->1050->1037->1036->1027->1006->988->981->969->929->924->917->912->904->903->896->892->905->888->885->878->877->874->865->857->856->851->818->813->810->805->786->762->776->757->755->741->725->715->711->723->705->696->691->697->698->689->687->681->674->667->659->657->636->609->599->592->588->576->574->586->568->575->564->560->549->547->545->543->540->538->561->548->532->542->534->539->526->525->527->508->501->476->469->463->450->436->430->720->714->712->393->387->690->680->373->356->350->365->348->346->577->324->321->314->491->487->485->492->500->259->254->457->206->210->410->198->196->193->190->183->178->174->168->164->163->175->105->110->112->52->51->50->82->81->78->182->5->1->9->10->13->14->15->17->4->8->12->24->19->28->20->32->30->26->33->27->34->54->53->29->49->85->100->119->114->122->123->125->133->134->181->191->184->189->216->187->223->211->170->173->185->192->204->202->260->263->275->288->290->293->297->306->317->358->363->379->384->394->407->396->397->401->406->398->403->413->440->449->453->455->460->461->462->471->482->497->517->518->537->546->551->553->554->555->562->569->570->573->593->600->602->615->628->637->642->658->668->694->700->713->721->734->745->748->749->753->763->765->764->766->783->793->784->791->815->816->821->826->830->839->842->849->852->860->864->866->867->870->880->882->887->893->894->910->933->944->946->956->976->978->985->991->995->1017->1024->1031->1068->1071->1077->1079->1091->1100->1110->1120->1116->1122->1139->1167->1168->1181->1175->1189->1192->1204->1182->1184->1193->1205->1210->1223->1229->1230->1241->1232->1237->1242->1244->1251->1269->1275->1278->1296->1322->1330->1348->1364->1353->1358->1361->1362->1368->1379->1381->1387->1390->1403->1417->1408->1426->1428->1453->1462->1463->1481->1497->1499->1500->1502->1503->1508->1510->1512->1531->1518->1528->1540->1542->1554->1555->1568->1576->1582->1583->1594->1586->1590->1599->1618->1593->1601->1604->1607->1616->1620->1633->1641->1680->1688->1719->1739->1751->1755->1757->1776->1777->1794->1798->1782->1785->1818->1821->1823->1824->1857->1859->1861->1871->1890->1907->1906->1940->1941->1951->1969->1980->1978->1982->1987->1991->2001->2002->2005->2013->2047->2049->2065->2059->2063->2071->2074->2077->2079->2099->2100->2116->2118->2121->2134->2137->2148->2158->2169->2171->2174->2181->2195->2186->2196->2207->2204->2208->2212->2217->2229->2441->2452->2456->2460->2473,2473->2500,RESULTS/COMBINED_ALL_METHODS/results_all_methods_parameter_sensitivity_spot_level.csv
PSO,N2500_PS_parking_budget_Cmax150_I1,N2500_PS_parking_budget_Cmax150_I1.dat,parameter_sensitivity/medium_large/N2500_PS_parking_budget_Cmax150_I1.dat,parameter_sensitivity,N2500,Cmax150,parking_budget_cmax,parking_budget_cmax,15.0,2500,7696,125,3732,375,0.1,375,2491,2500,0.9,0.5,15.0,2491,2500,0.9,0.5,15.0,0.9,TRUE,solved,2490,294,2490_S001,near,1,0.30010000000000053,0.001557,0.002951,0.1348,0.027,0.029951,0.3316080000000005,0.30010000000000053,0.1348,0.029951,0.3316080000000005,9.13,18.81983200000003,355395.802,2491->2341->2332->2328->2326->2320->2317->2300->2282->2268->2263->2256->2252->2251->2247->2244->2240->2226->2237->2220->2235->2218->2228->2211->2202->2178->2156->2170->2155->2154->2130->2109->2098->2085->2072->2082->2069->2046->2038->2033->2030->2044->2028->2017->2014->1968->1955->1902->1895->1894->1893->1882->1872->1864->1869->1863->1860->1841->1840->1832->1827->1826->1814->1813->1807->1789->1788->1781->1779->1774->1784->1780->1778->1767->1764->1740->1736->1735->1731->1718->1713->1707->1697->1693->1689->1681->1677->1687->1672->1665->1664->1655->1649->1643->1637->1628->1610->1587->1579->1552->1550->1548->1530->1537->1525->1524->1492->1490->1488->1495->1479->1486->1471->1469->1465->1460->1430->1423->1401->1391->1384->1380->1374->1373->1369->1359->1355->1344->1311->1301->1310->1298->1290->1281->1274->1270->1279->1262->1257->1254->1252->1219->1206->1212->1203->1194->1197->1177->1170->1153->1152->1149->1142->1134->1130->1125->1117->1113->1129->1111->1099->1089->1075->1069->1065->1064->1063->1051->1042->1039->1050->1037->1036->1027->1006->988->981->969->929->924->917->912->907->904->903->896->892->905->888->885->878->877->874->865->857->856->851->818->813->810->805->786->762->761->757->755->725->715->711->708->705->696->691->697->698->689->687->681->674->667->659->657->636->609->599->592->588->576->574->586->568->575->564->560->549->547->545->543->540->566->538->561->532->542->534->824->792->772->747->519->508->501->476->469->463->450->436->430->415->408->714->712->706->387->381->690->680->373->361->626->366->349->334->337->331->521->314->491->487->500->259->254->457->206->209->201->198->196->390->383->385->380->339->174->168->341->333->326->318->162->175->105->110->118->95->87->136->214->188->249->252->221->15->24->19->28->22->26->33->27->34->54->29->89->98->94->67->85->111->119->114->129->122->123->125->133->134->181->191->184->189->216->223->211->158->170->173->212->227->231->197->199->204->202->260->265->263->268->275->288->290->293->306->317->358->363->379->384->394->407->396->397->401->406->398->403->413->440->449->455->460->461->462->471->482->497->517->518->536->537->546->551->553->555->562->569->570->573->593->600->602->615->628->637->642->658->668->694->700->713->721->734->745->748->749->753->763->764->766->783->784->791->815->816->821->826->830->839->854->849->852->860->864->866->867->870->880->882->887->893->894->910->933->944->946->956->948->976->978->985->991->995->1017->1024->1031->1071->1077->1079->1091->1100->1110->1120->1122->1139->1167->1168->1181->1175->1189->1192->1180->1204->1182->1184->1193->1205->1210->1223->1229->1230->1241->1232->1237->1242->1244->1251->1269->1275->1278->1296->1322->1330->1348->1364->1353->1358->1366->1361->1362->1368->1385->1379->1382->1387->1390->1403->1417->1408->1434->1426->1428->1453->1462->1463->1481->1497->1499->1500->1502->1503->1508->1510->1512->1521->1531->1518->1528->1540->1542->1554->1555->1568->1576->1582->1583->1594->1586->1590->1600->1618->1593->1601->1604->1607->1616->1620->1630->1633->1641->1680->1688->1719->1739->1751->1755->1757->1776->1777->1798->1782->1785->1818->1821->1823->1824->1857->1859->1861->1871->1890->1907->1906->1940->1941->1951->1969->1980->1978->1982->1986->1987->1991->2001->2002->2005->2013->2047->2059->2063->2071->2074->2077->2079->2099->2100->2116->2118->2121->2134->2137->2148->2158->2169->2159->2174->2181->2186->2196->2204->2208->2212->2217->2229->2490,2490->2500,RESULTS/PSO/log_pso_spot.csv
ACO,N2500_PS_parking_budget_Cmax205_I1,N2500_PS_parking_budget_Cmax205_I1.dat,parameter_sensitivity/medium_large/N2500_PS_parking_budget_Cmax205_I1.dat,parameter_sensitivity,N2500,Cmax205,parking_budget_cmax,parking_budget_cmax,20.5,2500,7696,125,3732,375,0.1,375,2491,2500,0.9,0.5,20.5,2491,2500,0.9,0.5,20.5,0.9,TRUE,solved,2476,340,2476_S001,near,1,0.2046000000000003,0.001603,0.003195,0.1661,0.0332,0.036395,0.2425980000000003,0.2046000000000003,0.1661,0.036395,0.2425980000000003,6.66,13.766292000000018,22955.162,2491->2341->2328->2326->2320->2317->2305->2300->2282->2268->2263->2256->2252->2251->2247->2244->2240->2226->2237->2220->2235->2218->2228->2214->2211->2202->2178->2156->2183->2170->2155->2154->2130->2109->2098->2085->2072->2082->2069->2046->2038->2033->2030->2044->2028->2014->1968->1955->1902->1895->1894->1893->1882->1872->1864->1869->1863->1860->1841->1840->1832->1827->1826->1814->1813->1807->1789->1788->1781->1779->1774->1784->1780->1778->1767->1764->1740->1736->1735->1731->1718->1713->1707->1693->1681->1677->1687->1672->1665->1673->1664->1655->1649->1643->1637->1628->1610->1587->1579->1552->1550->1548->1530->1537->1525->1492->1490->1488->1495->1479->1486->1471->1465->1460->1430->1423->1406->1401->1391->1384->1380->1374->1373->1369->1359->1355->1344->1311->1301->1310->1298->1290->1281->1274->1270->1279->1262->1257->1254->1252->1219->1206->1228->1212->1203->1194->1197->1177->1170->1153->1152->1149->1142->1134->1130->1125->1117->1113->1129->1111->1099->1089->1075->1069->1065->1064->1063->1051->1042->1039->1050->1037->1036->1027->1006->988->981->969->929->924->917->912->904->903->896->892->905->888->885->878->877->874->865->861->857->856->851->818->813->810->812->805->786->762->761->757->755->725->715->711->723->705->696->691->697->698->689->687->681->674->667->659->657->636->609->599->592->588->576->574->586->568->575->564->560->549->547->545->543->540->538->561->532->542->534->539->526->525->527->508->501->476->469->463->450->436->430->408->393->387->372->375->371->362->373->356->350->353->348->346->349->334->337->331->329->324->321->309->298->299->296->289->284->266->262->259->254->235->233->232->230->229->217->228->210->206->209->201->198->196->193->190->183->178->174->168->164->163->162->155->108->51->50->82->81->77->69->68->63->21->1->5->6->10->11->15->24->19->28->22->30->34->54->29->49->85->100->119->114->122->123->125->133->134->181->143->146->156->166->158->173->185->192->204->202->260->263->275->288->290->293->306->317->358->363->379->384->394->407->396->397->401->406->398->403->413->440->449->455->460->468->471->482->497->517->518->537->546->551->553->555->562->569->570->573->593->600->602->615->628->637->642->658->668->694->700->713->721->734->745->748->749->753->763->765->764->766->783->784->791->815->816->821->826->830->839->854->849->852->860->864->866->867->870->880->882->887->893->894->910->933->944->946->948->976->978->985->991->995->1017->1024->1031->1071->1077->1079->1091->1100->1110->1120->1122->1139->1167->1168->1181->1175->1178->1192->1204->1182->1184->1193->1205->1210->1223->1229->1230->1241->1232->1237->1242->1244->1251->1269->1275->1278->1296->1322->1330->1348->1364->1353->1358->1361->1362->1368->1379->1381->1387->1390->1403->1417->1434->1426->1428->1453->1462->1463->1481->1497->1500->1502->1503->1508->1510->1512->1531->1518->1528->1540->1542->1554->1555->1568->1576->1582->1583->1594->1586->1590->1600->1618->1593->1601->1604->1607->1616->1620->1633->1641->1680->1688->1719->1739->1751->1755->1757->1776->1777->1798->1782->1791->1785->1818->1821->1823->1824->1857->1859->1861->1871->1890->1907->1906->1940->1941->1951->1969->1980->1978->1982->1987->1991->2001->2002->2005->2013->2047->2059->2063->2071->2074->2077->2079->2099->2100->2116->2118->2121->2134->2137->2148->2158->2169->2171->2174->2181->2195->2186->2196->2204->2208->2212->2217->2229->2461->2466->2476,2476->2500,RESULTS/ACO/log_aco_spot.csv
GA,N2500_PS_parking_budget_Cmax205_I1,N2500_PS_parking_budget_Cmax205_I1.dat,parameter_sensitivity/medium_large/N2500_PS_parking_budget_Cmax205_I1.dat,parameter_sensitivity,N2500,Cmax205,parking_budget_cmax,parking_budget_cmax,20.5,2500,7696,125,3732,375,0.1,375,2491,2500,0.9,0.5,20.5,2491,2500,0.9,0.5,20.5,0.9,TRUE,solved,2476,341,2476_S002,near,1,0.30910000000000065,0.002259,0.00477,0.1661,0.0332,0.037970000000000004,0.34932900000000067,0.30910000000000065,0.1661,0.037970000000000004,0.34932900000000067,6.76,19.539766000000036,57833.986,2491->2493->2484->2487->2341->2340->2332->2328->2326->2320->2317->2300->2282->2268->2263->2256->2252->2251->2247->2257->2240->2226->2237->2223->2220->2215->2235->2218->2228->2211->2202->2178->2156->2183->2155->2154->2130->2109->2098->2085->2072->2078->2069->2046->2038->2033->2030->2044->2028->2017->2014->1968->1955->1902->1910->1894->1893->1882->1872->1864->1869->1863->1860->1841->1840->1832->1827->1826->1814->1813->1807->1789->1806->1781->1779->1774->1771->1784->1780->1778->1766->1764->1740->1736->1735->1731->1718->1713->1707->1697->1693->1681->1677->1672->1665->1664->1655->1649->1640->1643->1637->1628->1610->1587->1579->1552->1550->1548->1547->1530->1537->1525->1524->1492->1490->1488->1495->1479->1486->1471->1465->1460->1430->1423->1406->1401->1391->1384->1386->1380->1374->1373->1369->1359->1355->1344->1311->1301->1310->1298->1290->1281->1274->1270->1279->1277->1262->1257->1254->1234->1231->1219->1206->1228->1203->1194->1197->1177->1170->1153->1152->1149->1142->1134->1130->1125->1117->1113->1129->1111->1099->1089->1075->1069->1065->1064->1063->1051->1055->1042->1039->1050->1037->1036->1027->1006->988->981->969->929->924->917->912->904->903->896->892->905->888->885->878->877->874->865->857->856->851->813->810->805->786->762->776->757->755->741->725->715->711->723->708->705->696->691->697->689->687->695->681->674->667->659->657->636->609->599->592->588->576->574->586->568->575->581->564->560->549->547->545->543->540->538->561->532->542->534->539->526->524->522->508->519->747->737->476->469->463->450->439->437->436->430->408->393->387->372->375->663->677->373->356->350->626->625->606->608->616->334->558->314->491->487->492->266->262->479->475->458->464->466->456->232->230->229->420->418->409->404->198->196->193->190->183->178->174->335->341->168->370->380->339->338->164->326->316->301->318->162->155->172->175->105->95->87->99->139->136->113->35->23->21->1->2->7->14->15->11->4->8->12->24->19->20->26->33->27->45->32->30->34->54->29->89->49->85->100->111->119->114->122->123->125->133->134->181->191->143->146->216->187->177->167->158->173->185->192->231->197->204->202->260->265->263->268->275->288->290->293->297->306->317->358->363->379->384->394->407->396->397->401->406->398->403->413->440->449->453->455->460->468->471->482->495->497->517->518->536->537->546->551->553->554->555->562->569->570->573->593->600->602->615->628->637->642->658->668->694->700->709->713->721->734->745->748->749->753->763->765->764->766->783->784->791->815->816->821->826->830->839->854->849->852->860->864->876->866->867->870->880->882->889->887->893->894->910->933->944->946->956->976->978->985->991->995->1011->1017->1024->1031->1068->1071->1077->1079->1091->1092->1100->1110->1120->1122->1139->1167->1168->1181->1173->1175->1178->1189->1192->1199->1204->1182->1184->1193->1205->1210->1223->1229->1230->1241->1232->1237->1242->1244->1251->1269->1275->1278->1296->1322->1330->1348->1364->1353->1358->1361->1366->1362->1368->1379->1382->1387->1390->1403->1417->1434->1428->1453->1462->1463->1481->1497->1500->1502->1503->1508->1510->1512->1521->1522->1518->1528->1540->1542->1554->1555->1568->1576->1582->1583->1594->1586->1590->1599->1600->1618->1593->1601->1595->1607->1616->1620->1630->1633->1641->1680->1688->1719->1739->1751->1755->1757->1776->1777->1794->1798->1782->1791->1785->1818->1834->1821->1823->1824->1857->1861->1871->1890->1907->1906->1940->1941->1951->1969->1980->1978->1982->1987->1991->1992->2002->2005->2013->2047->2049->2050->2059->2081->2089->2110->2063->2071->2074->2077->2079->2099->2108->2100->2116->2118->2121->2134->2137->2148->2158->2169->2159->2174->2181->2195->2186->2196->2207->2204->2208->2212->2217->2229->2490->2499->2485->2476,2476->2500,RESULTS/GA/log_ga_spot.csv
Optimization,N2500_PS_parking_budget_Cmax205_I1,N2500_PS_parking_budget_Cmax205_I1.dat,parameter_sensitivity/medium_large/N2500_PS_parking_budget_Cmax205_I1.dat,parameter_sensitivity,N2500,Cmax205,parking_budget_cmax,parking_budget_cmax,20.5,2500,7696,125,3732,375,0.1,375,2491,2500,0.9,0.5,20.5,2491,2500,0.9,0.5,20.5,0.9,TRUE,inferred_from_previous_exact_lot_solution,2441,547,2441_S001,near,1,0.2808000000000006,0.001751,0.004,0.2683,0.0537,0.0577,0.34025100000000064,0.2808000000000006,0.2683,0.0577,0.34025100000000064,7.61,19.134554000000037,1121192.616,2491->2341->2328->2326->2320->2317->2300->2282->2268->2263->2256->2252->2251->2247->2244->2240->2226->2237->2220->2235->2218->2228->2211->2202->2178->2156->2183->2170->2155->2154->2130->2109->2098->2085->2072->2082->2069->2046->2038->2033->2030->2044->2028->2014->1968->1955->1902->1895->1894->1893->1882->1872->1864->1869->1863->1860->1841->1840->1832->1827->1826->1814->1813->1807->1789->1806->1781->1779->1774->1784->1780->1778->1767->1764->1740->1736->1735->1731->1718->1713->1707->1693->1681->1677->1687->1672->1665->1664->1655->1649->1643->1637->1628->1610->1587->1579->1552->1550->1548->1530->1537->1525->1524->1492->1490->1488->1495->1479->1486->1471->1465->1460->1430->1423->1401->1391->1384->1380->1374->1373->1369->1359->1355->1344->1311->1301->1310->1298->1290->1281->1274->1270->1279->1262->1257->1254->1234->1219->1206->1228->1212->1203->1194->1197->1177->1170->1153->1152->1149->1142->1134->1130->1125->1117->1113->1129->1111->1099->1089->1075->1069->1065->1064->1063->1051->1042->1039->1050->1037->1036->1027->1006->988->981->969->929->924->917->912->904->903->896->892->905->888->885->878->877->874->865->857->856->851->818->813->810->805->786->762->776->761->757->755->725->715->711->723->705->696->691->697->698->689->687->681->674->667->659->657->636->609->599->592->588->576->574->586->568->575->564->560->549->547->545->543->540->538->561->532->542->534->792->772->525->527->519->508->501->476->469->463->731->744->739->727->726->430->408->393->387->372->375->371->362->626->366->344->558->314->491->487->500->259->254->457->206->410->201->198->196->390->383->380->339->174->335->333->326->318->301->278->147->138->88->79->57->80->126->116->215->182->5->6->10->13->14->15->24->19->28->22->30->34->54->53->89->49->85->111->100->119->114->122->123->125->133->134->181->143->146->216->187->177->166->158->173->185->192->204->202->260->263->275->288->290->293->306->317->358->363->379->384->394->407->396->397->401->406->398->399->403->413->440->449->455->460->468->471->482->497->517->518->536->537->546->551->553->555->562->569->570->573->593->600->602->615->628->637->642->658->668->694->700->709->713->721->734->745->748->749->753->763->764->766->783->784->791->815->816->821->826->830->839->842->849->852->860->864->866->867->870->880->882->887->893->894->910->933->944->946->948->976->978->985->991->995->1017->1024->1031->1071->1077->1079->1091->1100->1110->1120->1116->1122->1139->1167->1168->1181->1175->1189->1192->1204->1182->1184->1193->1205->1210->1223->1229->1230->1241->1232->1237->1242->1244->1251->1269->1275->1278->1296->1322->1330->1348->1364->1353->1358->1361->1362->1368->1379->1382->1387->1390->1403->1417->1434->1426->1428->1453->1462->1463->1481->1497->1500->1502->1503->1508->1510->1512->1521->1531->1518->1528->1540->1542->1554->1555->1568->1576->1582->1583->1594->1586->1590->1599->1618->1593->1601->1604->1607->1616->1620->1633->1641->1680->1688->1719->1739->1751->1755->1757->1776->1777->1798->1782->1785->1818->1821->1823->1824->1857->1859->1861->1871->1875->1890->1907->1906->1940->1941->1951->1969->1980->1978->1982->1986->1987->1991->1992->2002->2005->2013->2047->2050->2065->2081->2096->2110->2063->2071->2074->2077->2079->2099->2100->2116->2118->2121->2134->2137->2148->2158->2169->2171->2159->2174->2181->2186->2196->2204->2208->2212->2217->2229->2441,2441->2500,RESULTS/COMBINED_ALL_METHODS/results_all_methods_parameter_sensitivity_spot_level.csv
PSO,N2500_PS_parking_budget_Cmax205_I1,N2500_PS_parking_budget_Cmax205_I1.dat,parameter_sensitivity/medium_large/N2500_PS_parking_budget_Cmax205_I1.dat,parameter_sensitivity,N2500,Cmax205,parking_budget_cmax,parking_budget_cmax,20.5,2500,7696,125,3732,375,0.1,375,2491,2500,0.9,0.5,20.5,2491,2500,0.9,0.5,20.5,0.9,TRUE,solved,2476,340,2476_S001,near,1,0.31290000000000084,0.001603,0.003195,0.1661,0.0332,0.036395,0.3508980000000009,0.31290000000000084,0.1661,0.036395,0.3508980000000009,6.66,19.614492000000048,786575.146,2491->2341->2340->2332->2328->2326->2320->2317->2305->2300->2282->2268->2263->2256->2252->2251->2247->2244->2240->2226->2237->2220->2235->2236->2218->2228->2211->2202->2187->2178->2156->2183->2155->2154->2130->2109->2098->2085->2072->2078->2069->2046->2038->2033->2030->2044->2028->2014->1968->1955->1902->1895->1894->1893->1882->1872->1864->1869->1863->1860->1841->1840->1832->1827->1826->1814->1813->1807->1789->1806->1781->1779->1774->1784->1780->1778->1767->1764->1763->1740->1736->1735->1731->1718->1713->1707->1693->1689->1681->1677->1687->1672->1665->1664->1655->1649->1643->1637->1628->1610->1587->1579->1552->1550->1548->1530->1537->1525->1524->1492->1490->1488->1495->1479->1486->1471->1469->1465->1460->1430->1423->1401->1391->1384->1386->1380->1374->1373->1369->1359->1355->1344->1311->1301->1310->1298->1290->1281->1274->1270->1279->1262->1257->1254->1234->1219->1206->1212->1203->1194->1197->1177->1170->1153->1152->1149->1142->1134->1130->1125->1117->1113->1129->1111->1105->1099->1089->1075->1069->1065->1064->1063->1051->1055->1042->1039->1050->1037->1036->1027->1006->988->981->969->929->924->917->912->904->903->896->892->905->888->885->878->877->874->865->857->856->851->813->810->805->786->762->776->757->755->725->715->711->723->705->696->691->697->698->689->687->681->674->667->659->657->636->609->599->592->588->576->574->586->568->575->564->560->549->547->545->543->540->538->561->532->542->534->824->792->772->747->519->508->501->476->469->733->731->744->739->450->436->430->720->422->415->408->393->688->677->660->646->638->641->631->623->365->626->366->344->346->577->559->314->493->284->500->262->466->456->457->441->438->425->206->209->201->198->196->193->190->380->178->174->335->341->338->164->163->175->105->95->87->109->127->39->38->55->37->31->69->25->36->46->35->23->21->1->5->6->10->13->14->15->24->19->28->22->26->33->27->34->54->29->53->89->98->94->67->85->100->119->114->129->122->123->125->133->134->181->143->146->216->223->211->212->224->231->197->204->202->260->265->263->268->275->288->290->293->306->317->358->363->379->384->394->407->396->397->401->406->398->399->403->413->440->449->455->460->461->462->471->482->495->497->517->518->537->546->551->553->555->562->569->570->573->593->600->602->615->628->637->642->658->668->694->700->713->721->734->745->748->749->753->763->764->766->783->793->791->815->816->821->826->830->839->854->849->852->860->864->876->866->867->870->880->882->887->893->894->910->933->944->946->948->956->976->978->985->991->995->1017->1024->1031->1071->1077->1079->1091->1092->1100->1110->1120->1116->1122->1139->1167->1168->1181->1175->1178->1192->1204->1180->1182->1184->1193->1205->1210->1223->1229->1230->1241->1232->1237->1242->1244->1251->1269->1275->1278->1296->1322->1330->1348->1364->1353->1358->1361->1362->1368->1385->1379->1381->1387->1390->1403->1417->1434->1428->1453->1462->1463->1481->1497->1500->1502->1503->1508->1510->1512->1521->1531->1518->1528->1540->1542->1554->1555->1568->1576->1582->1583->1594->1586->1588->1599->1618->1593->1601->1604->1607->1616->1620->1633->1641->1680->1688->1719->1739->1751->1755->1757->1776->1777->1798->1782->1785->1818->1821->1823->1824->1857->1859->1861->1871->1875->1890->1907->1906->1940->1941->1951->1969->1980->1978->1982->1987->1991->1992->2001->2002->2005->2013->2047->2059->2063->2071->2074->2077->2079->2099->2100->2116->2118->2121->2134->2137->2148->2158->2169->2159->2174->2181->2186->2196->2204->2208->2212->2217->2229->2473->2461->2466->2476,2476->2500,RESULTS/PSO/log_pso_spot.csv
ACO,N2500_PS_parking_budget_Cmax250_I1,N2500_PS_parking_budget_Cmax250_I1.dat,parameter_sensitivity/medium_large/N2500_PS_parking_budget_Cmax250_I1.dat,parameter_sensitivity,N2500,Cmax250,parking_budget_cmax,parking_budget_cmax,25.0,2500,7696,125,3732,375,0.1,375,2491,2500,0.9,0.5,25.0,2491,2500,0.9,0.5,25.0,0.9,TRUE,solved,2476,340,2476_S001,near,1,0.2046000000000003,0.001603,0.003195,0.1661,0.0332,0.036395,0.2425980000000003,0.2046000000000003,0.1661,0.036395,0.2425980000000003,6.66,13.766292000000018,23314.208,2491->2341->2328->2326->2320->2317->2305->2300->2282->2268->2263->2256->2252->2251->2247->2244->2240->2226->2237->2220->2235->2218->2228->2214->2211->2202->2178->2156->2183->2170->2155->2154->2130->2109->2098->2085->2072->2082->2069->2046->2038->2033->2030->2044->2028->2014->1968->1955->1902->1895->1894->1893->1882->1872->1864->1869->1863->1860->1841->1840->1832->1827->1826->1814->1813->1807->1789->1788->1781->1779->1774->1784->1780->1778->1767->1764->1740->1736->1735->1731->1718->1713->1707->1693->1681->1677->1687->1672->1665->1673->1664->1655->1649->1643->1637->1628->1610->1587->1579->1552->1550->1548->1530->1537->1525->1492->1490->1488->1495->1479->1486->1471->1465->1460->1430->1423->1406->1401->1391->1384->1380->1374->1373->1369->1359->1355->1344->1311->1301->1310->1298->1290->1281->1274->1270->1279->1262->1257->1254->1252->1219->1206->1228->1212->1203->1194->1197->1177->1170->1153->1152->1149->1142->1134->1130->1125->1117->1113->1129->1111->1099->1089->1075->1069->1065->1064->1063->1051->1042->1039->1050->1037->1036->1027->1006->988->981->969->929->924->917->912->904->903->896->892->905->888->885->878->877->874->865->861->857->856->851->818->813->810->812->805->786->762->761->757->755->725->715->711->723->705->696->691->697->698->689->687->681->674->667->659->657->636->609->599->592->588->576->574->586->568->575->564->560->549->547->545->543->540->538->561->532->542->534->539->526->525->527->508->501->476->469->463->450->436->430->408->393->387->372->375->371->362->373->356->350->353->348->346->349->334->337->331->329->324->321->309->298->299->296->289->284->266->262->259->254->235->233->232->230->229->217->228->210->206->209->201->198->196->193->190->183->178->174->168->164->163->162->155->108->51->50->82->81->77->69->68->63->21->1->5->6->10->11->15->24->19->28->22->30->34->54->29->49->85->100->119->114->122->123->125->133->134->181->143->146->156->166->158->173->185->192->204->202->260->263->275->288->290->293->306->317->358->363->379->384->394->407->396->397->401->406->398->403->413->440->449->455->460->468->471->482->497->517->518->537->546->551->553->555->562->569->570->573->593->600->602->615->628->637->642->658->668->694->700->713->721->734->745->748->749->753->763->765->764->766->783->784->791->815->816->821->826->830->839->854->849->852->860->864->866->867->870->880->882->887->893->894->910->933->944->946->948->976->978->985->991->995->1017->1024->1031->1071->1077->1079->1091->1100->1110->1120->1122->1139->1167->1168->1181->1175->1178->1192->1204->1182->1184->1193->1205->1210->1223->1229->1230->1241->1232->1237->1242->1244->1251->1269->1275->1278->1296->1322->1330->1348->1364->1353->1358->1361->1362->1368->1379->1381->1387->1390->1403->1417->1434->1426->1428->1453->1462->1463->1481->1497->1500->1502->1503->1508->1510->1512->1531->1518->1528->1540->1542->1554->1555->1568->1576->1582->1583->1594->1586->1590->1600->1618->1593->1601->1604->1607->1616->1620->1633->1641->1680->1688->1719->1739->1751->1755->1757->1776->1777->1798->1782->1791->1785->1818->1821->1823->1824->1857->1859->1861->1871->1890->1907->1906->1940->1941->1951->1969->1980->1978->1982->1987->1991->2001->2002->2005->2013->2047->2059->2063->2071->2074->2077->2079->2099->2100->2116->2118->2121->2134->2137->2148->2158->2169->2171->2174->2181->2195->2186->2196->2204->2208->2212->2217->2229->2461->2466->2476,2476->2500,RESULTS/ACO/log_aco_spot.csv
GA,N2500_PS_parking_budget_Cmax250_I1,N2500_PS_parking_budget_Cmax250_I1.dat,parameter_sensitivity/medium_large/N2500_PS_parking_budget_Cmax250_I1.dat,parameter_sensitivity,N2500,Cmax250,parking_budget_cmax,parking_budget_cmax,25.0,2500,7696,125,3732,375,0.1,375,2491,2500,0.9,0.5,25.0,2491,2500,0.9,0.5,25.0,0.9,TRUE,solved,2439,586,2439_S001,near,1,0.3160000000000007,0.00175,0.004072,0.2799,0.056,0.060072,0.3778220000000007,0.3160000000000007,0.2799,0.060072,0.3778220000000007,11.17,21.51938800000004,62936.751,2491->2487->2484->2481->2478->2468->2448->2443->2458->2442->2426->2412->2401->2400->2395->2379->2374->2370->2369->2372->2358->2390->2380->2363->2350->2347->2340->2341->2328->2326->2320->2317->2305->2300->2282->2268->2263->2256->2252->2251->2247->2257->2240->2226->2237->2223->2220->2235->2218->2214->2228->2211->2202->2178->2156->2183->2155->2154->2136->2130->2109->2098->2085->2072->2078->2082->2069->2046->2038->2033->2030->2044->2028->2014->1968->1955->1902->1910->1900->1894->1893->1882->1872->1864->1869->1863->1860->1841->1840->1832->1827->1826->1814->1813->1807->1789->1806->1781->1779->1774->1784->1780->1778->1766->1764->1740->1736->1735->1731->1718->1713->1707->1693->1681->1677->1702->1687->1672->1665->1664->1655->1649->1643->1637->1628->1625->1610->1587->1579->1552->1550->1548->1547->1530->1537->1525->1524->1492->1490->1488->1495->1479->1486->1471->1469->1465->1460->1430->1423->1401->1391->1384->1380->1374->1373->1369->1359->1355->1344->1311->1301->1310->1298->1290->1281->1274->1270->1279->1262->1257->1254->1252->1234->1231->1219->1206->1228->1212->1203->1194->1197->1177->1170->1153->1152->1149->1142->1134->1130->1125->1117->1113->1129->1111->1105->1099->1089->1075->1069->1065->1064->1063->1051->1042->1039->1050->1037->1036->1027->1006->988->981->969->929->924->917->912->907->904->903->896->892->905->888->885->878->877->874->865->857->856->851->818->813->810->812->805->786->762->776->757->755->725->715->711->708->723->705->696->691->697->698->689->687->695->681->674->667->659->669->657->636->609->599->592->588->576->574->586->568->575->581->560->549->547->545->543->540->538->561->548->532->542->534->539->526->524->522->527->519->501->737->733->731->739->450->439->437->436->430->415->408->714->712->706->690->680->373->626->625->606->616->608->346->558->314->516->529->535->523->296->298->299->289->284->266->262->479->475->458->466->456->457->254->235->438->425->206->410->404->409->198->196->390->383->190->183->178->174->339->338->164->163->162->155->172->105->115->52->61->51->50->82->101->116->215->218->220->3->13->14->15->24->19->28->22->30->34->54->53->89->49->67->94->98->121->85->100->111->119->114->129->122->123->125->133->152->134->181->143->191->184->189->216->223->195->166->156->187->177->167->158->170->211->212->173->185->192->231->197->199->204->202->260->265->263->268->275->288->290->293->306->317->358->363->379->384->402->394->407->396->397->401->406->398->399->403->413->440->449->455->460->468->462->471->482->495->497->517->518->536->537->546->551->553->554->555->562->569->570->573->593->600->602->615->628->637->642->658->668->694->700->713->721->734->745->748->749->753->763->765->764->766->783->784->793->791->815->816->822->821->826->830->839->854->849->852->860->864->866->867->870->880->882->889->887->893->894->910->933->944->946->948->976->978->985->991->995->1017->1024->1031->1071->1077->1079->1091->1092->1100->1110->1120->1116->1122->1139->1167->1168->1173->1175->1178->1192->1199->1204->1182->1184->1193->1205->1210->1223->1229->1230->1241->1232->1237->1242->1244->1251->1269->1275->1278->1296->1322->1330->1348->1364->1353->1358->1361->1362->1368->1379->1382->1387->1390->1403->1417->1408->1426->1428->1453->1462->1463->1481->1497->1499->1500->1502->1503->1508->1510->1512->1531->1518->1528->1540->1542->1554->1555->1568->1576->1582->1583->1594->1586->1590->1588->1599->1618->1593->1601->1604->1607->1616->1620->1630->1633->1641->1680->1688->1719->1739->1751->1755->1757->1776->1777->1798->1782->1791->1785->1818->1821->1823->1824->1857->1859->1877->1861->1871->1875->1890->1907->1906->1940->1941->1951->1969->1980->1978->1982->1987->1991->2001->2002->2005->2013->2047->2059->2065->2081->2089->2110->2063->2071->2074->2077->2079->2099->2100->2116->2118->2121->2134->2137->2148->2158->2169->2159->2174->2181->2195->2186->2196->2207->2204->2208->2212->2217->2229->2466->2461->2473->2456->2452->2451->2441->2439,2439->2500,RESULTS/GA/log_ga_spot.csv
Optimization,N2500_PS_parking_budget_Cmax250_I1,N2500_PS_parking_budget_Cmax250_I1.dat,parameter_sensitivity/medium_large/N2500_PS_parking_budget_Cmax250_I1.dat,parameter_sensitivity,N2500,Cmax250,parking_budget_cmax,parking_budget_cmax,25.0,2500,7696,125,3732,375,0.1,375,2491,2500,0.9,0.5,25.0,2491,2500,0.9,0.5,25.0,0.9,TRUE,inferred_from_previous_exact_lot_solution,2490,294,2490_S001,near,1,0.2655000000000005,0.001557,0.002951,0.1348,0.027,0.029951,0.2970080000000005,0.2655000000000005,0.1348,0.029951,0.2970080000000005,9.13,16.951432000000025,1166534.235,2491->2487->2341->2328->2326->2320->2317->2305->2300->2282->2268->2263->2256->2252->2251->2247->2257->2240->2226->2237->2220->2235->2218->2228->2211->2202->2178->2156->2183->2170->2155->2154->2130->2109->2098->2085->2072->2082->2078->2069->2046->2038->2033->2030->2044->2028->2014->1968->1955->1902->1895->1894->1893->1882->1872->1864->1869->1863->1860->1841->1840->1832->1827->1826->1814->1813->1807->1789->1788->1781->1779->1774->1784->1780->1778->1767->1764->1740->1736->1735->1731->1718->1713->1707->1693->1681->1677->1672->1665->1664->1655->1649->1643->1637->1628->1610->1587->1579->1552->1550->1548->1530->1537->1525->1492->1490->1488->1495->1479->1486->1471->1465->1460->1430->1423->1406->1401->1391->1384->1386->1380->1374->1373->1369->1359->1355->1344->1311->1301->1310->1298->1290->1281->1274->1270->1279->1262->1257->1254->1234->1219->1206->1228->1203->1194->1197->1177->1170->1153->1152->1149->1142->1134->1130->1125->1117->1113->1129->1111->1105->1099->1089->1075->1069->1065->1064->1063->1051->1042->1039->1050->1037->1036->1027->1006->988->981->969->929->924->917->912->904->903->896->892->905->888->885->878->877->874->865->857->856->851->813->810->812->805->786->762->761->776->757->755->725->715->711->723->705->696->691->697->698->689->687->681->674->667->659->657->636->609->599->592->588->576->574->586->568->575->564->560->549->547->545->543->540->538->561->532->542->530->539->526->525->527->508->501->476->469->463->450->439->732->739->727->726->430->422->415->408->393->387->381->372->375->371->362->626->366->349->334->337->331->329->324->516->299->289->284->266->492->485->479->475->458->466->456->457->441->438->425->424->420->217->228->210->206->209->201->198->196->193->190->380->339->370->168->164->326->318->301->278->147->138->88->79->70->65->62->41->66->56->103->220->16->14->15->24->19->20->32->33->45->27->34->54->29->49->85->100->119->114->129->122->123->125->133->152->134->181->143->146->156->187->195->211->212->227->231->197->204->202->260->263->268->275->288->290->293->306->317->358->363->379->384->394->407->396->397->401->406->398->399->403->413->440->454->449->455->460->468->471->482->495->497->517->518->537->546->551->553->555->562->569->570->573->593->600->602->615->628->637->642->658->668->694->700->713->721->734->745->748->749->753->763->765->764->766->783->784->793->791->815->816->821->826->830->839->854->849->852->860->864->866->867->870->880->882->887->893->894->910->933->944->946->948->976->978->985->991->995->1017->1024->1031->1071->1077->1079->1091->1100->1110->1120->1122->1139->1167->1168->1173->1175->1178->1192->1204->1182->1184->1193->1205->1210->1223->1229->1230->1241->1232->1237->1242->1244->1251->1269->1275->1278->1296->1322->1330->1348->1364->1353->1358->1366->1362->1368->1379->1382->1387->1390->1403->1417->1434->1426->1428->1453->1462->1463->1481->1497->1500->1502->1503->1508->1510->1512->1531->1518->1528->1540->1542->1554->1555->1568->1576->1582->1583->1594->1586->1590->1600->1618->1593->1601->1604->1595->1607->1616->1620->1633->1641->1680->1688->1719->1739->1751->1755->1757->1776->1777->1798->1782->1785->1818->1834->1821->1823->1824->1857->1859->1861->1871->1890->1907->1906->1940->1941->1951->1969->1980->1978->1982->1987->1991->2001->2002->2005->2013->2047->2059->2063->2071->2074->2077->2079->2099->2100->2116->2118->2121->2134->2137->2148->2158->2169->2159->2171->2174->2181->2186->2196->2204->2208->2212->2217->2229->2473->2461->2466->2476->2485->2490,2490->2500,RESULTS/COMBINED_ALL_METHODS/results_all_methods_parameter_sensitivity_spot_level.csv
PSO,N2500_PS_parking_budget_Cmax250_I1,N2500_PS_parking_budget_Cmax250_I1.dat,parameter_sensitivity/medium_large/N2500_PS_parking_budget_Cmax250_I1.dat,parameter_sensitivity,N2500,Cmax250,parking_budget_cmax,parking_budget_cmax,25.0,2500,7696,125,3732,375,0.1,375,2491,2500,0.9,0.5,25.0,2491,2500,0.9,0.5,25.0,0.9,TRUE,solved,2461,390,2461_S001,near,1,0.28120000000000045,0.001717,0.003498,0.1953,0.0391,0.042598000000000004,0.3255150000000005,0.28120000000000045,0.1953,0.042598000000000004,0.3255150000000005,7.5,18.327810000000028,330385.128,2491->2487->2493->2341->2328->2326->2320->2317->2305->2300->2282->2268->2263->2256->2252->2251->2247->2257->2240->2226->2237->2220->2215->2235->2218->2214->2211->2202->2187->2178->2156->2170->2155->2154->2136->2130->2109->2098->2085->2072->2082->2069->2046->2038->2033->2030->2044->2028->2017->2014->1968->1955->1902->1900->1894->1893->1882->1872->1864->1869->1863->1860->1841->1840->1832->1827->1826->1814->1813->1807->1789->1788->1781->1779->1774->1784->1780->1778->1767->1764->1740->1736->1735->1731->1718->1713->1707->1693->1681->1677->1672->1665->1664->1655->1649->1643->1637->1628->1610->1587->1579->1552->1550->1548->1530->1537->1525->1492->1490->1488->1495->1479->1486->1471->1465->1460->1430->1423->1406->1401->1391->1384->1380->1374->1373->1369->1359->1355->1344->1311->1301->1310->1298->1290->1281->1274->1270->1279->1262->1257->1254->1234->1219->1206->1228->1203->1194->1197->1177->1170->1153->1152->1149->1142->1134->1130->1125->1117->1113->1129->1111->1105->1099->1089->1075->1069->1065->1064->1063->1051->1055->1042->1039->1050->1037->1036->1027->1006->988->981->969->929->924->917->912->904->903->896->892->905->888->885->878->877->874->865->857->856->851->818->813->810->805->786->762->761->757->755->741->725->715->711->723->705->696->691->697->689->687->695->681->674->667->659->657->636->609->599->592->588->576->574->586->568->575->564->560->549->547->545->543->540->566->561->532->542->530->539->526->525->527->519->501->476->469->463->467->744->739->450->439->437->436->430->422->415->408->393->387->372->375->633->623->348->346->558->321->516->509->289->284->266->492->500->259->254->235->438->206->410->201->198->196->193->190->380->339->370->168->164->326->318->301->278->147->138->88->79->57->80->126->116->215->182->9->5->2->3->13->14->15->24->19->28->22->26->33->32->45->27->34->54->29->49->85->100->111->119->114->122->123->125->133->134->181->143->146->156->166->158->173->212->227->231->197->204->202->260->263->275->288->290->293->306->317->358->363->379->384->402->394->407->396->397->401->406->398->403->413->440->454->449->455->460->461->462->471->482->497->517->518->537->546->551->553->555->562->569->570->573->593->600->602->615->628->637->642->658->668->694->700->713->721->734->745->748->749->753->763->765->764->766->783->793->791->815->816->821->826->830->839->842->849->852->860->864->876->866->867->870->880->882->887->893->894->910->933->944->946->948->976->978->985->991->995->1017->1024->1031->1071->1077->1079->1091->1100->1110->1120->1116->1122->1139->1167->1168->1181->1175->1189->1192->1204->1182->1184->1193->1205->1210->1223->1229->1230->1241->1232->1237->1242->1244->1251->1269->1275->1278->1296->1322->1330->1348->1364->1353->1358->1366->1362->1368->1379->1381->1387->1390->1403->1417->1434->1428->1453->1462->1463->1481->1497->1500->1502->1503->1508->1510->1512->1521->1531->1518->1528->1540->1542->1554->1555->1568->1576->1582->1583->1594->1586->1590->1600->1618->1593->1601->1604->1595->1607->1616->1620->1630->1633->1641->1680->1688->1719->1739->1751->1755->1757->1776->1777->1798->1782->1785->1818->1821->1823->1824->1857->1859->1877->1861->1871->1890->1907->1906->1940->1941->1951->1969->1980->1978->1982->1986->1987->1991->1992->2002->2005->2013->2047->2059->2063->2071->2074->2077->2079->2099->2100->2116->2118->2121->2134->2137->2148->2158->2169->2171->2174->2181->2186->2196->2204->2208->2212->2217->2229->2461,2461->2500,RESULTS/PSO/log_pso_spot.csv
ACO,N2500_PS_parking_cost_100_225_I1,N2500_PS_parking_cost_100_225_I1.dat,parameter_sensitivity/medium_large/N2500_PS_parking_cost_100_225_I1.dat,parameter_sensitivity,N2500,SUMO,parking_cost_variation_mode,parking_cost_range,10.0-22.5,2500,7696,125,3732,375,0.1,375,2491,2500,0.9,0.5,20.5,2491,2500,0.9,0.5,20.5,0.9,TRUE,solved,2476,340,2476_S001,near,1,0.2046000000000003,0.001603,0.003195,0.1661,0.0332,0.036395,0.2425980000000003,0.2046000000000003,0.1661,0.036395,0.2425980000000003,8.72,13.972292000000017,23369.238,2491->2341->2328->2326->2320->2317->2305->2300->2282->2268->2263->2256->2252->2251->2247->2244->2240->2226->2237->2220->2235->2218->2228->2214->2211->2202->2178->2156->2183->2170->2155->2154->2130->2109->2098->2085->2072->2082->2069->2046->2038->2033->2030->2044->2028->2014->1968->1955->1902->1895->1894->1893->1882->1872->1864->1869->1863->1860->1841->1840->1832->1827->1826->1814->1813->1807->1789->1788->1781->1779->1774->1784->1780->1778->1767->1764->1740->1736->1735->1731->1718->1713->1707->1693->1681->1677->1687->1672->1665->1673->1664->1655->1649->1643->1637->1628->1610->1587->1579->1552->1550->1548->1530->1537->1525->1492->1490->1488->1495->1479->1486->1471->1465->1460->1430->1423->1406->1401->1391->1384->1380->1374->1373->1369->1359->1355->1344->1311->1301->1310->1298->1290->1281->1274->1270->1279->1262->1257->1254->1252->1219->1206->1228->1212->1203->1194->1197->1177->1170->1153->1152->1149->1142->1134->1130->1125->1117->1113->1129->1111->1099->1089->1075->1069->1065->1064->1063->1051->1042->1039->1050->1037->1036->1027->1006->988->981->969->929->924->917->912->904->903->896->892->905->888->885->878->877->874->865->861->857->856->851->818->813->810->812->805->786->762->761->757->755->725->715->711->723->705->696->691->697->698->689->687->681->674->667->659->657->636->609->599->592->588->576->574->586->568->575->564->560->549->547->545->543->540->538->561->532->542->534->539->526->525->527->508->501->476->469->463->450->436->430->408->393->387->372->375->371->362->373->356->350->353->348->346->349->334->337->331->329->324->321->309->298->299->296->289->284->266->262->259->254->235->233->232->230->229->217->228->210->206->209->201->198->196->193->190->183->178->174->168->164->163->162->155->108->51->50->82->81->77->69->68->63->21->1->5->6->10->11->15->24->19->28->22->30->34->54->29->49->85->100->119->114->122->123->125->133->134->181->143->146->156->166->158->173->185->192->204->202->260->263->275->288->290->293->306->317->358->363->379->384->394->407->396->397->401->406->398->403->413->440->449->455->460->468->471->482->497->517->518->537->546->551->553->555->562->569->570->573->593->600->602->615->628->637->642->658->668->694->700->713->721->734->745->748->749->753->763->765->764->766->783->784->791->815->816->821->826->830->839->854->849->852->860->864->866->867->870->880->882->887->893->894->910->933->944->946->948->976->978->985->991->995->1017->1024->1031->1071->1077->1079->1091->1100->1110->1120->1122->1139->1167->1168->1181->1175->1178->1192->1204->1182->1184->1193->1205->1210->1223->1229->1230->1241->1232->1237->1242->1244->1251->1269->1275->1278->1296->1322->1330->1348->1364->1353->1358->1361->1362->1368->1379->1381->1387->1390->1403->1417->1434->1426->1428->1453->1462->1463->1481->1497->1500->1502->1503->1508->1510->1512->1531->1518->1528->1540->1542->1554->1555->1568->1576->1582->1583->1594->1586->1590->1600->1618->1593->1601->1604->1607->1616->1620->1633->1641->1680->1688->1719->1739->1751->1755->1757->1776->1777->1798->1782->1791->1785->1818->1821->1823->1824->1857->1859->1861->1871->1890->1907->1906->1940->1941->1951->1969->1980->1978->1982->1987->1991->2001->2002->2005->2013->2047->2059->2063->2071->2074->2077->2079->2099->2100->2116->2118->2121->2134->2137->2148->2158->2169->2171->2174->2181->2195->2186->2196->2204->2208->2212->2217->2229->2461->2466->2476,2476->2500,RESULTS/ACO/log_aco_spot.csv
GA,N2500_PS_parking_cost_100_225_I1,N2500_PS_parking_cost_100_225_I1.dat,parameter_sensitivity/medium_large/N2500_PS_parking_cost_100_225_I1.dat,parameter_sensitivity,N2500,SUMO,parking_cost_variation_mode,parking_cost_range,10.0-22.5,2500,7696,125,3732,375,0.1,375,2491,2500,0.9,0.5,20.5,2491,2500,0.9,0.5,20.5,0.9,TRUE,solved,2441,547,2441_S001,near,1,0.3135000000000008,0.001751,0.004,0.2683,0.0537,0.0577,0.3729510000000008,0.3135000000000008,0.2683,0.0577,0.3729510000000008,10.09,21.148354000000047,50249.418,2491->2487->2484->2481->2478->2468->2448->2443->2458->2442->2426->2412->2401->2400->2395->2379->2374->2370->2369->2372->2358->2390->2380->2363->2350->2347->2340->2332->2341->2328->2326->2320->2317->2305->2300->2282->2268->2263->2256->2252->2251->2247->2257->2244->2240->2226->2237->2223->2220->2215->2235->2218->2228->2214->2211->2202->2178->2156->2170->2183->2155->2154->2136->2130->2109->2098->2085->2072->2082->2069->2046->2038->2033->2030->2044->2028->2017->2014->1968->1955->1902->1910->1894->1893->1882->1872->1864->1869->1863->1860->1841->1840->1832->1827->1826->1814->1813->1807->1789->1788->1781->1779->1774->1771->1784->1780->1778->1766->1764->1740->1736->1735->1731->1718->1713->1707->1697->1693->1689->1681->1677->1702->1687->1672->1665->1673->1664->1655->1649->1640->1643->1637->1628->1625->1610->1587->1579->1552->1550->1548->1530->1537->1525->1492->1490->1488->1495->1479->1486->1471->1465->1460->1430->1423->1406->1401->1391->1384->1380->1374->1373->1369->1359->1355->1344->1311->1301->1310->1298->1290->1281->1274->1270->1279->1277->1262->1257->1254->1252->1219->1206->1212->1203->1194->1197->1177->1170->1153->1152->1149->1142->1134->1130->1125->1117->1113->1129->1111->1099->1089->1075->1069->1065->1064->1063->1051->1055->1042->1039->1050->1037->1036->1027->1006->988->981->969->961->929->924->917->912->904->903->896->892->905->888->885->878->877->874->865->861->857->856->851->818->813->810->812->805->786->762->776->757->755->725->715->711->723->708->705->696->691->697->689->687->681->674->667->661->659->657->636->609->599->592->588->576->574->586->568->575->564->581->560->549->547->545->543->540->566->561->532->542->530->534->539->526->525->527->522->508->501->476->469->463->450->437->436->430->415->408->393->387->706->690->381->688->677->660->362->626->635->348->346->577->559->314->523->509->289->299->298->500->259->262->475->458->464->466->456->457->441->206->420->418->409->198->196->193->190->383->385->380->178->174->168->341->335->338->163->175->105->115->52->61->60->48->78->182->176->179->6->10->11->4->8->359->18->24->19->20->26->30->34->54->53->29->49->85->111->119->114->129->122->123->125->133->152->134->181->191->143->194->184->189->216->156->166->167->158->211->212->224->231->192->199->197->204->202->260->263->268->275->288->290->293->306->317->358->363->379->384->402->394->407->396->397->401->406->398->399->403->413->440->454->449->455->460->468->462->471->482->495->497->517->518->537->546->551->553->554->555->562->569->570->573->593->600->602->615->628->637->642->658->668->694->700->713->721->734->745->748->749->753->763->764->766->783->784->791->815->816->821->826->830->839->842->849->852->860->864->866->875->867->870->880->882->887->893->894->910->933->944->946->956->976->978->985->991->995->1011->1017->1024->1031->1068->1071->1077->1079->1091->1100->1110->1120->1116->1122->1139->1167->1168->1173->1175->1189->1192->1204->1182->1184->1193->1205->1210->1223->1229->1230->1241->1232->1237->1242->1244->1251->1269->1275->1278->1296->1322->1330->1348->1364->1353->1358->1366->1362->1368->1385->1379->1381->1387->1390->1403->1417->1408->1426->1434->1428->1453->1462->1463->1481->1497->1499->1500->1502->1503->1508->1510->1512->1531->1521->1522->1518->1528->1540->1542->1554->1555->1568->1576->1582->1583->1594->1586->1588->1590->1599->1618->1593->1601->1595->1607->1616->1620->1633->1641->1680->1688->1719->1739->1751->1755->1757->1776->1777->1798->1782->1791->1785->1818->1821->1823->1824->1857->1859->1877->1861->1871->1875->1890->1907->1906->1940->1941->1951->1969->1980->1978->1982->1986->1987->1991->2001->2002->2005->2013->2047->2050->2059->2063->2071->2074->2077->2079->2099->2108->2100->2116->2118->2121->2134->2137->2148->2158->2169->2159->2171->2174->2181->2195->2186->2196->2204->2208->2212->2217->2229->2441,2441->2500,RESULTS/GA/log_ga_spot.csv
Optimization,N2500_PS_parking_cost_100_225_I1,N2500_PS_parking_cost_100_225_I1.dat,parameter_sensitivity/medium_large/N2500_PS_parking_cost_100_225_I1.dat,parameter_sensitivity,N2500,SUMO,parking_cost_variation_mode,parking_cost_range,10.0-22.5,2500,7696,125,3732,375,0.1,375,2491,2500,0.9,0.5,20.5,2491,2500,0.9,0.5,20.5,0.9,TRUE,inferred_from_previous_exact_lot_solution,2441,547,2441_S001,near,1,0.27720000000000034,0.001751,0.004,0.2683,0.0537,0.0577,0.33665100000000037,0.27720000000000034,0.2683,0.0577,0.33665100000000037,10.09,19.18815400000002,789763.551,2491->2493->2487->2484->2341->2328->2326->2320->2317->2305->2300->2282->2268->2263->2256->2252->2251->2247->2257->2244->2240->2226->2237->2220->2215->2235->2218->2214->2211->2202->2178->2156->2170->2155->2154->2130->2109->2098->2085->2072->2082->2078->2069->2046->2038->2033->2030->2044->2028->2014->1968->1955->1902->1895->1894->1893->1882->1872->1864->1869->1863->1860->1841->1840->1832->1827->1826->1814->1813->1807->1789->1806->1781->1779->1774->1784->1780->1778->1767->1764->1740->1736->1735->1731->1718->1713->1707->1693->1689->1681->1677->1672->1665->1664->1655->1649->1643->1637->1628->1610->1587->1579->1552->1550->1548->1547->1530->1537->1525->1492->1490->1488->1495->1479->1486->1471->1465->1460->1430->1423->1406->1401->1391->1384->1380->1374->1373->1369->1359->1355->1344->1311->1301->1310->1298->1290->1281->1274->1270->1279->1262->1257->1254->1252->1219->1206->1212->1228->1203->1194->1197->1177->1170->1153->1152->1149->1142->1134->1130->1125->1117->1113->1129->1111->1105->1099->1089->1075->1069->1065->1064->1063->1051->1042->1039->1050->1037->1036->1027->1006->988->981->969->929->924->917->912->904->903->896->892->905->888->885->878->877->874->865->857->856->851->818->813->810->805->786->762->761->757->755->725->715->711->723->705->696->691->697->698->689->687->681->674->667->661->659->657->636->609->599->592->588->576->574->586->568->575->564->560->549->547->545->543->540->538->561->532->542->530->539->526->525->527->519->508->501->476->469->463->467->744->739->450->436->430->422->415->408->393->387->381->690->680->663->677->660->646->638->356->626->366->349->334->337->331->521->314->491->266->492->485->479->475->458->464->456->457->206->410->198->196->193->190->183->178->174->335->341->333->326->318->301->278->147->137->354->41->66->106->84->58->46->35->23->21->1->5->2->3->7->14->15->24->19->28->22->26->32->45->27->34->54->29->49->85->100->111->119->114->122->123->125->133->134->181->143->146->156->166->158->211->212->224->231->197->204->202->260->265->263->275->288->290->293->306->317->358->363->379->384->394->407->396->397->401->406->398->399->403->413->440->449->453->455->460->468->471->482->497->517->518->537->546->551->553->555->562->569->570->573->593->600->602->615->628->637->642->658->668->694->700->713->721->734->745->748->749->753->763->765->764->766->783->793->791->815->816->821->826->830->839->854->849->852->860->864->866->867->870->880->882->887->893->894->910->933->944->946->956->976->978->985->991->995->1017->1024->1031->1071->1077->1079->1091->1100->1110->1120->1116->1122->1139->1167->1168->1173->1175->1178->1192->1180->1182->1184->1193->1205->1210->1223->1229->1230->1241->1232->1237->1242->1244->1251->1269->1275->1278->1296->1322->1330->1348->1364->1353->1358->1366->1362->1368->1379->1381->1387->1390->1403->1417->1434->1426->1428->1453->1462->1463->1481->1497->1500->1502->1503->1508->1510->1512->1531->1518->1528->1540->1542->1554->1555->1568->1576->1582->1583->1594->1586->1590->1599->1618->1593->1601->1595->1607->1616->1620->1630->1633->1641->1680->1688->1719->1739->1751->1755->1757->1776->1777->1798->1782->1785->1818->1821->1823->1824->1857->1859->1861->1871->1890->1907->1906->1940->1941->1951->1969->1980->1978->1982->1987->1991->2001->2002->2005->2013->2047->2059->2063->2071->2074->2077->2079->2099->2100->2116->2118->2121->2134->2137->2148->2158->2169->2159->2174->2181->2186->2196->2204->2208->2212->2217->2229->2430->2439->2441,2441->2500,RESULTS/COMBINED_ALL_METHODS/results_all_methods_parameter_sensitivity_spot_level.csv
PSO,N2500_PS_parking_cost_100_225_I1,N2500_PS_parking_cost_100_225_I1.dat,parameter_sensitivity/medium_large/N2500_PS_parking_cost_100_225_I1.dat,parameter_sensitivity,N2500,SUMO,parking_cost_variation_mode,parking_cost_range,10.0-22.5,2500,7696,125,3732,375,0.1,375,2491,2500,0.9,0.5,20.5,2491,2500,0.9,0.5,20.5,0.9,TRUE,solved,2441,547,2441_S001,near,1,0.29180000000000067,0.001751,0.004,0.2683,0.0537,0.0577,0.35125100000000065,0.29180000000000067,0.2683,0.0577,0.35125100000000065,10.09,19.976554000000036,318625.515,2491->2493->2487->2484->2341->2328->2326->2320->2317->2305->2311->2300->2282->2268->2263->2256->2252->2251->2247->2244->2240->2226->2237->2220->2215->2235->2218->2214->2211->2202->2178->2156->2183->2170->2155->2154->2130->2109->2098->2085->2072->2082->2078->2069->2046->2038->2033->2030->2044->2028->2014->1968->1955->1902->1900->1894->1893->1882->1872->1864->1869->1863->1860->1841->1840->1832->1827->1826->1814->1813->1807->1789->1806->1781->1779->1774->1784->1780->1778->1767->1764->1740->1736->1735->1731->1718->1713->1707->1693->1681->1677->1672->1665->1664->1655->1649->1643->1637->1628->1610->1587->1579->1552->1550->1548->1547->1530->1537->1525->1492->1490->1488->1495->1479->1486->1471->1469->1465->1460->1430->1423->1406->1401->1391->1384->1380->1374->1373->1369->1359->1355->1344->1311->1301->1310->1298->1290->1281->1274->1270->1279->1262->1257->1254->1234->1219->1206->1228->1212->1203->1194->1197->1177->1170->1153->1152->1149->1142->1134->1130->1125->1117->1113->1129->1111->1099->1089->1075->1069->1065->1064->1063->1051->1042->1039->1050->1037->1036->1027->1006->988->981->969->929->924->917->912->904->903->896->892->905->888->885->878->877->874->865->857->856->851->818->813->810->805->786->762->761->757->755->725->715->711->723->705->696->691->697->698->689->687->681->674->667->661->659->657->636->609->599->592->588->576->574->586->568->575->564->560->549->547->545->543->540->538->561->532->542->530->539->526->525->527->508->501->476->469->463->467->744->739->450->436->430->422->415->408->393->387->690->381->372->375->371->362->626->366->349->334->337->521->314->491->266->492->500->259->254->235->438->206->209->410->198->196->193->190->183->339->174->335->341->333->326->318->301->278->147->137->354->41->66->39->38->55->81->77->69->68->86->84->58->46->35->23->21->1->2->3->13->14->16->17->18->24->19->20->32->45->27->34->54->29->53->89->98->67->85->111->119->114->129->122->123->125->133->134->181->191->184->189->146->156->166->158->173->212->224->231->197->204->202->260->263->268->275->288->290->293->306->317->358->363->379->384->394->407->396->397->401->406->398->403->413->440->454->449->453->455->460->468->471->482->497->517->518->536->537->546->551->553->555->562->569->570->573->593->600->602->615->628->637->642->658->668->694->700->713->721->734->745->748->749->753->763->765->764->766->783->793->784->791->815->816->821->826->830->839->842->849->852->860->864->866->867->870->880->882->887->893->894->910->933->944->946->956->976->978->985->991->995->1011->1017->1024->1031->1071->1077->1079->1091->1100->1110->1120->1116->1122->1139->1167->1168->1173->1175->1189->1192->1180->1182->1184->1193->1205->1210->1223->1229->1230->1241->1232->1237->1242->1244->1251->1269->1275->1278->1296->1322->1330->1348->1364->1353->1358->1366->1361->1362->1368->1379->1381->1387->1390->1403->1417->1434->1426->1428->1453->1462->1463->1481->1497->1500->1502->1503->1508->1510->1512->1531->1518->1528->1540->1542->1554->1555->1568->1576->1582->1583->1594->1586->1590->1588->1599->1618->1593->1601->1604->1607->1616->1620->1630->1633->1641->1680->1688->1719->1739->1751->1755->1757->1776->1777->1798->1782->1785->1818->1821->1823->1824->1857->1859->1861->1871->1890->1907->1906->1940->1941->1951->1969->1980->1978->1982->1987->1991->1992->2002->2005->2013->2047->2059->2063->2071->2074->2077->2079->2099->2100->2116->2118->2121->2134->2137->2148->2158->2169->2159->2171->2174->2181->2186->2196->2204->2208->2212->2217->2229->2441,2441->2500,RESULTS/PSO/log_pso_spot.csv
ACO,N2500_PS_parking_cost_125_250_I1,N2500_PS_parking_cost_125_250_I1.dat,parameter_sensitivity/medium_large/N2500_PS_parking_cost_125_250_I1.dat,parameter_sensitivity,N2500,SUMO,parking_cost_variation_mode,parking_cost_range,12.5-25.0,2500,7696,125,3732,375,0.1,375,2491,2500,0.9,0.5,20.5,2491,2500,0.9,0.5,20.5,0.9,TRUE,solved,2490,294,2490_S001,near,1,0.20500000000000035,0.001557,0.002951,0.1348,0.027,0.029951,0.23650800000000036,0.20500000000000035,0.1348,0.029951,0.23650800000000036,14.73,14.24443200000002,23457.995,2491->2341->2328->2326->2320->2317->2305->2300->2282->2268->2263->2256->2252->2251->2247->2244->2240->2226->2237->2220->2235->2218->2228->2214->2211->2202->2178->2156->2183->2170->2155->2154->2130->2109->2098->2085->2072->2082->2069->2046->2038->2033->2030->2044->2028->2014->1968->1955->1902->1895->1894->1893->1882->1872->1864->1869->1863->1860->1841->1840->1832->1827->1826->1814->1813->1807->1789->1788->1781->1779->1774->1784->1780->1778->1767->1764->1740->1736->1735->1731->1718->1713->1707->1693->1681->1677->1687->1672->1665->1673->1664->1655->1649->1643->1637->1628->1610->1587->1579->1552->1550->1548->1530->1537->1525->1492->1490->1488->1495->1479->1486->1471->1465->1460->1430->1423->1406->1401->1391->1384->1380->1374->1373->1369->1359->1355->1344->1311->1301->1310->1298->1290->1281->1274->1270->1279->1262->1257->1254->1252->1219->1206->1228->1212->1203->1194->1197->1177->1170->1153->1152->1149->1142->1134->1130->1125->1117->1113->1129->1111->1099->1089->1075->1069->1065->1064->1063->1051->1042->1039->1050->1037->1036->1027->1006->988->981->969->929->924->917->912->904->903->896->892->905->888->885->878->877->874->865->861->857->856->851->818->813->810->812->805->786->762->761->757->755->725->715->711->723->705->696->691->697->698->689->687->681->674->667->659->657->636->609->599->592->588->576->574->586->568->575->564->560->549->547->545->543->540->538->561->532->542->534->539->526->525->527->508->501->476->469->463->450->437->436->430->408->393->387->372->375->371->362->373->356->350->353->348->346->349->334->337->331->329->324->321->309->298->299->296->289->284->266->262->259->254->235->233->232->230->229->217->228->210->206->209->201->198->196->193->190->183->178->174->168->164->163->162->155->108->51->50->82->81->77->69->68->63->21->1->5->6->10->11->15->24->19->28->22->30->34->54->29->49->85->100->119->114->122->123->125->133->134->181->143->146->156->166->158->173->185->192->204->202->260->263->275->288->290->293->306->317->358->363->379->384->394->407->396->397->401->406->398->403->413->440->449->455->460->468->471->482->497->517->518->537->546->551->553->555->562->569->570->573->593->600->602->615->628->637->642->658->668->694->700->713->721->734->745->748->749->753->763->765->764->766->783->784->791->815->816->821->826->830->839->854->849->852->860->864->866->867->870->880->882->887->893->894->910->933->944->946->948->976->978->985->991->995->1017->1024->1031->1071->1077->1079->1091->1100->1110->1120->1122->1139->1167->1168->1181->1175->1178->1192->1204->1182->1184->1193->1205->1210->1223->1229->1230->1241->1232->1237->1242->1244->1251->1269->1275->1278->1296->1322->1330->1348->1364->1353->1358->1361->1362->1368->1379->1381->1387->1390->1403->1417->1434->1426->1428->1453->1462->1463->1481->1497->1500->1502->1503->1508->1510->1512->1531->1518->1528->1540->1542->1554->1555->1568->1576->1582->1583->1594->1586->1590->1600->1618->1593->1601->1604->1607->1616->1620->1633->1641->1680->1688->1719->1739->1751->1755->1757->1776->1777->1798->1782->1791->1785->1818->1821->1823->1824->1857->1859->1861->1871->1890->1907->1906->1940->1941->1951->1969->1980->1978->1982->1987->1991->2001->2002->2005->2013->2047->2059->2063->2071->2074->2077->2079->2099->2100->2116->2118->2121->2134->2137->2148->2158->2169->2171->2174->2181->2195->2186->2196->2204->2208->2212->2217->2229->2490,2490->2500,RESULTS/ACO/log_aco_spot.csv
GA,N2500_PS_parking_cost_125_250_I1,N2500_PS_parking_cost_125_250_I1.dat,parameter_sensitivity/medium_large/N2500_PS_parking_cost_125_250_I1.dat,parameter_sensitivity,N2500,SUMO,parking_cost_variation_mode,parking_cost_range,12.5-25.0,2500,7696,125,3732,375,0.1,375,2491,2500,0.9,0.5,20.5,2491,2500,0.9,0.5,20.5,0.9,TRUE,solved,2476,341,2476_S002,near,1,0.3231000000000009,0.002259,0.00477,0.1661,0.0332,0.037970000000000004,0.3633290000000009,0.3231000000000009,0.1661,0.037970000000000004,0.3633290000000009,11.79,20.798766000000047,52374.152,2491->2341->2332->2328->2326->2320->2317->2305->2311->2300->2282->2268->2263->2256->2252->2251->2247->2257->2240->2226->2237->2223->2220->2235->2236->2218->2214->2211->2202->2178->2156->2170->2155->2154->2130->2109->2098->2085->2072->2082->2069->2046->2038->2033->2030->2044->2028->2014->1968->1955->1902->1900->1910->1894->1893->1882->1872->1864->1869->1863->1860->1841->1840->1832->1827->1826->1814->1813->1807->1789->1806->1781->1779->1774->1784->1780->1778->1766->1764->1763->1740->1736->1735->1731->1718->1713->1707->1693->1681->1677->1702->1687->1672->1665->1673->1664->1655->1649->1640->1643->1637->1628->1610->1587->1579->1552->1550->1548->1547->1530->1537->1525->1492->1490->1488->1495->1479->1486->1471->1465->1460->1430->1423->1406->1401->1391->1384->1386->1380->1374->1373->1369->1359->1355->1344->1311->1301->1310->1298->1290->1281->1274->1270->1279->1262->1257->1254->1252->1234->1231->1219->1206->1212->1203->1194->1197->1177->1170->1153->1152->1149->1142->1134->1130->1125->1117->1113->1129->1111->1105->1099->1089->1075->1069->1065->1064->1063->1051->1042->1039->1050->1037->1036->1027->1006->988->981->969->961->929->924->917->912->904->903->896->892->905->888->885->878->877->874->865->857->856->851->818->813->810->805->786->762->776->757->755->725->715->711->723->705->696->691->697->698->689->687->695->681->674->667->661->659->669->657->636->609->599->592->588->576->574->586->568->575->581->560->549->547->545->543->540->538->561->532->542->530->539->526->525->524->522->508->747->737->476->469->463->450->436->430->415->408->393->688->677->660->373->361->626->353->365->348->346->577->559->314->535->529->516->509->296->500->487->266->262->466->464->456->457->206->418->420->230->229->217->228->410->404->392->390->383->380->183->339->338->163->162->175->169->153->147->138->272->277->132->137->92->90->73->71->127->126->43->42->47->81->102->103->220->3->4->17->15->24->19->20->32->30->34->54->53->29->49->85->100->119->114->129->122->123->125->133->134->181->191->184->194->143->146->156->166->158->173->212->227->224->231->192->197->199->204->202->260->265->263->275->288->290->293->297->306->317->358->363->379->384->394->407->396->397->401->406->398->403->413->440->454->449->455->460->468->462->471->482->497->517->518->536->537->546->551->553->554->555->562->569->570->573->593->600->602->615->628->637->642->658->668->694->700->713->721->734->745->748->749->753->763->764->766->783->793->791->815->816->822->821->826->830->839->842->854->849->852->860->864->866->875->867->870->880->882->889->887->893->894->910->933->944->946->948->976->978->985->991->995->1011->1017->1024->1031->1068->1071->1077->1079->1091->1092->1100->1110->1120->1122->1139->1167->1168->1181->1173->1175->1178->1192->1199->1204->1180->1182->1184->1193->1205->1210->1223->1229->1230->1241->1232->1237->1242->1244->1251->1269->1275->1278->1296->1322->1330->1348->1364->1353->1358->1366->1362->1368->1385->1379->1381->1387->1390->1403->1417->1434->1428->1453->1462->1463->1481->1497->1499->1500->1502->1503->1508->1510->1512->1521->1522->1518->1528->1540->1542->1554->1555->1568->1576->1582->1583->1594->1586->1590->1599->1618->1593->1601->1604->1607->1616->1620->1633->1641->1680->1688->1719->1739->1751->1755->1757->1776->1777->1794->1798->1782->1785->1818->1821->1823->1824->1857->1859->1877->1861->1871->1875->1890->1907->1906->1940->1941->1951->1969->1980->1978->1982->1987->1991->2001->1992->2002->2005->2013->2047->2049->2065->2050->2059->2063->2071->2074->2077->2079->2099->2100->2116->2118->2121->2134->2137->2148->2158->2169->2159->2171->2174->2181->2186->2196->2204->2208->2212->2217->2229->2490->2499->2485->2476,2476->2500,RESULTS/GA/log_ga_spot.csv
Optimization,N2500_PS_parking_cost_125_250_I1,N2500_PS_parking_cost_125_250_I1.dat,parameter_sensitivity/medium_large/N2500_PS_parking_cost_125_250_I1.dat,parameter_sensitivity,N2500,SUMO,parking_cost_variation_mode,parking_cost_range,12.5-25.0,2500,7696,125,3732,375,0.1,375,2491,2500,0.9,0.5,20.5,2491,2500,0.9,0.5,20.5,0.9,TRUE,inferred_from_previous_exact_lot_solution,2490,294,2490_S001,near,1,0.30010000000000076,0.001557,0.002951,0.1348,0.027,0.029951,0.33160800000000074,0.30010000000000076,0.1348,0.029951,0.33160800000000074,14.73,19.37983200000004,921070.793,2491->2341->2332->2328->2326->2320->2317->2300->2282->2268->2263->2256->2252->2251->2247->2244->2240->2226->2237->2223->2220->2235->2218->2228->2211->2202->2178->2156->2170->2155->2154->2130->2109->2098->2085->2072->2082->2069->2046->2038->2033->2030->2044->2028->2014->1968->1955->1902->1895->1894->1893->1882->1872->1864->1869->1863->1860->1841->1840->1832->1827->1826->1814->1813->1807->1789->1788->1781->1779->1774->1784->1780->1778->1767->1764->1763->1740->1736->1735->1731->1718->1713->1707->1697->1693->1689->1681->1677->1672->1665->1664->1655->1649->1643->1637->1628->1610->1587->1579->1552->1550->1548->1530->1537->1525->1492->1490->1488->1495->1479->1486->1471->1469->1465->1460->1430->1423->1406->1401->1391->1384->1380->1374->1373->1369->1359->1355->1344->1311->1301->1310->1298->1290->1281->1274->1270->1279->1262->1257->1254->1252->1219->1206->1228->1203->1194->1197->1177->1170->1153->1152->1149->1142->1134->1130->1125->1117->1113->1129->1111->1099->1089->1075->1069->1065->1064->1063->1051->1042->1039->1050->1037->1036->1027->1006->988->981->969->929->924->917->912->904->903->896->892->905->888->885->878->877->874->865->857->856->851->818->813->810->805->786->762->761->757->755->725->715->711->723->705->696->691->697->698->689->687->681->674->667->659->657->636->609->599->592->588->576->574->586->568->575->564->560->549->547->545->543->540->566->538->561->532->542->534->824->792->772->747->508->519->501->476->469->463->450->436->430->415->408->714->712->706->690->381->387->688->371->362->626->366->349->334->337->331->521->314->491->487->500->259->254->457->206->209->201->198->196->390->383->190->380->339->174->168->341->333->326->318->162->175->105->110->118->95->87->97->76->73->71->70->65->62->74->66->106->221->15->24->19->28->22->26->32->33->27->34->54->29->89->98->94->67->85->111->119->114->129->122->123->125->133->134->181->191->184->189->216->223->187->177->167->158->173->185->227->231->192->199->204->202->260->263->268->275->288->290->293->306->317->358->363->379->384->394->407->396->397->401->406->398->403->413->440->449->455->460->461->462->471->482->497->517->518->536->537->546->551->553->554->555->562->569->570->573->593->600->602->615->628->637->642->658->668->694->700->709->713->721->734->745->748->749->753->763->764->766->783->793->791->815->816->821->826->830->839->842->849->852->860->864->866->875->867->870->880->882->887->893->894->910->933->944->946->948->976->978->985->991->995->1017->1024->1031->1071->1077->1079->1091->1100->1110->1120->1122->1139->1167->1168->1181->1175->1189->1192->1180->1204->1182->1184->1193->1205->1210->1223->1229->1230->1241->1232->1237->1242->1244->1251->1269->1275->1278->1296->1322->1330->1348->1364->1353->1358->1361->1362->1368->1385->1379->1381->1387->1390->1403->1417->1408->1434->1426->1428->1453->1462->1463->1481->1497->1499->1500->1502->1503->1508->1510->1512->1521->1531->1518->1528->1540->1542->1554->1555->1568->1576->1582->1583->1594->1586->1590->1600->1618->1593->1601->1604->1607->1616->1620->1630->1633->1641->1680->1688->1719->1739->1751->1755->1757->1776->1777->1798->1782->1791->1785->1818->1821->1823->1824->1857->1859->1861->1871->1890->1907->1906->1940->1941->1951->1969->1980->1978->1982->1987->1991->1992->2002->2005->2013->2047->2059->2063->2071->2074->2077->2079->2099->2100->2116->2118->2121->2134->2137->2148->2158->2169->2159->2171->2174->2181->2186->2196->2204->2208->2212->2217->2229->2490,2490->2500,RESULTS/COMBINED_ALL_METHODS/results_all_methods_parameter_sensitivity_spot_level.csv
PSO,N2500_PS_parking_cost_125_250_I1,N2500_PS_parking_cost_125_250_I1.dat,parameter_sensitivity/medium_large/N2500_PS_parking_cost_125_250_I1.dat,parameter_sensitivity,N2500,SUMO,parking_cost_variation_mode,parking_cost_range,12.5-25.0,2500,7696,125,3732,375,0.1,375,2491,2500,0.9,0.5,20.5,2491,2500,0.9,0.5,20.5,0.9,TRUE,solved,2476,340,2476_S001,near,1,0.2880000000000007,0.001603,0.003195,0.1661,0.0332,0.036395,0.32599800000000073,0.2880000000000007,0.1661,0.036395,0.32599800000000073,11.64,18.76789200000004,332874.654,2491->2487->2493->2341->2328->2326->2320->2317->2300->2282->2268->2263->2256->2252->2251->2247->2257->2240->2226->2237->2220->2235->2218->2228->2211->2202->2178->2156->2170->2155->2154->2130->2109->2098->2085->2072->2082->2069->2046->2038->2033->2030->2044->2028->2017->2014->1968->1955->1902->1895->1894->1893->1882->1872->1864->1869->1863->1860->1841->1840->1832->1827->1826->1814->1813->1807->1789->1788->1781->1779->1774->1784->1780->1778->1767->1764->1740->1736->1735->1731->1718->1713->1707->1697->1693->1681->1677->1672->1665->1664->1655->1649->1643->1637->1628->1610->1587->1579->1552->1550->1548->1530->1537->1525->1492->1490->1488->1495->1479->1486->1471->1465->1460->1430->1423->1406->1401->1391->1384->1380->1374->1373->1369->1359->1355->1344->1311->1301->1310->1298->1290->1281->1274->1270->1279->1262->1257->1254->1234->1219->1206->1212->1203->1194->1197->1183->1177->1170->1153->1152->1149->1142->1134->1130->1125->1117->1113->1129->1111->1105->1099->1089->1075->1069->1065->1064->1063->1051->1042->1039->1050->1037->1036->1027->1006->988->981->969->961->929->924->917->912->904->903->896->892->905->888->885->878->877->874->865->857->856->851->813->810->805->786->762->761->757->755->725->715->711->708->705->696->691->697->689->687->681->674->667->659->657->636->609->599->592->588->576->574->586->568->575->564->560->549->547->545->543->540->538->561->532->542->534->824->792->772->747->519->508->501->476->469->463->450->439->437->436->430->408->393->387->381->688->371->362->626->366->349->334->337->331->521->314->491->284->500->259->254->457->206->209->201->198->196->193->190->383->380->178->174->335->341->333->326->318->162->175->169->153->147->137->354->41->62->101->116->215->182->5->6->10->13->14->15->24->19->28->22->30->34->54->29->49->98->94->67->85->111->119->114->129->122->123->125->133->134->181->191->184->189->216->187->223->195->166->167->158->173->185->197->199->204->202->260->263->275->288->290->293->306->317->358->363->379->384->394->407->396->397->401->406->398->403->413->440->449->455->460->461->462->471->482->497->517->518->536->537->546->551->553->555->562->569->570->573->593->600->602->615->628->637->642->658->668->694->700->713->721->734->745->748->749->753->763->764->766->783->784->791->815->816->821->826->830->839->842->849->852->860->864->866->867->870->880->882->887->893->894->910->933->944->946->948->976->978->985->991->995->1017->1024->1031->1071->1077->1079->1091->1100->1110->1120->1122->1139->1167->1168->1181->1175->1189->1192->1180->1204->1182->1184->1193->1205->1210->1223->1229->1230->1241->1232->1237->1242->1244->1251->1269->1275->1278->1296->1322->1330->1348->1364->1353->1358->1361->1362->1368->1379->1382->1387->1390->1403->1417->1434->1428->1453->1462->1463->1481->1497->1499->1500->1502->1503->1508->1510->1512->1531->1518->1528->1540->1542->1554->1555->1568->1576->1582->1583->1594->1586->1590->1600->1618->1593->1601->1595->1607->1616->1620->1630->1633->1641->1680->1688->1719->1739->1751->1755->1757->1776->1777->1798->1782->1785->1818->1821->1823->1824->1857->1859->1861->1871->1890->1907->1906->1940->1941->1951->1969->1980->1978->1982->1987->1991->2001->2002->2005->2013->2047->2059->2063->2071->2074->2077->2079->2099->2100->2116->2118->2121->2134->2137->2148->2158->2169->2171->2174->2181->2186->2196->2204->2208->2212->2217->2229->2476,2476->2500,RESULTS/PSO/log_pso_spot.csv
ACO,N2500_PS_parking_cost_150_300_I1,N2500_PS_parking_cost_150_300_I1.dat,parameter_sensitivity/medium_large/N2500_PS_parking_cost_150_300_I1.dat,parameter_sensitivity,N2500,SUMO,parking_cost_variation_mode,parking_cost_range,15.0-30.0,2500,7696,125,3732,375,0.1,375,2491,2500,0.9,0.5,20.5,2491,2500,0.9,0.5,20.5,0.9,TRUE,solved,2476,340,2476_S001,near,1,0.2046000000000003,0.001603,0.003195,0.1661,0.0332,0.036395,0.2425980000000003,0.2046000000000003,0.1661,0.036395,0.2425980000000003,14.76,14.576292000000016,23627.039,2491->2341->2328->2326->2320->2317->2305->2300->2282->2268->2263->2256->2252->2251->2247->2244->2240->2226->2237->2220->2235->2218->2228->2214->2211->2202->2178->2156->2183->2170->2155->2154->2130->2109->2098->2085->2072->2082->2069->2046->2038->2033->2030->2044->2028->2014->1968->1955->1902->1895->1894->1893->1882->1872->1864->1869->1863->1860->1841->1840->1832->1827->1826->1814->1813->1807->1789->1788->1781->1779->1774->1784->1780->1778->1767->1764->1740->1736->1735->1731->1718->1713->1707->1693->1681->1677->1687->1672->1665->1673->1664->1655->1649->1643->1637->1628->1610->1587->1579->1552->1550->1548->1530->1537->1525->1492->1490->1488->1495->1479->1486->1471->1465->1460->1430->1423->1406->1401->1391->1384->1380->1374->1373->1369->1359->1355->1344->1311->1301->1310->1298->1290->1281->1274->1270->1279->1262->1257->1254->1252->1219->1206->1228->1212->1203->1194->1197->1177->1170->1153->1152->1149->1142->1134->1130->1125->1117->1113->1129->1111->1099->1089->1075->1069->1065->1064->1063->1051->1042->1039->1050->1037->1036->1027->1006->988->981->969->929->924->917->912->904->903->896->892->905->888->885->878->877->874->865->861->857->856->851->818->813->810->812->805->786->762->761->757->755->725->715->711->723->705->696->691->697->698->689->687->681->674->667->659->657->636->609->599->592->588->576->574->586->568->575->564->560->549->547->545->543->540->538->561->532->542->534->539->526->525->527->508->501->476->469->463->450->436->430->408->393->387->372->375->371->362->373->356->350->353->348->346->349->334->337->331->329->324->321->309->298->299->296->289->284->266->262->259->254->235->233->232->230->229->217->228->210->206->209->201->198->196->193->190->183->178->174->168->164->163->162->155->108->51->50->82->81->77->69->68->63->21->1->5->6->10->11->15->24->19->28->22->30->34->54->29->49->85->100->119->114->122->123->125->133->134->181->143->146->156->166->158->173->185->192->204->202->260->263->275->288->290->293->306->317->358->363->379->384->394->407->396->397->401->406->398->403->413->440->449->455->460->468->471->482->497->517->518->537->546->551->553->555->562->569->570->573->593->600->602->615->628->637->642->658->668->694->700->713->721->734->745->748->749->753->763->765->764->766->783->784->791->815->816->821->826->830->839->854->849->852->860->864->866->867->870->880->882->887->893->894->910->933->944->946->948->976->978->985->991->995->1017->1024->1031->1071->1077->1079->1091->1100->1110->1120->1122->1139->1167->1168->1181->1175->1178->1192->1204->1182->1184->1193->1205->1210->1223->1229->1230->1241->1232->1237->1242->1244->1251->1269->1275->1278->1296->1322->1330->1348->1364->1353->1358->1361->1362->1368->1379->1381->1387->1390->1403->1417->1434->1426->1428->1453->1462->1463->1481->1497->1500->1502->1503->1508->1510->1512->1531->1518->1528->1540->1542->1554->1555->1568->1576->1582->1583->1594->1586->1590->1600->1618->1593->1601->1604->1607->1616->1620->1633->1641->1680->1688->1719->1739->1751->1755->1757->1776->1777->1798->1782->1791->1785->1818->1821->1823->1824->1857->1859->1861->1871->1890->1907->1906->1940->1941->1951->1969->1980->1978->1982->1987->1991->2001->2002->2005->2013->2047->2059->2063->2071->2074->2077->2079->2099->2100->2116->2118->2121->2134->2137->2148->2158->2169->2171->2174->2181->2195->2186->2196->2204->2208->2212->2217->2229->2461->2466->2476,2476->2500,RESULTS/ACO/log_aco_spot.csv
GA,N2500_PS_parking_cost_150_300_I1,N2500_PS_parking_cost_150_300_I1.dat,parameter_sensitivity/medium_large/N2500_PS_parking_cost_150_300_I1.dat,parameter_sensitivity,N2500,SUMO,parking_cost_variation_mode,parking_cost_range,15.0-30.0,2500,7696,125,3732,375,0.1,375,2491,2500,0.9,0.5,20.5,2491,2500,0.9,0.5,20.5,0.9,TRUE,solved,2490,296,2490_S003,near,1,0.3260000000000011,0.002668,0.005432,0.1348,0.027,0.032432,0.36110000000000114,0.3260000000000011,0.1348,0.032432,0.36110000000000114,19.22,21.421400000000062,58861.998,2491->2493->2484->2481->2341->2332->2328->2326->2320->2317->2300->2282->2268->2263->2256->2252->2251->2247->2244->2257->2240->2226->2237->2220->2235->2218->2228->2211->2202->2178->2156->2170->2155->2154->2130->2109->2098->2085->2072->2082->2078->2069->2046->2038->2033->2030->2044->2028->2014->1968->1955->1902->1895->1894->1893->1882->1872->1864->1869->1863->1860->1841->1840->1832->1827->1826->1814->1813->1807->1789->1788->1781->1779->1774->1771->1784->1780->1778->1767->1766->1764->1763->1740->1736->1735->1731->1718->1713->1707->1697->1693->1689->1681->1677->1672->1665->1673->1664->1655->1649->1643->1637->1628->1610->1587->1579->1552->1550->1548->1530->1537->1525->1492->1490->1488->1495->1479->1486->1471->1469->1465->1460->1430->1423->1401->1391->1384->1380->1374->1373->1369->1359->1355->1344->1311->1301->1310->1298->1290->1281->1274->1270->1279->1277->1262->1257->1254->1252->1219->1206->1212->1203->1194->1197->1177->1170->1153->1152->1149->1142->1134->1130->1125->1117->1113->1129->1111->1105->1099->1089->1075->1069->1065->1064->1063->1051->1042->1039->1050->1037->1036->1027->1006->988->981->969->961->929->924->917->912->904->903->896->892->905->888->885->878->877->874->865->857->856->851->813->810->812->805->786->762->776->757->755->725->715->711->708->705->696->691->697->698->689->687->681->674->667->659->657->636->609->599->592->588->576->574->586->568->575->581->560->549->547->545->543->540->538->566->561->532->548->542->534->530->539->526->525->772->747->519->501->476->469->463->450->436->430->408->393->387->372->663->677->660->646->644->638->641->356->350->365->348->346->587->329->324->559->314->491->284->500->259->254->235->438->441->206->420->418->409->410->201->198->392->193->190->183->385->380->339->174->168->164->326->318->316->292->278->147->153->272->151->108->61->52->57->80->71->127->56->104->103->102->75->359->8->12->18->24->19->28->22->26->32->33->45->27->34->54->53->89->49->121->85->111->119->114->122->123->125->133->152->134->181->143->194->184->189->216->187->195->211->212->173->185->192->199->197->204->202->260->265->263->275->288->290->293->306->317->358->363->379->384->402->394->407->396->397->401->406->398->399->403->413->440->454->449->453->455->460->468->461->462->471->482->497->517->518->536->537->546->551->553->554->555->562->569->570->573->593->600->602->615->628->637->642->658->668->694->700->713->721->734->745->748->749->753->763->764->766->783->784->793->791->815->816->822->821->826->830->839->842->849->852->860->864->876->866->875->867->870->880->882->887->893->894->910->933->944->946->956->976->978->985->991->995->1017->1024->1031->1071->1077->1079->1091->1100->1110->1120->1122->1139->1167->1168->1181->1175->1189->1191->1192->1180->1182->1184->1193->1205->1210->1223->1229->1230->1241->1232->1237->1242->1244->1251->1269->1275->1278->1296->1322->1330->1348->1364->1353->1358->1366->1361->1362->1368->1385->1379->1382->1387->1390->1403->1417->1434->1408->1426->1428->1453->1462->1463->1481->1497->1499->1500->1502->1503->1508->1510->1512->1521->1522->1531->1518->1528->1540->1542->1554->1555->1568->1576->1582->1583->1594->1586->1590->1600->1618->1593->1601->1604->1595->1607->1616->1620->1630->1633->1641->1680->1688->1719->1739->1751->1755->1757->1776->1777->1798->1782->1785->1818->1834->1821->1823->1824->1857->1861->1871->1875->1890->1907->1906->1940->1941->1951->1969->1980->1978->1982->1987->1991->2001->2002->2005->2013->2047->2050->2049->2065->2081->2059->2063->2071->2074->2077->2079->2099->2100->2116->2118->2121->2134->2137->2148->2158->2169->2159->2174->2181->2195->2186->2196->2204->2208->2212->2217->2229->2499->2490,2490->2500,RESULTS/GA/log_ga_spot.csv
Optimization,N2500_PS_parking_cost_150_300_I1,N2500_PS_parking_cost_150_300_I1.dat,parameter_sensitivity/medium_large/N2500_PS_parking_cost_150_300_I1.dat,parameter_sensitivity,N2500,SUMO,parking_cost_variation_mode,parking_cost_range,15.0-30.0,2500,7696,125,3732,375,0.1,375,2491,2500,0.9,0.5,20.5,2491,2500,0.9,0.5,20.5,0.9,TRUE,inferred_from_previous_exact_lot_solution,2476,340,2476_S001,near,1,0.29940000000000067,0.001603,0.003195,0.1661,0.0332,0.036395,0.3373980000000007,0.29940000000000067,0.1661,0.036395,0.3373980000000007,14.76,19.695492000000037,1915590.693,2491->2487->2341->2340->2332->2328->2326->2320->2317->2305->2311->2300->2282->2268->2263->2256->2252->2251->2247->2257->2240->2226->2237->2220->2235->2236->2218->2228->2211->2202->2187->2178->2156->2170->2155->2154->2130->2109->2098->2085->2072->2078->2082->2069->2046->2038->2033->2030->2044->2028->2017->2014->1968->1955->1902->1900->1894->1893->1882->1872->1864->1869->1863->1860->1841->1840->1832->1827->1826->1814->1813->1807->1789->1788->1781->1779->1774->1784->1780->1778->1767->1764->1740->1736->1735->1731->1718->1713->1707->1693->1681->1677->1672->1665->1664->1655->1649->1643->1637->1628->1625->1610->1587->1579->1552->1550->1548->1530->1537->1525->1492->1490->1488->1495->1479->1486->1471->1469->1465->1460->1430->1423->1401->1391->1384->1380->1374->1373->1369->1359->1355->1344->1311->1301->1310->1298->1290->1281->1274->1270->1279->1262->1257->1254->1234->1219->1206->1212->1203->1194->1197->1183->1177->1170->1153->1152->1149->1142->1134->1130->1125->1117->1113->1129->1111->1099->1089->1075->1069->1065->1064->1063->1051->1042->1039->1050->1037->1036->1027->1006->988->981->969->929->924->917->912->904->903->896->892->905->888->885->878->877->874->865->861->857->856->851->818->813->810->805->786->762->776->761->757->755->741->725->715->711->723->705->696->691->697->689->687->695->681->674->667->659->657->636->609->599->592->588->576->574->586->568->575->564->560->549->547->545->543->540->566->561->548->542->530->539->526->525->524->522->508->519->501->476->469->463->731->744->467->450->436->430->408->714->712->706->387->688->373->644->638->641->631->623->365->348->346->616->344->558->314->493->491->487->492->485->479->475->458->464->456->457->206->209->201->198->196->193->190->183->178->174->168->164->326->316->292->301->278->147->137->107->83->97->136->214->188->249->252->256->222->369->226->237->253->20->32->45->27->34->54->29->49->85->100->119->114->129->122->123->125->133->134->181->143->146->156->216->223->211->212->173->185->192->204->202->260->265->263->275->288->290->293->306->317->358->363->379->384->394->407->396->397->401->406->398->403->413->440->449->453->455->460->461->462->471->482->495->497->517->518->537->546->551->553->555->562->569->570->573->593->600->602->615->628->637->642->658->668->694->700->713->721->734->745->748->749->753->763->764->766->783->784->791->815->816->822->821->826->830->839->854->849->852->860->864->866->867->870->880->882->887->893->894->910->933->944->946->948->976->978->985->991->995->1017->1024->1031->1071->1077->1079->1091->1100->1110->1120->1116->1122->1139->1167->1168->1181->1175->1189->1191->1199->1204->1180->1182->1184->1193->1205->1210->1223->1229->1230->1241->1232->1237->1242->1244->1251->1269->1275->1278->1296->1322->1330->1348->1364->1353->1358->1361->1362->1368->1379->1381->1387->1390->1403->1417->1408->1426->1428->1453->1462->1463->1481->1497->1499->1500->1502->1503->1508->1510->1512->1521->1522->1531->1518->1528->1540->1542->1554->1555->1568->1576->1582->1583->1594->1586->1588->1599->1618->1593->1601->1595->1607->1616->1620->1633->1641->1680->1688->1719->1739->1751->1755->1757->1776->1777->1798->1782->1791->1785->1818->1821->1823->1824->1857->1859->1861->1871->1890->1907->1906->1940->1941->1951->1969->1980->1978->1982->1986->1987->1991->1992->2002->2005->2013->2047->2049->2065->2081->2096->2110->2063->2071->2074->2077->2079->2099->2108->2100->2116->2118->2121->2134->2137->2148->2158->2169->2159->2174->2181->2186->2196->2204->2208->2212->2217->2229->2461->2466->2476,2476->2500,RESULTS/COMBINED_ALL_METHODS/results_all_methods_parameter_sensitivity_spot_level.csv
PSO,N2500_PS_parking_cost_150_300_I1,N2500_PS_parking_cost_150_300_I1.dat,parameter_sensitivity/medium_large/N2500_PS_parking_cost_150_300_I1.dat,parameter_sensitivity,N2500,SUMO,parking_cost_variation_mode,parking_cost_range,15.0-30.0,2500,7696,125,3732,375,0.1,375,2491,2500,0.9,0.5,20.5,2491,2500,0.9,0.5,20.5,0.9,TRUE,solved,2476,340,2476_S001,near,1,0.2959000000000009,0.001603,0.003195,0.1661,0.0332,0.036395,0.3338980000000009,0.2959000000000009,0.1661,0.036395,0.3338980000000009,14.76,19.506492000000048,579562.45,2491->2341->2328->2326->2320->2317->2305->2300->2282->2268->2263->2256->2252->2251->2247->2244->2240->2226->2237->2223->2220->2235->2218->2228->2214->2211->2202->2178->2156->2170->2155->2154->2130->2109->2098->2085->2072->2078->2082->2069->2046->2038->2033->2030->2044->2028->2014->1968->1955->1902->1895->1894->1893->1882->1872->1864->1869->1863->1860->1841->1840->1832->1827->1826->1814->1813->1807->1789->1788->1781->1779->1774->1784->1780->1778->1766->1767->1764->1740->1736->1735->1731->1718->1713->1707->1693->1681->1677->1672->1665->1664->1655->1649->1643->1637->1628->1625->1610->1587->1579->1552->1550->1548->1530->1537->1525->1492->1490->1488->1495->1479->1486->1471->1465->1460->1430->1423->1401->1391->1384->1380->1374->1373->1369->1359->1355->1344->1311->1301->1310->1298->1290->1281->1274->1270->1279->1262->1257->1254->1252->1219->1206->1228->1203->1194->1197->1183->1177->1170->1153->1152->1149->1142->1134->1130->1125->1117->1113->1129->1111->1105->1099->1089->1075->1069->1065->1064->1063->1051->1042->1039->1050->1037->1036->1027->1006->988->981->969->961->929->924->917->912->904->903->896->892->905->888->885->878->877->874->865->857->856->851->818->813->810->812->805->786->762->776->761->757->755->725->715->711->723->705->696->691->697->689->687->681->674->667->659->657->636->609->599->592->588->576->574->586->568->575->581->564->560->549->547->545->543->540->566->561->532->542->530->539->526->525->524->522->527->519->501->476->469->463->450->439->437->436->726->720->714->712->393->688->373->356->350->631->623->365->348->346->558->552->520->514->535->298->296->289->284->491->487->266->262->475->458->466->456->457->206->410->404->392->390->383->385->183->178->174->335->333->326->318->301->278->147->137->107->96->60->48->78->102->103->220->7->14->15->24->359->369->226->237->253->20->32->30->34->54->53->89->49->98->121->85->100->119->114->122->123->125->133->134->181->143->194->189->216->187->177->167->158->211->212->227->231->197->199->204->202->260->263->275->288->290->293->306->317->358->363->379->384->394->407->396->397->401->406->398->403->413->440->449->455->460->468->462->471->482->495->497->517->518->536->537->546->551->553->554->555->562->569->570->573->593->600->602->615->628->637->642->658->668->694->700->709->713->721->734->745->748->749->753->763->764->766->783->784->791->815->816->821->826->830->839->842->849->852->860->864->866->867->870->880->882->887->893->894->910->933->944->946->956->948->976->978->985->991->995->1017->1024->1031->1068->1071->1077->1079->1091->1100->1110->1120->1122->1139->1167->1168->1173->1175->1178->1192->1180->1182->1184->1193->1205->1210->1223->1229->1230->1241->1232->1237->1242->1244->1251->1269->1275->1278->1296->1322->1330->1348->1364->1353->1358->1361->1362->1368->1379->1381->1387->1390->1403->1417->1434->1426->1428->1453->1462->1463->1481->1497->1500->1502->1503->1508->1510->1512->1531->1518->1528->1540->1542->1554->1555->1568->1576->1582->1583->1594->1586->1588->1599->1618->1593->1601->1604->1607->1616->1620->1630->1633->1641->1680->1688->1719->1739->1751->1755->1757->1776->1777->1794->1798->1782->1785->1818->1821->1823->1824->1857->1861->1871->1890->1907->1906->1940->1941->1951->1969->1980->1978->1982->1987->1991->2001->2002->2005->2013->2047->2059->2081->2096->2110->2063->2071->2074->2077->2079->2099->2100->2116->2118->2121->2134->2137->2148->2158->2169->2171->2174->2181->2195->2186->2196->2204->2208->2212->2217->2229->2476,2476->2500,RESULTS/PSO/log_pso_spot.csv
ACO,N2500_PS_parking_cost_80_205_I1,N2500_PS_parking_cost_80_205_I1.dat,parameter_sensitivity/medium_large/N2500_PS_parking_cost_80_205_I1.dat,parameter_sensitivity,N2500,SUMO,parking_cost_variation_mode,parking_cost_range,8.0-20.5,2500,7696,125,3732,375,0.1,375,2491,2500,0.9,0.5,20.5,2491,2500,0.9,0.5,20.5,0.9,TRUE,solved,2476,340,2476_S001,near,1,0.2046000000000003,0.001603,0.003195,0.1661,0.0332,0.036395,0.2425980000000003,0.2046000000000003,0.1661,0.036395,0.2425980000000003,6.66,13.766292000000018,23890.377,2491->2341->2328->2326->2320->2317->2305->2300->2282->2268->2263->2256->2252->2251->2247->2244->2240->2226->2237->2220->2235->2218->2228->2214->2211->2202->2178->2156->2183->2170->2155->2154->2130->2109->2098->2085->2072->2082->2069->2046->2038->2033->2030->2044->2028->2014->1968->1955->1902->1895->1894->1893->1882->1872->1864->1869->1863->1860->1841->1840->1832->1827->1826->1814->1813->1807->1789->1788->1781->1779->1774->1784->1780->1778->1767->1764->1740->1736->1735->1731->1718->1713->1707->1693->1681->1677->1687->1672->1665->1673->1664->1655->1649->1643->1637->1628->1610->1587->1579->1552->1550->1548->1530->1537->1525->1492->1490->1488->1495->1479->1486->1471->1465->1460->1430->1423->1406->1401->1391->1384->1380->1374->1373->1369->1359->1355->1344->1311->1301->1310->1298->1290->1281->1274->1270->1279->1262->1257->1254->1252->1219->1206->1228->1212->1203->1194->1197->1177->1170->1153->1152->1149->1142->1134->1130->1125->1117->1113->1129->1111->1099->1089->1075->1069->1065->1064->1063->1051->1042->1039->1050->1037->1036->1027->1006->988->981->969->929->924->917->912->904->903->896->892->905->888->885->878->877->874->865->861->857->856->851->818->813->810->812->805->786->762->761->757->755->725->715->711->723->705->696->691->697->698->689->687->681->674->667->659->657->636->609->599->592->588->576->574->586->568->575->564->560->549->547->545->543->540->538->561->532->542->534->539->526->525->527->508->501->476->469->463->450->436->430->408->393->387->372->375->371->362->373->356->350->353->348->346->349->334->337->331->329->324->321->309->298->299->296->289->284->266->262->259->254->235->233->232->230->229->217->228->210->206->209->201->198->196->193->190->183->178->174->168->164->163->162->155->108->51->50->82->81->77->69->68->63->21->1->5->6->10->11->15->24->19->28->22->30->34->54->29->49->85->100->119->114->122->123->125->133->134->181->143->146->156->166->158->173->185->192->204->202->260->263->275->288->290->293->306->317->358->363->379->384->394->407->396->397->401->406->398->403->413->440->449->455->460->468->471->482->497->517->518->537->546->551->553->555->562->569->570->573->593->600->602->615->628->637->642->658->668->694->700->713->721->734->745->748->749->753->763->765->764->766->783->784->791->815->816->821->826->830->839->854->849->852->860->864->866->867->870->880->882->887->893->894->910->933->944->946->948->976->978->985->991->995->1017->1024->1031->1071->1077->1079->1091->1100->1110->1120->1122->1139->1167->1168->1181->1175->1178->1192->1204->1182->1184->1193->1205->1210->1223->1229->1230->1241->1232->1237->1242->1244->1251->1269->1275->1278->1296->1322->1330->1348->1364->1353->1358->1361->1362->1368->1379->1381->1387->1390->1403->1417->1434->1426->1428->1453->1462->1463->1481->1497->1500->1502->1503->1508->1510->1512->1531->1518->1528->1540->1542->1554->1555->1568->1576->1582->1583->1594->1586->1590->1600->1618->1593->1601->1604->1607->1616->1620->1633->1641->1680->1688->1719->1739->1751->1755->1757->1776->1777->1798->1782->1791->1785->1818->1821->1823->1824->1857->1859->1861->1871->1890->1907->1906->1940->1941->1951->1969->1980->1978->1982->1987->1991->2001->2002->2005->2013->2047->2059->2063->2071->2074->2077->2079->2099->2100->2116->2118->2121->2134->2137->2148->2158->2169->2171->2174->2181->2195->2186->2196->2204->2208->2212->2217->2229->2461->2466->2476,2476->2500,RESULTS/ACO/log_aco_spot.csv
GA,N2500_PS_parking_cost_80_205_I1,N2500_PS_parking_cost_80_205_I1.dat,parameter_sensitivity/medium_large/N2500_PS_parking_cost_80_205_I1.dat,parameter_sensitivity,N2500,SUMO,parking_cost_variation_mode,parking_cost_range,8.0-20.5,2500,7696,125,3732,375,0.1,375,2491,2500,0.9,0.5,20.5,2491,2500,0.9,0.5,20.5,0.9,TRUE,solved,2476,341,2476_S002,near,1,0.30910000000000065,0.002259,0.00477,0.1661,0.0332,0.037970000000000004,0.34932900000000067,0.30910000000000065,0.1661,0.037970000000000004,0.34932900000000067,6.76,19.539766000000036,60488.818,2491->2493->2484->2487->2341->2340->2332->2328->2326->2320->2317->2300->2282->2268->2263->2256->2252->2251->2247->2257->2240->2226->2237->2223->2220->2215->2235->2218->2228->2211->2202->2178->2156->2183->2155->2154->2130->2109->2098->2085->2072->2078->2069->2046->2038->2033->2030->2044->2028->2017->2014->1968->1955->1902->1910->1894->1893->1882->1872->1864->1869->1863->1860->1841->1840->1832->1827->1826->1814->1813->1807->1789->1806->1781->1779->1774->1771->1784->1780->1778->1766->1764->1740->1736->1735->1731->1718->1713->1707->1697->1693->1681->1677->1672->1665->1664->1655->1649->1640->1643->1637->1628->1610->1587->1579->1552->1550->1548->1547->1530->1537->1525->1524->1492->1490->1488->1495->1479->1486->1471->1465->1460->1430->1423->1406->1401->1391->1384->1386->1380->1374->1373->1369->1359->1355->1344->1311->1301->1310->1298->1290->1281->1274->1270->1279->1277->1262->1257->1254->1234->1231->1219->1206->1228->1203->1194->1197->1177->1170->1153->1152->1149->1142->1134->1130->1125->1117->1113->1129->1111->1099->1089->1075->1069->1065->1064->1063->1051->1055->1042->1039->1050->1037->1036->1027->1006->988->981->969->929->924->917->912->904->903->896->892->905->888->885->878->877->874->865->857->856->851->813->810->805->786->762->776->757->755->741->725->715->711->723->708->705->696->691->697->689->687->695->681->674->667->659->657->636->609->599->592->588->576->574->586->568->575->581->564->560->549->547->545->543->540->538->561->532->542->534->539->526->524->522->508->519->747->737->476->469->463->450->439->437->436->430->408->393->387->372->375->663->677->373->356->350->626->625->606->608->616->334->558->314->491->487->492->266->262->479->475->458->464->466->456->232->230->229->420->418->409->404->198->196->193->190->183->178->174->335->341->168->370->380->339->338->164->326->316->301->318->162->155->172->175->105->95->87->99->139->136->113->35->23->21->1->2->7->14->15->11->4->8->12->24->19->20->26->33->27->45->32->30->34->54->29->89->49->85->100->111->119->114->122->123->125->133->134->181->191->143->146->216->187->177->167->158->173->185->192->231->197->204->202->260->265->263->268->275->288->290->293->297->306->317->358->363->379->384->394->407->396->397->401->406->398->403->413->440->449->453->455->460->468->471->482->495->497->517->518->536->537->546->551->553->554->555->562->569->570->573->593->600->602->615->628->637->642->658->668->694->700->709->713->721->734->745->748->749->753->763->765->764->766->783->784->791->815->816->821->826->830->839->854->849->852->860->864->876->866->867->870->880->882->889->887->893->894->910->933->944->946->956->976->978->985->991->995->1011->1017->1024->1031->1068->1071->1077->1079->1091->1092->1100->1110->1120->1122->1139->1167->1168->1181->1173->1175->1178->1189->1192->1199->1204->1182->1184->1193->1205->1210->1223->1229->1230->1241->1232->1237->1242->1244->1251->1269->1275->1278->1296->1322->1330->1348->1364->1353->1358->1361->1366->1362->1368->1379->1382->1387->1390->1403->1417->1434->1428->1453->1462->1463->1481->1497->1500->1502->1503->1508->1510->1512->1521->1522->1518->1528->1540->1542->1554->1555->1568->1576->1582->1583->1594->1586->1590->1599->1600->1618->1593->1601->1595->1607->1616->1620->1630->1633->1641->1680->1688->1719->1739->1751->1755->1757->1776->1777->1794->1798->1782->1791->1785->1818->1834->1821->1823->1824->1857->1861->1871->1890->1907->1906->1940->1941->1951->1969->1980->1978->1982->1987->1991->1992->2002->2005->2013->2047->2049->2050->2059->2081->2089->2110->2063->2071->2074->2077->2079->2099->2108->2100->2116->2118->2121->2134->2137->2148->2158->2169->2159->2174->2181->2195->2186->2196->2207->2204->2208->2212->2217->2229->2490->2499->2485->2476,2476->2500,RESULTS/GA/log_ga_spot.csv
Optimization,N2500_PS_parking_cost_80_205_I1,N2500_PS_parking_cost_80_205_I1.dat,parameter_sensitivity/medium_large/N2500_PS_parking_cost_80_205_I1.dat,parameter_sensitivity,N2500,SUMO,parking_cost_variation_mode,parking_cost_range,8.0-20.5,2500,7696,125,3732,375,0.1,375,2491,2500,0.9,0.5,20.5,2491,2500,0.9,0.5,20.5,0.9,TRUE,inferred_from_previous_exact_lot_solution,2476,340,2476_S001,near,1,0.2943000000000008,0.001603,0.003195,0.1661,0.0332,0.036395,0.3322980000000008,0.2943000000000008,0.1661,0.036395,0.3322980000000008,6.66,18.610092000000044,513859.875,2491->2493->2487->2484->2481->2478->2468->2448->2443->2458->2442->2426->2412->2401->2400->2395->2379->2374->2370->2369->2385->2372->2358->2390->2380->2363->2353->2350->2347->2340->2332->2328->2326->2320->2317->2300->2282->2268->2263->2256->2252->2251->2247->2257->2240->2226->2237->2223->2220->2235->2218->2214->2211->2202->2187->2178->2156->2183->2155->2154->2130->2109->2098->2085->2072->2082->2069->2046->2038->2033->2030->2044->2028->2014->1968->1955->1902->1910->1894->1893->1882->1872->1864->1869->1863->1860->1841->1840->1832->1827->1826->1814->1813->1807->1789->1788->1806->1781->1779->1774->1771->1784->1780->1778->1766->1764->1763->1740->1736->1735->1731->1718->1713->1707->1697->1693->1681->1677->1687->1672->1665->1664->1655->1649->1640->1643->1637->1628->1610->1587->1579->1552->1550->1548->1547->1530->1537->1525->1524->1492->1490->1488->1495->1479->1486->1471->1469->1465->1460->1430->1423->1401->1391->1384->1386->1380->1374->1373->1369->1359->1355->1344->1311->1301->1310->1298->1290->1281->1274->1270->1279->1277->1262->1257->1254->1234->1231->1219->1206->1228->1203->1194->1197->1183->1177->1170->1153->1152->1149->1142->1134->1130->1125->1117->1113->1129->1111->1099->1089->1075->1069->1065->1064->1063->1051->1055->1042->1039->1050->1037->1036->1027->1006->988->981->969->929->924->917->912->907->904->903->896->892->905->888->885->878->877->874->865->861->857->856->851->813->810->805->786->762->776->757->755->741->725->715->711->708->705->696->691->697->698->689->687->695->681->674->667->659->657->636->609->599->592->588->576->574->586->568->575->564->581->560->549->547->545->543->540->566->538->561->548->542->534->539->526->524->522->527->525->772->747->737->733->469->463->450->439->437->436->430->415->408->393->387->372->375->371->677->373->356->350->626->625->349->558->314->491->266->262->259->254->235->233->232->230->229->219->217->228->210->410->404->409->418->206->209->201->198->196->193->190->183->380->370->168->341->333->326->316->301->292->278->277->272->246->117->115->120->79->70->65->116->215->179->10->11->15->24->19->20->32->33->27->34->54->29->89->49->85->100->111->119->114->122->123->125->133->134->181->143->191->184->189->216->156->166->177->167->158->173->185->192->199->204->202->260->265->263->268->275->288->290->293->297->306->317->358->363->379->384->394->407->396->397->401->406->398->403->413->440->449->453->455->460->468->471->482->497->517->518->536->537->546->551->553->554->555->562->569->570->573->593->600->602->615->628->637->642->658->668->694->700->713->721->734->745->748->749->753->763->765->764->766->783->784->791->815->816->822->821->826->830->839->842->849->852->860->864->876->866->867->870->880->882->889->887->893->894->910->933->944->946->956->976->978->985->991->995->1017->1024->1031->1068->1071->1077->1079->1091->1092->1100->1110->1120->1122->1139->1167->1168->1181->1175->1189->1191->1192->1204->1180->1182->1184->1193->1205->1210->1223->1229->1230->1241->1232->1237->1242->1244->1251->1269->1275->1278->1296->1322->1330->1348->1364->1353->1358->1366->1361->1362->1368->1379->1382->1381->1387->1390->1403->1417->1434->1428->1453->1462->1463->1481->1497->1500->1502->1503->1508->1510->1512->1521->1531->1518->1528->1540->1542->1554->1555->1568->1576->1582->1583->1594->1586->1590->1599->1600->1618->1593->1601->1595->1607->1616->1620->1630->1633->1641->1680->1688->1719->1739->1751->1755->1757->1776->1777->1794->1798->1782->1785->1818->1834->1821->1823->1824->1857->1859->1877->1861->1871->1890->1907->1906->1940->1941->1951->1969->1980->1978->1982->1987->1991->1992->2001->2002->2005->2013->2047->2049->2050->2059->2081->2096->2110->2063->2071->2074->2077->2079->2099->2100->2116->2118->2121->2134->2137->2148->2158->2169->2171->2159->2174->2181->2186->2196->2204->2208->2212->2217->2229->2490->2499->2485->2476,2476->2500,RESULTS/COMBINED_ALL_METHODS/results_all_methods_parameter_sensitivity_spot_level.csv
PSO,N2500_PS_parking_cost_80_205_I1,N2500_PS_parking_cost_80_205_I1.dat,parameter_sensitivity/medium_large/N2500_PS_parking_cost_80_205_I1.dat,parameter_sensitivity,N2500,SUMO,parking_cost_variation_mode,parking_cost_range,8.0-20.5,2500,7696,125,3732,375,0.1,375,2491,2500,0.9,0.5,20.5,2491,2500,0.9,0.5,20.5,0.9,TRUE,solved,2476,340,2476_S001,near,1,0.31290000000000084,0.001603,0.003195,0.1661,0.0332,0.036395,0.3508980000000009,0.31290000000000084,0.1661,0.036395,0.3508980000000009,6.66,19.614492000000048,803797.137,2491->2341->2340->2332->2328->2326->2320->2317->2305->2300->2282->2268->2263->2256->2252->2251->2247->2244->2240->2226->2237->2220->2235->2236->2218->2228->2211->2202->2187->2178->2156->2183->2155->2154->2130->2109->2098->2085->2072->2078->2069->2046->2038->2033->2030->2044->2028->2014->1968->1955->1902->1895->1894->1893->1882->1872->1864->1869->1863->1860->1841->1840->1832->1827->1826->1814->1813->1807->1789->1806->1781->1779->1774->1784->1780->1778->1767->1764->1763->1740->1736->1735->1731->1718->1713->1707->1693->1689->1681->1677->1687->1672->1665->1664->1655->1649->1643->1637->1628->1610->1587->1579->1552->1550->1548->1530->1537->1525->1524->1492->1490->1488->1495->1479->1486->1471->1469->1465->1460->1430->1423->1401->1391->1384->1386->1380->1374->1373->1369->1359->1355->1344->1311->1301->1310->1298->1290->1281->1274->1270->1279->1262->1257->1254->1234->1219->1206->1212->1203->1194->1197->1177->1170->1153->1152->1149->1142->1134->1130->1125->1117->1113->1129->1111->1105->1099->1089->1075->1069->1065->1064->1063->1051->1055->1042->1039->1050->1037->1036->1027->1006->988->981->969->929->924->917->912->904->903->896->892->905->888->885->878->877->874->865->857->856->851->813->810->805->786->762->776->757->755->725->715->711->723->705->696->691->697->698->689->687->681->674->667->659->657->636->609->599->592->588->576->574->586->568->575->564->560->549->547->545->543->540->538->561->532->542->534->824->792->772->747->519->508->501->476->469->733->731->744->739->450->436->430->720->422->415->408->393->688->677->660->646->638->641->631->623->365->626->366->344->346->577->559->314->493->284->500->262->466->456->457->441->438->425->206->209->201->198->196->193->190->380->178->174->335->341->338->164->163->175->105->95->87->109->127->39->38->55->37->31->69->25->36->46->35->23->21->1->5->6->10->13->14->15->24->19->28->22->26->33->27->34->54->29->53->89->98->94->67->85->100->119->114->129->122->123->125->133->134->181->143->146->216->223->211->212->224->231->197->204->202->260->265->263->268->275->288->290->293->306->317->358->363->379->384->394->407->396->397->401->406->398->399->403->413->440->449->455->460->461->462->471->482->495->497->517->518->537->546->551->553->555->562->569->570->573->593->600->602->615->628->637->642->658->668->694->700->713->721->734->745->748->749->753->763->764->766->783->793->791->815->816->821->826->830->839->854->849->852->860->864->876->866->867->870->880->882->887->893->894->910->933->944->946->948->956->976->978->985->991->995->1017->1024->1031->1071->1077->1079->1091->1092->1100->1110->1120->1116->1122->1139->1167->1168->1181->1175->1178->1192->1204->1180->1182->1184->1193->1205->1210->1223->1229->1230->1241->1232->1237->1242->1244->1251->1269->1275->1278->1296->1322->1330->1348->1364->1353->1358->1361->1362->1368->1385->1379->1381->1387->1390->1403->1417->1434->1428->1453->1462->1463->1481->1497->1500->1502->1503->1508->1510->1512->1521->1531->1518->1528->1540->1542->1554->1555->1568->1576->1582->1583->1594->1586->1588->1599->1618->1593->1601->1604->1607->1616->1620->1633->1641->1680->1688->1719->1739->1751->1755->1757->1776->1777->1798->1782->1785->1818->1821->1823->1824->1857->1859->1861->1871->1875->1890->1907->1906->1940->1941->1951->1969->1980->1978->1982->1987->1991->1992->2001->2002->2005->2013->2047->2059->2063->2071->2074->2077->2079->2099->2100->2116->2118->2121->2134->2137->2148->2158->2169->2159->2174->2181->2186->2196->2204->2208->2212->2217->2229->2473->2461->2466->2476,2476->2500,RESULTS/PSO/log_pso_spot.csv
ACO,N2500_PS_parking_supply_P10_I1,N2500_PS_parking_supply_P10_I1.dat,parameter_sensitivity/medium_large/N2500_PS_parking_supply_P10_I1.dat,parameter_sensitivity,N2500,SUMO,parking_supply,parking_supply,10%,2500,7892,223,6689,670,0.1,670,2491,2500,0.9,0.5,20.5,2491,2500,0.9,0.5,20.5,0.9,TRUE,solved,2476,340,2476_S001,near,1,0.2046000000000003,0.001603,0.003195,0.1661,0.0332,0.036395,0.2425980000000003,0.2046000000000003,0.1661,0.036395,0.2425980000000003,6.66,13.766292000000018,27181.529,2491->2341->2328->2326->2320->2317->2305->2300->2282->2268->2263->2256->2252->2251->2247->2244->2240->2226->2237->2220->2235->2218->2228->2214->2211->2202->2178->2156->2183->2170->2155->2154->2130->2109->2098->2085->2072->2082->2069->2046->2038->2033->2030->2044->2028->2014->1968->1955->1902->1895->1894->1893->1882->1872->1864->1869->1863->1860->1841->1840->1832->1827->1826->1814->1813->1807->1789->1788->1781->1779->1774->1784->1780->1778->1767->1764->1740->1736->1735->1731->1718->1713->1707->1693->1681->1677->1687->1672->1665->1673->1664->1655->1649->1643->1637->1628->1610->1587->1579->1552->1550->1548->1530->1537->1525->1492->1490->1488->1495->1479->1486->1471->1465->1460->1430->1423->1406->1401->1391->1384->1380->1374->1373->1369->1359->1355->1344->1311->1301->1310->1298->1290->1281->1274->1270->1279->1262->1257->1254->1252->1219->1206->1228->1212->1203->1194->1197->1177->1170->1153->1152->1149->1142->1134->1130->1125->1117->1113->1129->1111->1099->1089->1075->1069->1065->1064->1063->1051->1042->1039->1050->1037->1036->1027->1006->988->981->969->929->924->917->912->904->903->896->892->905->888->885->878->877->874->865->861->857->856->851->818->813->810->812->805->786->762->761->757->755->725->715->711->723->705->696->691->697->698->689->687->681->674->667->659->657->636->609->599->592->588->576->574->586->568->575->564->560->549->547->545->543->540->538->561->532->542->534->539->526->525->527->508->501->476->469->463->450->436->430->408->393->387->372->375->371->362->373->356->350->353->348->346->349->334->337->331->329->324->321->309->298->299->296->289->284->266->262->259->254->235->233->232->230->229->217->228->210->206->209->201->198->196->193->190->183->178->174->168->164->163->162->155->108->51->50->82->81->77->69->68->63->21->1->5->6->10->11->15->24->19->28->22->30->34->54->29->49->85->100->119->114->122->123->125->133->134->181->143->146->156->166->158->173->185->192->204->202->260->263->275->288->290->293->306->317->358->363->379->384->394->407->396->397->401->406->398->403->413->440->449->455->460->468->471->482->497->517->518->537->546->551->553->555->562->569->570->573->593->600->602->615->628->637->642->658->668->694->700->713->721->734->745->748->749->753->763->765->764->766->783->784->791->815->816->821->826->830->839->854->849->852->860->864->866->867->870->880->882->887->893->894->910->933->944->946->948->976->978->985->991->995->1017->1024->1031->1071->1077->1079->1091->1100->1110->1120->1122->1139->1167->1168->1181->1175->1178->1192->1204->1182->1184->1193->1205->1210->1223->1229->1230->1241->1232->1237->1242->1244->1251->1269->1275->1278->1296->1322->1330->1348->1364->1353->1358->1361->1362->1368->1379->1381->1387->1390->1403->1417->1434->1426->1428->1453->1462->1463->1481->1497->1500->1502->1503->1508->1510->1512->1531->1518->1528->1540->1542->1554->1555->1568->1576->1582->1583->1594->1586->1590->1600->1618->1593->1601->1604->1607->1616->1620->1633->1641->1680->1688->1719->1739->1751->1755->1757->1776->1777->1798->1782->1791->1785->1818->1821->1823->1824->1857->1859->1861->1871->1890->1907->1906->1940->1941->1951->1969->1980->1978->1982->1987->1991->2001->2002->2005->2013->2047->2059->2063->2071->2074->2077->2079->2099->2100->2116->2118->2121->2134->2137->2148->2158->2169->2171->2174->2181->2195->2186->2196->2204->2208->2212->2217->2229->2461->2466->2476,2476->2500,RESULTS/ACO/log_aco_spot.csv
GA,N2500_PS_parking_supply_P10_I1,N2500_PS_parking_supply_P10_I1.dat,parameter_sensitivity/medium_large/N2500_PS_parking_supply_P10_I1.dat,parameter_sensitivity,N2500,SUMO,parking_supply,parking_supply,10%,2500,7892,223,6689,670,0.1,670,2491,2500,0.9,0.5,20.5,2491,2500,0.9,0.5,20.5,0.9,TRUE,solved,2476,341,2476_S002,near,1,0.8381000000000002,0.002259,0.00477,0.1661,0.0332,0.037970000000000004,0.8783290000000001,0.8381000000000002,0.1661,0.037970000000000004,0.8783290000000001,6.76,48.10576600000001,60992.036,2491->2493->2484->2487->2341->2332->2328->2326->2320->2317->2300->2282->2268->2263->2256->2252->2251->2247->2257->2244->2240->2226->2237->2223->2220->2215->2235->2218->2214->2228->2211->2202->2187->2178->2156->2183->2155->2154->2130->2109->2098->2085->2072->2078->2069->2046->2038->2033->2030->2044->2028->2014->1968->1955->1902->1895->1894->1893->1882->1872->1864->1869->1863->1860->1841->1840->1832->1827->1826->1814->1813->1807->1789->1788->1781->1779->1774->1784->1780->1778->1767->1764->1740->1736->1735->1731->1718->1713->1707->1693->1681->1677->1702->1687->1672->1665->1664->1655->1649->1643->1637->1628->1625->1610->1587->1579->1552->1550->1548->1530->1537->1525->1524->1492->1490->1488->1495->1479->1486->1471->1465->1460->1430->1423->1406->1401->1391->1384->1380->1374->1373->1369->1359->1355->1344->1311->1301->1310->1298->1290->1281->1274->1270->1279->1262->1257->1254->1252->1219->1206->1228->1212->1203->1194->1197->1183->1177->1170->1153->1152->1149->1142->1134->1130->1125->1117->1113->1129->1111->1105->1099->1089->1075->1069->1065->1064->1063->1051->1042->1039->1050->1037->1036->1027->1006->988->981->969->929->924->917->912->904->903->896->892->905->888->885->878->877->874->865->857->856->851->813->810->812->805->786->762->776->757->755->741->725->715->711->708->723->705->696->691->697->689->687->695->681->674->667->659->657->636->609->599->592->588->576->574->586->568->575->564->560->549->547->545->543->540->538->561->532->542->530->539->526->524->525->527->508->501->476->469->463->467->450->436->726->720->714->712->393->688->375->371->633->631->623->365->348->346->558->314->491->487->492->266->262->458->464->456->457->441->451->206->209->410->198->392->193->196->390->383->385->183->178->174->168->341->333->326->318->316->292->278->277->272->130->120->115->52->51->61->60->50->82->176->182->9->5->2->3->4->8->12->24->19->20->26->22->30->34->54->29->89->49->121->94->67->85->100->119->114->129->122->123->125->133->134->181->143->194->189->216->156->187->177->166->158->170->173->185->192->204->202->260->263->268->275->288->290->293->297->306->317->358->363->379->384->394->407->396->397->401->406->398->403->413->440->454->449->453->455->460->468->471->482->497->517->518->537->546->551->553->554->555->562->569->570->573->593->600->602->615->628->637->642->658->668->694->700->709->713->721->734->745->748->749->753->763->764->766->783->793->784->791->815->816->822->821->826->830->839->842->849->852->860->864->876->866->875->867->870->880->882->889->887->893->894->910->933->944->946->956->976->978->985->991->995->1017->1024->1031->1071->1077->1079->1091->1100->1110->1120->1116->1122->1139->1167->1168->1173->1175->1178->2500->2499->2485->2476,2476->2500,RESULTS/GA/log_ga_spot.csv
Optimization,N2500_PS_parking_supply_P10_I1,N2500_PS_parking_supply_P10_I1.dat,parameter_sensitivity/medium_large/N2500_PS_parking_supply_P10_I1.dat,parameter_sensitivity,N2500,SUMO,parking_supply,parking_supply,10%,2500,7892,223,6689,670,0.1,670,2491,2500,0.9,0.5,20.5,2491,2500,0.9,0.5,20.5,0.9,TRUE,inferred_from_previous_exact_lot_solution,2490,294,2490_S001,near,1,0.8660000000000002,0.001557,0.002951,0.1348,0.027,0.029951,0.8975080000000002,0.8660000000000002,0.1348,0.029951,0.8975080000000002,9.13,49.37843200000002,472748.196,2491->2487->2484->2481->2341->2332->2328->2326->2320->2317->2300->2282->2268->2263->2256->2252->2251->2247->2244->2240->2226->2237->2223->2220->2215->2235->2218->2228->2214->2211->2202->2187->2178->2156->2170->2155->2154->2130->2109->2098->2085->2072->2082->2069->2046->2038->2033->2030->2044->2028->2014->1968->1955->1902->1895->1894->1893->1882->1872->1864->1869->1863->1860->1841->1840->1832->1827->1826->1814->1813->1807->1789->1788->1806->1781->1779->1774->1771->1784->1780->1778->1766->1764->1740->1736->1735->1731->1718->1713->1707->1693->1689->1681->1677->1687->1672->1665->1673->1664->1655->1649->1640->1643->1637->1628->1610->1587->1579->1552->1550->1548->1530->1537->1525->1524->1492->1490->1488->1495->1479->1486->1471->1465->1460->1430->1423->1401->1391->1384->1380->1374->1373->1369->1359->1355->1344->1311->1301->1310->1298->1290->1281->1274->1270->1279->1262->1257->1254->1252->1234->1231->1219->1206->1212->1203->1194->1197->1177->1170->1153->1152->1149->1142->1134->1130->1125->1117->1113->1129->1111->1105->1099->1089->1075->1069->1065->1064->1063->1051->1055->1042->1039->1050->1037->1036->1027->1006->988->981->969->961->929->924->917->912->907->904->903->896->892->905->888->885->878->877->874->865->857->856->851->813->810->805->786->762->776->761->757->755->741->725->715->711->723->705->696->691->697->698->689->687->695->681->674->667->661->659->657->636->609->599->592->588->576->574->586->568->575->581->560->549->547->545->543->540->566->538->561->532->542->534->824->792->772->747->737->501->476->469->463->467->744->739->732->439->437->436->430->422->415->408->393->387->688->375->371->362->626->625->349->558->314->491->266->262->466->464->456->457->206->209->201->198->404->392->193->196->390->383->380->370->168->333->335->338->163->162->155->108->51->61->60->315->294->295->41->126->43->42->72->75->179->6->10->13->3->4->17->15->24->19->20->26->30->33->27->34->54->29->49->121->94->67->85->111->119->114->129->122->123->125->133->152->134->181->143->146->156->166->177->187->223->195->211->212->224->227->231->192->204->202->260->263->268->275->288->290->293->306->317->358->363->379->384->394->407->396->397->401->406->398->403->413->440->454->449->455->460->461->462->471->482->497->517->518->537->546->551->553->554->555->562->569->570->573->593->600->602->615->628->637->642->658->668->694->700->709->713->721->734->745->748->749->753->763->765->764->766->783->784->791->815->816->821->826->830->839->842->849->852->860->864->876->866->875->867->870->880->882->887->893->894->910->933->944->946->956->976->978->985->991->995->1017->1024->1031->1071->1077->1079->1091->1100->1110->1120->1122->1139->1167->1168->1173->1175->2500->2499->2485->2490,2490->2500,RESULTS/COMBINED_ALL_METHODS/results_all_methods_parameter_sensitivity_spot_level.csv
PSO,N2500_PS_parking_supply_P10_I1,N2500_PS_parking_supply_P10_I1.dat,parameter_sensitivity/medium_large/N2500_PS_parking_supply_P10_I1.dat,parameter_sensitivity,N2500,SUMO,parking_supply,parking_supply,10%,2500,7892,223,6689,670,0.1,670,2491,2500,0.9,0.5,20.5,2491,2500,0.9,0.5,20.5,0.9,TRUE,solved,2461,390,2461_S001,near,1,0.8567000000000004,0.001717,0.003498,0.1953,0.0391,0.042598000000000004,0.9010150000000003,0.8567000000000004,0.1953,0.042598000000000004,0.9010150000000003,7.5,49.40481000000002,420244.708,2491->2341->2328->2326->2320->2317->2300->2282->2268->2263->2256->2252->2251->2247->2257->2240->2226->2237->2220->2235->2236->2218->2214->2211->2202->2187->2178->2156->2183->2170->2155->2154->2130->2109->2098->2085->2072->2082->2069->2046->2038->2033->2030->2044->2028->2014->1968->1955->1902->1895->1894->1893->1882->1872->1864->1869->1863->1860->1841->1840->1832->1827->1826->1814->1813->1807->1789->1788->1781->1779->1774->1784->1780->1778->1767->1764->1740->1736->1735->1731->1718->1713->1707->1693->1681->1677->1687->1672->1665->1664->1655->1649->1643->1637->1628->1610->1587->1579->1552->1550->1548->1530->1537->1525->1492->1490->1488->1495->1479->1486->1471->1469->1465->1460->1430->1423->1401->1391->1384->1386->1380->1374->1373->1369->1359->1355->1344->1311->1301->1310->1298->1290->1281->1274->1270->1279->1262->1257->1254->1234->1219->1206->1228->1203->1194->1197->1177->1170->1153->1152->1149->1142->1134->1130->1125->1117->1113->1129->1111->1099->1089->1075->1069->1065->1064->1063->1051->1042->1039->1050->1037->1036->1027->1006->988->981->969->929->924->917->912->904->903->896->892->905->888->885->878->877->874->865->857->856->851->813->810->805->786->762->761->757->755->725->715->711->708->723->705->696->691->697->689->687->681->674->667->659->657->636->609->599->592->588->576->574->586->568->575->564->560->549->547->545->543->540->538->566->561->548->542->534->539->526->524->522->527->519->747->737->476->469->463->731->739->727->726->430->408->393->688->373->626->365->353->348->346->594->331->521->520->514->516->509->493->491->487->492->500->262->259->254->235->233->232->230->229->217->228->210->206->209->201->198->409->404->392->390->383->385->380->178->174->168->164->163->162->155->108->61->52->51->50->82->101->116->215->182->248->253->20->26->33->27->34->54->53->89->49->67->94->121->85->100->119->114->122->123->125->133->134->181->191->143->146->156->187->195->211->212->224->231->197->204->202->260->265->263->275->288->290->293->306->317->358->363->379->384->394->407->396->397->401->406->398->403->413->440->449->455->460->468->471->482->497->517->518->537->546->551->553->554->555->562->569->570->573->593->600->602->615->628->637->642->658->668->694->700->713->721->734->745->748->749->753->763->764->766->783->793->791->815->816->821->826->830->839->842->849->852->860->864->866->867->870->880->882->889->887->893->894->910->933->944->946->948->976->978->985->991->995->1017->1024->1031->1068->1071->1077->1079->1091->1100->1110->1120->1122->1139->1167->2500->2461,2461->2500,RESULTS/PSO/log_pso_spot.csv
ACO,N2500_PS_parking_supply_P15_I1,N2500_PS_parking_supply_P15_I1.dat,parameter_sensitivity/medium_large/N2500_PS_parking_supply_P15_I1.dat,parameter_sensitivity,N2500,SUMO,parking_supply,parking_supply,15%,2500,7892,223,6689,670,0.1,670,2491,2500,0.9,0.5,20.5,2491,2500,0.9,0.5,20.5,0.9,TRUE,solved,2476,340,2476_S001,near,1,0.2046000000000003,0.001603,0.003195,0.1661,0.0332,0.036395,0.2425980000000003,0.2046000000000003,0.1661,0.036395,0.2425980000000003,6.66,13.766292000000018,27597.894,2491->2341->2328->2326->2320->2317->2305->2300->2282->2268->2263->2256->2252->2251->2247->2244->2240->2226->2237->2220->2235->2218->2228->2214->2211->2202->2178->2156->2183->2170->2155->2154->2130->2109->2098->2085->2072->2082->2069->2046->2038->2033->2030->2044->2028->2014->1968->1955->1902->1895->1894->1893->1882->1872->1864->1869->1863->1860->1841->1840->1832->1827->1826->1814->1813->1807->1789->1788->1781->1779->1774->1784->1780->1778->1767->1764->1740->1736->1735->1731->1718->1713->1707->1693->1681->1677->1687->1672->1665->1673->1664->1655->1649->1643->1637->1628->1610->1587->1579->1552->1550->1548->1530->1537->1525->1492->1490->1488->1495->1479->1486->1471->1465->1460->1430->1423->1406->1401->1391->1384->1380->1374->1373->1369->1359->1355->1344->1311->1301->1310->1298->1290->1281->1274->1270->1279->1262->1257->1254->1252->1219->1206->1228->1212->1203->1194->1197->1177->1170->1153->1152->1149->1142->1134->1130->1125->1117->1113->1129->1111->1099->1089->1075->1069->1065->1064->1063->1051->1042->1039->1050->1037->1036->1027->1006->988->981->969->929->924->917->912->904->903->896->892->905->888->885->878->877->874->865->861->857->856->851->818->813->810->812->805->786->762->761->757->755->725->715->711->723->705->696->691->697->698->689->687->681->674->667->659->657->636->609->599->592->588->576->574->586->568->575->564->560->549->547->545->543->540->538->561->532->542->534->539->526->525->527->508->501->476->469->463->450->436->430->408->393->387->372->375->371->362->373->356->350->353->348->346->349->334->337->331->329->324->321->309->298->299->296->289->284->266->262->259->254->235->233->232->230->229->217->228->210->206->209->201->198->196->193->190->183->178->174->168->164->163->162->155->108->51->50->82->81->77->69->68->63->21->1->5->6->10->11->15->24->19->28->22->30->34->54->29->49->85->100->119->114->122->123->125->133->134->181->143->146->156->166->158->173->185->192->204->202->260->263->275->288->290->293->306->317->358->363->379->384->394->407->396->397->401->406->398->403->413->440->449->455->460->468->471->482->497->517->518->537->546->551->553->555->562->569->570->573->593->600->602->615->628->637->642->658->668->694->700->713->721->734->745->748->749->753->763->765->764->766->783->784->791->815->816->821->826->830->839->854->849->852->860->864->866->867->870->880->882->887->893->894->910->933->944->946->948->976->978->985->991->995->1017->1024->1031->1071->1077->1079->1091->1100->1110->1120->1122->1139->1167->1168->1181->1175->1178->1192->1204->1182->1184->1193->1205->1210->1223->1229->1230->1241->1232->1237->1242->1244->1251->1269->1275->1278->1296->1322->1330->1348->1364->1353->1358->1361->1362->1368->1379->1381->1387->1390->1403->1417->1434->1426->1428->1453->1462->1463->1481->1497->1500->1502->1503->1508->1510->1512->1531->1518->1528->1540->1542->1554->1555->1568->1576->1582->1583->1594->1586->1590->1600->1618->1593->1601->1604->1607->1616->1620->1633->1641->1680->1688->1719->1739->1751->1755->1757->1776->1777->1798->1782->1791->1785->1818->1821->1823->1824->1857->1859->1861->1871->1890->1907->1906->1940->1941->1951->1969->1980->1978->1982->1987->1991->2001->2002->2005->2013->2047->2059->2063->2071->2074->2077->2079->2099->2100->2116->2118->2121->2134->2137->2148->2158->2169->2171->2174->2181->2195->2186->2196->2204->2208->2212->2217->2229->2461->2466->2476,2476->2500,RESULTS/ACO/log_aco_spot.csv
GA,N2500_PS_parking_supply_P15_I1,N2500_PS_parking_supply_P15_I1.dat,parameter_sensitivity/medium_large/N2500_PS_parking_supply_P15_I1.dat,parameter_sensitivity,N2500,SUMO,parking_supply,parking_supply,15%,2500,7892,223,6689,670,0.1,670,2491,2500,0.9,0.5,20.5,2491,2500,0.9,0.5,20.5,0.9,TRUE,solved,2476,341,2476_S002,near,1,0.8381000000000002,0.002259,0.00477,0.1661,0.0332,0.037970000000000004,0.8783290000000001,0.8381000000000002,0.1661,0.037970000000000004,0.8783290000000001,6.76,48.10576600000001,64110.126,2491->2493->2484->2487->2341->2332->2328->2326->2320->2317->2300->2282->2268->2263->2256->2252->2251->2247->2257->2244->2240->2226->2237->2223->2220->2215->2235->2218->2214->2228->2211->2202->2187->2178->2156->2183->2155->2154->2130->2109->2098->2085->2072->2078->2069->2046->2038->2033->2030->2044->2028->2014->1968->1955->1902->1895->1894->1893->1882->1872->1864->1869->1863->1860->1841->1840->1832->1827->1826->1814->1813->1807->1789->1788->1781->1779->1774->1784->1780->1778->1767->1764->1740->1736->1735->1731->1718->1713->1707->1693->1681->1677->1702->1687->1672->1665->1664->1655->1649->1643->1637->1628->1625->1610->1587->1579->1552->1550->1548->1530->1537->1525->1524->1492->1490->1488->1495->1479->1486->1471->1465->1460->1430->1423->1406->1401->1391->1384->1380->1374->1373->1369->1359->1355->1344->1311->1301->1310->1298->1290->1281->1274->1270->1279->1262->1257->1254->1252->1219->1206->1228->1212->1203->1194->1197->1183->1177->1170->1153->1152->1149->1142->1134->1130->1125->1117->1113->1129->1111->1105->1099->1089->1075->1069->1065->1064->1063->1051->1042->1039->1050->1037->1036->1027->1006->988->981->969->929->924->917->912->904->903->896->892->905->888->885->878->877->874->865->857->856->851->813->810->812->805->786->762->776->757->755->741->725->715->711->708->723->705->696->691->697->689->687->695->681->674->667->659->657->636->609->599->592->588->576->574->586->568->575->564->560->549->547->545->543->540->538->561->532->542->530->539->526->524->525->527->508->501->476->469->463->467->450->436->726->720->714->712->393->688->375->371->633->631->623->365->348->346->558->314->491->487->492->266->262->458->464->456->457->441->451->206->209->410->198->392->193->196->390->383->385->183->178->174->168->341->333->326->318->316->292->278->277->272->130->120->115->52->51->61->60->50->82->176->182->9->5->2->3->4->8->12->24->19->20->26->22->30->34->54->29->89->49->121->94->67->85->100->119->114->129->122->123->125->133->134->181->143->194->189->216->156->187->177->166->158->170->173->185->192->204->202->260->263->268->275->288->290->293->297->306->317->358->363->379->384->394->407->396->397->401->406->398->403->413->440->454->449->453->455->460->468->471->482->497->517->518->537->546->551->553->554->555->562->569->570->573->593->600->602->615->628->637->642->658->668->694->700->709->713->721->734->745->748->749->753->763->764->766->783->793->784->791->815->816->822->821->826->830->839->842->849->852->860->864->876->866->875->867->870->880->882->889->887->893->894->910->933->944->946->956->976->978->985->991->995->1017->1024->1031->1071->1077->1079->1091->1100->1110->1120->1116->1122->1139->1167->1168->1173->1175->1178->2500->2499->2485->2476,2476->2500,RESULTS/GA/log_ga_spot.csv
Optimization,N2500_PS_parking_supply_P15_I1,N2500_PS_parking_supply_P15_I1.dat,parameter_sensitivity/medium_large/N2500_PS_parking_supply_P15_I1.dat,parameter_sensitivity,N2500,SUMO,parking_supply,parking_supply,15%,2500,7892,223,6689,670,0.1,670,2491,2500,0.9,0.5,20.5,2491,2500,0.9,0.5,20.5,0.9,TRUE,inferred_from_previous_exact_lot_solution,2476,340,2476_S001,near,1,0.8549000000000004,0.001603,0.003195,0.1661,0.0332,0.036395,0.8928980000000004,0.8549000000000004,0.1661,0.036395,0.8928980000000004,6.66,48.88249200000002,496589.497,2491->2493->2341->2332->2328->2326->2320->2317->2300->2282->2268->2263->2256->2252->2251->2247->2257->2240->2226->2237->2223->2220->2215->2235->2218->2228->2211->2202->2187->2178->2156->2170->2183->2155->2154->2136->2130->2109->2098->2085->2072->2078->2082->2069->2046->2038->2033->2030->2044->2028->2017->2014->1968->1955->1902->1900->1894->1893->1882->1872->1864->1869->1863->1860->1841->1840->1832->1827->1826->1814->1813->1807->1789->1788->1806->1781->1779->1774->1771->1784->1780->1778->1767->1764->1740->1736->1735->1731->1718->1713->1707->1693->1689->1681->1677->1672->1665->1664->1655->1649->1640->1643->1637->1628->1625->1610->1587->1579->1552->1550->1548->1547->1530->1537->1525->1524->1492->1490->1488->1495->1479->1486->1471->1465->1460->1430->1423->1401->1391->1384->1386->1380->1374->1373->1369->1359->1355->1344->1311->1301->1310->1298->1290->1281->1274->1270->1279->1277->1262->1257->1254->1252->1219->1206->1212->1203->1194->1197->1177->1170->1153->1152->1149->1142->1134->1130->1125->1117->1113->1129->1111->1099->1089->1075->1069->1065->1064->1063->1051->1055->1042->1039->1050->1037->1036->1027->1006->988->981->969->961->929->924->917->912->904->903->896->892->905->888->885->878->877->874->865->861->857->856->851->813->810->812->805->786->762->776->757->755->741->725->715->711->723->705->696->691->697->698->689->687->695->681->674->667->659->657->636->609->599->592->588->576->574->586->568->575->581->560->549->547->545->543->540->566->561->548->542->530->539->526->525->524->522->527->519->501->476->469->463->733->731->739->727->437->439->450->436->430->408->393->387->381->372->375->371->362->626->625->606->616->608->366->344->558->314->491->266->487->500->262->475->458->466->464->456->457->441->438->233->232->230->229->219->420->217->228->210->206->418->409->404->198->196->392->390->383->385->183->339->370->168->164->163->175->105->108->51->52->115->110->118->95->87->136->214->188->249->252->256->222->359->12->24->19->28->22->26->33->27->34->54->53->89->98->94->121->85->111->100->119->114->129->122->123->125->133->152->134->181->143->194->184->189->216->146->156->166->177->187->195->211->212->173->185->192->197->204->202->260->265->263->268->275->288->290->293->306->317->358->363->379->384->394->407->396->397->401->406->398->403->413->440->449->455->460->461->462->471->482->495->497->517->518->536->537->546->551->553->554->555->562->569->570->573->593->600->602->615->628->637->642->658->668->694->700->713->721->734->745->748->749->753->763->764->766->783->793->791->815->816->821->826->830->839->842->849->852->860->864->876->866->867->870->880->882->889->887->893->894->910->933->944->946->956->976->978->985->991->995->1017->1024->1031->1068->1071->1077->1079->1091->1100->1110->1120->1122->1139->1167->1168->1173->1175->1178->1192->1180->2500->2499->2485->2476,2476->2500,RESULTS/COMBINED_ALL_METHODS/results_all_methods_parameter_sensitivity_spot_level.csv
PSO,N2500_PS_parking_supply_P15_I1,N2500_PS_parking_supply_P15_I1.dat,parameter_sensitivity/medium_large/N2500_PS_parking_supply_P15_I1.dat,parameter_sensitivity,N2500,SUMO,parking_supply,parking_supply,15%,2500,7892,223,6689,670,0.1,670,2491,2500,0.9,0.5,20.5,2491,2500,0.9,0.5,20.5,0.9,TRUE,solved,2461,390,2461_S001,near,1,0.8567000000000004,0.001717,0.003498,0.1953,0.0391,0.042598000000000004,0.9010150000000003,0.8567000000000004,0.1953,0.042598000000000004,0.9010150000000003,7.5,49.40481000000002,422783.71,2491->2341->2328->2326->2320->2317->2300->2282->2268->2263->2256->2252->2251->2247->2257->2240->2226->2237->2220->2235->2236->2218->2214->2211->2202->2187->2178->2156->2183->2170->2155->2154->2130->2109->2098->2085->2072->2082->2069->2046->2038->2033->2030->2044->2028->2014->1968->1955->1902->1895->1894->1893->1882->1872->1864->1869->1863->1860->1841->1840->1832->1827->1826->1814->1813->1807->1789->1788->1781->1779->1774->1784->1780->1778->1767->1764->1740->1736->1735->1731->1718->1713->1707->1693->1681->1677->1687->1672->1665->1664->1655->1649->1643->1637->1628->1610->1587->1579->1552->1550->1548->1530->1537->1525->1492->1490->1488->1495->1479->1486->1471->1469->1465->1460->1430->1423->1401->1391->1384->1386->1380->1374->1373->1369->1359->1355->1344->1311->1301->1310->1298->1290->1281->1274->1270->1279->1262->1257->1254->1234->1219->1206->1228->1203->1194->1197->1177->1170->1153->1152->1149->1142->1134->1130->1125->1117->1113->1129->1111->1099->1089->1075->1069->1065->1064->1063->1051->1042->1039->1050->1037->1036->1027->1006->988->981->969->929->924->917->912->904->903->896->892->905->888->885->878->877->874->865->857->856->851->813->810->805->786->762->761->757->755->725->715->711->708->723->705->696->691->697->689->687->681->674->667->659->657->636->609->599->592->588->576->574->586->568->575->564->560->549->547->545->543->540->538->566->561->548->542->534->539->526->524->522->527->519->747->737->476->469->463->731->739->727->726->430->408->393->688->373->626->365->353->348->346->594->331->521->520->514->516->509->493->491->487->492->500->262->259->254->235->233->232->230->229->217->228->210->206->209->201->198->409->404->392->390->383->385->380->178->174->168->164->163->162->155->108->61->52->51->50->82->101->116->215->182->248->253->20->26->33->27->34->54->53->89->49->67->94->121->85->100->119->114->122->123->125->133->134->181->191->143->146->156->187->195->211->212->224->231->197->204->202->260->265->263->275->288->290->293->306->317->358->363->379->384->394->407->396->397->401->406->398->403->413->440->449->455->460->468->471->482->497->517->518->537->546->551->553->554->555->562->569->570->573->593->600->602->615->628->637->642->658->668->694->700->713->721->734->745->748->749->753->763->764->766->783->793->791->815->816->821->826->830->839->842->849->852->860->864->866->867->870->880->882->889->887->893->894->910->933->944->946->948->976->978->985->991->995->1017->1024->1031->1068->1071->1077->1079->1091->1100->1110->1120->1122->1139->1167->2500->2461,2461->2500,RESULTS/PSO/log_pso_spot.csv
ACO,N2500_PS_parking_supply_P20_I1,N2500_PS_parking_supply_P20_I1.dat,parameter_sensitivity/medium_large/N2500_PS_parking_supply_P20_I1.dat,parameter_sensitivity,N2500,SUMO,parking_supply,parking_supply,20%,2500,7892,223,6689,670,0.1,670,2491,2500,0.9,0.5,20.5,2491,2500,0.9,0.5,20.5,0.9,TRUE,solved,2476,340,2476_S001,near,1,0.2046000000000003,0.001603,0.003195,0.1661,0.0332,0.036395,0.2425980000000003,0.2046000000000003,0.1661,0.036395,0.2425980000000003,6.66,13.766292000000018,27528.023,2491->2341->2328->2326->2320->2317->2305->2300->2282->2268->2263->2256->2252->2251->2247->2244->2240->2226->2237->2220->2235->2218->2228->2214->2211->2202->2178->2156->2183->2170->2155->2154->2130->2109->2098->2085->2072->2082->2069->2046->2038->2033->2030->2044->2028->2014->1968->1955->1902->1895->1894->1893->1882->1872->1864->1869->1863->1860->1841->1840->1832->1827->1826->1814->1813->1807->1789->1788->1781->1779->1774->1784->1780->1778->1767->1764->1740->1736->1735->1731->1718->1713->1707->1693->1681->1677->1687->1672->1665->1673->1664->1655->1649->1643->1637->1628->1610->1587->1579->1552->1550->1548->1530->1537->1525->1492->1490->1488->1495->1479->1486->1471->1465->1460->1430->1423->1406->1401->1391->1384->1380->1374->1373->1369->1359->1355->1344->1311->1301->1310->1298->1290->1281->1274->1270->1279->1262->1257->1254->1252->1219->1206->1228->1212->1203->1194->1197->1177->1170->1153->1152->1149->1142->1134->1130->1125->1117->1113->1129->1111->1099->1089->1075->1069->1065->1064->1063->1051->1042->1039->1050->1037->1036->1027->1006->988->981->969->929->924->917->912->904->903->896->892->905->888->885->878->877->874->865->861->857->856->851->818->813->810->812->805->786->762->761->757->755->725->715->711->723->705->696->691->697->698->689->687->681->674->667->659->657->636->609->599->592->588->576->574->586->568->575->564->560->549->547->545->543->540->538->561->532->542->534->539->526->525->527->508->501->476->469->463->450->436->430->408->393->387->372->375->371->362->373->356->350->353->348->346->349->334->337->331->329->324->321->309->298->299->296->289->284->266->262->259->254->235->233->232->230->229->217->228->210->206->209->201->198->196->193->190->183->178->174->168->164->163->162->155->108->51->50->82->81->77->69->68->63->21->1->5->6->10->11->15->24->19->28->22->30->34->54->29->49->85->100->119->114->122->123->125->133->134->181->143->146->156->166->158->173->185->192->204->202->260->263->275->288->290->293->306->317->358->363->379->384->394->407->396->397->401->406->398->403->413->440->449->455->460->468->471->482->497->517->518->537->546->551->553->555->562->569->570->573->593->600->602->615->628->637->642->658->668->694->700->713->721->734->745->748->749->753->763->765->764->766->783->784->791->815->816->821->826->830->839->854->849->852->860->864->866->867->870->880->882->887->893->894->910->933->944->946->948->976->978->985->991->995->1017->1024->1031->1071->1077->1079->1091->1100->1110->1120->1122->1139->1167->1168->1181->1175->1178->1192->1204->1182->1184->1193->1205->1210->1223->1229->1230->1241->1232->1237->1242->1244->1251->1269->1275->1278->1296->1322->1330->1348->1364->1353->1358->1361->1362->1368->1379->1381->1387->1390->1403->1417->1434->1426->1428->1453->1462->1463->1481->1497->1500->1502->1503->1508->1510->1512->1531->1518->1528->1540->1542->1554->1555->1568->1576->1582->1583->1594->1586->1590->1600->1618->1593->1601->1604->1607->1616->1620->1633->1641->1680->1688->1719->1739->1751->1755->1757->1776->1777->1798->1782->1791->1785->1818->1821->1823->1824->1857->1859->1861->1871->1890->1907->1906->1940->1941->1951->1969->1980->1978->1982->1987->1991->2001->2002->2005->2013->2047->2059->2063->2071->2074->2077->2079->2099->2100->2116->2118->2121->2134->2137->2148->2158->2169->2171->2174->2181->2195->2186->2196->2204->2208->2212->2217->2229->2461->2466->2476,2476->2500,RESULTS/ACO/log_aco_spot.csv
GA,N2500_PS_parking_supply_P20_I1,N2500_PS_parking_supply_P20_I1.dat,parameter_sensitivity/medium_large/N2500_PS_parking_supply_P20_I1.dat,parameter_sensitivity,N2500,SUMO,parking_supply,parking_supply,20%,2500,7892,223,6689,670,0.1,670,2491,2500,0.9,0.5,20.5,2491,2500,0.9,0.5,20.5,0.9,TRUE,solved,2476,341,2476_S002,near,1,0.8381000000000002,0.002259,0.00477,0.1661,0.0332,0.037970000000000004,0.8783290000000001,0.8381000000000002,0.1661,0.037970000000000004,0.8783290000000001,6.76,48.10576600000001,63858.513,2491->2493->2484->2487->2341->2332->2328->2326->2320->2317->2300->2282->2268->2263->2256->2252->2251->2247->2257->2244->2240->2226->2237->2223->2220->2215->2235->2218->2214->2228->2211->2202->2187->2178->2156->2183->2155->2154->2130->2109->2098->2085->2072->2078->2069->2046->2038->2033->2030->2044->2028->2014->1968->1955->1902->1895->1894->1893->1882->1872->1864->1869->1863->1860->1841->1840->1832->1827->1826->1814->1813->1807->1789->1788->1781->1779->1774->1784->1780->1778->1767->1764->1740->1736->1735->1731->1718->1713->1707->1693->1681->1677->1702->1687->1672->1665->1664->1655->1649->1643->1637->1628->1625->1610->1587->1579->1552->1550->1548->1530->1537->1525->1524->1492->1490->1488->1495->1479->1486->1471->1465->1460->1430->1423->1406->1401->1391->1384->1380->1374->1373->1369->1359->1355->1344->1311->1301->1310->1298->1290->1281->1274->1270->1279->1262->1257->1254->1252->1219->1206->1228->1212->1203->1194->1197->1183->1177->1170->1153->1152->1149->1142->1134->1130->1125->1117->1113->1129->1111->1105->1099->1089->1075->1069->1065->1064->1063->1051->1042->1039->1050->1037->1036->1027->1006->988->981->969->929->924->917->912->904->903->896->892->905->888->885->878->877->874->865->857->856->851->813->810->812->805->786->762->776->757->755->741->725->715->711->708->723->705->696->691->697->689->687->695->681->674->667->659->657->636->609->599->592->588->576->574->586->568->575->564->560->549->547->545->543->540->538->561->532->542->530->539->526->524->525->527->508->501->476->469->463->467->450->436->726->720->714->712->393->688->375->371->633->631->623->365->348->346->558->314->491->487->492->266->262->458->464->456->457->441->451->206->209->410->198->392->193->196->390->383->385->183->178->174->168->341->333->326->318->316->292->278->277->272->130->120->115->52->51->61->60->50->82->176->182->9->5->2->3->4->8->12->24->19->20->26->22->30->34->54->29->89->49->121->94->67->85->100->119->114->129->122->123->125->133->134->181->143->194->189->216->156->187->177->166->158->170->173->185->192->204->202->260->263->268->275->288->290->293->297->306->317->358->363->379->384->394->407->396->397->401->406->398->403->413->440->454->449->453->455->460->468->471->482->497->517->518->537->546->551->553->554->555->562->569->570->573->593->600->602->615->628->637->642->658->668->694->700->709->713->721->734->745->748->749->753->763->764->766->783->793->784->791->815->816->822->821->826->830->839->842->849->852->860->864->876->866->875->867->870->880->882->889->887->893->894->910->933->944->946->956->976->978->985->991->995->1017->1024->1031->1071->1077->1079->1091->1100->1110->1120->1116->1122->1139->1167->1168->1173->1175->1178->2500->2499->2485->2476,2476->2500,RESULTS/GA/log_ga_spot.csv
Optimization,N2500_PS_parking_supply_P20_I1,N2500_PS_parking_supply_P20_I1.dat,parameter_sensitivity/medium_large/N2500_PS_parking_supply_P20_I1.dat,parameter_sensitivity,N2500,SUMO,parking_supply,parking_supply,20%,2500,7892,223,6689,670,0.1,670,2491,2500,0.9,0.5,20.5,2491,2500,0.9,0.5,20.5,0.9,TRUE,inferred_from_previous_exact_lot_solution,2476,340,2476_S001,near,1,0.8549000000000004,0.001603,0.003195,0.1661,0.0332,0.036395,0.8928980000000004,0.8549000000000004,0.1661,0.036395,0.8928980000000004,6.66,48.88249200000002,454391.032,2491->2493->2341->2332->2328->2326->2320->2317->2300->2282->2268->2263->2256->2252->2251->2247->2257->2240->2226->2237->2223->2220->2215->2235->2218->2228->2211->2202->2187->2178->2156->2170->2183->2155->2154->2136->2130->2109->2098->2085->2072->2078->2082->2069->2046->2038->2033->2030->2044->2028->2017->2014->1968->1955->1902->1900->1894->1893->1882->1872->1864->1869->1863->1860->1841->1840->1832->1827->1826->1814->1813->1807->1789->1788->1806->1781->1779->1774->1771->1784->1780->1778->1767->1764->1740->1736->1735->1731->1718->1713->1707->1693->1689->1681->1677->1672->1665->1664->1655->1649->1640->1643->1637->1628->1625->1610->1587->1579->1552->1550->1548->1547->1530->1537->1525->1524->1492->1490->1488->1495->1479->1486->1471->1465->1460->1430->1423->1401->1391->1384->1386->1380->1374->1373->1369->1359->1355->1344->1311->1301->1310->1298->1290->1281->1274->1270->1279->1277->1262->1257->1254->1252->1219->1206->1212->1203->1194->1197->1177->1170->1153->1152->1149->1142->1134->1130->1125->1117->1113->1129->1111->1099->1089->1075->1069->1065->1064->1063->1051->1055->1042->1039->1050->1037->1036->1027->1006->988->981->969->961->929->924->917->912->904->903->896->892->905->888->885->878->877->874->865->861->857->856->851->813->810->812->805->786->762->776->757->755->741->725->715->711->723->705->696->691->697->698->689->687->695->681->674->667->659->657->636->609->599->592->588->576->574->586->568->575->581->560->549->547->545->543->540->566->561->548->542->530->539->526->525->524->522->527->519->501->476->469->463->733->731->739->727->437->439->450->436->430->408->393->387->381->372->375->371->362->626->625->606->616->608->366->344->558->314->491->266->487->500->262->475->458->466->464->456->457->441->438->233->232->230->229->219->420->217->228->210->206->418->409->404->198->196->392->390->383->385->183->339->370->168->164->163->175->105->108->51->52->115->110->118->95->87->136->214->188->249->252->256->222->359->12->24->19->28->22->26->33->27->34->54->53->89->98->94->121->85->111->100->119->114->129->122->123->125->133->152->134->181->143->194->184->189->216->146->156->166->177->187->195->211->212->173->185->192->197->204->202->260->265->263->268->275->288->290->293->306->317->358->363->379->384->394->407->396->397->401->406->398->403->413->440->449->455->460->461->462->471->482->495->497->517->518->536->537->546->551->553->554->555->562->569->570->573->593->600->602->615->628->637->642->658->668->694->700->713->721->734->745->748->749->753->763->764->766->783->793->791->815->816->821->826->830->839->842->849->852->860->864->876->866->867->870->880->882->889->887->893->894->910->933->944->946->956->976->978->985->991->995->1017->1024->1031->1068->1071->1077->1079->1091->1100->1110->1120->1122->1139->1167->1168->1173->1175->1178->1192->1180->2500->2499->2485->2476,2476->2500,RESULTS/COMBINED_ALL_METHODS/results_all_methods_parameter_sensitivity_spot_level.csv
PSO,N2500_PS_parking_supply_P20_I1,N2500_PS_parking_supply_P20_I1.dat,parameter_sensitivity/medium_large/N2500_PS_parking_supply_P20_I1.dat,parameter_sensitivity,N2500,SUMO,parking_supply,parking_supply,20%,2500,7892,223,6689,670,0.1,670,2491,2500,0.9,0.5,20.5,2491,2500,0.9,0.5,20.5,0.9,TRUE,solved,2461,390,2461_S001,near,1,0.8567000000000004,0.001717,0.003498,0.1953,0.0391,0.042598000000000004,0.9010150000000003,0.8567000000000004,0.1953,0.042598000000000004,0.9010150000000003,7.5,49.40481000000002,421390.035,2491->2341->2328->2326->2320->2317->2300->2282->2268->2263->2256->2252->2251->2247->2257->2240->2226->2237->2220->2235->2236->2218->2214->2211->2202->2187->2178->2156->2183->2170->2155->2154->2130->2109->2098->2085->2072->2082->2069->2046->2038->2033->2030->2044->2028->2014->1968->1955->1902->1895->1894->1893->1882->1872->1864->1869->1863->1860->1841->1840->1832->1827->1826->1814->1813->1807->1789->1788->1781->1779->1774->1784->1780->1778->1767->1764->1740->1736->1735->1731->1718->1713->1707->1693->1681->1677->1687->1672->1665->1664->1655->1649->1643->1637->1628->1610->1587->1579->1552->1550->1548->1530->1537->1525->1492->1490->1488->1495->1479->1486->1471->1469->1465->1460->1430->1423->1401->1391->1384->1386->1380->1374->1373->1369->1359->1355->1344->1311->1301->1310->1298->1290->1281->1274->1270->1279->1262->1257->1254->1234->1219->1206->1228->1203->1194->1197->1177->1170->1153->1152->1149->1142->1134->1130->1125->1117->1113->1129->1111->1099->1089->1075->1069->1065->1064->1063->1051->1042->1039->1050->1037->1036->1027->1006->988->981->969->929->924->917->912->904->903->896->892->905->888->885->878->877->874->865->857->856->851->813->810->805->786->762->761->757->755->725->715->711->708->723->705->696->691->697->689->687->681->674->667->659->657->636->609->599->592->588->576->574->586->568->575->564->560->549->547->545->543->540->538->566->561->548->542->534->539->526->524->522->527->519->747->737->476->469->463->731->739->727->726->430->408->393->688->373->626->365->353->348->346->594->331->521->520->514->516->509->493->491->487->492->500->262->259->254->235->233->232->230->229->217->228->210->206->209->201->198->409->404->392->390->383->385->380->178->174->168->164->163->162->155->108->61->52->51->50->82->101->116->215->182->248->253->20->26->33->27->34->54->53->89->49->67->94->121->85->100->119->114->122->123->125->133->134->181->191->143->146->156->187->195->211->212->224->231->197->204->202->260->265->263->275->288->290->293->306->317->358->363->379->384->394->407->396->397->401->406->398->403->413->440->449->455->460->468->471->482->497->517->518->537->546->551->553->554->555->562->569->570->573->593->600->602->615->628->637->642->658->668->694->700->713->721->734->745->748->749->753->763->764->766->783->793->791->815->816->821->826->830->839->842->849->852->860->864->866->867->870->880->882->889->887->893->894->910->933->944->946->948->976->978->985->991->995->1017->1024->1031->1068->1071->1077->1079->1091->1100->1110->1120->1122->1139->1167->2500->2461,2461->2500,RESULTS/PSO/log_pso_spot.csv
ACO,N2500_PS_parking_supply_P5_I1,N2500_PS_parking_supply_P5_I1.dat,parameter_sensitivity/medium_large/N2500_PS_parking_supply_P5_I1.dat,parameter_sensitivity,N2500,SUMO,parking_supply,parking_supply,5%,2500,7696,125,3732,375,0.1,375,2491,2500,0.9,0.5,20.5,2491,2500,0.9,0.5,20.5,0.9,TRUE,solved,2476,340,2476_S001,near,1,0.2046000000000003,0.001603,0.003195,0.1661,0.0332,0.036395,0.2425980000000003,0.2046000000000003,0.1661,0.036395,0.2425980000000003,6.66,13.766292000000018,24696.552,2491->2341->2328->2326->2320->2317->2305->2300->2282->2268->2263->2256->2252->2251->2247->2244->2240->2226->2237->2220->2235->2218->2228->2214->2211->2202->2178->2156->2183->2170->2155->2154->2130->2109->2098->2085->2072->2082->2069->2046->2038->2033->2030->2044->2028->2014->1968->1955->1902->1895->1894->1893->1882->1872->1864->1869->1863->1860->1841->1840->1832->1827->1826->1814->1813->1807->1789->1788->1781->1779->1774->1784->1780->1778->1767->1764->1740->1736->1735->1731->1718->1713->1707->1693->1681->1677->1687->1672->1665->1673->1664->1655->1649->1643->1637->1628->1610->1587->1579->1552->1550->1548->1530->1537->1525->1492->1490->1488->1495->1479->1486->1471->1465->1460->1430->1423->1406->1401->1391->1384->1380->1374->1373->1369->1359->1355->1344->1311->1301->1310->1298->1290->1281->1274->1270->1279->1262->1257->1254->1252->1219->1206->1228->1212->1203->1194->1197->1177->1170->1153->1152->1149->1142->1134->1130->1125->1117->1113->1129->1111->1099->1089->1075->1069->1065->1064->1063->1051->1042->1039->1050->1037->1036->1027->1006->988->981->969->929->924->917->912->904->903->896->892->905->888->885->878->877->874->865->861->857->856->851->818->813->810->812->805->786->762->761->757->755->725->715->711->723->705->696->691->697->698->689->687->681->674->667->659->657->636->609->599->592->588->576->574->586->568->575->564->560->549->547->545->543->540->538->561->532->542->534->539->526->525->527->508->501->476->469->463->450->436->430->408->393->387->372->375->371->362->373->356->350->353->348->346->349->334->337->331->329->324->321->309->298->299->296->289->284->266->262->259->254->235->233->232->230->229->217->228->210->206->209->201->198->196->193->190->183->178->174->168->164->163->162->155->108->51->50->82->81->77->69->68->63->21->1->5->6->10->11->15->24->19->28->22->30->34->54->29->49->85->100->119->114->122->123->125->133->134->181->143->146->156->166->158->173->185->192->204->202->260->263->275->288->290->293->306->317->358->363->379->384->394->407->396->397->401->406->398->403->413->440->449->455->460->468->471->482->497->517->518->537->546->551->553->555->562->569->570->573->593->600->602->615->628->637->642->658->668->694->700->713->721->734->745->748->749->753->763->765->764->766->783->784->791->815->816->821->826->830->839->854->849->852->860->864->866->867->870->880->882->887->893->894->910->933->944->946->948->976->978->985->991->995->1017->1024->1031->1071->1077->1079->1091->1100->1110->1120->1122->1139->1167->1168->1181->1175->1178->1192->1204->1182->1184->1193->1205->1210->1223->1229->1230->1241->1232->1237->1242->1244->1251->1269->1275->1278->1296->1322->1330->1348->1364->1353->1358->1361->1362->1368->1379->1381->1387->1390->1403->1417->1434->1426->1428->1453->1462->1463->1481->1497->1500->1502->1503->1508->1510->1512->1531->1518->1528->1540->1542->1554->1555->1568->1576->1582->1583->1594->1586->1590->1600->1618->1593->1601->1604->1607->1616->1620->1633->1641->1680->1688->1719->1739->1751->1755->1757->1776->1777->1798->1782->1791->1785->1818->1821->1823->1824->1857->1859->1861->1871->1890->1907->1906->1940->1941->1951->1969->1980->1978->1982->1987->1991->2001->2002->2005->2013->2047->2059->2063->2071->2074->2077->2079->2099->2100->2116->2118->2121->2134->2137->2148->2158->2169->2171->2174->2181->2195->2186->2196->2204->2208->2212->2217->2229->2461->2466->2476,2476->2500,RESULTS/ACO/log_aco_spot.csv
GA,N2500_PS_parking_supply_P5_I1,N2500_PS_parking_supply_P5_I1.dat,parameter_sensitivity/medium_large/N2500_PS_parking_supply_P5_I1.dat,parameter_sensitivity,N2500,SUMO,parking_supply,parking_supply,5%,2500,7696,125,3732,375,0.1,375,2491,2500,0.9,0.5,20.5,2491,2500,0.9,0.5,20.5,0.9,TRUE,solved,2476,341,2476_S002,near,1,0.30910000000000065,0.002259,0.00477,0.1661,0.0332,0.037970000000000004,0.34932900000000067,0.30910000000000065,0.1661,0.037970000000000004,0.34932900000000067,6.76,19.539766000000036,65761.298,2491->2493->2484->2487->2341->2340->2332->2328->2326->2320->2317->2300->2282->2268->2263->2256->2252->2251->2247->2257->2240->2226->2237->2223->2220->2215->2235->2218->2228->2211->2202->2178->2156->2183->2155->2154->2130->2109->2098->2085->2072->2078->2069->2046->2038->2033->2030->2044->2028->2017->2014->1968->1955->1902->1910->1894->1893->1882->1872->1864->1869->1863->1860->1841->1840->1832->1827->1826->1814->1813->1807->1789->1806->1781->1779->1774->1771->1784->1780->1778->1766->1764->1740->1736->1735->1731->1718->1713->1707->1697->1693->1681->1677->1672->1665->1664->1655->1649->1640->1643->1637->1628->1610->1587->1579->1552->1550->1548->1547->1530->1537->1525->1524->1492->1490->1488->1495->1479->1486->1471->1465->1460->1430->1423->1406->1401->1391->1384->1386->1380->1374->1373->1369->1359->1355->1344->1311->1301->1310->1298->1290->1281->1274->1270->1279->1277->1262->1257->1254->1234->1231->1219->1206->1228->1203->1194->1197->1177->1170->1153->1152->1149->1142->1134->1130->1125->1117->1113->1129->1111->1099->1089->1075->1069->1065->1064->1063->1051->1055->1042->1039->1050->1037->1036->1027->1006->988->981->969->929->924->917->912->904->903->896->892->905->888->885->878->877->874->865->857->856->851->813->810->805->786->762->776->757->755->741->725->715->711->723->708->705->696->691->697->689->687->695->681->674->667->659->657->636->609->599->592->588->576->574->586->568->575->581->564->560->549->547->545->543->540->538->561->532->542->534->539->526->524->522->508->519->747->737->476->469->463->450->439->437->436->430->408->393->387->372->375->663->677->373->356->350->626->625->606->608->616->334->558->314->491->487->492->266->262->479->475->458->464->466->456->232->230->229->420->418->409->404->198->196->193->190->183->178->174->335->341->168->370->380->339->338->164->326->316->301->318->162->155->172->175->105->95->87->99->139->136->113->35->23->21->1->2->7->14->15->11->4->8->12->24->19->20->26->33->27->45->32->30->34->54->29->89->49->85->100->111->119->114->122->123->125->133->134->181->191->143->146->216->187->177->167->158->173->185->192->231->197->204->202->260->265->263->268->275->288->290->293->297->306->317->358->363->379->384->394->407->396->397->401->406->398->403->413->440->449->453->455->460->468->471->482->495->497->517->518->536->537->546->551->553->554->555->562->569->570->573->593->600->602->615->628->637->642->658->668->694->700->709->713->721->734->745->748->749->753->763->765->764->766->783->784->791->815->816->821->826->830->839->854->849->852->860->864->876->866->867->870->880->882->889->887->893->894->910->933->944->946->956->976->978->985->991->995->1011->1017->1024->1031->1068->1071->1077->1079->1091->1092->1100->1110->1120->1122->1139->1167->1168->1181->1173->1175->1178->1189->1192->1199->1204->1182->1184->1193->1205->1210->1223->1229->1230->1241->1232->1237->1242->1244->1251->1269->1275->1278->1296->1322->1330->1348->1364->1353->1358->1361->1366->1362->1368->1379->1382->1387->1390->1403->1417->1434->1428->1453->1462->1463->1481->1497->1500->1502->1503->1508->1510->1512->1521->1522->1518->1528->1540->1542->1554->1555->1568->1576->1582->1583->1594->1586->1590->1599->1600->1618->1593->1601->1595->1607->1616->1620->1630->1633->1641->1680->1688->1719->1739->1751->1755->1757->1776->1777->1794->1798->1782->1791->1785->1818->1834->1821->1823->1824->1857->1861->1871->1890->1907->1906->1940->1941->1951->1969->1980->1978->1982->1987->1991->1992->2002->2005->2013->2047->2049->2050->2059->2081->2089->2110->2063->2071->2074->2077->2079->2099->2108->2100->2116->2118->2121->2134->2137->2148->2158->2169->2159->2174->2181->2195->2186->2196->2207->2204->2208->2212->2217->2229->2490->2499->2485->2476,2476->2500,RESULTS/GA/log_ga_spot.csv
Optimization,N2500_PS_parking_supply_P5_I1,N2500_PS_parking_supply_P5_I1.dat,parameter_sensitivity/medium_large/N2500_PS_parking_supply_P5_I1.dat,parameter_sensitivity,N2500,SUMO,parking_supply,parking_supply,5%,2500,7696,125,3732,375,0.1,375,2491,2500,0.9,0.5,20.5,2491,2500,0.9,0.5,20.5,0.9,TRUE,inferred_from_previous_exact_lot_solution,2490,294,2490_S001,near,1,0.30330000000000085,0.001557,0.002951,0.1348,0.027,0.029951,0.3348080000000008,0.30330000000000085,0.1348,0.029951,0.3348080000000008,9.13,18.992632000000047,1497849.349,2491->2493->2487->2341->2340->2332->2328->2326->2320->2317->2300->2282->2268->2263->2256->2252->2251->2247->2244->2240->2226->2237->2220->2215->2235->2236->2218->2228->2211->2202->2178->2156->2183->2155->2154->2130->2109->2098->2085->2072->2082->2069->2046->2038->2033->2030->2044->2028->2017->2014->1968->1955->1902->1895->1894->1893->1882->1872->1864->1869->1863->1860->1841->1840->1832->1827->1826->1814->1813->1807->1789->1806->1781->1779->1774->1784->1780->1778->1767->1764->1740->1736->1735->1731->1718->1713->1707->1693->1689->1681->1677->1702->1687->1672->1665->1664->1655->1649->1643->1637->1628->1610->1587->1579->1552->1550->1548->1547->1530->1537->1525->1492->1490->1488->1495->1479->1486->1471->1469->1465->1460->1430->1423->1406->1401->1391->1384->1380->1374->1373->1369->1359->1355->1344->1311->1301->1310->1298->1290->1281->1274->1270->1279->1277->1262->1257->1254->1234->1219->1206->1212->1203->1194->1197->1177->1170->1153->1152->1149->1142->1134->1130->1125->1117->1113->1129->1111->1099->1089->1075->1069->1065->1064->1063->1051->1055->1042->1039->1050->1037->1036->1027->1006->988->981->969->929->924->917->912->904->903->896->892->905->888->885->878->877->874->865->857->856->851->813->810->805->786->762->776->761->757->755->725->715->711->723->705->696->691->697->689->687->681->674->667->659->657->636->609->599->592->588->576->574->586->568->575->564->560->549->547->545->543->540->566->561->532->548->542->530->539->526->525->524->522->508->519->747->737->476->469->463->450->439->732->727->726->430->422->415->408->393->688->373->626->348->346->577->559->314->491->266->262->466->456->457->206->209->201->198->196->390->383->190->380->178->174->335->341->333->326->318->162->175->105->95->87->99->83->76->136->127->56->103->102->104->86->84->46->35->23->21->1->5->6->10->13->14->15->24->19->20->26->30->34->54->29->89->98->49->85->100->119->114->129->122->123->125->133->152->134->181->143->146->216->223->211->212->224->231->197->199->204->202->260->263->275->288->290->293->306->317->358->363->379->384->394->407->396->397->401->406->398->403->413->440->449->455->460->461->462->471->482->495->497->517->518->536->537->546->551->553->555->562->569->570->573->593->600->602->615->628->637->642->658->668->694->700->713->721->734->745->748->749->753->763->764->766->783->793->791->815->816->821->826->830->839->842->854->849->852->860->864->866->867->870->880->882->887->893->894->910->933->944->946->956->976->978->985->991->995->1017->1024->1031->1071->1077->1079->1091->1100->1110->1120->1122->1139->1167->1168->1181->1175->1189->1192->1204->1180->1182->1184->1193->1205->1210->1223->1229->1230->1241->1232->1237->1242->1244->1251->1269->1275->1278->1296->1322->1330->1348->1364->1353->1358->1361->1362->1368->1385->1379->1382->1387->1390->1403->1417->1434->1426->1428->1453->1462->1463->1481->1497->1500->1502->1503->1508->1510->1512->1531->1518->1528->1540->1542->1554->1555->1568->1576->1582->1583->1594->1586->1588->1599->1618->1593->1601->1595->1607->1616->1620->1633->1641->1680->1688->1719->1739->1751->1755->1757->1776->1777->1798->1782->1785->1818->1821->1823->1824->1857->1859->1861->1871->1890->1907->1906->1940->1941->1951->1969->1980->1978->1982->1986->1987->1991->1992->2002->2005->2013->2047->2050->2065->2059->2063->2071->2074->2077->2079->2099->2100->2116->2118->2121->2134->2137->2148->2158->2169->2159->2174->2181->2186->2196->2207->2204->2208->2212->2217->2229->2490,2490->2500,RESULTS/COMBINED_ALL_METHODS/results_all_methods_parameter_sensitivity_spot_level.csv
PSO,N2500_PS_parking_supply_P5_I1,N2500_PS_parking_supply_P5_I1.dat,parameter_sensitivity/medium_large/N2500_PS_parking_supply_P5_I1.dat,parameter_sensitivity,N2500,SUMO,parking_supply,parking_supply,5%,2500,7696,125,3732,375,0.1,375,2491,2500,0.9,0.5,20.5,2491,2500,0.9,0.5,20.5,0.9,TRUE,solved,2476,340,2476_S001,near,1,0.31290000000000084,0.001603,0.003195,0.1661,0.0332,0.036395,0.3508980000000009,0.31290000000000084,0.1661,0.036395,0.3508980000000009,6.66,19.614492000000048,830238.262,2491->2341->2340->2332->2328->2326->2320->2317->2305->2300->2282->2268->2263->2256->2252->2251->2247->2244->2240->2226->2237->2220->2235->2236->2218->2228->2211->2202->2187->2178->2156->2183->2155->2154->2130->2109->2098->2085->2072->2078->2069->2046->2038->2033->2030->2044->2028->2014->1968->1955->1902->1895->1894->1893->1882->1872->1864->1869->1863->1860->1841->1840->1832->1827->1826->1814->1813->1807->1789->1806->1781->1779->1774->1784->1780->1778->1767->1764->1763->1740->1736->1735->1731->1718->1713->1707->1693->1689->1681->1677->1687->1672->1665->1664->1655->1649->1643->1637->1628->1610->1587->1579->1552->1550->1548->1530->1537->1525->1524->1492->1490->1488->1495->1479->1486->1471->1469->1465->1460->1430->1423->1401->1391->1384->1386->1380->1374->1373->1369->1359->1355->1344->1311->1301->1310->1298->1290->1281->1274->1270->1279->1262->1257->1254->1234->1219->1206->1212->1203->1194->1197->1177->1170->1153->1152->1149->1142->1134->1130->1125->1117->1113->1129->1111->1105->1099->1089->1075->1069->1065->1064->1063->1051->1055->1042->1039->1050->1037->1036->1027->1006->988->981->969->929->924->917->912->904->903->896->892->905->888->885->878->877->874->865->857->856->851->813->810->805->786->762->776->757->755->725->715->711->723->705->696->691->697->698->689->687->681->674->667->659->657->636->609->599->592->588->576->574->586->568->575->564->560->549->547->545->543->540->538->561->532->542->534->824->792->772->747->519->508->501->476->469->733->731->744->739->450->436->430->720->422->415->408->393->688->677->660->646->638->641->631->623->365->626->366->344->346->577->559->314->493->284->500->262->466->456->457->441->438->425->206->209->201->198->196->193->190->380->178->174->335->341->338->164->163->175->105->95->87->109->127->39->38->55->37->31->69->25->36->46->35->23->21->1->5->6->10->13->14->15->24->19->28->22->26->33->27->34->54->29->53->89->98->94->67->85->100->119->114->129->122->123->125->133->134->181->143->146->216->223->211->212->224->231->197->204->202->260->265->263->268->275->288->290->293->306->317->358->363->379->384->394->407->396->397->401->406->398->399->403->413->440->449->455->460->461->462->471->482->495->497->517->518->537->546->551->553->555->562->569->570->573->593->600->602->615->628->637->642->658->668->694->700->713->721->734->745->748->749->753->763->764->766->783->793->791->815->816->821->826->830->839->854->849->852->860->864->876->866->867->870->880->882->887->893->894->910->933->944->946->948->956->976->978->985->991->995->1017->1024->1031->1071->1077->1079->1091->1092->1100->1110->1120->1116->1122->1139->1167->1168->1181->1175->1178->1192->1204->1180->1182->1184->1193->1205->1210->1223->1229->1230->1241->1232->1237->1242->1244->1251->1269->1275->1278->1296->1322->1330->1348->1364->1353->1358->1361->1362->1368->1385->1379->1381->1387->1390->1403->1417->1434->1428->1453->1462->1463->1481->1497->1500->1502->1503->1508->1510->1512->1521->1531->1518->1528->1540->1542->1554->1555->1568->1576->1582->1583->1594->1586->1588->1599->1618->1593->1601->1604->1607->1616->1620->1633->1641->1680->1688->1719->1739->1751->1755->1757->1776->1777->1798->1782->1785->1818->1821->1823->1824->1857->1859->1861->1871->1875->1890->1907->1906->1940->1941->1951->1969->1980->1978->1982->1987->1991->1992->2001->2002->2005->2013->2047->2059->2063->2071->2074->2077->2079->2099->2100->2116->2118->2121->2134->2137->2148->2158->2169->2159->2174->2181->2186->2196->2204->2208->2212->2217->2229->2473->2461->2466->2476,2476->2500,RESULTS/PSO/log_pso_spot.csv
ACO,N2500_PS_spot_availability_A10_I1,N2500_PS_spot_availability_A10_I1.dat,parameter_sensitivity/medium_large/N2500_PS_spot_availability_A10_I1.dat,parameter_sensitivity,N2500,SUMO,parking_spot_availability,parking_spot_availability,10%,2500,7696,125,3732,375,0.1,375,2491,2500,0.9,0.5,20.5,2491,2500,0.9,0.5,20.5,0.9,TRUE,solved,2476,340,2476_S001,near,1,0.2046000000000003,0.001603,0.003195,0.1661,0.0332,0.036395,0.2425980000000003,0.2046000000000003,0.1661,0.036395,0.2425980000000003,6.66,13.766292000000018,23521.942,2491->2341->2328->2326->2320->2317->2305->2300->2282->2268->2263->2256->2252->2251->2247->2244->2240->2226->2237->2220->2235->2218->2228->2214->2211->2202->2178->2156->2183->2170->2155->2154->2130->2109->2098->2085->2072->2082->2069->2046->2038->2033->2030->2044->2028->2014->1968->1955->1902->1895->1894->1893->1882->1872->1864->1869->1863->1860->1841->1840->1832->1827->1826->1814->1813->1807->1789->1788->1781->1779->1774->1784->1780->1778->1767->1764->1740->1736->1735->1731->1718->1713->1707->1693->1681->1677->1687->1672->1665->1673->1664->1655->1649->1643->1637->1628->1610->1587->1579->1552->1550->1548->1530->1537->1525->1492->1490->1488->1495->1479->1486->1471->1465->1460->1430->1423->1406->1401->1391->1384->1380->1374->1373->1369->1359->1355->1344->1311->1301->1310->1298->1290->1281->1274->1270->1279->1262->1257->1254->1252->1219->1206->1228->1212->1203->1194->1197->1177->1170->1153->1152->1149->1142->1134->1130->1125->1117->1113->1129->1111->1099->1089->1075->1069->1065->1064->1063->1051->1042->1039->1050->1037->1036->1027->1006->988->981->969->929->924->917->912->904->903->896->892->905->888->885->878->877->874->865->861->857->856->851->818->813->810->812->805->786->762->761->757->755->725->715->711->723->705->696->691->697->698->689->687->681->674->667->659->657->636->609->599->592->588->576->574->586->568->575->564->560->549->547->545->543->540->538->561->532->542->534->539->526->525->527->508->501->476->469->463->450->436->430->408->393->387->372->375->371->362->373->356->350->353->348->346->349->334->337->331->329->324->321->309->298->299->296->289->284->266->262->259->254->235->233->232->230->229->217->228->210->206->209->201->198->196->193->190->183->178->174->168->164->163->162->155->108->51->50->82->81->77->69->68->63->21->1->5->6->10->11->15->24->19->28->22->30->34->54->29->49->85->100->119->114->122->123->125->133->134->181->143->146->156->166->158->173->185->192->204->202->260->263->275->288->290->293->306->317->358->363->379->384->394->407->396->397->401->406->398->403->413->440->449->455->460->468->471->482->497->517->518->537->546->551->553->555->562->569->570->573->593->600->602->615->628->637->642->658->668->694->700->713->721->734->745->748->749->753->763->765->764->766->783->784->791->815->816->821->826->830->839->854->849->852->860->864->866->867->870->880->882->887->893->894->910->933->944->946->948->976->978->985->991->995->1017->1024->1031->1071->1077->1079->1091->1100->1110->1120->1122->1139->1167->1168->1181->1175->1178->1192->1204->1182->1184->1193->1205->1210->1223->1229->1230->1241->1232->1237->1242->1244->1251->1269->1275->1278->1296->1322->1330->1348->1364->1353->1358->1361->1362->1368->1379->1381->1387->1390->1403->1417->1434->1426->1428->1453->1462->1463->1481->1497->1500->1502->1503->1508->1510->1512->1531->1518->1528->1540->1542->1554->1555->1568->1576->1582->1583->1594->1586->1590->1600->1618->1593->1601->1604->1607->1616->1620->1633->1641->1680->1688->1719->1739->1751->1755->1757->1776->1777->1798->1782->1791->1785->1818->1821->1823->1824->1857->1859->1861->1871->1890->1907->1906->1940->1941->1951->1969->1980->1978->1982->1987->1991->2001->2002->2005->2013->2047->2059->2063->2071->2074->2077->2079->2099->2100->2116->2118->2121->2134->2137->2148->2158->2169->2171->2174->2181->2195->2186->2196->2204->2208->2212->2217->2229->2461->2466->2476,2476->2500,RESULTS/ACO/log_aco_spot.csv
GA,N2500_PS_spot_availability_A10_I1,N2500_PS_spot_availability_A10_I1.dat,parameter_sensitivity/medium_large/N2500_PS_spot_availability_A10_I1.dat,parameter_sensitivity,N2500,SUMO,parking_spot_availability,parking_spot_availability,10%,2500,7696,125,3732,375,0.1,375,2491,2500,0.9,0.5,20.5,2491,2500,0.9,0.5,20.5,0.9,TRUE,solved,2476,341,2476_S002,near,1,0.30910000000000065,0.002259,0.00477,0.1661,0.0332,0.037970000000000004,0.34932900000000067,0.30910000000000065,0.1661,0.037970000000000004,0.34932900000000067,6.76,19.539766000000036,59745.076,2491->2493->2484->2487->2341->2340->2332->2328->2326->2320->2317->2300->2282->2268->2263->2256->2252->2251->2247->2257->2240->2226->2237->2223->2220->2215->2235->2218->2228->2211->2202->2178->2156->2183->2155->2154->2130->2109->2098->2085->2072->2078->2069->2046->2038->2033->2030->2044->2028->2017->2014->1968->1955->1902->1910->1894->1893->1882->1872->1864->1869->1863->1860->1841->1840->1832->1827->1826->1814->1813->1807->1789->1806->1781->1779->1774->1771->1784->1780->1778->1766->1764->1740->1736->1735->1731->1718->1713->1707->1697->1693->1681->1677->1672->1665->1664->1655->1649->1640->1643->1637->1628->1610->1587->1579->1552->1550->1548->1547->1530->1537->1525->1524->1492->1490->1488->1495->1479->1486->1471->1465->1460->1430->1423->1406->1401->1391->1384->1386->1380->1374->1373->1369->1359->1355->1344->1311->1301->1310->1298->1290->1281->1274->1270->1279->1277->1262->1257->1254->1234->1231->1219->1206->1228->1203->1194->1197->1177->1170->1153->1152->1149->1142->1134->1130->1125->1117->1113->1129->1111->1099->1089->1075->1069->1065->1064->1063->1051->1055->1042->1039->1050->1037->1036->1027->1006->988->981->969->929->924->917->912->904->903->896->892->905->888->885->878->877->874->865->857->856->851->813->810->805->786->762->776->757->755->741->725->715->711->723->708->705->696->691->697->689->687->695->681->674->667->659->657->636->609->599->592->588->576->574->586->568->575->581->564->560->549->547->545->543->540->538->561->532->542->534->539->526->524->522->508->519->747->737->476->469->463->450->439->437->436->430->408->393->387->372->375->663->677->373->356->350->626->625->606->608->616->334->558->314->491->487->492->266->262->479->475->458->464->466->456->232->230->229->420->418->409->404->198->196->193->190->183->178->174->335->341->168->370->380->339->338->164->326->316->301->318->162->155->172->175->105->95->87->99->139->136->113->35->23->21->1->2->7->14->15->11->4->8->12->24->19->20->26->33->27->45->32->30->34->54->29->89->49->85->100->111->119->114->122->123->125->133->134->181->191->143->146->216->187->177->167->158->173->185->192->231->197->204->202->260->265->263->268->275->288->290->293->297->306->317->358->363->379->384->394->407->396->397->401->406->398->403->413->440->449->453->455->460->468->471->482->495->497->517->518->536->537->546->551->553->554->555->562->569->570->573->593->600->602->615->628->637->642->658->668->694->700->709->713->721->734->745->748->749->753->763->765->764->766->783->784->791->815->816->821->826->830->839->854->849->852->860->864->876->866->867->870->880->882->889->887->893->894->910->933->944->946->956->976->978->985->991->995->1011->1017->1024->1031->1068->1071->1077->1079->1091->1092->1100->1110->1120->1122->1139->1167->1168->1181->1173->1175->1178->1189->1192->1199->1204->1182->1184->1193->1205->1210->1223->1229->1230->1241->1232->1237->1242->1244->1251->1269->1275->1278->1296->1322->1330->1348->1364->1353->1358->1361->1366->1362->1368->1379->1382->1387->1390->1403->1417->1434->1428->1453->1462->1463->1481->1497->1500->1502->1503->1508->1510->1512->1521->1522->1518->1528->1540->1542->1554->1555->1568->1576->1582->1583->1594->1586->1590->1599->1600->1618->1593->1601->1595->1607->1616->1620->1630->1633->1641->1680->1688->1719->1739->1751->1755->1757->1776->1777->1794->1798->1782->1791->1785->1818->1834->1821->1823->1824->1857->1861->1871->1890->1907->1906->1940->1941->1951->1969->1980->1978->1982->1987->1991->1992->2002->2005->2013->2047->2049->2050->2059->2081->2089->2110->2063->2071->2074->2077->2079->2099->2108->2100->2116->2118->2121->2134->2137->2148->2158->2169->2159->2174->2181->2195->2186->2196->2207->2204->2208->2212->2217->2229->2490->2499->2485->2476,2476->2500,RESULTS/GA/log_ga_spot.csv
Optimization,N2500_PS_spot_availability_A10_I1,N2500_PS_spot_availability_A10_I1.dat,parameter_sensitivity/medium_large/N2500_PS_spot_availability_A10_I1.dat,parameter_sensitivity,N2500,SUMO,parking_spot_availability,parking_spot_availability,10%,2500,7696,125,3732,375,0.1,375,2491,2500,0.9,0.5,20.5,2491,2500,0.9,0.5,20.5,0.9,TRUE,inferred_from_previous_exact_lot_solution,2476,340,2476_S001,near,1,0.2943000000000008,0.001603,0.003195,0.1661,0.0332,0.036395,0.3322980000000008,0.2943000000000008,0.1661,0.036395,0.3322980000000008,6.66,18.610092000000044,497781.326,2491->2493->2487->2484->2481->2478->2468->2448->2443->2458->2442->2426->2412->2401->2400->2395->2379->2374->2370->2369->2385->2372->2358->2390->2380->2363->2353->2350->2347->2340->2332->2328->2326->2320->2317->2300->2282->2268->2263->2256->2252->2251->2247->2257->2240->2226->2237->2223->2220->2235->2218->2214->2211->2202->2187->2178->2156->2183->2155->2154->2130->2109->2098->2085->2072->2082->2069->2046->2038->2033->2030->2044->2028->2014->1968->1955->1902->1910->1894->1893->1882->1872->1864->1869->1863->1860->1841->1840->1832->1827->1826->1814->1813->1807->1789->1788->1806->1781->1779->1774->1771->1784->1780->1778->1766->1764->1763->1740->1736->1735->1731->1718->1713->1707->1697->1693->1681->1677->1687->1672->1665->1664->1655->1649->1640->1643->1637->1628->1610->1587->1579->1552->1550->1548->1547->1530->1537->1525->1524->1492->1490->1488->1495->1479->1486->1471->1469->1465->1460->1430->1423->1401->1391->1384->1386->1380->1374->1373->1369->1359->1355->1344->1311->1301->1310->1298->1290->1281->1274->1270->1279->1277->1262->1257->1254->1234->1231->1219->1206->1228->1203->1194->1197->1183->1177->1170->1153->1152->1149->1142->1134->1130->1125->1117->1113->1129->1111->1099->1089->1075->1069->1065->1064->1063->1051->1055->1042->1039->1050->1037->1036->1027->1006->988->981->969->929->924->917->912->907->904->903->896->892->905->888->885->878->877->874->865->861->857->856->851->813->810->805->786->762->776->757->755->741->725->715->711->708->705->696->691->697->698->689->687->695->681->674->667->659->657->636->609->599->592->588->576->574->586->568->575->564->581->560->549->547->545->543->540->566->538->561->548->542->534->539->526->524->522->527->525->772->747->737->733->469->463->450->439->437->436->430->415->408->393->387->372->375->371->677->373->356->350->626->625->349->558->314->491->266->262->259->254->235->233->232->230->229->219->217->228->210->410->404->409->418->206->209->201->198->196->193->190->183->380->370->168->341->333->326->316->301->292->278->277->272->246->117->115->120->79->70->65->116->215->179->10->11->15->24->19->20->32->33->27->34->54->29->89->49->85->100->111->119->114->122->123->125->133->134->181->143->191->184->189->216->156->166->177->167->158->173->185->192->199->204->202->260->265->263->268->275->288->290->293->297->306->317->358->363->379->384->394->407->396->397->401->406->398->403->413->440->449->453->455->460->468->471->482->497->517->518->536->537->546->551->553->554->555->562->569->570->573->593->600->602->615->628->637->642->658->668->694->700->713->721->734->745->748->749->753->763->765->764->766->783->784->791->815->816->822->821->826->830->839->842->849->852->860->864->876->866->867->870->880->882->889->887->893->894->910->933->944->946->956->976->978->985->991->995->1017->1024->1031->1068->1071->1077->1079->1091->1092->1100->1110->1120->1122->1139->1167->1168->1181->1175->1189->1191->1192->1204->1180->1182->1184->1193->1205->1210->1223->1229->1230->1241->1232->1237->1242->1244->1251->1269->1275->1278->1296->1322->1330->1348->1364->1353->1358->1366->1361->1362->1368->1379->1382->1381->1387->1390->1403->1417->1434->1428->1453->1462->1463->1481->1497->1500->1502->1503->1508->1510->1512->1521->1531->1518->1528->1540->1542->1554->1555->1568->1576->1582->1583->1594->1586->1590->1599->1600->1618->1593->1601->1595->1607->1616->1620->1630->1633->1641->1680->1688->1719->1739->1751->1755->1757->1776->1777->1794->1798->1782->1785->1818->1834->1821->1823->1824->1857->1859->1877->1861->1871->1890->1907->1906->1940->1941->1951->1969->1980->1978->1982->1987->1991->1992->2001->2002->2005->2013->2047->2049->2050->2059->2081->2096->2110->2063->2071->2074->2077->2079->2099->2100->2116->2118->2121->2134->2137->2148->2158->2169->2171->2159->2174->2181->2186->2196->2204->2208->2212->2217->2229->2490->2499->2485->2476,2476->2500,RESULTS/COMBINED_ALL_METHODS/results_all_methods_parameter_sensitivity_spot_level.csv
PSO,N2500_PS_spot_availability_A10_I1,N2500_PS_spot_availability_A10_I1.dat,parameter_sensitivity/medium_large/N2500_PS_spot_availability_A10_I1.dat,parameter_sensitivity,N2500,SUMO,parking_spot_availability,parking_spot_availability,10%,2500,7696,125,3732,375,0.1,375,2491,2500,0.9,0.5,20.5,2491,2500,0.9,0.5,20.5,0.9,TRUE,solved,2476,340,2476_S001,near,1,0.31290000000000084,0.001603,0.003195,0.1661,0.0332,0.036395,0.3508980000000009,0.31290000000000084,0.1661,0.036395,0.3508980000000009,6.66,19.614492000000048,809930.225,2491->2341->2340->2332->2328->2326->2320->2317->2305->2300->2282->2268->2263->2256->2252->2251->2247->2244->2240->2226->2237->2220->2235->2236->2218->2228->2211->2202->2187->2178->2156->2183->2155->2154->2130->2109->2098->2085->2072->2078->2069->2046->2038->2033->2030->2044->2028->2014->1968->1955->1902->1895->1894->1893->1882->1872->1864->1869->1863->1860->1841->1840->1832->1827->1826->1814->1813->1807->1789->1806->1781->1779->1774->1784->1780->1778->1767->1764->1763->1740->1736->1735->1731->1718->1713->1707->1693->1689->1681->1677->1687->1672->1665->1664->1655->1649->1643->1637->1628->1610->1587->1579->1552->1550->1548->1530->1537->1525->1524->1492->1490->1488->1495->1479->1486->1471->1469->1465->1460->1430->1423->1401->1391->1384->1386->1380->1374->1373->1369->1359->1355->1344->1311->1301->1310->1298->1290->1281->1274->1270->1279->1262->1257->1254->1234->1219->1206->1212->1203->1194->1197->1177->1170->1153->1152->1149->1142->1134->1130->1125->1117->1113->1129->1111->1105->1099->1089->1075->1069->1065->1064->1063->1051->1055->1042->1039->1050->1037->1036->1027->1006->988->981->969->929->924->917->912->904->903->896->892->905->888->885->878->877->874->865->857->856->851->813->810->805->786->762->776->757->755->725->715->711->723->705->696->691->697->698->689->687->681->674->667->659->657->636->609->599->592->588->576->574->586->568->575->564->560->549->547->545->543->540->538->561->532->542->534->824->792->772->747->519->508->501->476->469->733->731->744->739->450->436->430->720->422->415->408->393->688->677->660->646->638->641->631->623->365->626->366->344->346->577->559->314->493->284->500->262->466->456->457->441->438->425->206->209->201->198->196->193->190->380->178->174->335->341->338->164->163->175->105->95->87->109->127->39->38->55->37->31->69->25->36->46->35->23->21->1->5->6->10->13->14->15->24->19->28->22->26->33->27->34->54->29->53->89->98->94->67->85->100->119->114->129->122->123->125->133->134->181->143->146->216->223->211->212->224->231->197->204->202->260->265->263->268->275->288->290->293->306->317->358->363->379->384->394->407->396->397->401->406->398->399->403->413->440->449->455->460->461->462->471->482->495->497->517->518->537->546->551->553->555->562->569->570->573->593->600->602->615->628->637->642->658->668->694->700->713->721->734->745->748->749->753->763->764->766->783->793->791->815->816->821->826->830->839->854->849->852->860->864->876->866->867->870->880->882->887->893->894->910->933->944->946->948->956->976->978->985->991->995->1017->1024->1031->1071->1077->1079->1091->1092->1100->1110->1120->1116->1122->1139->1167->1168->1181->1175->1178->1192->1204->1180->1182->1184->1193->1205->1210->1223->1229->1230->1241->1232->1237->1242->1244->1251->1269->1275->1278->1296->1322->1330->1348->1364->1353->1358->1361->1362->1368->1385->1379->1381->1387->1390->1403->1417->1434->1428->1453->1462->1463->1481->1497->1500->1502->1503->1508->1510->1512->1521->1531->1518->1528->1540->1542->1554->1555->1568->1576->1582->1583->1594->1586->1588->1599->1618->1593->1601->1604->1607->1616->1620->1633->1641->1680->1688->1719->1739->1751->1755->1757->1776->1777->1798->1782->1785->1818->1821->1823->1824->1857->1859->1861->1871->1875->1890->1907->1906->1940->1941->1951->1969->1980->1978->1982->1987->1991->1992->2001->2002->2005->2013->2047->2059->2063->2071->2074->2077->2079->2099->2100->2116->2118->2121->2134->2137->2148->2158->2169->2159->2174->2181->2186->2196->2204->2208->2212->2217->2229->2473->2461->2466->2476,2476->2500,RESULTS/PSO/log_pso_spot.csv
ACO,N2500_PS_spot_availability_A20_I1,N2500_PS_spot_availability_A20_I1.dat,parameter_sensitivity/medium_large/N2500_PS_spot_availability_A20_I1.dat,parameter_sensitivity,N2500,SUMO,parking_spot_availability,parking_spot_availability,20%,2500,7696,125,3732,747,0.2,747,2491,2500,0.9,0.5,20.5,2491,2500,0.9,0.5,20.5,0.9,TRUE,solved,2490,294,2490_S001,near,1,0.20500000000000035,0.001557,0.002951,0.1348,0.027,0.029951,0.23650800000000036,0.20500000000000035,0.1348,0.029951,0.23650800000000036,9.13,13.68443200000002,24478.998,2491->2341->2328->2326->2320->2317->2305->2300->2282->2268->2263->2256->2252->2251->2247->2244->2240->2226->2237->2220->2235->2218->2228->2214->2211->2202->2178->2156->2183->2170->2155->2154->2130->2109->2098->2085->2072->2082->2069->2046->2038->2033->2030->2044->2028->2014->1968->1955->1902->1895->1894->1893->1882->1872->1864->1869->1863->1860->1841->1840->1832->1827->1826->1814->1813->1807->1789->1788->1781->1779->1774->1784->1780->1778->1767->1764->1740->1736->1735->1731->1718->1713->1707->1693->1681->1677->1687->1672->1665->1673->1664->1655->1649->1643->1637->1628->1610->1587->1579->1552->1550->1548->1530->1537->1525->1492->1490->1488->1495->1479->1486->1471->1465->1460->1430->1423->1406->1401->1391->1384->1380->1374->1373->1369->1359->1355->1344->1311->1301->1310->1298->1290->1281->1274->1270->1279->1262->1257->1254->1252->1219->1206->1228->1212->1203->1194->1197->1177->1170->1153->1152->1149->1142->1134->1130->1125->1117->1113->1129->1111->1099->1089->1075->1069->1065->1064->1063->1051->1042->1039->1050->1037->1036->1027->1006->988->981->969->929->924->917->912->904->903->896->892->905->888->885->878->877->874->865->861->857->856->851->818->813->810->812->805->786->762->761->757->755->725->715->711->723->705->696->691->697->698->689->687->681->674->667->659->657->636->609->599->592->588->576->574->586->568->575->564->560->549->547->545->543->540->538->561->532->542->534->539->526->525->527->508->501->476->469->463->450->437->436->430->408->393->387->372->375->371->362->373->356->350->353->348->346->349->334->337->331->329->324->321->309->298->299->296->289->284->266->262->259->254->235->233->232->230->229->217->228->210->206->209->201->198->196->193->190->183->178->174->168->164->163->162->155->108->51->50->82->81->77->69->68->63->21->1->5->6->10->11->15->24->19->28->22->30->34->54->29->49->85->100->119->114->122->123->125->133->134->181->143->146->156->166->158->173->185->192->204->202->260->263->275->288->290->293->306->317->358->363->379->384->394->407->396->397->401->406->398->403->413->440->449->455->460->468->471->482->497->517->518->537->546->551->553->555->562->569->570->573->593->600->602->615->628->637->642->658->668->694->700->713->721->734->745->748->749->753->763->765->764->766->783->784->791->815->816->821->826->830->839->854->849->852->860->864->866->867->870->880->882->887->893->894->910->933->944->946->948->976->978->985->991->995->1017->1024->1031->1071->1077->1079->1091->1100->1110->1120->1122->1139->1167->1168->1181->1175->1178->1192->1204->1182->1184->1193->1205->1210->1223->1229->1230->1241->1232->1237->1242->1244->1251->1269->1275->1278->1296->1322->1330->1348->1364->1353->1358->1361->1362->1368->1379->1381->1387->1390->1403->1417->1434->1426->1428->1453->1462->1463->1481->1497->1500->1502->1503->1508->1510->1512->1531->1518->1528->1540->1542->1554->1555->1568->1576->1582->1583->1594->1586->1590->1600->1618->1593->1601->1604->1607->1616->1620->1633->1641->1680->1688->1719->1739->1751->1755->1757->1776->1777->1798->1782->1791->1785->1818->1821->1823->1824->1857->1859->1861->1871->1890->1907->1906->1940->1941->1951->1969->1980->1978->1982->1987->1991->2001->2002->2005->2013->2047->2059->2063->2071->2074->2077->2079->2099->2100->2116->2118->2121->2134->2137->2148->2158->2169->2171->2174->2181->2195->2186->2196->2204->2208->2212->2217->2229->2490,2490->2500,RESULTS/ACO/log_aco_spot.csv
GA,N2500_PS_spot_availability_A20_I1,N2500_PS_spot_availability_A20_I1.dat,parameter_sensitivity/medium_large/N2500_PS_spot_availability_A20_I1.dat,parameter_sensitivity,N2500,SUMO,parking_spot_availability,parking_spot_availability,20%,2500,7696,125,3732,747,0.2,747,2491,2500,0.9,0.5,20.5,2491,2500,0.9,0.5,20.5,0.9,TRUE,solved,2490,294,2490_S001,near,1,0.311700000000001,0.001557,0.002951,0.1348,0.027,0.029951,0.34320800000000096,0.311700000000001,0.1348,0.029951,0.34320800000000096,9.13,19.446232000000055,56665.423,2491->2341->2332->2328->2326->2320->2317->2305->2311->2300->2282->2268->2263->2256->2252->2251->2247->2257->2240->2226->2237->2220->2215->2235->2236->2218->2214->2228->2211->2202->2187->2178->2156->2183->2155->2154->2136->2130->2109->2098->2085->2072->2078->2069->2046->2038->2033->2030->2044->2028->2014->1968->1955->1902->1910->1894->1893->1882->1872->1864->1869->1863->1860->1841->1840->1832->1827->1826->1814->1813->1807->1789->1788->1781->1779->1774->1784->1780->1778->1766->1764->1763->1740->1736->1735->1731->1718->1713->1707->1697->1693->1681->1677->1672->1665->1664->1655->1649->1640->1643->1637->1628->1610->1587->1579->1552->1550->1548->1547->1530->1537->1525->1524->1492->1490->1488->1495->1479->1486->1471->1465->1460->1430->1423->1406->1401->1391->1384->1386->1380->1374->1373->1369->1359->1355->1344->1311->1301->1310->1298->1290->1281->1274->1270->1279->1277->1262->1257->1254->1234->1231->1219->1206->1212->1228->1203->1194->1197->1183->1177->1170->1153->1152->1149->1142->1134->1130->1125->1117->1113->1129->1111->1099->1089->1075->1069->1065->1064->1063->1051->1055->1042->1039->1050->1037->1036->1027->1006->988->981->969->929->924->917->912->904->903->896->892->905->888->885->878->877->874->865->861->857->856->851->818->813->810->812->805->786->762->761->776->757->755->741->725->715->711->723->708->705->696->691->697->689->687->695->681->674->667->661->659->669->657->636->609->599->592->588->576->574->586->568->575->581->560->549->547->545->543->540->538->561->548->542->534->539->526->525->527->508->501->476->469->463->450->437->436->430->422->720->714->712->393->688->373->677->371->375->633->353->348->346->577->324->329->331->337->334->558->552->520->309->298->296->289->284->266->487->485->492->500->259->254->235->233->232->230->229->217->228->210->206->209->201->198->196->390->383->385->380->339->174->168->164->326->316->292->278->147->137->354->41->42->116->215->179->6->5->2->3->4->11->15->18->24->19->28->20->26->22->30->32->33->27->34->54->53->89->29->49->121->94->67->85->100->111->119->114->122->123->125->133->134->181->191->184->194->189->146->156->187->177->166->167->158->211->212->227->185->192->204->202->260->265->263->275->288->290->293->297->306->317->358->363->379->384->394->407->396->397->401->406->398->403->413->440->454->449->455->460->461->462->471->482->497->517->518->537->546->551->553->554->555->562->569->570->573->593->600->602->615->628->637->642->658->668->694->700->709->713->721->734->745->748->749->753->763->764->766->783->793->784->791->815->816->822->821->826->830->839->842->854->849->852->860->864->866->867->870->880->882->889->887->893->894->910->933->944->946->956->976->978->985->991->995->1011->1017->1024->1031->1068->1071->1077->1079->1091->1092->1100->1110->1120->1122->1139->1167->1168->1181->1175->1178->1192->1204->1182->1184->1193->1205->1210->1223->1229->1230->1241->1232->1237->1242->1244->1251->1269->1275->1278->1296->1322->1330->1348->1364->1353->1358->1366->1361->1362->1368->1379->1381->1387->1390->1403->1417->1434->1428->1453->1462->1463->1481->1497->1500->1502->1503->1508->1510->1512->1531->1522->1518->1528->1540->1542->1554->1555->1568->1576->1582->1583->1594->1586->1590->1599->1618->1593->1601->1604->1607->1616->1620->1633->1641->1680->1688->1719->1739->1751->1755->1757->1776->1777->1794->1798->1782->1791->1785->1818->1834->1821->1823->1824->1857->1859->1861->1871->1875->1890->1907->1906->1940->1941->1951->1969->1980->1978->1982->1987->1991->2001->2002->2005->2013->2047->2059->2081->2096->2110->2063->2071->2074->2077->2079->2099->2100->2116->2118->2121->2134->2137->2148->2158->2169->2159->2174->2181->2195->2186->2196->2207->2204->2208->2212->2217->2229->2490,2490->2500,RESULTS/GA/log_ga_spot.csv
Optimization,N2500_PS_spot_availability_A20_I1,N2500_PS_spot_availability_A20_I1.dat,parameter_sensitivity/medium_large/N2500_PS_spot_availability_A20_I1.dat,parameter_sensitivity,N2500,SUMO,parking_spot_availability,parking_spot_availability,20%,2500,7696,125,3732,747,0.2,747,2491,2500,0.9,0.5,20.5,2491,2500,0.9,0.5,20.5,0.9,TRUE,inferred_from_previous_exact_lot_solution,2476,340,2476_S001,near,1,0.2943000000000008,0.001603,0.003195,0.1661,0.0332,0.036395,0.3322980000000008,0.2943000000000008,0.1661,0.036395,0.3322980000000008,6.66,18.610092000000044,497781.326,2491->2493->2487->2484->2481->2478->2468->2448->2443->2458->2442->2426->2412->2401->2400->2395->2379->2374->2370->2369->2385->2372->2358->2390->2380->2363->2353->2350->2347->2340->2332->2328->2326->2320->2317->2300->2282->2268->2263->2256->2252->2251->2247->2257->2240->2226->2237->2223->2220->2235->2218->2214->2211->2202->2187->2178->2156->2183->2155->2154->2130->2109->2098->2085->2072->2082->2069->2046->2038->2033->2030->2044->2028->2014->1968->1955->1902->1910->1894->1893->1882->1872->1864->1869->1863->1860->1841->1840->1832->1827->1826->1814->1813->1807->1789->1788->1806->1781->1779->1774->1771->1784->1780->1778->1766->1764->1763->1740->1736->1735->1731->1718->1713->1707->1697->1693->1681->1677->1687->1672->1665->1664->1655->1649->1640->1643->1637->1628->1610->1587->1579->1552->1550->1548->1547->1530->1537->1525->1524->1492->1490->1488->1495->1479->1486->1471->1469->1465->1460->1430->1423->1401->1391->1384->1386->1380->1374->1373->1369->1359->1355->1344->1311->1301->1310->1298->1290->1281->1274->1270->1279->1277->1262->1257->1254->1234->1231->1219->1206->1228->1203->1194->1197->1183->1177->1170->1153->1152->1149->1142->1134->1130->1125->1117->1113->1129->1111->1099->1089->1075->1069->1065->1064->1063->1051->1055->1042->1039->1050->1037->1036->1027->1006->988->981->969->929->924->917->912->907->904->903->896->892->905->888->885->878->877->874->865->861->857->856->851->813->810->805->786->762->776->757->755->741->725->715->711->708->705->696->691->697->698->689->687->695->681->674->667->659->657->636->609->599->592->588->576->574->586->568->575->564->581->560->549->547->545->543->540->566->538->561->548->542->534->539->526->524->522->527->525->772->747->737->733->469->463->450->439->437->436->430->415->408->393->387->372->375->371->677->373->356->350->626->625->349->558->314->491->266->262->259->254->235->233->232->230->229->219->217->228->210->410->404->409->418->206->209->201->198->196->193->190->183->380->370->168->341->333->326->316->301->292->278->277->272->246->117->115->120->79->70->65->116->215->179->10->11->15->24->19->20->32->33->27->34->54->29->89->49->85->100->111->119->114->122->123->125->133->134->181->143->191->184->189->216->156->166->177->167->158->173->185->192->199->204->202->260->265->263->268->275->288->290->293->297->306->317->358->363->379->384->394->407->396->397->401->406->398->403->413->440->449->453->455->460->468->471->482->497->517->518->536->537->546->551->553->554->555->562->569->570->573->593->600->602->615->628->637->642->658->668->694->700->713->721->734->745->748->749->753->763->765->764->766->783->784->791->815->816->822->821->826->830->839->842->849->852->860->864->876->866->867->870->880->882->889->887->893->894->910->933->944->946->956->976->978->985->991->995->1017->1024->1031->1068->1071->1077->1079->1091->1092->1100->1110->1120->1122->1139->1167->1168->1181->1175->1189->1191->1192->1204->1180->1182->1184->1193->1205->1210->1223->1229->1230->1241->1232->1237->1242->1244->1251->1269->1275->1278->1296->1322->1330->1348->1364->1353->1358->1366->1361->1362->1368->1379->1382->1381->1387->1390->1403->1417->1434->1428->1453->1462->1463->1481->1497->1500->1502->1503->1508->1510->1512->1521->1531->1518->1528->1540->1542->1554->1555->1568->1576->1582->1583->1594->1586->1590->1599->1600->1618->1593->1601->1595->1607->1616->1620->1630->1633->1641->1680->1688->1719->1739->1751->1755->1757->1776->1777->1794->1798->1782->1785->1818->1834->1821->1823->1824->1857->1859->1877->1861->1871->1890->1907->1906->1940->1941->1951->1969->1980->1978->1982->1987->1991->1992->2001->2002->2005->2013->2047->2049->2050->2059->2081->2096->2110->2063->2071->2074->2077->2079->2099->2100->2116->2118->2121->2134->2137->2148->2158->2169->2171->2159->2174->2181->2186->2196->2204->2208->2212->2217->2229->2490->2499->2485->2476,2476->2500,RESULTS/COMBINED_ALL_METHODS/results_all_methods_parameter_sensitivity_spot_level.csv
PSO,N2500_PS_spot_availability_A20_I1,N2500_PS_spot_availability_A20_I1.dat,parameter_sensitivity/medium_large/N2500_PS_spot_availability_A20_I1.dat,parameter_sensitivity,N2500,SUMO,parking_spot_availability,parking_spot_availability,20%,2500,7696,125,3732,747,0.2,747,2491,2500,0.9,0.5,20.5,2491,2500,0.9,0.5,20.5,0.9,TRUE,solved,2425,689,2425_S001,near,1,0.2957000000000006,0.001791,0.004334,0.3145,0.0629,0.067234,0.3647250000000006,0.2957000000000006,0.3145,0.067234,0.3647250000000006,7.05,20.40015000000003,380901.263,2491->2341->2328->2326->2320->2317->2300->2282->2268->2263->2256->2252->2251->2247->2257->2240->2226->2237->2220->2235->2218->2228->2211->2202->2178->2156->2170->2155->2154->2130->2109->2098->2085->2072->2082->2069->2046->2038->2033->2030->2044->2028->2014->1968->1955->1902->1895->1894->1893->1882->1872->1864->1869->1863->1860->1841->1840->1832->1827->1826->1814->1813->1807->1789->1788->1781->1779->1774->1784->1780->1778->1767->1764->1763->1740->1736->1735->1731->1718->1713->1707->1693->1681->1677->1672->1665->1664->1655->1649->1643->1637->1628->1610->1587->1579->1552->1550->1548->1547->1530->1537->1525->1492->1490->1488->1495->1479->1486->1471->1465->1460->1430->1423->1406->1401->1391->1384->1380->1374->1373->1369->1359->1355->1344->1311->1301->1310->1298->1290->1281->1274->1270->1279->1262->1257->1254->1234->1219->1206->1228->1203->1194->1197->1177->1170->1153->1152->1149->1142->1134->1130->1125->1117->1113->1129->1111->1099->1089->1075->1069->1065->1064->1063->1051->1042->1039->1050->1037->1036->1027->1006->988->981->969->929->924->917->912->904->903->896->892->905->888->885->878->877->874->865->857->856->851->813->810->805->786->762->761->757->755->741->725->715->711->723->705->696->691->697->689->687->681->674->667->659->657->636->609->599->592->588->576->574->586->568->575->564->560->549->547->545->543->540->538->561->532->542->534->792->772->525->527->508->501->476->469->463->467->744->739->732->439->437->436->430->422->415->408->714->712->706->387->381->372->375->371->362->626->625->346->558->552->520->514->516->299->500->259->254->457->206->420->418->409->198->196->390->383->380->370->168->164->326->318->301->278->147->138->88->79->57->80->65->62->101->116->215->179->10->11->15->8->12->24->19->28->22->30->34->54->29->49->85->111->119->114->129->122->123->125->133->134->181->143->146->156->166->158->173->212->227->231->197->199->204->202->260->263->275->288->290->293->306->317->358->363->379->384->402->394->407->396->397->401->406->398->399->403->413->440->449->455->460->468->471->482->497->517->518->537->546->551->553->555->562->569->570->573->593->600->602->615->628->637->642->658->668->694->700->713->721->734->745->748->749->753->763->764->766->783->793->784->791->815->816->821->826->830->839->842->849->852->860->864->876->866->867->870->880->882->887->893->894->910->933->944->946->956->976->978->985->991->995->1017->1024->1031->1071->1077->1079->1091->1100->1110->1120->1116->1122->1139->1167->1168->1181->1175->1189->1192->1204->1180->1182->1184->1193->1205->1210->1223->1229->1230->1241->1232->1237->1242->1244->1251->1269->1275->1278->1296->1322->1330->1348->1364->1353->1358->1366->1362->1368->1385->1379->1382->1387->1390->1403->1417->1434->1426->1428->1453->1462->1463->1481->1497->1500->1502->1503->1508->1510->1512->1531->1518->1528->1540->1542->1554->1555->1568->1576->1582->1583->1594->1586->1590->1600->1599->1618->1593->1601->1604->1595->1607->1616->1620->1630->1633->1641->1680->1688->1719->1739->1751->1755->1757->1776->1777->1798->1782->1785->1818->1821->1823->1824->1857->1861->1871->1890->1907->1906->1940->1941->1951->1969->1980->1978->1982->1986->1987->1991->1992->2002->2005->2013->2047->2049->2065->2050->2059->2063->2071->2074->2077->2079->2099->2100->2116->2118->2121->2134->2137->2148->2158->2169->2159->2174->2181->2186->2196->2204->2208->2212->2217->2229->2425,2425->2500,RESULTS/PSO/log_pso_spot.csv
ACO,N2500_PS_spot_availability_A30_I1,N2500_PS_spot_availability_A30_I1.dat,parameter_sensitivity/medium_large/N2500_PS_spot_availability_A30_I1.dat,parameter_sensitivity,N2500,SUMO,parking_spot_availability,parking_spot_availability,30%,2500,7696,125,3732,1118,0.3,1118,2491,2500,0.9,0.5,20.5,2491,2500,0.9,0.5,20.5,0.9,TRUE,solved,2490,294,2490_S001,near,1,0.20500000000000035,0.001557,0.002951,0.1348,0.027,0.029951,0.23650800000000036,0.20500000000000035,0.1348,0.029951,0.23650800000000036,9.13,13.68443200000002,25656.287,2491->2341->2328->2326->2320->2317->2305->2300->2282->2268->2263->2256->2252->2251->2247->2244->2240->2226->2237->2220->2235->2218->2228->2214->2211->2202->2178->2156->2183->2170->2155->2154->2130->2109->2098->2085->2072->2082->2069->2046->2038->2033->2030->2044->2028->2014->1968->1955->1902->1895->1894->1893->1882->1872->1864->1869->1863->1860->1841->1840->1832->1827->1826->1814->1813->1807->1789->1788->1781->1779->1774->1784->1780->1778->1767->1764->1740->1736->1735->1731->1718->1713->1707->1693->1681->1677->1687->1672->1665->1673->1664->1655->1649->1643->1637->1628->1610->1587->1579->1552->1550->1548->1530->1537->1525->1492->1490->1488->1495->1479->1486->1471->1465->1460->1430->1423->1406->1401->1391->1384->1380->1374->1373->1369->1359->1355->1344->1311->1301->1310->1298->1290->1281->1274->1270->1279->1262->1257->1254->1252->1219->1206->1228->1212->1203->1194->1197->1177->1170->1153->1152->1149->1142->1134->1130->1125->1117->1113->1129->1111->1099->1089->1075->1069->1065->1064->1063->1051->1042->1039->1050->1037->1036->1027->1006->988->981->969->929->924->917->912->904->903->896->892->905->888->885->878->877->874->865->861->857->856->851->818->813->810->812->805->786->762->761->757->755->725->715->711->723->705->696->691->697->698->689->687->681->674->667->659->657->636->609->599->592->588->576->574->586->568->575->564->560->549->547->545->543->540->538->561->532->542->534->539->526->525->527->508->501->476->469->463->450->437->436->430->408->393->387->372->375->371->362->373->356->350->353->348->346->349->334->337->331->329->324->321->309->298->299->296->289->284->266->262->259->254->235->233->232->230->229->217->228->210->206->209->201->198->196->193->190->183->178->174->168->164->163->162->155->108->51->50->82->81->77->69->68->63->21->1->5->6->10->11->15->24->19->28->22->30->34->54->29->49->85->100->119->114->122->123->125->133->134->181->143->146->156->166->158->173->185->192->204->202->260->263->275->288->290->293->306->317->358->363->379->384->394->407->396->397->401->406->398->403->413->440->449->455->460->468->471->482->497->517->518->537->546->551->553->555->562->569->570->573->593->600->602->615->628->637->642->658->668->694->700->713->721->734->745->748->749->753->763->765->764->766->783->784->791->815->816->821->826->830->839->854->849->852->860->864->866->867->870->880->882->887->893->894->910->933->944->946->948->976->978->985->991->995->1017->1024->1031->1071->1077->1079->1091->1100->1110->1120->1122->1139->1167->1168->1181->1175->1178->1192->1204->1182->1184->1193->1205->1210->1223->1229->1230->1241->1232->1237->1242->1244->1251->1269->1275->1278->1296->1322->1330->1348->1364->1353->1358->1361->1362->1368->1379->1381->1387->1390->1403->1417->1434->1426->1428->1453->1462->1463->1481->1497->1500->1502->1503->1508->1510->1512->1531->1518->1528->1540->1542->1554->1555->1568->1576->1582->1583->1594->1586->1590->1600->1618->1593->1601->1604->1607->1616->1620->1630->1633->1641->1680->1688->1719->1739->1751->1755->1757->1776->1777->1798->1782->1791->1785->1818->1821->1823->1824->1857->1859->1861->1871->1890->1907->1906->1940->1941->1951->1969->1980->1978->1982->1987->1991->2001->2002->2005->2013->2047->2059->2063->2071->2074->2077->2079->2099->2100->2116->2118->2121->2134->2137->2148->2158->2169->2171->2174->2181->2195->2186->2196->2204->2208->2212->2217->2229->2490,2490->2500,RESULTS/ACO/log_aco_spot.csv
GA,N2500_PS_spot_availability_A30_I1,N2500_PS_spot_availability_A30_I1.dat,parameter_sensitivity/medium_large/N2500_PS_spot_availability_A30_I1.dat,parameter_sensitivity,N2500,SUMO,parking_spot_availability,parking_spot_availability,30%,2500,7696,125,3732,1118,0.3,1118,2491,2500,0.9,0.5,20.5,2491,2500,0.9,0.5,20.5,0.9,TRUE,solved,2476,343,2476_S004,near,1,0.3392000000000013,0.003613,0.007962,0.1661,0.0332,0.041162000000000004,0.3839750000000013,0.3392000000000013,0.1661,0.041162000000000004,0.3839750000000013,6.91,21.42565000000007,49066.226,2491->2493->2341->2481->2478->2468->2448->2443->2458->2442->2426->2412->2401->2400->2395->2379->2374->2370->2369->2385->2372->2358->2390->2380->2363->2353->2350->2347->2340->2332->2328->2326->2320->2317->2305->2300->2282->2268->2263->2256->2252->2251->2247->2257->2240->2226->2237->2223->2220->2235->2236->2218->2214->2211->2202->2187->2178->2156->2183->2155->2154->2136->2130->2109->2098->2085->2072->2082->2078->2069->2046->2038->2033->2030->2044->2028->2017->2014->1968->1955->1902->1910->1900->1895->1894->1893->1882->1872->1864->1869->1863->1860->1841->1840->1832->1827->1826->1814->1813->1807->1789->1806->1781->1779->1774->1771->1784->1780->1778->1767->1764->1740->1736->1735->1731->1718->1713->1707->1693->1689->1681->1677->1672->1665->1664->1655->1649->1640->1643->1637->1628->1625->1610->1587->1579->1552->1550->1548->1547->1530->1537->1525->1492->1490->1488->1495->1479->1486->1471->1469->1465->1460->1430->1423->1406->1401->1391->1384->1386->1380->1374->1373->1369->1359->1355->1344->1311->1301->1310->1298->1290->1281->1274->1270->1279->1262->1257->1254->1234->1252->1219->1206->1212->1203->1194->1197->1183->1177->1170->1153->1152->1149->1142->1134->1130->1125->1117->1113->1129->1111->1099->1089->1075->1069->1065->1064->1063->1051->1055->1042->1039->1050->1037->1036->1027->1006->988->981->969->929->924->917->912->907->904->903->896->892->905->888->885->878->877->874->865->861->857->856->851->813->810->805->786->762->761->757->755->741->725->715->711->723->705->696->691->697->689->687->681->674->667->659->657->636->609->599->592->588->576->574->586->568->575->564->560->549->547->545->543->540->538->561->548->542->534->539->526->525->524->522->508->501->476->737->733->731->739->732->727->437->450->436->430->422->720->714->712->706->387->372->381->690->680->373->644->638->641->631->633->353->348->635->626->625->346->608->606->616->603->614->337->331->329->324->321->309->314->493->491->487->500->299->289->284->266->492->485->479->475->458->464->456->457->206->210->410->201->198->392->390->196->193->190->183->339->370->168->164->338->335->341->333->326->316->292->278->277->132->130->120->79->57->80->126->116->65->113->145->369->359->24->19->20->32->30->34->54->53->29->89->98->67->85->111->100->119->114->122->123->125->133->134->181->143->146->189->216->187->223->211->212->224->227->185->197->204->202->260->265->263->268->275->288->290->293->306->317->358->363->379->384->394->407->396->397->401->406->398->403->413->440->449->453->455->460->461->462->471->482->495->497->517->518->536->537->546->551->553->555->562->569->570->573->593->600->602->615->628->637->642->658->668->694->700->713->721->734->745->748->749->753->763->764->766->783->784->793->791->815->816->822->821->826->830->839->854->842->849->852->860->864->866->875->867->870->880->882->889->887->893->894->910->933->944->946->948->976->978->985->991->995->1017->1024->1031->1068->1071->1077->1079->1091->1100->1110->1120->1122->1139->1167->1168->1173->1175->1189->1192->1199->1204->1180->1182->1184->1193->1205->1210->1223->1229->1230->1241->1232->1237->1242->1244->1251->1269->1275->1278->1296->1322->1330->1348->1364->1353->1358->1361->1362->1368->1379->1382->1381->1387->1390->1403->1417->1408->1426->1428->1453->1462->1463->1481->1497->1499->1500->1502->1503->1508->1510->1512->1531->1518->1528->1540->1542->1554->1555->1568->1576->1582->1583->1594->1586->1590->1600->1618->1593->1601->1595->1604->1607->1616->1620->1630->1633->1641->1680->1688->1719->1739->1751->1755->1757->1776->1777->1794->1798->1782->1791->1785->1818->1821->1823->1824->1857->1861->1871->1890->1907->1906->1940->1941->1951->1969->1980->1978->1982->1986->1987->1991->2001->1992->2002->2005->2013->2047->2059->2063->2071->2074->2077->2079->2099->2108->2100->2116->2118->2121->2134->2137->2148->2158->2169->2159->2171->2174->2181->2186->2196->2204->2208->2212->2217->2229->2490->2499->2485->2476,2476->2500,RESULTS/GA/log_ga_spot.csv
Optimization,N2500_PS_spot_availability_A30_I1,N2500_PS_spot_availability_A30_I1.dat,parameter_sensitivity/medium_large/N2500_PS_spot_availability_A30_I1.dat,parameter_sensitivity,N2500,SUMO,parking_spot_availability,parking_spot_availability,30%,2500,7696,125,3732,1118,0.3,1118,2491,2500,0.9,0.5,20.5,2491,2500,0.9,0.5,20.5,0.9,TRUE,inferred_from_previous_exact_lot_solution,2476,340,2476_S001,near,1,0.2943000000000008,0.001603,0.003195,0.1661,0.0332,0.036395,0.3322980000000008,0.2943000000000008,0.1661,0.036395,0.3322980000000008,6.66,18.610092000000044,497781.326,2491->2493->2487->2484->2481->2478->2468->2448->2443->2458->2442->2426->2412->2401->2400->2395->2379->2374->2370->2369->2385->2372->2358->2390->2380->2363->2353->2350->2347->2340->2332->2328->2326->2320->2317->2300->2282->2268->2263->2256->2252->2251->2247->2257->2240->2226->2237->2223->2220->2235->2218->2214->2211->2202->2187->2178->2156->2183->2155->2154->2130->2109->2098->2085->2072->2082->2069->2046->2038->2033->2030->2044->2028->2014->1968->1955->1902->1910->1894->1893->1882->1872->1864->1869->1863->1860->1841->1840->1832->1827->1826->1814->1813->1807->1789->1788->1806->1781->1779->1774->1771->1784->1780->1778->1766->1764->1763->1740->1736->1735->1731->1718->1713->1707->1697->1693->1681->1677->1687->1672->1665->1664->1655->1649->1640->1643->1637->1628->1610->1587->1579->1552->1550->1548->1547->1530->1537->1525->1524->1492->1490->1488->1495->1479->1486->1471->1469->1465->1460->1430->1423->1401->1391->1384->1386->1380->1374->1373->1369->1359->1355->1344->1311->1301->1310->1298->1290->1281->1274->1270->1279->1277->1262->1257->1254->1234->1231->1219->1206->1228->1203->1194->1197->1183->1177->1170->1153->1152->1149->1142->1134->1130->1125->1117->1113->1129->1111->1099->1089->1075->1069->1065->1064->1063->1051->1055->1042->1039->1050->1037->1036->1027->1006->988->981->969->929->924->917->912->907->904->903->896->892->905->888->885->878->877->874->865->861->857->856->851->813->810->805->786->762->776->757->755->741->725->715->711->708->705->696->691->697->698->689->687->695->681->674->667->659->657->636->609->599->592->588->576->574->586->568->575->564->581->560->549->547->545->543->540->566->538->561->548->542->534->539->526->524->522->527->525->772->747->737->733->469->463->450->439->437->436->430->415->408->393->387->372->375->371->677->373->356->350->626->625->349->558->314->491->266->262->259->254->235->233->232->230->229->219->217->228->210->410->404->409->418->206->209->201->198->196->193->190->183->380->370->168->341->333->326->316->301->292->278->277->272->246->117->115->120->79->70->65->116->215->179->10->11->15->24->19->20->32->33->27->34->54->29->89->49->85->100->111->119->114->122->123->125->133->134->181->143->191->184->189->216->156->166->177->167->158->173->185->192->199->204->202->260->265->263->268->275->288->290->293->297->306->317->358->363->379->384->394->407->396->397->401->406->398->403->413->440->449->453->455->460->468->471->482->497->517->518->536->537->546->551->553->554->555->562->569->570->573->593->600->602->615->628->637->642->658->668->694->700->713->721->734->745->748->749->753->763->765->764->766->783->784->791->815->816->822->821->826->830->839->842->849->852->860->864->876->866->867->870->880->882->889->887->893->894->910->933->944->946->956->976->978->985->991->995->1017->1024->1031->1068->1071->1077->1079->1091->1092->1100->1110->1120->1122->1139->1167->1168->1181->1175->1189->1191->1192->1204->1180->1182->1184->1193->1205->1210->1223->1229->1230->1241->1232->1237->1242->1244->1251->1269->1275->1278->1296->1322->1330->1348->1364->1353->1358->1366->1361->1362->1368->1379->1382->1381->1387->1390->1403->1417->1434->1428->1453->1462->1463->1481->1497->1500->1502->1503->1508->1510->1512->1521->1531->1518->1528->1540->1542->1554->1555->1568->1576->1582->1583->1594->1586->1590->1599->1600->1618->1593->1601->1595->1607->1616->1620->1630->1633->1641->1680->1688->1719->1739->1751->1755->1757->1776->1777->1794->1798->1782->1785->1818->1834->1821->1823->1824->1857->1859->1877->1861->1871->1890->1907->1906->1940->1941->1951->1969->1980->1978->1982->1987->1991->1992->2001->2002->2005->2013->2047->2049->2050->2059->2081->2096->2110->2063->2071->2074->2077->2079->2099->2100->2116->2118->2121->2134->2137->2148->2158->2169->2171->2159->2174->2181->2186->2196->2204->2208->2212->2217->2229->2490->2499->2485->2476,2476->2500,RESULTS/COMBINED_ALL_METHODS/results_all_methods_parameter_sensitivity_spot_level.csv
PSO,N2500_PS_spot_availability_A30_I1,N2500_PS_spot_availability_A30_I1.dat,parameter_sensitivity/medium_large/N2500_PS_spot_availability_A30_I1.dat,parameter_sensitivity,N2500,SUMO,parking_spot_availability,parking_spot_availability,30%,2500,7696,125,3732,1118,0.3,1118,2491,2500,0.9,0.5,20.5,2491,2500,0.9,0.5,20.5,0.9,TRUE,solved,2425,689,2425_S001,near,1,0.3311000000000014,0.001791,0.004334,0.3145,0.0629,0.067234,0.4001250000000014,0.3311000000000014,0.3145,0.067234,0.4001250000000014,7.05,22.311750000000075,401422.137,2491->2341->2328->2326->2320->2317->2300->2282->2268->2263->2256->2252->2251->2247->2257->2240->2226->2237->2220->2215->2235->2218->2214->2211->2202->2178->2156->2170->2155->2154->2130->2109->2098->2085->2072->2082->2069->2046->2038->2033->2030->2044->2028->2017->2014->1968->1955->1902->1895->1894->1893->1882->1872->1864->1869->1863->1860->1841->1840->1832->1827->1826->1814->1813->1807->1789->1788->1781->1779->1774->1784->1780->1778->1767->1764->1740->1736->1735->1731->1718->1713->1707->1693->1689->1681->1677->1672->1665->1664->1655->1649->1643->1637->1628->1610->1587->1579->1552->1550->1548->1547->1530->1537->1525->1524->1492->1490->1488->1495->1479->1486->1471->1465->1460->1430->1423->1401->1391->1384->1380->1374->1373->1369->1359->1355->1344->1311->1301->1310->1298->1290->1281->1274->1270->1279->1262->1257->1254->1234->1219->1206->1228->1203->1194->1197->1177->1170->1153->1152->1149->1142->1134->1130->1125->1117->1113->1129->1111->1099->1089->1075->1069->1065->1064->1063->1051->1042->1039->1050->1037->1036->1027->1006->988->981->969->929->924->917->912->907->904->903->896->892->905->888->885->878->877->874->865->857->856->851->813->810->805->786->762->761->757->755->725->715->711->723->705->696->691->697->698->689->687->681->674->667->659->657->636->609->599->592->588->576->574->586->568->575->564->560->549->547->545->543->540->566->561->532->542->534->792->772->525->527->508->501->737->476->469->463->467->744->739->732->439->437->436->430->422->720->714->712->393->387->381->688->371->362->626->625->349->558->314->493->284->266->500->259->254->235->438->206->410->198->196->193->190->183->339->174->335->333->341->168->164->163->175->105->118->95->87->99->83->76->136->127->39->44->104->86->84->46->35->23->21->1->2->3->7->14->16->17->18->12->8->15->24->19->20->32->45->27->34->54->29->49->85->111->119->114->122->123->125->133->134->181->143->146->156->166->158->173->212->227->185->192->204->202->260->263->275->288->290->293->306->317->358->363->379->384->402->394->407->396->397->401->406->398->403->413->440->449->453->455->460->468->471->482->497->517->518->537->546->551->553->555->562->569->570->573->593->600->602->615->628->637->642->658->668->694->700->713->721->734->745->748->749->753->763->764->766->783->784->793->791->815->816->821->826->830->839->842->849->852->860->864->876->866->867->870->880->882->887->893->894->910->933->944->946->948->976->978->985->991->995->1017->1024->1031->1071->1077->1079->1091->1100->1110->1120->1116->1122->1139->1167->1168->1181->1175->1178->1192->1180->1204->1182->1184->1193->1205->1210->1223->1229->1230->1241->1232->1237->1242->1244->1251->1269->1275->1278->1296->1322->1330->1348->1364->1353->1358->1366->1362->1368->1379->1382->1381->1387->1390->1403->1417->1408->1426->1428->1453->1462->1463->1481->1497->1500->1502->1503->1508->1510->1512->1531->1518->1528->1540->1542->1554->1555->1568->1576->1582->1583->1594->1586->1588->1590->1600->1618->1593->1601->1604->1607->1616->1620->1633->1641->1680->1688->1719->1739->1751->1755->1757->1776->1777->1798->1782->1785->1818->1821->1823->1824->1857->1859->1861->1871->1890->1907->1906->1940->1941->1951->1969->1980->1978->1982->1986->1987->1991->1992->2002->2005->2013->2047->2059->2063->2071->2074->2077->2079->2099->2100->2116->2118->2121->2134->2137->2148->2158->2169->2171->2174->2181->2186->2196->2207->2204->2208->2212->2217->2229->2425,2425->2500,RESULTS/PSO/log_pso_spot.csv
ACO,N2500_PS_spot_availability_A40_I1,N2500_PS_spot_availability_A40_I1.dat,parameter_sensitivity/medium_large/N2500_PS_spot_availability_A40_I1.dat,parameter_sensitivity,N2500,SUMO,parking_spot_availability,parking_spot_availability,40%,2500,7696,125,3732,1491,0.4,1491,2491,2500,0.9,0.5,20.5,2491,2500,0.9,0.5,20.5,0.9,TRUE,solved,2490,294,2490_S001,near,1,0.20520000000000033,0.001557,0.002951,0.1348,0.027,0.029951,0.23670800000000033,0.20520000000000033,0.1348,0.029951,0.23670800000000033,9.13,13.695232000000019,24162.502,2491->2341->2328->2326->2320->2317->2305->2300->2282->2268->2263->2256->2252->2251->2247->2244->2240->2226->2237->2220->2235->2218->2228->2214->2211->2202->2178->2156->2183->2170->2155->2154->2130->2109->2098->2085->2072->2082->2069->2046->2038->2033->2030->2044->2028->2014->1968->1955->1902->1895->1894->1893->1882->1872->1864->1869->1863->1860->1841->1840->1832->1827->1826->1814->1813->1807->1789->1788->1781->1779->1774->1784->1780->1778->1767->1764->1740->1736->1735->1731->1718->1713->1707->1693->1681->1677->1687->1672->1665->1673->1664->1655->1649->1643->1637->1628->1610->1587->1579->1552->1550->1548->1530->1537->1525->1492->1490->1488->1495->1479->1486->1471->1465->1460->1430->1423->1406->1401->1391->1384->1380->1374->1373->1369->1359->1355->1344->1311->1301->1310->1298->1290->1281->1274->1270->1279->1262->1257->1254->1252->1219->1206->1228->1212->1203->1194->1197->1177->1170->1153->1152->1149->1142->1134->1130->1125->1117->1113->1129->1111->1099->1089->1075->1069->1065->1064->1063->1051->1042->1039->1050->1037->1036->1027->1006->988->981->969->929->924->917->912->904->903->896->892->905->888->885->878->877->874->865->861->857->856->851->818->813->810->812->805->786->762->761->757->755->725->715->711->723->705->696->691->697->698->689->687->681->674->667->659->657->636->609->599->592->588->576->574->586->568->575->564->560->549->547->545->543->540->538->561->532->542->534->539->526->525->527->508->501->476->469->463->450->437->436->430->408->393->387->372->375->371->362->373->356->350->353->348->346->349->334->337->331->329->324->321->309->298->299->296->289->284->266->262->259->254->235->233->232->230->229->217->228->210->206->209->201->198->196->193->190->183->178->174->168->164->163->162->155->108->51->50->82->81->77->69->68->63->21->1->5->6->10->11->15->24->19->28->22->30->34->54->29->49->85->100->119->114->122->123->125->133->134->181->143->146->156->166->158->173->185->192->204->202->260->263->275->288->290->293->306->317->358->363->379->384->394->407->396->397->401->406->398->403->413->440->449->455->460->468->471->482->497->517->518->537->546->551->553->555->562->569->570->573->593->600->602->615->628->637->642->658->668->694->700->713->721->734->745->748->749->753->763->765->764->766->783->784->791->815->816->821->826->830->839->854->849->852->860->864->866->867->870->880->882->887->893->894->910->933->944->946->948->976->978->985->991->995->1017->1024->1031->1071->1077->1079->1091->1100->1110->1120->1122->1139->1167->1168->1181->1175->1178->1192->1204->1182->1184->1193->1205->1210->1223->1229->1230->1241->1232->1237->1242->1244->1251->1269->1275->1278->1296->1322->1330->1348->1364->1353->1358->1361->1362->1368->1379->1381->1387->1390->1403->1417->1434->1426->1428->1453->1462->1463->1481->1497->1500->1502->1503->1508->1510->1512->1531->1518->1528->1540->1542->1554->1555->1568->1576->1582->1583->1594->1586->1590->1600->1618->1593->1601->1604->1607->1616->1620->1630->1633->1641->1680->1688->1719->1739->1751->1755->1757->1776->1777->1798->1782->1791->1785->1818->1821->1823->1824->1857->1859->1861->1871->1890->1907->1906->1940->1941->1951->1969->1980->1978->1982->1987->1991->2001->2002->2005->2013->2047->2059->2063->2071->2074->2077->2079->2099->2100->2116->2118->2121->2134->2137->2148->2158->2169->2171->2174->2181->2195->2186->2196->2204->2208->2212->2217->2229->2461->2466->2476->2485->2490,2490->2500,RESULTS/ACO/log_aco_spot.csv
GA,N2500_PS_spot_availability_A40_I1,N2500_PS_spot_availability_A40_I1.dat,parameter_sensitivity/medium_large/N2500_PS_spot_availability_A40_I1.dat,parameter_sensitivity,N2500,SUMO,parking_spot_availability,parking_spot_availability,40%,2500,7696,125,3732,1491,0.4,1491,2491,2500,0.9,0.5,20.5,2491,2500,0.9,0.5,20.5,0.9,TRUE,solved,2490,297,2490_S004,near,1,0.3049000000000006,0.003091,0.006539,0.1348,0.027,0.033539,0.3415300000000006,0.3049000000000006,0.1348,0.033539,0.3415300000000006,9.41,19.383620000000032,71180.671,2491->2341->2332->2328->2326->2320->2317->2300->2282->2268->2263->2256->2252->2251->2247->2257->2240->2226->2237->2220->2215->2235->2218->2214->2228->2211->2202->2178->2156->2170->2183->2155->2154->2136->2130->2109->2098->2085->2072->2078->2082->2069->2046->2038->2033->2030->2044->2028->2017->2014->1968->1955->1902->1895->1894->1893->1882->1872->1864->1869->1863->1860->1841->1840->1832->1827->1826->1814->1813->1807->1789->1806->1781->1779->1774->1771->1784->1780->1778->1766->1764->1740->1736->1735->1731->1718->1713->1707->1693->1681->1677->1672->1665->1673->1664->1655->1649->1643->1637->1628->1625->1610->1587->1579->1552->1550->1548->1530->1537->1525->1524->1492->1490->1488->1495->1479->1486->1471->1469->1465->1460->1430->1423->1406->1401->1391->1384->1380->1374->1373->1369->1359->1355->1344->1311->1301->1310->1298->1290->1281->1274->1270->1279->1262->1257->1254->1234->1231->1219->1206->1212->1228->1203->1194->1197->1183->1177->1170->1153->1152->1149->1142->1134->1130->1125->1117->1113->1129->1111->1099->1089->1075->1069->1065->1064->1063->1051->1055->1042->1039->1050->1037->1036->1027->1006->988->981->969->929->924->917->912->904->903->896->892->905->888->885->878->877->874->865->857->856->851->813->810->812->805->786->762->761->757->755->741->725->715->711->708->723->705->696->691->697->689->687->681->674->667->659->657->636->609->599->592->588->576->574->586->568->575->581->564->560->549->547->545->543->540->566->561->532->542->530->539->526->524->522->508->527->519->501->476->469->463->450->436->430->408->393->387->372->375->371->362->626->365->348->346->344->349->366->587->329->324->516->509->289->500->262->466->464->456->457->451->441->438->235->233->232->244->230->229->219->420->418->409->198->392->390->383->385->183->178->174->339->338->341->335->333->168->164->163->175->105->108->61->60->96->117->142->124->118->95->87->109->99->139->207->213->225->236->240->247->261->249->252->221->17->18->24->19->20->26->22->30->34->54->29->89->49->121->98->67->85->111->119->114->122->123->125->133->152->134->181->191->184->194->189->146->216->223->211->212->173->185->227->231->192->204->202->260->263->275->288->290->293->297->306->317->358->363->379->384->394->407->396->397->401->406->398->403->413->440->454->449->453->455->460->461->462->471->482->497->517->518->536->537->546->551->553->555->562->569->570->573->593->600->602->615->628->637->642->658->668->694->700->713->721->734->745->748->749->753->763->765->764->766->783->784->791->815->816->822->821->826->830->839->842->854->849->852->860->864->866->875->867->870->880->882->889->887->893->894->910->933->944->946->948->976->978->985->991->995->1017->1024->1031->1071->1077->1079->1091->1092->1100->1110->1120->1122->1139->1167->1168->1181->1175->1178->1192->1199->1204->1182->1184->1193->1205->1210->1223->1229->1230->1241->1232->1237->1242->1244->1251->1269->1275->1278->1296->1322->1330->1348->1364->1353->1358->1361->1366->1362->1368->1385->1379->1381->1382->1387->1390->1403->1417->1434->1426->1428->1453->1462->1463->1481->1497->1499->1500->1502->1503->1508->1510->1512->1521->1522->1518->1528->1540->1542->1554->1555->1568->1576->1582->1583->1594->1586->1588->1590->1600->1618->1593->1601->1595->1604->1607->1616->1620->1630->1633->1641->1680->1688->1719->1739->1751->1755->1757->1776->1777->1798->1782->1791->1785->1818->1834->1821->1823->1824->1857->1859->1877->1861->1871->1875->1890->1907->1906->1940->1941->1951->1969->1980->1978->1982->1986->1987->1991->1992->2002->2005->2013->2047->2050->2065->2081->2096->2089->2110->2063->2071->2074->2077->2079->2099->2100->2116->2118->2121->2134->2137->2148->2158->2169->2159->2174->2181->2195->2186->2196->2207->2204->2208->2212->2217->2229->2499->2490,2490->2500,RESULTS/GA/log_ga_spot.csv
Optimization,N2500_PS_spot_availability_A40_I1,N2500_PS_spot_availability_A40_I1.dat,parameter_sensitivity/medium_large/N2500_PS_spot_availability_A40_I1.dat,parameter_sensitivity,N2500,SUMO,parking_spot_availability,parking_spot_availability,40%,2500,7696,125,3732,1491,0.4,1491,2491,2500,0.9,0.5,20.5,2491,2500,0.9,0.5,20.5,0.9,TRUE,inferred_from_previous_exact_lot_solution,2490,294,2490_S001,near,1,0.20500000000000035,0.001557,0.002951,0.1348,0.027,0.029951,0.23650800000000036,0.20500000000000035,0.1348,0.029951,0.23650800000000036,9.13,13.68443200000002,466674.611,2491->2341->2328->2326->2320->2317->2305->2300->2282->2268->2263->2256->2252->2251->2247->2244->2240->2226->2237->2220->2235->2218->2228->2214->2211->2202->2178->2156->2183->2170->2155->2154->2130->2109->2098->2085->2072->2082->2069->2046->2038->2033->2030->2044->2028->2014->1968->1955->1902->1895->1894->1893->1882->1872->1864->1869->1863->1860->1841->1840->1832->1827->1826->1814->1813->1807->1789->1788->1781->1779->1774->1784->1780->1778->1767->1764->1740->1736->1735->1731->1718->1713->1707->1693->1681->1677->1687->1672->1665->1673->1664->1655->1649->1643->1637->1628->1610->1587->1579->1552->1550->1548->1530->1537->1525->1492->1490->1488->1495->1479->1486->1471->1465->1460->1430->1423->1406->1401->1391->1384->1380->1374->1373->1369->1359->1355->1344->1311->1301->1310->1298->1290->1281->1274->1270->1279->1262->1257->1254->1252->1219->1206->1228->1212->1203->1194->1197->1177->1170->1153->1152->1149->1142->1134->1130->1125->1117->1113->1129->1111->1099->1089->1075->1069->1065->1064->1063->1051->1042->1039->1050->1037->1036->1027->1006->988->981->969->929->924->917->912->904->903->896->892->905->888->885->878->877->874->865->861->857->856->851->818->813->810->812->805->786->762->761->757->755->725->715->711->723->705->696->691->697->698->689->687->681->674->667->659->657->636->609->599->592->588->576->574->586->568->575->564->560->549->547->545->543->540->538->561->532->542->534->539->526->525->527->508->501->476->469->463->450->437->436->430->408->393->387->372->375->371->362->373->356->350->353->348->346->349->334->337->331->329->324->321->309->298->299->296->289->284->266->262->259->254->235->233->232->230->229->217->228->210->206->209->201->198->196->193->190->183->178->174->168->164->163->162->155->108->51->50->82->81->77->69->68->63->21->1->5->6->10->11->15->24->19->28->22->30->34->54->29->49->85->100->119->114->122->123->125->133->134->181->143->146->156->166->158->173->185->192->204->202->260->263->275->288->290->293->306->317->358->363->379->384->394->407->396->397->401->406->398->403->413->440->449->455->460->468->471->482->497->517->518->537->546->551->553->555->562->569->570->573->593->600->602->615->628->637->642->658->668->694->700->713->721->734->745->748->749->753->763->765->764->766->783->784->791->815->816->821->826->830->839->854->849->852->860->864->866->867->870->880->882->887->893->894->910->933->944->946->948->976->978->985->991->995->1017->1024->1031->1071->1077->1079->1091->1100->1110->1120->1122->1139->1167->1168->1181->1175->1178->1192->1204->1182->1184->1193->1205->1210->1223->1229->1230->1241->1232->1237->1242->1244->1251->1269->1275->1278->1296->1322->1330->1348->1364->1353->1358->1361->1362->1368->1379->1381->1387->1390->1403->1417->1434->1426->1428->1453->1462->1463->1481->1497->1500->1502->1503->1508->1510->1512->1531->1518->1528->1540->1542->1554->1555->1568->1576->1582->1583->1594->1586->1590->1600->1618->1593->1601->1604->1607->1616->1620->1633->1641->1680->1688->1719->1739->1751->1755->1757->1776->1777->1798->1782->1791->1785->1818->1821->1823->1824->1857->1859->1861->1871->1890->1907->1906->1940->1941->1951->1969->1980->1978->1982->1987->1991->2001->2002->2005->2013->2047->2059->2063->2071->2074->2077->2079->2099->2100->2116->2118->2121->2134->2137->2148->2158->2169->2171->2174->2181->2195->2186->2196->2204->2208->2212->2217->2229->2490,2490->2500,RESULTS/COMBINED_ALL_METHODS/results_all_methods_parameter_sensitivity_spot_level.csv
PSO,N2500_PS_spot_availability_A40_I1,N2500_PS_spot_availability_A40_I1.dat,parameter_sensitivity/medium_large/N2500_PS_spot_availability_A40_I1.dat,parameter_sensitivity,N2500,SUMO,parking_spot_availability,parking_spot_availability,40%,2500,7696,125,3732,1491,0.4,1491,2491,2500,0.9,0.5,20.5,2491,2500,0.9,0.5,20.5,0.9,TRUE,solved,2461,390,2461_S001,near,1,0.28010000000000035,0.001717,0.003498,0.1953,0.0391,0.042598000000000004,0.3244150000000004,0.28010000000000035,0.1953,0.042598000000000004,0.3244150000000004,7.5,18.268410000000024,397083.051,2491->2341->2328->2326->2320->2317->2300->2282->2268->2263->2256->2252->2251->2247->2257->2240->2226->2237->2220->2215->2235->2218->2228->2211->2202->2178->2156->2170->2183->2155->2154->2130->2109->2098->2085->2072->2082->2078->2069->2046->2038->2033->2030->2044->2028->2017->2014->1968->1955->1902->1900->1894->1893->1882->1872->1864->1869->1863->1860->1841->1840->1832->1827->1826->1814->1813->1807->1789->1806->1781->1779->1774->1784->1780->1778->1767->1764->1740->1736->1735->1731->1718->1713->1707->1693->1681->1677->1672->1665->1664->1655->1649->1643->1637->1628->1610->1587->1579->1552->1550->1548->1547->1530->1537->1525->1492->1490->1488->1495->1479->1486->1471->1465->1460->1430->1423->1406->1401->1391->1384->1380->1374->1373->1369->1359->1355->1344->1311->1301->1310->1298->1290->1281->1274->1270->1279->1262->1257->1254->1234->1219->1206->1228->1203->1194->1197->1177->1170->1153->1152->1149->1142->1134->1130->1125->1117->1113->1129->1111->1099->1089->1075->1069->1065->1064->1063->1051->1055->1042->1039->1050->1037->1036->1027->1006->988->981->969->929->924->917->912->904->903->896->892->905->888->885->878->877->874->865->857->856->851->813->810->805->786->762->761->757->755->725->715->711->723->705->696->691->697->698->689->687->681->674->667->659->657->636->609->599->592->588->576->574->586->568->575->581->560->549->547->545->543->540->566->561->532->542->534->824->792->772->525->527->519->501->476->469->463->450->439->437->436->430->415->422->720->714->712->706->387->393->688->677->660->646->638->641->631->633->635->626->625->349->346->558->552->520->514->516->299->500->259->254->235->233->438->206->410->198->196->390->383->380->370->168->164->163->175->105->115->52->51->50->82->176->182->5->6->2->3->7->14->15->18->24->19->28->22->30->34->54->29->49->85->100->119->114->129->122->123->125->133->134->181->143->146->156->166->158->173->212->227->231->192->199->204->202->260->263->275->288->290->293->306->317->358->363->379->384->394->407->396->397->401->406->398->403->413->440->449->455->460->468->471->482->497->517->518->537->546->551->553->555->562->569->570->573->593->600->602->615->628->637->642->658->668->694->700->713->721->734->745->748->749->753->763->764->766->783->784->793->791->815->816->821->826->830->839->842->849->852->860->864->876->866->867->870->880->882->887->893->894->910->933->944->946->948->976->978->985->991->995->1017->1024->1031->1071->1077->1079->1091->1100->1110->1120->1116->1122->1139->1167->1168->1173->1175->1189->1192->1204->1180->1182->1184->1193->1205->1210->1223->1229->1230->1241->1232->1237->1242->1244->1251->1269->1275->1278->1296->1322->1330->1348->1364->1353->1358->1366->1362->1368->1385->1379->1382->1387->1390->1403->1417->1434->1428->1453->1462->1463->1481->1497->1500->1502->1503->1508->1510->1512->1531->1518->1528->1540->1542->1554->1555->1568->1576->1582->1583->1594->1586->1590->1599->1618->1593->1601->1604->1595->1607->1616->1620->1633->1641->1680->1688->1719->1739->1751->1755->1757->1776->1777->1798->1782->1785->1818->1821->1823->1824->1857->1859->1861->1871->1875->1890->1907->1906->1940->1941->1951->1969->1980->1978->1982->1986->1987->1991->2001->2002->2005->2013->2047->2059->2063->2071->2074->2077->2079->2099->2100->2116->2118->2121->2134->2137->2148->2158->2169->2159->2174->2181->2195->2186->2196->2204->2208->2212->2217->2229->2461,2461->2500,RESULTS/PSO/log_pso_spot.csv
ACO,N2500_PS_spots_per_lot_S1020_I1,N2500_PS_spots_per_lot_S1020_I1.dat,parameter_sensitivity/medium_large/N2500_PS_spots_per_lot_S1020_I1.dat,parameter_sensitivity,N2500,SUMO,spots_per_lot,spots_per_lot,10-20,2500,7696,125,2205,214,0.1,214,2491,2500,0.9,0.5,20.5,2491,2500,0.9,0.5,20.5,0.9,TRUE,solved,2476,217,2476_S003,near,1,0.2046000000000003,0.001127,0.003048,0.1661,0.0332,0.036248,0.2419750000000003,0.2046000000000003,0.1661,0.036248,0.2419750000000003,5.88,13.654650000000014,22853.464,2491->2341->2328->2326->2320->2317->2305->2300->2282->2268->2263->2256->2252->2251->2247->2244->2240->2226->2237->2220->2235->2218->2228->2214->2211->2202->2178->2156->2183->2170->2155->2154->2130->2109->2098->2085->2072->2082->2069->2046->2038->2033->2030->2044->2028->2014->1968->1955->1902->1895->1894->1893->1882->1872->1864->1869->1863->1860->1841->1840->1832->1827->1826->1814->1813->1807->1789->1788->1781->1779->1774->1784->1780->1778->1767->1764->1740->1736->1735->1731->1718->1713->1707->1693->1681->1677->1687->1672->1665->1673->1664->1655->1649->1643->1637->1628->1610->1587->1579->1552->1550->1548->1530->1537->1525->1492->1490->1488->1495->1479->1486->1471->1465->1460->1430->1423->1406->1401->1391->1384->1380->1374->1373->1369->1359->1355->1344->1311->1301->1310->1298->1290->1281->1274->1270->1279->1262->1257->1254->1252->1219->1206->1228->1212->1203->1194->1197->1177->1170->1153->1152->1149->1142->1134->1130->1125->1117->1113->1129->1111->1099->1089->1075->1069->1065->1064->1063->1051->1042->1039->1050->1037->1036->1027->1006->988->981->969->929->924->917->912->904->903->896->892->905->888->885->878->877->874->865->861->857->856->851->818->813->810->812->805->786->762->761->757->755->725->715->711->723->705->696->691->697->698->689->687->681->674->667->659->657->636->609->599->592->588->576->574->586->568->575->564->560->549->547->545->543->540->538->561->532->542->534->539->526->525->527->508->501->476->469->463->450->436->430->408->393->387->372->375->371->362->373->356->350->353->348->346->349->334->337->331->329->324->321->309->298->299->296->289->284->266->262->259->254->235->233->232->230->229->217->228->210->206->209->201->198->196->193->190->183->178->174->168->164->163->162->155->108->51->50->82->81->77->69->68->63->21->1->5->6->10->11->15->24->19->28->22->30->34->54->29->49->85->100->119->114->122->123->125->133->134->181->143->146->156->166->158->173->185->192->204->202->260->263->275->288->290->293->306->317->358->363->379->384->394->407->396->397->401->406->398->403->413->440->449->455->460->468->471->482->497->517->518->537->546->551->553->555->562->569->570->573->593->600->602->615->628->637->642->658->668->694->700->713->721->734->745->748->749->753->763->765->764->766->783->784->791->815->816->821->826->830->839->854->849->852->860->864->866->867->870->880->882->887->893->894->910->933->944->946->948->976->978->985->991->995->1017->1024->1031->1071->1077->1079->1091->1100->1110->1120->1122->1139->1167->1168->1181->1175->1178->1192->1204->1182->1184->1193->1205->1210->1223->1229->1230->1241->1232->1237->1242->1244->1251->1269->1275->1278->1296->1322->1330->1348->1364->1353->1358->1361->1362->1368->1379->1381->1387->1390->1403->1417->1434->1426->1428->1453->1462->1463->1481->1497->1500->1502->1503->1508->1510->1512->1531->1518->1528->1540->1542->1554->1555->1568->1576->1582->1583->1594->1586->1590->1600->1618->1593->1601->1604->1607->1616->1620->1633->1641->1680->1688->1719->1739->1751->1755->1757->1776->1777->1798->1782->1791->1785->1818->1821->1823->1824->1857->1859->1861->1871->1890->1907->1906->1940->1941->1951->1969->1980->1978->1982->1987->1991->2001->2002->2005->2013->2047->2059->2063->2071->2074->2077->2079->2099->2100->2116->2118->2121->2134->2137->2148->2158->2169->2171->2174->2181->2195->2186->2196->2204->2208->2212->2217->2229->2461->2466->2476,2476->2500,RESULTS/ACO/log_aco_spot.csv
GA,N2500_PS_spots_per_lot_S1020_I1,N2500_PS_spots_per_lot_S1020_I1.dat,parameter_sensitivity/medium_large/N2500_PS_spots_per_lot_S1020_I1.dat,parameter_sensitivity,N2500,SUMO,spots_per_lot,spots_per_lot,10-20,2500,7696,125,2205,214,0.1,214,2491,2500,0.9,0.5,20.5,2491,2500,0.9,0.5,20.5,0.9,TRUE,solved,2476,217,2476_S003,near,1,0.30430000000000057,0.001127,0.003048,0.1661,0.0332,0.036248,0.34167500000000056,0.30430000000000057,0.1661,0.036248,0.34167500000000056,5.88,19.038450000000033,67331.722,2491->2493->2487->2341->2340->2332->2328->2326->2320->2317->2305->2311->2300->2282->2268->2263->2256->2252->2251->2247->2244->2240->2226->2237->2220->2215->2235->2236->2218->2228->2214->2211->2202->2187->2178->2156->2170->2155->2154->2136->2130->2109->2098->2085->2072->2078->2069->2046->2038->2033->2030->2044->2028->2017->2014->1968->1955->1902->1910->1894->1893->1882->1872->1864->1869->1863->1860->1841->1840->1832->1827->1826->1814->1813->1807->1789->1788->1781->1779->1774->1771->1784->1780->1778->1767->1766->1764->1740->1736->1735->1731->1718->1713->1707->1697->1693->1681->1677->1672->1665->1664->1655->1649->1643->1637->1628->1610->1587->1579->1552->1550->1548->1547->1530->1537->1525->1492->1490->1488->1495->1479->1486->1471->1469->1465->1460->1430->1423->1406->1401->1391->1384->1380->1374->1373->1369->1359->1355->1344->1311->1301->1310->1298->1290->1281->1274->1270->1279->1262->1257->1254->1234->1252->1219->1206->1228->1203->1194->1197->1177->1170->1153->1152->1149->1142->1134->1130->1125->1117->1113->1129->1111->1105->1099->1089->1075->1069->1065->1064->1063->1051->1042->1039->1050->1037->1036->1027->1006->988->981->969->961->929->924->917->912->904->903->896->892->905->888->885->878->877->874->865->857->856->851->813->810->805->786->762->776->757->755->741->725->715->711->708->723->705->696->691->697->689->687->681->674->667->661->659->669->657->636->609->599->592->588->576->574->586->568->575->581->560->549->547->545->543->540->566->561->532->542->534->530->539->526->525->527->519->501->737->733->463->450->436->430->422->415->408->393->688->371->362->626->365->348->346->349->334->337->331->329->594->587->577->559->558->321->516->299->500->262->458->466->464->456->457->441->438->425->206->420->418->409->404->392->196->193->190->383->385->183->178->174->168->164->163->338->341->333->326->316->292->153->169->155->172->105->96->117->112->110->118->95->87->136->113->21->1->5->6->10->11->15->24->19->20->26->22->30->34->54->29->49->98->94->121->85->111->100->119->114->122->123->125->133->152->134->181->191->184->189->216->146->156->166->158->173->185->197->204->202->260->263->268->275->288->290->293->297->306->317->358->363->379->384->402->394->407->396->397->401->406->398->399->403->413->440->454->449->453->455->460->468->471->482->497->517->518->537->546->551->553->555->562->569->570->573->593->600->602->615->628->637->642->658->668->694->700->713->721->734->745->748->749->753->763->764->766->783->793->784->791->815->816->821->826->830->839->842->849->852->860->864->866->867->870->880->882->887->893->894->910->933->944->946->948->956->976->978->985->991->995->1017->1024->1031->1071->1077->1079->1091->1092->1100->1110->1120->1116->1122->1139->1167->1168->1181->1175->1178->1189->1192->1204->1180->1182->1184->1193->1205->1210->1223->1229->1230->1241->1232->1237->1242->1244->1251->1269->1275->1278->1296->1322->1330->1348->1364->1353->1358->1366->1362->1368->1379->1382->1387->1390->1403->1417->1434->1428->1453->1462->1463->1481->1497->1500->1502->1503->1508->1510->1512->1531->1522->1518->1528->1540->1542->1554->1555->1568->1576->1582->1583->1594->1586->1588->1599->1618->1593->1601->1604->1607->1616->1620->1633->1641->1680->1688->1719->1739->1751->1755->1757->1776->1777->1798->1782->1785->1818->1834->1821->1823->1824->1857->1859->1877->1861->1871->1890->1907->1906->1940->1941->1951->1969->1980->1978->1982->1986->1987->1991->2001->2002->2005->2013->2047->2050->2059->2081->2096->2089->2110->2063->2071->2074->2077->2079->2099->2108->2100->2116->2118->2121->2134->2137->2148->2158->2169->2159->2174->2181->2195->2186->2196->2204->2208->2212->2217->2229->2490->2485->2476,2476->2500,RESULTS/GA/log_ga_spot.csv
Optimization,N2500_PS_spots_per_lot_S1020_I1,N2500_PS_spots_per_lot_S1020_I1.dat,parameter_sensitivity/medium_large/N2500_PS_spots_per_lot_S1020_I1.dat,parameter_sensitivity,N2500,SUMO,spots_per_lot,spots_per_lot,10-20,2500,7696,125,2205,214,0.1,214,2491,2500,0.9,0.5,20.5,2491,2500,0.9,0.5,20.5,0.9,TRUE,inferred_from_previous_exact_lot_solution,2490,185,2490_S004,near,1,0.20500000000000035,0.001584,0.003669,0.1348,0.027,0.030669,0.23725300000000035,0.20500000000000035,0.1348,0.030669,0.23725300000000035,8.71,13.68266200000002,427493.75,2491->2341->2328->2326->2320->2317->2305->2300->2282->2268->2263->2256->2252->2251->2247->2244->2240->2226->2237->2220->2235->2218->2228->2214->2211->2202->2178->2156->2183->2170->2155->2154->2130->2109->2098->2085->2072->2082->2069->2046->2038->2033->2030->2044->2028->2014->1968->1955->1902->1895->1894->1893->1882->1872->1864->1869->1863->1860->1841->1840->1832->1827->1826->1814->1813->1807->1789->1788->1781->1779->1774->1784->1780->1778->1767->1764->1740->1736->1735->1731->1718->1713->1707->1693->1681->1677->1687->1672->1665->1673->1664->1655->1649->1643->1637->1628->1610->1587->1579->1552->1550->1548->1530->1537->1525->1492->1490->1488->1495->1479->1486->1471->1465->1460->1430->1423->1406->1401->1391->1384->1380->1374->1373->1369->1359->1355->1344->1311->1301->1310->1298->1290->1281->1274->1270->1279->1262->1257->1254->1252->1219->1206->1228->1212->1203->1194->1197->1177->1170->1153->1152->1149->1142->1134->1130->1125->1117->1113->1129->1111->1099->1089->1075->1069->1065->1064->1063->1051->1042->1039->1050->1037->1036->1027->1006->988->981->969->929->924->917->912->904->903->896->892->905->888->885->878->877->874->865->861->857->856->851->818->813->810->812->805->786->762->761->757->755->725->715->711->723->705->696->691->697->698->689->687->681->674->667->659->657->636->609->599->592->588->576->574->586->568->575->564->560->549->547->545->543->540->538->561->532->542->534->539->526->525->527->508->501->476->469->463->450->437->436->430->408->393->387->372->375->371->362->373->356->350->353->348->346->349->334->337->331->329->324->321->309->298->299->296->289->284->266->262->259->254->235->233->232->230->229->217->228->210->206->209->201->198->196->193->190->183->178->174->168->164->163->162->155->108->51->50->82->81->77->69->68->63->21->1->5->6->10->11->15->24->19->28->22->30->34->54->29->49->85->100->119->114->122->123->125->133->134->181->143->146->156->166->158->173->185->192->204->202->260->263->275->288->290->293->306->317->358->363->379->384->394->407->396->397->401->406->398->403->413->440->449->455->460->468->471->482->497->517->518->537->546->551->553->555->562->569->570->573->593->600->602->615->628->637->642->658->668->694->700->713->721->734->745->748->749->753->763->765->764->766->783->784->791->815->816->821->826->830->839->854->849->852->860->864->866->867->870->880->882->887->893->894->910->933->944->946->948->976->978->985->991->995->1017->1024->1031->1071->1077->1079->1091->1100->1110->1120->1122->1139->1167->1168->1181->1175->1178->1192->1204->1182->1184->1193->1205->1210->1223->1229->1230->1241->1232->1237->1242->1244->1251->1269->1275->1278->1296->1322->1330->1348->1364->1353->1358->1361->1362->1368->1379->1381->1387->1390->1403->1417->1434->1426->1428->1453->1462->1463->1481->1497->1500->1502->1503->1508->1510->1512->1531->1518->1528->1540->1542->1554->1555->1568->1576->1582->1583->1594->1586->1590->1600->1618->1593->1601->1604->1607->1616->1620->1633->1641->1680->1688->1719->1739->1751->1755->1757->1776->1777->1798->1782->1791->1785->1818->1821->1823->1824->1857->1859->1861->1871->1890->1907->1906->1940->1941->1951->1969->1980->1978->1982->1987->1991->2001->2002->2005->2013->2047->2059->2063->2071->2074->2077->2079->2099->2100->2116->2118->2121->2134->2137->2148->2158->2169->2171->2174->2181->2195->2186->2196->2204->2208->2212->2217->2229->2490,2490->2500,RESULTS/COMBINED_ALL_METHODS/results_all_methods_parameter_sensitivity_spot_level.csv
PSO,N2500_PS_spots_per_lot_S1020_I1,N2500_PS_spots_per_lot_S1020_I1.dat,parameter_sensitivity/medium_large/N2500_PS_spots_per_lot_S1020_I1.dat,parameter_sensitivity,N2500,SUMO,spots_per_lot,spots_per_lot,10-20,2500,7696,125,2205,214,0.1,214,2491,2500,0.9,0.5,20.5,2491,2500,0.9,0.5,20.5,0.9,TRUE,solved,2476,217,2476_S003,near,1,0.3032000000000006,0.001127,0.003048,0.1661,0.0332,0.036248,0.34057500000000057,0.3032000000000006,0.1661,0.036248,0.34057500000000057,5.88,18.979050000000033,370458.67,2491->2487->2341->2328->2326->2320->2317->2300->2282->2268->2263->2256->2252->2251->2247->2257->2240->2226->2237->2220->2215->2235->2218->2228->2211->2202->2178->2156->2170->2155->2154->2130->2109->2098->2085->2072->2082->2069->2046->2038->2033->2030->2044->2028->2017->2014->1968->1955->1902->1895->1894->1893->1882->1872->1864->1869->1863->1860->1841->1840->1832->1827->1826->1814->1813->1807->1789->1788->1781->1779->1774->1784->1780->1778->1767->1764->1763->1740->1736->1735->1731->1718->1713->1707->1693->1681->1677->1702->1687->1672->1665->1664->1655->1649->1643->1637->1628->1610->1587->1579->1552->1550->1548->1530->1537->1525->1492->1490->1488->1495->1479->1486->1471->1465->1460->1430->1423->1406->1401->1391->1384->1380->1374->1373->1369->1359->1355->1344->1311->1301->1310->1298->1290->1281->1274->1270->1279->1262->1257->1254->1234->1219->1206->1228->1203->1194->1197->1177->1170->1153->1152->1149->1142->1134->1130->1125->1117->1113->1129->1111->1099->1089->1075->1069->1065->1064->1063->1051->1055->1042->1039->1050->1037->1036->1027->1006->988->981->969->929->924->917->912->904->903->896->892->905->888->885->878->877->874->865->857->856->851->818->813->810->805->786->762->776->761->757->755->725->715->711->708->705->696->691->697->689->687->695->681->674->667->661->659->657->636->609->599->592->588->576->574->586->568->575->564->560->549->547->545->543->540->566->561->532->542->534->530->539->526->525->527->508->501->476->469->463->731->744->739->450->439->437->436->430->415->408->393->706->387->372->375->371->362->626->625->346->558->321->309->516->299->289->500->259->254->457->441->438->425->424->244->230->420->206->410->198->196->390->383->385->380->178->174->335->333->326->318->301->278->147->137->354->41->66->56->38->39->44->75->77->69->176->182->1->2->3->13->14->16->17->18->24->19->28->22->26->32->45->27->34->54->29->49->85->100->119->114->129->122->123->125->133->152->134->181->143->146->156->166->158->173->185->192->204->202->260->263->275->288->290->293->306->317->358->363->379->384->402->394->407->396->397->401->406->398->399->403->413->440->449->453->455->460->468->471->482->497->517->518->536->537->546->551->553->555->562->569->570->573->593->600->602->615->628->637->642->658->668->694->700->709->713->721->734->745->748->749->753->763->765->764->766->783->784->793->791->815->816->821->826->830->839->842->849->852->860->864->866->867->870->880->882->887->893->894->910->933->944->946->956->976->978->985->991->995->1017->1024->1031->1071->1077->1079->1091->1100->1110->1120->1116->1122->1139->1167->1168->1181->1175->1189->1192->1204->1180->1182->1184->1193->1205->1210->1223->1229->1230->1241->1232->1237->1242->1244->1251->1269->1275->1278->1296->1322->1330->1348->1364->1353->1358->1366->1362->1368->1379->1382->1387->1390->1403->1417->1434->1408->1426->1428->1453->1462->1463->1481->1497->1500->1502->1503->1508->1510->1512->1531->1518->1528->1540->1542->1554->1555->1568->1576->1582->1583->1594->1586->1590->1600->1618->1593->1601->1604->1607->1616->1620->1630->1633->1641->1680->1688->1719->1739->1751->1755->1757->1776->1777->1798->1782->1791->1785->1818->1821->1823->1824->1857->1859->1861->1871->1890->1907->1906->1940->1941->1951->1969->1980->1978->1982->1987->1991->2001->2002->2005->2013->2047->2049->2065->2081->2089->2110->2063->2071->2074->2077->2079->2099->2100->2116->2118->2121->2134->2137->2148->2158->2169->2159->2174->2181->2186->2196->2204->2208->2212->2217->2229->2476,2476->2500,RESULTS/PSO/log_pso_spot.csv
ACO,N2500_PS_spots_per_lot_S2040_I1,N2500_PS_spots_per_lot_S2040_I1.dat,parameter_sensitivity/medium_large/N2500_PS_spots_per_lot_S2040_I1.dat,parameter_sensitivity,N2500,SUMO,spots_per_lot,spots_per_lot,20-40,2500,7696,125,4404,434,0.1,434,2491,2500,0.9,0.5,20.5,2491,2500,0.9,0.5,20.5,0.9,TRUE,solved,2476,432,2476_S003,near,1,0.2046000000000003,0.001127,0.003048,0.1661,0.0332,0.036248,0.2419750000000003,0.2046000000000003,0.1661,0.036248,0.2419750000000003,5.88,13.654650000000014,23758.847,2491->2341->2328->2326->2320->2317->2305->2300->2282->2268->2263->2256->2252->2251->2247->2244->2240->2226->2237->2220->2235->2218->2228->2214->2211->2202->2178->2156->2183->2170->2155->2154->2130->2109->2098->2085->2072->2082->2069->2046->2038->2033->2030->2044->2028->2014->1968->1955->1902->1895->1894->1893->1882->1872->1864->1869->1863->1860->1841->1840->1832->1827->1826->1814->1813->1807->1789->1788->1781->1779->1774->1784->1780->1778->1767->1764->1740->1736->1735->1731->1718->1713->1707->1693->1681->1677->1687->1672->1665->1673->1664->1655->1649->1643->1637->1628->1610->1587->1579->1552->1550->1548->1530->1537->1525->1492->1490->1488->1495->1479->1486->1471->1465->1460->1430->1423->1406->1401->1391->1384->1380->1374->1373->1369->1359->1355->1344->1311->1301->1310->1298->1290->1281->1274->1270->1279->1262->1257->1254->1252->1219->1206->1228->1212->1203->1194->1197->1177->1170->1153->1152->1149->1142->1134->1130->1125->1117->1113->1129->1111->1099->1089->1075->1069->1065->1064->1063->1051->1042->1039->1050->1037->1036->1027->1006->988->981->969->929->924->917->912->904->903->896->892->905->888->885->878->877->874->865->861->857->856->851->818->813->810->812->805->786->762->761->757->755->725->715->711->723->705->696->691->697->698->689->687->681->674->667->659->657->636->609->599->592->588->576->574->586->568->575->564->560->549->547->545->543->540->538->561->532->542->534->539->526->525->527->508->501->476->469->463->450->436->430->408->393->387->372->375->371->362->373->356->350->353->348->346->349->334->337->331->329->324->321->309->298->299->296->289->284->266->262->259->254->235->233->232->230->229->217->228->210->206->209->201->198->196->193->190->183->178->174->168->164->163->162->155->108->51->50->82->81->77->69->68->63->21->1->5->6->10->11->15->24->19->28->22->30->34->54->29->49->85->100->119->114->122->123->125->133->134->181->143->146->156->166->158->173->185->192->204->202->260->263->275->288->290->293->306->317->358->363->379->384->394->407->396->397->401->406->398->403->413->440->449->455->460->468->471->482->497->517->518->537->546->551->553->555->562->569->570->573->593->600->602->615->628->637->642->658->668->694->700->713->721->734->745->748->749->753->763->765->764->766->783->784->791->815->816->821->826->830->839->854->849->852->860->864->866->867->870->880->882->887->893->894->910->933->944->946->948->976->978->985->991->995->1017->1024->1031->1071->1077->1079->1091->1100->1110->1120->1122->1139->1167->1168->1181->1175->1178->1192->1204->1182->1184->1193->1205->1210->1223->1229->1230->1241->1232->1237->1242->1244->1251->1269->1275->1278->1296->1322->1330->1348->1364->1353->1358->1361->1362->1368->1379->1381->1387->1390->1403->1417->1434->1426->1428->1453->1462->1463->1481->1497->1500->1502->1503->1508->1510->1512->1531->1518->1528->1540->1542->1554->1555->1568->1576->1582->1583->1594->1586->1590->1600->1618->1593->1601->1604->1607->1616->1620->1633->1641->1680->1688->1719->1739->1751->1755->1757->1776->1777->1798->1782->1791->1785->1818->1821->1823->1824->1857->1859->1861->1871->1890->1907->1906->1940->1941->1951->1969->1980->1978->1982->1987->1991->2001->2002->2005->2013->2047->2059->2063->2071->2074->2077->2079->2099->2100->2116->2118->2121->2134->2137->2148->2158->2169->2171->2174->2181->2195->2186->2196->2204->2208->2212->2217->2229->2461->2466->2476,2476->2500,RESULTS/ACO/log_aco_spot.csv
GA,N2500_PS_spots_per_lot_S2040_I1,N2500_PS_spots_per_lot_S2040_I1.dat,parameter_sensitivity/medium_large/N2500_PS_spots_per_lot_S2040_I1.dat,parameter_sensitivity,N2500,SUMO,spots_per_lot,spots_per_lot,20-40,2500,7696,125,4404,434,0.1,434,2491,2500,0.9,0.5,20.5,2491,2500,0.9,0.5,20.5,0.9,TRUE,solved,2460,574,2460_S005,near,1,0.33670000000000094,0.001525,0.004339,0.2185,0.0437,0.048039000000000005,0.38626400000000094,0.33670000000000094,0.2185,0.048039000000000005,0.38626400000000094,13.59,22.217256000000052,68425.769,2491->2493->2484->2481->2341->2328->2326->2320->2317->2305->2300->2282->2268->2263->2256->2252->2251->2247->2257->2244->2240->2226->2237->2220->2235->2218->2228->2211->2202->2187->2178->2156->2170->2155->2154->2130->2109->2098->2085->2072->2078->2082->2069->2046->2038->2033->2030->2044->2028->2017->2014->1968->1955->1902->1900->1895->1894->1893->1882->1872->1864->1869->1863->1860->1841->1840->1832->1827->1826->1814->1813->1807->1789->1806->1781->1779->1774->1771->1784->1780->1778->1767->1764->1740->1736->1735->1731->1718->1713->1707->1697->1693->1681->1677->1702->1687->1672->1665->1664->1655->1649->1643->1637->1628->1610->1587->1579->1552->1550->1548->1547->1530->1537->1525->1524->1492->1490->1488->1495->1479->1486->1471->1465->1460->1430->1423->1406->1401->1391->1384->1386->1380->1374->1373->1369->1359->1355->1344->1311->1301->1310->1298->1290->1281->1274->1270->1279->1262->1257->1254->1234->1219->1206->1212->1203->1194->1197->1177->1170->1153->1152->1149->1142->1134->1130->1125->1117->1113->1129->1111->1099->1089->1075->1069->1065->1064->1063->1051->1055->1042->1039->1050->1037->1036->1027->1006->988->981->969->961->929->924->917->912->904->903->896->892->905->888->885->878->877->874->865->857->856->851->818->813->810->812->805->786->762->761->757->755->725->715->711->723->705->696->691->697->689->687->681->674->667->659->657->636->609->599->592->588->576->574->586->568->575->581->560->549->547->545->543->540->538->561->548->542->534->824->792->772->759->747->737->733->469->463->450->437->436->726->720->422->415->408->393->712->706->690->381->372->375->633->365->348->635->626->366->587->577->559->314->493->284->266->485->479->475->458->466->456->232->230->229->219->217->228->410->201->198->392->390->196->193->190->383->385->380->178->174->339->338->163->162->172->105->118->95->87->136->113->21->23->35->46->58->84->91->104->102->75->179->13->14->16->11->15->17->18->12->24->19->20->28->22->26->33->30->34->54->53->89->98->94->67->49->121->85->100->111->119->114->122->123->125->133->152->134->181->191->184->189->146->156->187->195->166->177->167->158->173->212->227->231->192->204->202->260->263->275->288->290->293->297->306->317->358->363->379->384->402->394->407->396->397->401->406->398->399->403->413->440->449->453->455->460->468->462->471->482->495->497->517->518->536->537->546->551->553->554->555->562->569->570->573->593->600->602->615->628->637->642->658->668->694->700->713->721->734->745->748->749->753->763->765->764->766->783->793->791->815->816->822->821->826->830->839->854->849->852->860->864->876->866->875->867->870->880->882->889->887->893->894->910->933->944->946->948->976->978->985->991->995->1017->1024->1031->1071->1077->1079->1091->1092->1100->1110->1120->1122->1139->1167->1168->1181->1175->1178->1189->1191->1199->1204->1180->1182->1184->1193->1205->1210->1223->1229->1230->1241->1232->1237->1242->1244->1251->1269->1275->1278->1296->1322->1330->1348->1364->1353->1358->1361->1366->1362->1368->1385->1379->1381->1382->1387->1390->1403->1417->1434->1426->1428->1453->1462->1463->1481->1497->1499->1500->1502->1503->1508->1510->1512->1521->1522->1531->1518->1528->1540->1542->1554->1555->1568->1576->1582->1583->1594->1586->1588->1599->1618->1593->1601->1604->1595->1607->1616->1620->1633->1641->1680->1688->1719->1739->1751->1755->1757->1776->1777->1798->1782->1785->1818->1834->1821->1823->1824->1857->1859->1877->1861->1871->1875->1890->1907->1906->1940->1941->1951->1969->1980->1978->1982->1987->1991->2001->2002->2005->2013->2047->2049->2050->2059->2081->2096->2110->2063->2071->2074->2077->2079->2099->2100->2116->2118->2121->2134->2137->2148->2158->2169->2159->2174->2181->2195->2186->2196->2207->2204->2208->2212->2217->2229->2473->2460,2460->2500,RESULTS/GA/log_ga_spot.csv
Optimization,N2500_PS_spots_per_lot_S2040_I1,N2500_PS_spots_per_lot_S2040_I1.dat,parameter_sensitivity/medium_large/N2500_PS_spots_per_lot_S2040_I1.dat,parameter_sensitivity,N2500,SUMO,spots_per_lot,spots_per_lot,20-40,2500,7696,125,4404,434,0.1,434,2491,2500,0.9,0.5,20.5,2491,2500,0.9,0.5,20.5,0.9,TRUE,inferred_from_previous_exact_lot_solution,2476,432,2476_S003,near,1,0.2046000000000003,0.001127,0.003048,0.1661,0.0332,0.036248,0.2419750000000003,0.2046000000000003,0.1661,0.036248,0.2419750000000003,5.88,13.654650000000014,416839.229,2491->2341->2328->2326->2320->2317->2305->2300->2282->2268->2263->2256->2252->2251->2247->2244->2240->2226->2237->2220->2235->2218->2228->2214->2211->2202->2178->2156->2183->2170->2155->2154->2130->2109->2098->2085->2072->2082->2069->2046->2038->2033->2030->2044->2028->2014->1968->1955->1902->1895->1894->1893->1882->1872->1864->1869->1863->1860->1841->1840->1832->1827->1826->1814->1813->1807->1789->1788->1781->1779->1774->1784->1780->1778->1767->1764->1740->1736->1735->1731->1718->1713->1707->1693->1681->1677->1687->1672->1665->1673->1664->1655->1649->1643->1637->1628->1610->1587->1579->1552->1550->1548->1530->1537->1525->1492->1490->1488->1495->1479->1486->1471->1465->1460->1430->1423->1406->1401->1391->1384->1380->1374->1373->1369->1359->1355->1344->1311->1301->1310->1298->1290->1281->1274->1270->1279->1262->1257->1254->1252->1219->1206->1228->1212->1203->1194->1197->1177->1170->1153->1152->1149->1142->1134->1130->1125->1117->1113->1129->1111->1099->1089->1075->1069->1065->1064->1063->1051->1042->1039->1050->1037->1036->1027->1006->988->981->969->929->924->917->912->904->903->896->892->905->888->885->878->877->874->865->861->857->856->851->818->813->810->812->805->786->762->761->757->755->725->715->711->723->705->696->691->697->698->689->687->681->674->667->659->657->636->609->599->592->588->576->574->586->568->575->564->560->549->547->545->543->540->538->561->532->542->534->539->526->525->527->508->501->476->469->463->450->436->430->408->393->387->372->375->371->362->373->356->350->353->348->346->349->334->337->331->329->324->321->309->298->299->296->289->284->266->262->259->254->235->233->232->230->229->217->228->210->206->209->201->198->196->193->190->183->178->174->168->164->163->162->155->108->51->50->82->81->77->69->68->63->21->1->5->6->10->11->15->24->19->28->22->30->34->54->29->49->85->100->119->114->122->123->125->133->134->181->143->146->156->166->158->173->185->192->204->202->260->263->275->288->290->293->306->317->358->363->379->384->394->407->396->397->401->406->398->403->413->440->449->455->460->468->471->482->497->517->518->537->546->551->553->555->562->569->570->573->593->600->602->615->628->637->642->658->668->694->700->713->721->734->745->748->749->753->763->765->764->766->783->784->791->815->816->821->826->830->839->854->849->852->860->864->866->867->870->880->882->887->893->894->910->933->944->946->948->976->978->985->991->995->1017->1024->1031->1071->1077->1079->1091->1100->1110->1120->1122->1139->1167->1168->1181->1175->1178->1192->1204->1182->1184->1193->1205->1210->1223->1229->1230->1241->1232->1237->1242->1244->1251->1269->1275->1278->1296->1322->1330->1348->1364->1353->1358->1361->1362->1368->1379->1381->1387->1390->1403->1417->1434->1426->1428->1453->1462->1463->1481->1497->1500->1502->1503->1508->1510->1512->1531->1518->1528->1540->1542->1554->1555->1568->1576->1582->1583->1594->1586->1590->1600->1618->1593->1601->1604->1607->1616->1620->1633->1641->1680->1688->1719->1739->1751->1755->1757->1776->1777->1798->1782->1791->1785->1818->1821->1823->1824->1857->1859->1861->1871->1890->1907->1906->1940->1941->1951->1969->1980->1978->1982->1987->1991->2001->2002->2005->2013->2047->2059->2063->2071->2074->2077->2079->2099->2100->2116->2118->2121->2134->2137->2148->2158->2169->2171->2174->2181->2195->2186->2196->2204->2208->2212->2217->2229->2461->2466->2476,2476->2500,RESULTS/COMBINED_ALL_METHODS/results_all_methods_parameter_sensitivity_spot_level.csv
PSO,N2500_PS_spots_per_lot_S2040_I1,N2500_PS_spots_per_lot_S2040_I1.dat,parameter_sensitivity/medium_large/N2500_PS_spots_per_lot_S2040_I1.dat,parameter_sensitivity,N2500,SUMO,spots_per_lot,spots_per_lot,20-40,2500,7696,125,4404,434,0.1,434,2491,2500,0.9,0.5,20.5,2491,2500,0.9,0.5,20.5,0.9,TRUE,solved,2452,644,2452_S002,near,1,0.2913000000000007,0.001355,0.003724,0.2516,0.0503,0.054023999999999996,0.34667900000000074,0.2913000000000007,0.2516,0.054023999999999996,0.34667900000000074,13.63,20.08366600000004,418758.583,2491->2487->2484->2481->2478->2341->2328->2326->2320->2317->2300->2282->2268->2263->2256->2252->2251->2247->2257->2240->2226->2237->2220->2215->2235->2236->2218->2228->2211->2202->2178->2156->2183->2170->2155->2154->2136->2130->2109->2098->2085->2072->2082->2069->2046->2038->2033->2030->2044->2028->2014->1968->1955->1902->1895->1894->1893->1882->1872->1864->1869->1863->1860->1841->1840->1832->1827->1826->1814->1813->1807->1789->1788->1781->1779->1774->1784->1780->1778->1767->1764->1740->1736->1735->1731->1718->1713->1707->1693->1681->1677->1672->1665->1673->1664->1655->1649->1643->1637->1628->1610->1587->1579->1552->1550->1548->1530->1537->1525->1492->1490->1488->1495->1479->1486->1471->1465->1460->1430->1423->1401->1391->1384->1380->1374->1373->1369->1359->1355->1344->1311->1301->1310->1298->1290->1281->1274->1270->1279->1262->1257->1254->1234->1219->1206->1228->1203->1194->1197->1177->1170->1153->1152->1149->1142->1134->1130->1125->1117->1113->1129->1111->1105->1099->1089->1075->1069->1065->1064->1063->1051->1055->1042->1039->1050->1037->1036->1027->1006->988->981->969->929->924->917->912->904->903->896->892->905->888->885->878->877->874->865->857->856->851->813->810->812->805->786->762->776->761->757->755->741->725->715->711->723->705->696->691->697->698->689->687->695->681->674->667->659->657->636->609->599->592->588->576->574->586->568->575->564->560->549->547->545->543->540->566->561->532->542->530->539->526->525->527->519->508->501->476->469->463->467->744->739->450->439->437->436->430->422->415->408->393->712->706->387->381->372->375->371->362->626->625->346->587->577->324->516->299->289->284->266->500->492->485->479->475->458->464->456->457->441->438->425->424->244->230->229->217->228->410->198->196->193->190->380->178->174->335->333->326->316->301->278->147->137->354->41->62->65->116->215->182->5->6->2->3->4->8->12->24->19->28->22->26->33->45->27->34->54->29->49->85->100->119->114->129->122->123->125->133->134->181->143->146->216->223->211->212->227->231->197->204->202->260->263->268->275->288->290->293->306->317->358->363->379->384->394->407->396->397->401->406->398->403->413->440->449->455->460->461->468->471->482->497->517->518->537->546->551->553->555->562->569->570->573->593->600->602->615->628->637->642->658->668->694->700->713->721->734->745->748->749->753->763->765->764->766->783->793->784->791->815->816->821->826->830->839->842->849->852->860->864->876->866->867->870->880->882->887->893->894->910->933->944->946->948->976->978->985->991->995->1017->1024->1031->1068->1071->1077->1079->1091->1100->1110->1120->1116->1122->1139->1167->1168->1173->1175->1189->1192->1204->1182->1184->1193->1205->1210->1223->1229->1230->1241->1232->1237->1242->1244->1251->1269->1275->1278->1296->1322->1330->1348->1364->1353->1358->1366->1362->1368->1385->1379->1381->1387->1390->1403->1417->1408->1426->1428->1453->1462->1463->1481->1497->1500->1502->1503->1508->1510->1512->1521->1522->1518->1528->1540->1542->1554->1555->1568->1576->1582->1583->1594->1586->1590->1600->1599->1618->1593->1601->1595->1604->1607->1616->1620->1630->1633->1641->1680->1688->1719->1739->1751->1755->1757->1776->1777->1798->1782->1785->1818->1821->1823->1824->1857->1859->1861->1871->1890->1907->1906->1940->1941->1951->1969->1980->1978->1982->1987->1991->1992->2002->2005->2013->2047->2049->2050->2059->2063->2071->2074->2077->2079->2099->2100->2116->2118->2121->2134->2137->2148->2158->2169->2171->2174->2181->2195->2186->2196->2204->2208->2212->2217->2229->2430->2439->2441->2452,2452->2500,RESULTS/PSO/log_pso_spot.csv
ACO,N2500_PS_spots_per_lot_S4060_I1,N2500_PS_spots_per_lot_S4060_I1.dat,parameter_sensitivity/medium_large/N2500_PS_spots_per_lot_S4060_I1.dat,parameter_sensitivity,N2500,SUMO,spots_per_lot,spots_per_lot,40-60,2500,7696,125,6600,669,0.1,669,2491,2500,0.9,0.5,20.5,2491,2500,0.9,0.5,20.5,0.9,TRUE,solved,2476,644,2476_S003,near,1,0.2046000000000003,0.001127,0.003048,0.1661,0.0332,0.036248,0.2419750000000003,0.2046000000000003,0.1661,0.036248,0.2419750000000003,5.88,13.654650000000014,23663.765,2491->2341->2328->2326->2320->2317->2305->2300->2282->2268->2263->2256->2252->2251->2247->2244->2240->2226->2237->2220->2235->2218->2228->2214->2211->2202->2178->2156->2183->2170->2155->2154->2130->2109->2098->2085->2072->2082->2069->2046->2038->2033->2030->2044->2028->2014->1968->1955->1902->1895->1894->1893->1882->1872->1864->1869->1863->1860->1841->1840->1832->1827->1826->1814->1813->1807->1789->1788->1781->1779->1774->1784->1780->1778->1767->1764->1740->1736->1735->1731->1718->1713->1707->1693->1681->1677->1687->1672->1665->1673->1664->1655->1649->1643->1637->1628->1610->1587->1579->1552->1550->1548->1530->1537->1525->1492->1490->1488->1495->1479->1486->1471->1465->1460->1430->1423->1406->1401->1391->1384->1380->1374->1373->1369->1359->1355->1344->1311->1301->1310->1298->1290->1281->1274->1270->1279->1262->1257->1254->1252->1219->1206->1228->1212->1203->1194->1197->1177->1170->1153->1152->1149->1142->1134->1130->1125->1117->1113->1129->1111->1099->1089->1075->1069->1065->1064->1063->1051->1042->1039->1050->1037->1036->1027->1006->988->981->969->929->924->917->912->904->903->896->892->905->888->885->878->877->874->865->861->857->856->851->818->813->810->812->805->786->762->761->757->755->725->715->711->723->705->696->691->697->698->689->687->681->674->667->659->657->636->609->599->592->588->576->574->586->568->575->564->560->549->547->545->543->540->538->561->532->542->534->539->526->525->527->508->501->476->469->463->450->436->430->408->393->387->372->375->371->362->373->356->350->353->348->346->349->334->337->331->329->324->321->309->298->299->296->289->284->266->262->259->254->235->233->232->230->229->217->228->210->206->209->201->198->196->193->190->183->178->174->168->164->163->162->155->108->51->50->82->81->77->69->68->63->21->1->5->6->10->11->15->24->19->28->22->30->34->54->29->49->85->100->119->114->122->123->125->133->134->181->143->146->156->166->158->173->185->192->204->202->260->263->275->288->290->293->306->317->358->363->379->384->394->407->396->397->401->406->398->403->413->440->449->455->460->468->471->482->497->517->518->537->546->551->553->555->562->569->570->573->593->600->602->615->628->637->642->658->668->694->700->713->721->734->745->748->749->753->763->765->764->766->783->784->791->815->816->821->826->830->839->854->849->852->860->864->866->867->870->880->882->887->893->894->910->933->944->946->948->976->978->985->991->995->1017->1024->1031->1071->1077->1079->1091->1100->1110->1120->1122->1139->1167->1168->1181->1175->1178->1192->1204->1182->1184->1193->1205->1210->1223->1229->1230->1241->1232->1237->1242->1244->1251->1269->1275->1278->1296->1322->1330->1348->1364->1353->1358->1361->1362->1368->1379->1381->1387->1390->1403->1417->1434->1426->1428->1453->1462->1463->1481->1497->1500->1502->1503->1508->1510->1512->1531->1518->1528->1540->1542->1554->1555->1568->1576->1582->1583->1594->1586->1590->1600->1618->1593->1601->1604->1607->1616->1620->1633->1641->1680->1688->1719->1739->1751->1755->1757->1776->1777->1798->1782->1791->1785->1818->1821->1823->1824->1857->1859->1861->1871->1890->1907->1906->1940->1941->1951->1969->1980->1978->1982->1987->1991->2001->2002->2005->2013->2047->2059->2063->2071->2074->2077->2079->2099->2100->2116->2118->2121->2134->2137->2148->2158->2169->2171->2174->2181->2195->2186->2196->2204->2208->2212->2217->2229->2461->2466->2476,2476->2500,RESULTS/ACO/log_aco_spot.csv
GA,N2500_PS_spots_per_lot_S4060_I1,N2500_PS_spots_per_lot_S4060_I1.dat,parameter_sensitivity/medium_large/N2500_PS_spots_per_lot_S4060_I1.dat,parameter_sensitivity,N2500,SUMO,spots_per_lot,spots_per_lot,40-60,2500,7696,125,6600,669,0.1,669,2491,2500,0.9,0.5,20.5,2491,2500,0.9,0.5,20.5,0.9,TRUE,solved,2476,662,2476_S021,mid,1,0.32470000000000065,0.00368,0.009575,0.1661,0.0332,0.042775,0.3711550000000007,0.32470000000000065,0.1661,0.042775,0.3711550000000007,6.3,20.672370000000036,56487.73,2491->2487->2341->2340->2332->2328->2326->2320->2317->2300->2282->2268->2263->2256->2252->2251->2247->2257->2240->2226->2237->2223->2220->2215->2235->2218->2228->2214->2211->2202->2187->2178->2156->2183->2155->2154->2136->2130->2109->2098->2085->2072->2078->2069->2046->2038->2033->2030->2044->2028->2017->2014->1968->1955->1902->1910->1894->1893->1882->1872->1864->1869->1863->1860->1841->1840->1832->1827->1826->1814->1813->1807->1789->1788->1781->1779->1774->1771->1784->1780->1778->1767->1766->1764->1763->1740->1736->1735->1731->1718->1713->1707->1697->1693->1681->1677->1702->1687->1672->1665->1673->1664->1655->1649->1640->1643->1637->1628->1610->1587->1579->1552->1550->1548->1547->1530->1537->1525->1524->1492->1490->1488->1495->1479->1486->1471->1469->1465->1460->1430->1423->1401->1391->1384->1386->1380->1374->1373->1369->1359->1355->1344->1311->1301->1310->1298->1290->1281->1274->1270->1279->1262->1257->1254->1252->1219->1206->1212->1203->1194->1197->1183->1177->1170->1153->1152->1149->1142->1134->1130->1125->1117->1113->1129->1111->1099->1089->1075->1069->1065->1064->1063->1051->1042->1039->1050->1037->1036->1027->1006->988->981->969->961->929->924->917->912->904->903->896->892->905->888->885->878->877->874->865->857->856->851->813->810->812->805->786->762->776->757->755->741->725->715->711->723->705->696->691->697->698->689->687->681->674->667->661->659->669->657->636->609->599->592->588->576->574->586->568->575->564->581->560->549->547->545->543->540->538->561->532->542->534->539->526->525->524->522->527->519->747->737->476->469->463->467->450->436->726->720->430->408->714->712->706->387->372->375->633->623->348->346->344->558->552->520->309->298->500->266->262->464->458->466->456->457->254->235->233->232->244->230->420->217->228->410->404->392->196->193->190->183->385->380->339->338->335->333->341->168->164->163->175->172->155->108->51->50->82->176->69->68->86->91->36->46->35->63->150->145->148->171->182->5->1->2->3->13->14->15->24->19->28->22->26->30->34->54->29->49->67->85->100->111->119->114->129->122->123->125->133->134->181->143->146->156->166->195->223->216->187->177->167->158->211->170->173->212->224->227->231->192->204->202->260->263->275->288->290->293->297->306->317->358->363->379->384->394->407->396->397->401->406->398->399->403->413->440->454->449->453->455->460->468->471->482->497->517->518->537->546->551->553->555->562->569->570->573->593->600->602->615->628->637->642->658->668->694->700->709->713->721->734->745->748->749->753->763->765->764->766->783->784->791->815->816->822->821->826->830->839->842->849->852->860->864->866->875->867->870->880->882->887->893->894->910->933->944->946->948->976->978->985->991->995->1017->1024->1031->1071->1077->1079->1091->1092->1100->1110->1120->1116->1122->1139->1167->1168->1173->1175->1178->1189->1192->1204->1182->1184->1193->1205->1210->1223->1229->1230->1241->1232->1237->1242->1244->1251->1269->1275->1278->1296->1322->1330->1348->1364->1353->1358->1366->1362->1368->1379->1382->1387->1390->1403->1417->1408->1426->1434->1428->1453->1462->1463->1481->1497->1499->1500->1502->1503->1508->1510->1512->1531->1521->1522->1518->1528->1540->1542->1554->1555->1568->1576->1582->1583->1594->1586->1588->1590->1599->1600->1618->1593->1601->1604->1607->1616->1620->1633->1641->1680->1688->1719->1739->1751->1755->1757->1776->1777->1794->1798->1782->1791->1785->1818->1834->1821->1823->1824->1857->1861->1871->1875->1890->1907->1906->1940->1941->1951->1969->1980->1978->1982->1987->1991->2001->2002->2005->2013->2047->2059->2065->2081->2089->2110->2063->2071->2074->2077->2079->2099->2100->2116->2118->2121->2134->2137->2148->2158->2169->2159->2174->2181->2195->2186->2196->2204->2208->2212->2217->2229->2456->2473->2461->2466->2476,2476->2500,RESULTS/GA/log_ga_spot.csv
Optimization,N2500_PS_spots_per_lot_S4060_I1,N2500_PS_spots_per_lot_S4060_I1.dat,parameter_sensitivity/medium_large/N2500_PS_spots_per_lot_S4060_I1.dat,parameter_sensitivity,N2500,SUMO,spots_per_lot,spots_per_lot,40-60,2500,7696,125,6600,669,0.1,669,2491,2500,0.9,0.5,20.5,2491,2500,0.9,0.5,20.5,0.9,TRUE,inferred_from_previous_exact_lot_solution,2490,546,2490_S004,near,1,0.20760000000000034,0.001584,0.003669,0.1348,0.027,0.030669,0.23985300000000034,0.20760000000000034,0.1348,0.030669,0.23985300000000034,8.71,13.823062000000018,256225.868,2491->2341->2328->2326->2320->2317->2305->2300->2282->2268->2263->2256->2252->2251->2247->2244->2240->2226->2237->2220->2235->2218->2228->2214->2211->2202->2178->2156->2183->2170->2155->2154->2130->2109->2098->2085->2072->2082->2069->2046->2038->2033->2030->2044->2028->2014->1968->1955->1902->1895->1894->1893->1882->1872->1864->1869->1863->1860->1841->1840->1832->1827->1826->1814->1813->1807->1789->1788->1781->1779->1774->1784->1780->1778->1767->1764->1740->1736->1735->1731->1718->1713->1707->1693->1681->1677->1687->1672->1665->1673->1664->1655->1649->1643->1637->1628->1610->1587->1579->1552->1550->1548->1530->1537->1525->1492->1490->1488->1495->1479->1486->1471->1465->1460->1430->1423->1406->1401->1391->1384->1380->1374->1373->1369->1359->1355->1344->1311->1301->1310->1298->1290->1281->1274->1270->1279->1262->1257->1254->1252->1219->1206->1228->1212->1203->1194->1197->1177->1170->1153->1152->1149->1142->1134->1130->1125->1117->1113->1129->1111->1099->1089->1075->1069->1065->1064->1063->1051->1042->1039->1050->1037->1036->1027->1006->988->981->969->929->924->917->912->904->903->896->892->905->888->885->878->877->874->865->861->857->856->851->818->813->810->812->805->786->762->761->757->755->725->715->711->723->705->696->691->697->698->689->687->681->674->667->659->657->636->609->599->592->588->576->574->586->568->575->564->560->549->547->545->543->540->538->561->532->542->534->539->526->525->527->508->501->476->469->463->450->437->436->430->408->393->387->372->375->371->362->373->356->350->353->348->346->349->334->337->331->329->324->321->309->298->299->296->289->284->266->262->259->254->235->233->232->230->229->217->228->210->206->209->201->198->196->193->190->183->178->174->168->164->163->162->155->108->51->50->82->81->77->69->68->63->21->1->5->6->10->11->15->24->19->28->22->30->34->54->29->49->85->100->119->114->122->123->125->133->134->181->143->146->156->166->158->173->185->192->204->202->260->263->275->288->290->293->306->317->358->363->379->384->394->407->396->397->401->406->398->403->413->440->449->455->460->468->471->482->497->517->518->537->546->551->553->555->562->569->570->573->593->600->602->615->628->637->642->658->668->694->700->713->721->734->745->748->749->753->763->765->764->766->783->784->791->815->816->821->826->830->839->854->849->852->860->864->866->867->870->880->882->887->893->894->910->933->944->946->948->976->978->985->991->995->1017->1024->1031->1071->1077->1079->1091->1100->1110->1120->1122->1139->1167->1168->1181->1175->1178->1192->1204->1182->1184->1193->1205->1210->1223->1229->1230->1241->1232->1237->1242->1244->1251->1269->1275->1278->1296->1322->1330->1348->1364->1353->1358->1361->1362->1368->1379->1381->1387->1390->1403->1417->1434->1426->1428->1453->1462->1463->1481->1497->1500->1502->1503->1508->1510->1512->1531->1518->1528->1540->1542->1554->1555->1568->1576->1582->1583->1594->1586->1590->1600->1618->1593->1601->1604->1607->1616->1620->1630->1633->1641->1680->1688->1719->1739->1751->1755->1757->1776->1777->1798->1782->1791->1785->1818->1821->1823->1824->1857->1859->1861->1871->1890->1907->1906->1940->1941->1951->1969->1980->1978->1982->1987->1991->2001->2002->2005->2013->2047->2059->2063->2071->2074->2077->2079->2099->2100->2116->2118->2121->2134->2137->2148->2158->2169->2171->2174->2181->2195->2186->2196->2204->2208->2212->2217->2229->2248->2262->2270->2295->2308->2312->2327->2334->2343->2351->2361->2365->2383->2371->2382->2388->2389->2409->2405->2416->2417->2422->2425->2455->2430->2439->2441->2452->2456->2473->2461->2466->2476->2485->2490,2490->2500,RESULTS/COMBINED_ALL_METHODS/results_all_methods_parameter_sensitivity_spot_level.csv
PSO,N2500_PS_spots_per_lot_S4060_I1,N2500_PS_spots_per_lot_S4060_I1.dat,parameter_sensitivity/medium_large/N2500_PS_spots_per_lot_S4060_I1.dat,parameter_sensitivity,N2500,SUMO,spots_per_lot,spots_per_lot,40-60,2500,7696,125,6600,669,0.1,669,2491,2500,0.9,0.5,20.5,2491,2500,0.9,0.5,20.5,0.9,TRUE,solved,2439,1130,2439_S005,near,1,0.3092000000000008,0.001703,0.005067,0.2799,0.056,0.061067,0.3719700000000008,0.3092000000000008,0.2799,0.061067,0.3719700000000008,10.53,21.139380000000045,574243.417,2491->2493->2487->2341->2328->2326->2320->2317->2300->2282->2268->2263->2256->2252->2251->2247->2257->2240->2226->2237->2220->2215->2235->2218->2214->2211->2202->2178->2156->2170->2155->2154->2136->2130->2109->2098->2085->2072->2082->2078->2069->2046->2038->2033->2030->2044->2028->2014->1968->1955->1902->1895->1894->1893->1882->1872->1864->1869->1863->1860->1841->1840->1832->1827->1826->1814->1813->1807->1789->1788->1781->1779->1774->1784->1780->1778->1767->1764->1763->1740->1736->1735->1731->1718->1713->1707->1693->1681->1677->1672->1665->1664->1655->1649->1643->1637->1628->1610->1587->1579->1552->1550->1548->1530->1537->1525->1492->1490->1488->1495->1479->1486->1471->1469->1465->1460->1430->1423->1406->1401->1391->1384->1380->1374->1373->1369->1359->1355->1344->1311->1301->1310->1298->1290->1281->1274->1270->1279->1262->1257->1254->1234->1219->1206->1228->1203->1194->1197->1177->1170->1153->1152->1149->1142->1134->1130->1125->1117->1113->1129->1111->1105->1099->1089->1075->1069->1065->1064->1063->1051->1055->1042->1039->1050->1037->1036->1027->1006->988->981->969->929->924->917->912->904->903->896->892->905->888->885->878->877->874->865->857->856->851->813->810->805->786->762->776->761->757->755->725->715->711->723->705->696->691->697->698->689->687->695->681->674->667->661->659->657->636->609->599->592->588->576->574->586->568->575->564->560->549->547->545->543->540->566->561->532->542->534->792->772->525->527->519->501->476->469->463->467->744->739->450->437->436->430->422->415->408->714->712->706->690->381->372->375->371->362->626->366->587->594->329->324->516->299->289->500->259->254->235->233->438->206->410->198->196->193->190->380->370->168->164->326->318->301->278->147->137->354->41->66->106->113->36->46->35->23->21->1->2->3->13->14->15->18->24->19->28->22->26->32->45->27->34->54->29->49->85->111->119->114->129->122->123->125->133->134->181->143->146->216->187->177->167->158->173->212->227->231->197->199->204->202->260->263->268->275->288->290->293->306->317->358->363->379->384->394->407->396->397->401->406->398->399->403->413->440->449->453->455->460->468->471->482->497->517->518->536->537->546->551->553->555->562->569->570->573->593->600->602->615->628->637->642->658->668->694->700->713->721->734->745->748->749->753->763->764->766->783->784->793->791->815->816->821->826->830->839->842->849->852->860->864->866->867->870->880->882->887->893->894->910->933->944->946->948->976->978->985->991->995->1017->1024->1031->1071->1077->1079->1091->1092->1100->1110->1120->1122->1139->1167->1168->1181->1175->1178->1192->1204->1182->1184->1193->1205->1210->1223->1229->1230->1241->1232->1237->1242->1244->1251->1269->1275->1278->1296->1322->1330->1348->1364->1353->1358->1366->1362->1368->1379->1382->1387->1390->1403->1417->1434->1428->1453->1462->1463->1481->1497->1500->1502->1503->1508->1510->1512->1531->1518->1528->1540->1542->1554->1555->1568->1576->1582->1583->1594->1586->1590->1599->1618->1593->1601->1604->1595->1607->1616->1620->1630->1633->1641->1680->1688->1719->1739->1751->1755->1757->1776->1777->1798->1782->1785->1818->1821->1823->1824->1857->1859->1861->1871->1890->1907->1906->1940->1941->1951->1969->1980->1978->1982->1987->1991->2001->2002->2005->2013->2047->2050->2049->2065->2059->2063->2071->2074->2077->2079->2099->2100->2116->2118->2121->2134->2137->2148->2158->2169->2159->2174->2181->2186->2196->2207->2204->2208->2212->2217->2229->2430->2439,2439->2500,RESULTS/PSO/log_pso_spot.csv
ACO,N2500_PS_spots_per_lot_S6080_I1,N2500_PS_spots_per_lot_S6080_I1.dat,parameter_sensitivity/medium_large/N2500_PS_spots_per_lot_S6080_I1.dat,parameter_sensitivity,N2500,SUMO,spots_per_lot,spots_per_lot,60-80,2500,7696,125,8805,884,0.1,884,2491,2500,0.9,0.5,20.5,2491,2500,0.9,0.5,20.5,0.9,TRUE,solved,2476,858,2476_S003,near,1,0.2046000000000003,0.001127,0.003048,0.1661,0.0332,0.036248,0.2419750000000003,0.2046000000000003,0.1661,0.036248,0.2419750000000003,5.88,13.654650000000014,25519.568,2491->2341->2328->2326->2320->2317->2305->2300->2282->2268->2263->2256->2252->2251->2247->2244->2240->2226->2237->2220->2235->2218->2228->2214->2211->2202->2178->2156->2183->2170->2155->2154->2130->2109->2098->2085->2072->2082->2069->2046->2038->2033->2030->2044->2028->2014->1968->1955->1902->1895->1894->1893->1882->1872->1864->1869->1863->1860->1841->1840->1832->1827->1826->1814->1813->1807->1789->1788->1781->1779->1774->1784->1780->1778->1767->1764->1740->1736->1735->1731->1718->1713->1707->1693->1681->1677->1687->1672->1665->1673->1664->1655->1649->1643->1637->1628->1610->1587->1579->1552->1550->1548->1530->1537->1525->1492->1490->1488->1495->1479->1486->1471->1465->1460->1430->1423->1406->1401->1391->1384->1380->1374->1373->1369->1359->1355->1344->1311->1301->1310->1298->1290->1281->1274->1270->1279->1262->1257->1254->1252->1219->1206->1228->1212->1203->1194->1197->1177->1170->1153->1152->1149->1142->1134->1130->1125->1117->1113->1129->1111->1099->1089->1075->1069->1065->1064->1063->1051->1042->1039->1050->1037->1036->1027->1006->988->981->969->929->924->917->912->904->903->896->892->905->888->885->878->877->874->865->861->857->856->851->818->813->810->812->805->786->762->761->757->755->725->715->711->723->705->696->691->697->698->689->687->681->674->667->659->657->636->609->599->592->588->576->574->586->568->575->564->560->549->547->545->543->540->538->561->532->542->534->539->526->525->527->508->501->476->469->463->450->436->430->408->393->387->372->375->371->362->373->356->350->353->348->346->349->334->337->331->329->324->321->309->298->299->296->289->284->266->262->259->254->235->233->232->230->229->217->228->210->206->209->201->198->196->193->190->183->178->174->168->164->163->162->155->108->51->50->82->81->77->69->68->63->21->1->5->6->10->11->15->24->19->28->22->30->34->54->29->49->85->100->119->114->122->123->125->133->134->181->143->146->156->166->158->173->185->192->204->202->260->263->275->288->290->293->306->317->358->363->379->384->394->407->396->397->401->406->398->403->413->440->449->455->460->468->471->482->497->517->518->537->546->551->553->555->562->569->570->573->593->600->602->615->628->637->642->658->668->694->700->713->721->734->745->748->749->753->763->765->764->766->783->784->791->815->816->821->826->830->839->854->849->852->860->864->866->867->870->880->882->887->893->894->910->933->944->946->948->976->978->985->991->995->1017->1024->1031->1071->1077->1079->1091->1100->1110->1120->1122->1139->1167->1168->1181->1175->1178->1192->1204->1182->1184->1193->1205->1210->1223->1229->1230->1241->1232->1237->1242->1244->1251->1269->1275->1278->1296->1322->1330->1348->1364->1353->1358->1361->1362->1368->1379->1381->1387->1390->1403->1417->1434->1426->1428->1453->1462->1463->1481->1497->1500->1502->1503->1508->1510->1512->1531->1518->1528->1540->1542->1554->1555->1568->1576->1582->1583->1594->1586->1590->1600->1618->1593->1601->1604->1607->1616->1620->1630->1633->1641->1680->1688->1719->1739->1751->1755->1757->1776->1777->1798->1782->1791->1785->1818->1821->1823->1824->1857->1859->1861->1871->1890->1907->1906->1940->1941->1951->1969->1980->1978->1982->1987->1991->2001->2002->2005->2013->2047->2059->2063->2071->2074->2077->2079->2099->2100->2116->2118->2121->2134->2137->2148->2158->2169->2171->2174->2181->2195->2186->2196->2204->2208->2212->2217->2229->2461->2466->2476,2476->2500,RESULTS/ACO/log_aco_spot.csv
GA,N2500_PS_spots_per_lot_S6080_I1,N2500_PS_spots_per_lot_S6080_I1.dat,parameter_sensitivity/medium_large/N2500_PS_spots_per_lot_S6080_I1.dat,parameter_sensitivity,N2500,SUMO,spots_per_lot,spots_per_lot,60-80,2500,7696,125,8805,884,0.1,884,2491,2500,0.9,0.5,20.5,2491,2500,0.9,0.5,20.5,0.9,TRUE,solved,2452,1288,2452_S008,near,1,0.3184000000000008,0.002414,0.006662,0.2516,0.0503,0.056962,0.37777600000000083,0.3184000000000008,0.2516,0.056962,0.37777600000000083,13.96,21.795904000000046,52329.234,2491->2487->2484->2341->2328->2326->2320->2317->2300->2282->2268->2263->2256->2252->2251->2247->2244->2257->2240->2226->2237->2220->2215->2235->2236->2218->2214->2211->2202->2187->2178->2156->2183->2170->2155->2154->2136->2130->2109->2098->2085->2072->2078->2069->2046->2038->2033->2030->2044->2028->2017->2014->1968->1955->1902->1895->1894->1893->1882->1872->1864->1869->1863->1860->1841->1840->1832->1827->1826->1814->1813->1807->1789->1788->1781->1779->1774->1771->1784->1780->1778->1767->1764->1763->1740->1736->1735->1731->1718->1713->1707->1693->1689->1681->1677->1687->1672->1665->1673->1664->1655->1649->1643->1637->1628->1610->1587->1579->1552->1550->1548->1547->1530->1537->1525->1524->1492->1490->1488->1495->1479->1486->1471->1469->1465->1460->1430->1423->1401->1391->1384->1380->1374->1373->1369->1359->1355->1344->1311->1301->1310->1298->1290->1281->1274->1270->1279->1277->1262->1257->1254->1234->1231->1219->1206->1228->1203->1194->1197->1183->1177->1170->1153->1152->1149->1142->1134->1130->1125->1117->1113->1129->1111->1099->1089->1075->1069->1065->1064->1063->1051->1042->1039->1050->1037->1036->1027->1006->988->981->969->929->924->917->912->904->903->896->892->905->888->885->878->877->874->865->857->856->851->813->810->805->786->762->776->761->757->755->725->715->711->723->705->696->691->697->698->689->687->681->674->667->661->659->669->657->636->609->599->592->588->576->574->586->568->575->564->581->560->549->547->545->543->540->538->561->532->542->530->539->526->525->772->747->737->733->463->450->439->437->436->430->422->415->408->393->688->373->626->353->623->633->365->348->346->603->614->612->594->587->577->559->314->309->298->299->500->259->254->457->206->210->228->410->404->392->196->193->190->380->339->174->335->341->333->326->316->301->318->162->163->175->105->95->87->109->127->208->188->159->236->240->247->249->252->221->222->359->24->19->28->22->26->33->32->45->27->34->54->53->29->49->67->94->121->85->111->119->114->129->122->123->125->133->152->134->181->191->184->189->146->156->166->177->187->195->211->170->173->212->227->231->197->204->202->260->265->263->268->275->288->290->293->306->317->358->363->379->384->402->394->407->396->397->401->406->398->399->403->413->440->449->455->460->461->468->471->482->495->497->517->518->536->537->546->551->553->554->555->562->569->570->573->593->600->602->615->628->637->642->658->668->694->700->713->721->734->745->748->749->753->763->764->766->783->784->791->815->816->822->821->826->830->839->842->854->849->852->860->864->866->867->870->880->882->887->893->894->910->933->944->946->948->976->978->985->991->995->1017->1024->1031->1068->1071->1077->1079->1091->1092->1100->1110->1120->1116->1122->1139->1167->1168->1181->1175->1178->1189->1192->1180->1182->1184->1193->1205->1210->1223->1229->1230->1241->1232->1237->1242->1244->1251->1269->1275->1278->1296->1322->1330->1348->1364->1353->1358->1366->1362->1368->1379->1382->1381->1387->1390->1403->1417->1434->1426->1428->1453->1462->1463->1481->1497->1499->1500->1502->1503->1508->1510->1512->1531->1518->1528->1540->1542->1554->1555->1568->1576->1582->1583->1594->1586->1588->1599->1618->1593->1601->1595->1607->1616->1620->1630->1633->1641->1680->1688->1719->1739->1751->1755->1757->1776->1777->1794->1798->1782->1791->1785->1818->1834->1821->1823->1824->1857->1859->1877->1861->1871->1890->1907->1906->1940->1941->1951->1969->1980->1978->1982->1987->1991->1992->2001->2002->2005->2013->2047->2049->2065->2081->2096->2089->2110->2063->2071->2074->2077->2079->2099->2108->2100->2116->2118->2121->2134->2137->2148->2158->2169->2171->2174->2181->2195->2186->2196->2204->2208->2212->2217->2229->2452,2452->2500,RESULTS/GA/log_ga_spot.csv
Optimization,N2500_PS_spots_per_lot_S6080_I1,N2500_PS_spots_per_lot_S6080_I1.dat,parameter_sensitivity/medium_large/N2500_PS_spots_per_lot_S6080_I1.dat,parameter_sensitivity,N2500,SUMO,spots_per_lot,spots_per_lot,60-80,2500,7696,125,8805,884,0.1,884,2491,2500,0.9,0.5,20.5,2491,2500,0.9,0.5,20.5,0.9,TRUE,inferred_from_previous_exact_lot_solution,2490,727,2490_S004,near,1,0.20500000000000035,0.001584,0.003669,0.1348,0.027,0.030669,0.23725300000000035,0.20500000000000035,0.1348,0.030669,0.23725300000000035,8.71,13.68266200000002,258771.617,2491->2341->2328->2326->2320->2317->2305->2300->2282->2268->2263->2256->2252->2251->2247->2244->2240->2226->2237->2220->2235->2218->2228->2214->2211->2202->2178->2156->2183->2170->2155->2154->2130->2109->2098->2085->2072->2082->2069->2046->2038->2033->2030->2044->2028->2014->1968->1955->1902->1895->1894->1893->1882->1872->1864->1869->1863->1860->1841->1840->1832->1827->1826->1814->1813->1807->1789->1788->1781->1779->1774->1784->1780->1778->1767->1764->1740->1736->1735->1731->1718->1713->1707->1693->1681->1677->1687->1672->1665->1673->1664->1655->1649->1643->1637->1628->1610->1587->1579->1552->1550->1548->1530->1537->1525->1492->1490->1488->1495->1479->1486->1471->1465->1460->1430->1423->1406->1401->1391->1384->1380->1374->1373->1369->1359->1355->1344->1311->1301->1310->1298->1290->1281->1274->1270->1279->1262->1257->1254->1252->1219->1206->1228->1212->1203->1194->1197->1177->1170->1153->1152->1149->1142->1134->1130->1125->1117->1113->1129->1111->1099->1089->1075->1069->1065->1064->1063->1051->1042->1039->1050->1037->1036->1027->1006->988->981->969->929->924->917->912->904->903->896->892->905->888->885->878->877->874->865->861->857->856->851->818->813->810->812->805->786->762->761->757->755->725->715->711->723->705->696->691->697->698->689->687->681->674->667->659->657->636->609->599->592->588->576->574->586->568->575->564->560->549->547->545->543->540->538->561->532->542->534->539->526->525->527->508->501->476->469->463->450->437->436->430->408->393->387->372->375->371->362->373->356->350->353->348->346->349->334->337->331->329->324->321->309->298->299->296->289->284->266->262->259->254->235->233->232->230->229->217->228->210->206->209->201->198->196->193->190->183->178->174->168->164->163->162->155->108->51->50->82->81->77->69->68->63->21->1->5->6->10->11->15->24->19->28->22->30->34->54->29->49->85->100->119->114->122->123->125->133->134->181->143->146->156->166->158->173->185->192->204->202->260->263->275->288->290->293->306->317->358->363->379->384->394->407->396->397->401->406->398->403->413->440->449->455->460->468->471->482->497->517->518->537->546->551->553->555->562->569->570->573->593->600->602->615->628->637->642->658->668->694->700->713->721->734->745->748->749->753->763->765->764->766->783->784->791->815->816->821->826->830->839->854->849->852->860->864->866->867->870->880->882->887->893->894->910->933->944->946->948->976->978->985->991->995->1017->1024->1031->1071->1077->1079->1091->1100->1110->1120->1122->1139->1167->1168->1181->1175->1178->1192->1204->1182->1184->1193->1205->1210->1223->1229->1230->1241->1232->1237->1242->1244->1251->1269->1275->1278->1296->1322->1330->1348->1364->1353->1358->1361->1362->1368->1379->1381->1387->1390->1403->1417->1434->1426->1428->1453->1462->1463->1481->1497->1500->1502->1503->1508->1510->1512->1531->1518->1528->1540->1542->1554->1555->1568->1576->1582->1583->1594->1586->1590->1600->1618->1593->1601->1604->1607->1616->1620->1633->1641->1680->1688->1719->1739->1751->1755->1757->1776->1777->1798->1782->1791->1785->1818->1821->1823->1824->1857->1859->1861->1871->1890->1907->1906->1940->1941->1951->1969->1980->1978->1982->1987->1991->2001->2002->2005->2013->2047->2059->2063->2071->2074->2077->2079->2099->2100->2116->2118->2121->2134->2137->2148->2158->2169->2171->2174->2181->2195->2186->2196->2204->2208->2212->2217->2229->2490,2490->2500,RESULTS/COMBINED_ALL_METHODS/results_all_methods_parameter_sensitivity_spot_level.csv
PSO,N2500_PS_spots_per_lot_S6080_I1,N2500_PS_spots_per_lot_S6080_I1.dat,parameter_sensitivity/medium_large/N2500_PS_spots_per_lot_S6080_I1.dat,parameter_sensitivity,N2500,SUMO,spots_per_lot,spots_per_lot,60-80,2500,7696,125,8805,884,0.1,884,2491,2500,0.9,0.5,20.5,2491,2500,0.9,0.5,20.5,0.9,TRUE,solved,2452,1282,2452_S002,near,1,0.2875000000000006,0.001355,0.003724,0.2516,0.0503,0.054023999999999996,0.3428790000000006,0.2875000000000006,0.2516,0.054023999999999996,0.3428790000000006,13.63,19.87846600000003,366715.704,2491->2493->2484->2481->2341->2328->2326->2320->2317->2305->2311->2300->2282->2268->2263->2256->2252->2251->2247->2244->2240->2226->2237->2223->2220->2235->2218->2228->2214->2211->2202->2178->2156->2170->2155->2154->2130->2109->2098->2085->2072->2082->2069->2046->2038->2033->2030->2044->2028->2014->1968->1955->1902->1895->1894->1893->1882->1872->1864->1869->1863->1860->1841->1840->1832->1827->1826->1814->1813->1807->1789->1788->1781->1779->1774->1784->1780->1778->1767->1764->1740->1736->1735->1731->1718->1713->1707->1693->1689->1681->1677->1672->1665->1673->1664->1655->1649->1640->1643->1637->1628->1625->1610->1587->1579->1552->1550->1548->1530->1537->1525->1492->1490->1488->1495->1479->1486->1471->1465->1460->1430->1423->1406->1401->1391->1384->1380->1374->1373->1369->1359->1355->1344->1311->1301->1310->1298->1290->1281->1274->1270->1279->1262->1257->1254->1234->1231->1219->1206->1212->1203->1194->1197->1177->1170->1153->1152->1149->1142->1134->1130->1125->1117->1113->1129->1111->1099->1089->1075->1069->1065->1064->1063->1051->1042->1039->1050->1037->1036->1027->1006->988->981->969->929->924->917->912->904->903->896->892->905->888->885->878->877->874->865->857->856->851->813->810->812->805->786->762->761->757->755->725->715->711->723->705->696->691->697->698->689->687->681->674->667->659->657->636->609->599->592->588->576->574->586->568->575->564->560->549->547->545->543->540->566->561->548->542->530->539->526->525->527->508->501->476->469->463->467->450->739->727->726->430->415->408->393->387->381->690->680->373->356->626->365->348->346->344->366->587->577->324->516->509->296->500->262->466->456->457->441->451->206->209->410->404->392->196->390->383->380->370->168->333->326->318->162->175->105->118->95->87->136->113->21->1->5->6->2->7->14->15->24->19->28->22->30->34->54->29->49->85->111->119->114->129->122->123->125->133->134->181->143->146->156->187->195->211->170->158->173->185->192->204->202->260->263->268->275->288->290->293->306->317->358->363->379->384->394->407->396->397->401->406->398->399->403->413->440->449->453->455->460->461->462->471->482->497->517->518->536->537->546->551->553->554->555->562->569->570->573->593->600->602->615->628->637->642->658->668->694->700->713->721->734->745->748->749->753->763->764->766->783->793->791->815->816->821->826->830->839->842->849->852->860->864->866->867->870->880->882->887->893->894->910->933->944->946->948->976->978->985->991->995->1017->1024->1031->1068->1071->1077->1079->1091->1100->1110->1120->1122->1139->1167->1168->1173->1181->1175->1178->1192->1204->1180->1182->1184->1193->1205->1210->1223->1229->1230->1241->1232->1237->1242->1244->1251->1269->1275->1278->1296->1322->1330->1348->1364->1353->1358->1366->1361->1362->1368->1379->1382->1387->1390->1403->1417->1408->1426->1428->1453->1462->1463->1481->1497->1500->1502->1503->1508->1510->1512->1531->1518->1528->1540->1542->1554->1555->1568->1576->1582->1583->1594->1586->1590->1600->1618->1593->1601->1604->1607->1616->1620->1633->1641->1680->1688->1719->1739->1751->1755->1757->1776->1777->1798->1782->1785->1818->1834->1821->1823->1824->1857->1859->1861->1871->1875->1890->1907->1906->1940->1941->1951->1969->1980->1978->1982->1987->1991->2001->2002->2005->2013->2047->2059->2063->2071->2074->2077->2079->2099->2100->2116->2118->2121->2134->2137->2148->2158->2169->2171->2174->2181->2186->2196->2204->2208->2212->2217->2229->2441->2451->2452,2452->2500,RESULTS/PSO/log_pso_spot.csv
ACO,N2500_PS_traffic_high_I1,N2500_PS_traffic_high_I1.dat,parameter_sensitivity/medium_large/N2500_PS_traffic_high_I1.dat,parameter_sensitivity,N2500,SUMO,traffic_level,traffic_level,high,2500,7696,125,3732,375,0.1,375,2491,2500,0.9,0.5,20.5,2491,2500,0.9,0.5,20.5,0.9,TRUE,solved,2476,340,2476_S001,near,1,0.6154000000000002,0.001603,0.003195,0.1661,0.0332,0.036395,0.6533980000000001,0.6154000000000002,0.1661,0.036395,0.6533980000000001,6.66,35.949492000000006,25245.946,2491->2341->2328->2326->2320->2317->2305->2300->2282->2268->2263->2256->2252->2251->2247->2244->2240->2226->2237->2220->2235->2218->2228->2214->2211->2202->2178->2156->2183->2170->2155->2154->2130->2109->2098->2085->2072->2082->2069->2046->2038->2033->2030->2044->2028->2014->1968->1955->1902->1895->1894->1893->1882->1872->1864->1869->1863->1860->1841->1840->1832->1827->1826->1814->1813->1807->1789->1788->1781->1779->1774->1784->1780->1778->1767->1764->1740->1736->1735->1731->1718->1713->1707->1693->1681->1677->1687->1672->1665->1673->1664->1655->1649->1643->1637->1628->1610->1587->1579->1552->1550->1548->1530->1537->1525->1492->1490->1488->1495->1479->1486->1471->1465->1460->1430->1423->1406->1401->1391->1384->1380->1374->1373->1369->1359->1355->1344->1311->1301->1310->1298->1290->1281->1274->1270->1279->1262->1257->1254->1252->1219->1206->1228->1203->1194->1197->1177->1170->1153->1152->1149->1142->1134->1130->1125->1117->1113->1129->1111->1099->1089->1075->1069->1065->1064->1063->1051->1042->1039->1050->1037->1036->1027->1006->988->981->969->929->924->917->912->904->903->896->892->905->888->885->878->877->874->865->861->857->856->851->818->813->810->812->805->786->762->761->757->755->725->715->711->723->705->696->691->697->698->689->687->681->674->667->659->657->636->609->599->592->588->576->574->586->568->575->564->560->549->547->545->543->540->538->561->532->542->534->539->526->525->527->508->501->476->469->463->450->437->436->430->408->393->387->372->375->371->362->373->356->350->353->348->346->349->334->337->331->329->324->321->309->298->296->289->284->266->262->259->254->235->233->232->230->229->217->228->210->206->209->201->198->196->193->190->183->178->174->168->164->163->162->155->108->51->50->82->81->77->69->68->63->21->1->5->6->10->11->15->24->19->28->22->30->34->54->53->89->49->85->100->119->114->129->122->123->125->133->134->181->143->146->156->166->158->173->185->197->204->202->260->265->263->275->288->290->293->306->317->358->363->379->384->394->407->396->397->401->406->398->403->413->440->449->455->460->468->471->482->497->517->518->537->546->551->553->555->562->569->570->573->593->600->602->615->628->637->642->658->668->694->700->713->721->734->745->748->749->753->763->765->764->766->783->784->791->815->816->821->826->830->839->854->849->852->860->864->866->867->870->880->882->887->893->894->910->933->944->946->948->976->978->985->991->995->1017->1024->1031->1071->1077->1079->1091->1100->1110->1120->1116->1122->1139->1167->1168->1181->1175->1178->1192->1204->1182->1184->1193->1205->1210->1223->1229->1230->1241->1232->1237->1242->1244->1251->1269->1275->1278->1296->1322->1330->1348->1364->1353->1358->1361->1362->1368->1379->1381->1387->1390->1403->1417->1434->1426->1428->1453->1462->1463->1481->1497->1500->1502->1503->1508->1510->1512->1531->1518->1528->1540->1542->1554->1555->1568->1576->1582->1583->1594->1586->1590->1600->1618->1593->1601->1604->1607->1616->1620->1633->1641->1680->1688->1719->1739->1751->1755->1757->1776->1777->1798->1782->1791->1785->1818->1821->1823->1824->1857->1861->1871->1890->1907->1906->1940->1941->1951->1969->1980->1978->1982->1987->1991->2001->2002->2005->2013->2047->2059->2063->2071->2074->2077->2079->2099->2100->2116->2118->2121->2134->2137->2148->2158->2169->2171->2174->2181->2195->2186->2196->2204->2208->2212->2217->2229->2461->2466->2476,2476->2500,RESULTS/ACO/log_aco_spot.csv
GA,N2500_PS_traffic_high_I1,N2500_PS_traffic_high_I1.dat,parameter_sensitivity/medium_large/N2500_PS_traffic_high_I1.dat,parameter_sensitivity,N2500,SUMO,traffic_level,traffic_level,high,2500,7696,125,3732,375,0.1,375,2491,2500,0.9,0.5,20.5,2491,2500,0.9,0.5,20.5,0.9,TRUE,solved,2441,547,2441_S001,near,1,1.1397000000000013,0.001751,0.004,0.2683,0.0537,0.0577,1.1991510000000014,1.1397000000000013,0.2683,0.0577,1.1991510000000014,7.61,65.51515400000008,50263.054,2491->2341->2328->2326->2320->2317->2300->2282->2268->2263->2256->2252->2251->2247->2244->2257->2240->2226->2237->2220->2215->2235->2236->2218->2214->2211->2202->2187->2178->2156->2183->2170->2155->2154->2136->2130->2109->2098->2085->2072->2082->2078->2069->2046->2038->2033->2030->2044->2028->2014->1968->1955->1902->1895->1894->1893->1882->1872->1864->1869->1863->1860->1841->1840->1832->1827->1826->1814->1813->1807->1789->1788->1781->1779->1774->1784->1780->1778->1767->1764->1740->1736->1735->1731->1718->1713->1707->1697->1693->1681->1677->1687->1672->1665->1673->1664->1655->1649->1643->1637->1628->1625->1610->1587->1579->1552->1550->1548->1547->1530->1537->1525->1492->1490->1488->1495->1479->1486->1471->1465->1460->1430->1423->1401->1391->1384->1380->1374->1373->1369->1359->1355->1344->1311->1301->1310->1298->1290->1281->1274->1270->1279->1262->1257->1254->1234->1252->1219->1206->1212->1228->1203->1194->1197->1183->1177->1170->1153->1152->1149->1142->1134->1130->1125->1117->1113->1129->1111->1105->1099->1089->1075->1069->1065->1064->1063->1051->1042->1039->1050->1037->1036->1027->1006->988->981->969->961->929->924->917->912->904->903->896->892->905->888->885->878->877->874->865->857->856->851->818->813->810->805->786->762->761->757->755->741->725->715->711->723->708->705->696->691->697->689->687->681->674->667->659->657->636->609->599->592->588->576->574->586->568->575->564->560->549->547->545->543->540->566->538->561->548->532->542->534->539->526->524->522->527->519->501->476->469->463->450->439->437->436->430->408->714->712->706->690->680->373->356->350->353->626->625->349->558->559->314->309->298->299->289->284->266->262->466->456->457->441->438->235->233->232->244->230->229->217->219->420->418->409->404->392->390->383->190->183->385->380->370->168->164->163->162->155->108->110->115->112->124->142->117->96->105->95->87->136->113->222->359->8->15->18->24->19->20->32->45->27->34->54->29->89->49->67->85->111->119->114->129->122->123->125->133->152->134->181->143->194->184->189->216->223->195->166->177->167->158->170->173->185->192->197->204->202->260->263->275->288->290->293->297->306->317->358->363->379->384->402->394->407->396->397->401->406->398->403->413->440->449->455->460->468->471->482->495->497->517->518->537->546->551->553->554->555->562->569->570->573->593->600->602->615->628->637->642->658->668->694->700->709->713->721->734->745->748->749->753->763->765->764->766->783->793->791->815->816->821->826->830->839->842->849->852->860->864->866->875->867->870->880->882->887->893->894->910->933->944->946->948->976->978->985->991->995->1017->1024->1031->1071->1077->1079->1091->1092->1100->1110->1120->1122->1139->1167->1168->1181->1175->1178->1192->1204->1182->1184->1193->1205->1210->1223->1229->1230->1241->1232->1237->1242->1244->1251->1269->1275->1278->1296->1322->1330->1348->1364->1353->1358->1366->1362->1368->1385->1379->1381->1387->1390->1403->1417->1408->1426->1428->1453->1462->1463->1481->1497->1500->1502->1503->1508->1510->1512->1531->1518->1528->1540->1542->1554->1555->1568->1576->1582->1583->1594->1586->1588->1599->1600->1618->1593->1601->1595->1607->1616->1620->1630->1633->1641->2500->2490->2485->2476->2466->2461->2473->2456->2452->2441,2441->2500,RESULTS/GA/log_ga_spot.csv
Optimization,N2500_PS_traffic_high_I1,N2500_PS_traffic_high_I1.dat,parameter_sensitivity/medium_large/N2500_PS_traffic_high_I1.dat,parameter_sensitivity,N2500,SUMO,traffic_level,traffic_level,high,2500,7696,125,3732,375,0.1,375,2491,2500,0.9,0.5,20.5,2491,2500,0.9,0.5,20.5,0.9,TRUE,inferred_from_previous_exact_lot_solution,2476,340,2476_S001,near,1,1.184000000000001,0.001603,0.003195,0.1661,0.0332,0.036395,1.221998000000001,1.184000000000001,0.1661,0.036395,1.221998000000001,6.66,66.65389200000006,499957.326,2491->2341->2332->2328->2326->2320->2317->2305->2311->2300->2282->2268->2263->2256->2252->2251->2247->2244->2257->2240->2226->2237->2223->2220->2235->2218->2228->2214->2211->2202->2178->2156->2183->2155->2154->2136->2130->2109->2098->2085->2072->2078->2082->2069->2046->2038->2033->2030->2044->2028->2014->1968->1955->1902->1895->1894->1893->1882->1872->1864->1869->1863->1860->1841->1840->1832->1827->1826->1814->1813->1807->1789->1788->1806->1781->1779->1774->1784->1780->1778->1766->1764->1763->1740->1736->1735->1731->1718->1713->1707->1697->1693->1689->1681->1677->1672->1665->1673->1664->1655->1649->1643->1637->1628->1610->1587->1579->1552->1550->1548->1547->1530->1537->1525->1492->1490->1488->1495->1479->1486->1471->1465->1460->1430->1423->1406->1401->1391->1384->1380->1374->1373->1369->1359->1355->1344->1311->1301->1310->1298->1290->1281->1274->1270->1279->1262->1257->1254->1252->1219->1206->1212->1203->1194->1197->1177->1170->1153->1152->1149->1142->1134->1130->1125->1117->1113->1129->1111->1105->1099->1089->1075->1069->1065->1064->1063->1051->1042->1039->1050->1037->1036->1027->1006->988->981->969->929->924->917->912->904->903->896->892->905->888->885->878->877->874->865->861->857->856->851->818->813->810->805->786->762->776->757->755->725->715->711->708->705->696->691->697->698->689->687->695->681->674->667->659->657->636->609->599->592->588->576->574->586->568->575->564->560->549->547->545->543->540->538->561->548->542->530->539->526->524->522->508->519->747->737->733->731->744->467->450->436->430->408->393->387->372->375->371->362->361->644->356->350->353->348->346->558->314->491->487->500->262->259->254->457->206->410->201->198->196->193->190->183->178->174->339->370->168->164->338->341->333->326->316->301->278->277->272->246->242->108->61->51->50->48->78->102->75->359->18->24->19->28->22->30->34->54->29->49->67->94->98->121->85->111->119->114->122->123->125->133->134->181->143->146->189->216->187->223->211->212->173->185->192->199->204->202->260->265->263->268->275->288->290->293->306->317->358->363->379->384->394->407->396->397->401->406->398->403->413->440->449->453->455->460->468->462->471->482->497->517->518->536->537->546->551->553->554->555->562->569->570->573->593->600->602->615->628->637->642->658->668->694->700->713->721->734->745->748->749->753->763->765->764->766->783->793->791->815->816->821->826->830->839->842->849->852->860->864->866->867->870->880->882->889->887->893->894->910->933->944->946->956->948->976->978->985->991->995->1017->1024->1031->1068->1071->1077->1079->1091->1100->1110->1120->1122->1139->1167->1168->1173->1181->1175->1189->1178->1192->1204->1180->1182->1184->1193->1205->1210->1223->1229->1230->1241->1232->1237->1242->1244->1251->1269->1275->1278->1296->1322->1330->1348->1364->1353->1358->1366->1362->1368->1379->1382->1387->1390->1403->1417->1408->1426->1428->1453->1462->1463->1481->1497->1500->1502->1503->1508->1510->1512->1531->1518->1528->1540->1542->1554->1555->1568->1576->1582->1583->1594->1586->1590->1600->1618->1593->1601->1604->1607->1616->1620->1630->1633->1641->2500->2499->2485->2476,2476->2500,RESULTS/COMBINED_ALL_METHODS/results_all_methods_parameter_sensitivity_spot_level.csv
PSO,N2500_PS_traffic_high_I1,N2500_PS_traffic_high_I1.dat,parameter_sensitivity/medium_large/N2500_PS_traffic_high_I1.dat,parameter_sensitivity,N2500,SUMO,traffic_level,traffic_level,high,2500,7696,125,3732,375,0.1,375,2491,2500,0.9,0.5,20.5,2491,2500,0.9,0.5,20.5,0.9,TRUE,solved,2476,340,2476_S001,near,1,1.1410000000000018,0.001603,0.003195,0.1661,0.0332,0.036395,1.1789980000000018,1.1410000000000018,0.1661,0.036395,1.1789980000000018,6.66,64.33189200000011,431329.493,2491->2341->2340->2332->2328->2326->2320->2317->2300->2282->2268->2263->2256->2252->2251->2247->2257->2240->2226->2237->2223->2220->2235->2218->2228->2211->2202->2187->2178->2156->2170->2155->2154->2136->2130->2109->2098->2085->2072->2082->2069->2046->2038->2033->2030->2044->2028->2014->1968->1955->1902->1910->1894->1893->1882->1872->1864->1869->1863->1860->1841->1840->1832->1827->1826->1814->1813->1807->1789->1788->1781->1779->1774->1784->1780->1778->1767->1764->1740->1736->1735->1731->1718->1713->1707->1693->1689->1681->1677->1672->1665->1664->1655->1649->1643->1637->1628->1625->1610->1587->1579->1552->1550->1548->1530->1537->1525->1492->1490->1488->1495->1479->1486->1471->1465->1460->1430->1423->1406->1401->1391->1384->1380->1374->1373->1369->1359->1355->1344->1311->1301->1310->1298->1290->1281->1274->1270->1279->1277->1262->1257->1254->1234->1231->1219->1206->1228->1203->1194->1197->1177->1170->1153->1152->1149->1142->1134->1130->1125->1117->1113->1129->1111->1099->1089->1075->1069->1065->1064->1063->1051->1042->1039->1050->1037->1036->1027->1006->988->981->969->961->929->924->917->912->904->903->896->892->905->888->885->878->877->874->865->861->857->856->851->813->810->805->786->762->776->761->757->755->725->715->711->723->705->696->691->697->689->687->681->674->667->659->657->636->609->599->592->588->576->574->586->568->575->564->560->549->547->545->543->540->566->561->532->548->542->534->530->539->526->525->527->508->747->737->733->731->739->727->437->436->430->408->393->688->677->373->361->362->371->375->633->623->348->346->558->314->491->487->485->492->500->262->464->466->456->457->206->209->201->198->404->392->390->383->190->183->178->174->168->164->163->162->172->105->108->51->52->57->80->65->62->101->74->66->39->44->75->77->69->68->91->36->46->35->23->21->1->9->10->13->14->15->17->18->24->19->20->32->26->33->30->34->54->53->89->98->94->121->85->111->119->114->122->123->125->133->134->181->191->184->189->216->187->177->167->158->173->185->197->204->202->260->263->275->288->290->293->306->317->358->363->379->384->394->407->396->397->401->406->398->403->413->440->449->453->455->460->468->471->482->497->517->518->537->546->551->553->554->555->562->569->570->573->593->600->602->615->628->637->642->658->668->694->700->713->721->734->745->748->749->753->763->765->764->766->783->793->784->791->815->816->821->826->830->839->854->849->852->860->864->876->866->867->870->880->882->887->893->894->910->933->944->946->948->976->978->985->991->995->1017->1024->1031->1068->1071->1077->1079->1091->1100->1110->1120->1122->1139->1167->1168->1173->1175->1189->1192->1199->1204->1182->1184->1193->1205->1210->1223->1229->1230->1241->1232->1237->1242->1244->1251->1269->1275->1278->1296->1322->1330->1348->1364->1353->1358->1361->1362->1368->1379->1381->1387->1390->1403->1417->1408->1426->1428->1453->1462->1463->1481->1497->1500->1502->1503->1508->1510->1512->1531->1518->1528->1540->1542->1554->1555->1568->1576->1582->1583->1594->1586->1588->1599->1600->1618->1593->1601->1604->1607->1616->1620->1633->1641->2500->2476,2476->2500,RESULTS/PSO/log_pso_spot.csv
ACO,N2500_PS_traffic_low_I1,N2500_PS_traffic_low_I1.dat,parameter_sensitivity/medium_large/N2500_PS_traffic_low_I1.dat,parameter_sensitivity,N2500,SUMO,traffic_level,traffic_level,low,2500,7696,125,3732,375,0.1,375,2491,2500,0.9,0.5,20.5,2491,2500,0.9,0.5,20.5,0.9,TRUE,solved,2476,340,2476_S001,near,1,0.2046000000000003,0.001603,0.003195,0.1661,0.0332,0.036395,0.2425980000000003,0.2046000000000003,0.1661,0.036395,0.2425980000000003,6.66,13.766292000000018,24678.598,2491->2341->2328->2326->2320->2317->2305->2300->2282->2268->2263->2256->2252->2251->2247->2244->2240->2226->2237->2220->2235->2218->2228->2214->2211->2202->2178->2156->2183->2170->2155->2154->2130->2109->2098->2085->2072->2082->2069->2046->2038->2033->2030->2044->2028->2014->1968->1955->1902->1895->1894->1893->1882->1872->1864->1869->1863->1860->1841->1840->1832->1827->1826->1814->1813->1807->1789->1788->1781->1779->1774->1784->1780->1778->1767->1764->1740->1736->1735->1731->1718->1713->1707->1693->1681->1677->1687->1672->1665->1673->1664->1655->1649->1643->1637->1628->1610->1587->1579->1552->1550->1548->1530->1537->1525->1492->1490->1488->1495->1479->1486->1471->1465->1460->1430->1423->1406->1401->1391->1384->1380->1374->1373->1369->1359->1355->1344->1311->1301->1310->1298->1290->1281->1274->1270->1279->1262->1257->1254->1252->1219->1206->1228->1212->1203->1194->1197->1177->1170->1153->1152->1149->1142->1134->1130->1125->1117->1113->1129->1111->1099->1089->1075->1069->1065->1064->1063->1051->1042->1039->1050->1037->1036->1027->1006->988->981->969->929->924->917->912->904->903->896->892->905->888->885->878->877->874->865->861->857->856->851->818->813->810->812->805->786->762->761->757->755->725->715->711->723->705->696->691->697->698->689->687->681->674->667->659->657->636->609->599->592->588->576->574->586->568->575->564->560->549->547->545->543->540->538->561->532->542->534->539->526->525->527->508->501->476->469->463->450->436->430->408->393->387->372->375->371->362->373->356->350->353->348->346->349->334->337->331->329->324->321->309->298->299->296->289->284->266->262->259->254->235->233->232->230->229->217->228->210->206->209->201->198->196->193->190->183->178->174->168->164->163->162->155->108->51->50->82->81->77->69->68->63->21->1->5->6->10->11->15->24->19->28->22->30->34->54->29->49->85->100->119->114->122->123->125->133->134->181->143->146->156->166->158->173->185->192->204->202->260->263->275->288->290->293->306->317->358->363->379->384->394->407->396->397->401->406->398->403->413->440->449->455->460->468->471->482->497->517->518->537->546->551->553->555->562->569->570->573->593->600->602->615->628->637->642->658->668->694->700->713->721->734->745->748->749->753->763->765->764->766->783->784->791->815->816->821->826->830->839->854->849->852->860->864->866->867->870->880->882->887->893->894->910->933->944->946->948->976->978->985->991->995->1017->1024->1031->1071->1077->1079->1091->1100->1110->1120->1122->1139->1167->1168->1181->1175->1178->1192->1204->1182->1184->1193->1205->1210->1223->1229->1230->1241->1232->1237->1242->1244->1251->1269->1275->1278->1296->1322->1330->1348->1364->1353->1358->1361->1362->1368->1379->1381->1387->1390->1403->1417->1434->1426->1428->1453->1462->1463->1481->1497->1500->1502->1503->1508->1510->1512->1531->1518->1528->1540->1542->1554->1555->1568->1576->1582->1583->1594->1586->1590->1600->1618->1593->1601->1604->1607->1616->1620->1633->1641->1680->1688->1719->1739->1751->1755->1757->1776->1777->1798->1782->1791->1785->1818->1821->1823->1824->1857->1859->1861->1871->1890->1907->1906->1940->1941->1951->1969->1980->1978->1982->1987->1991->2001->2002->2005->2013->2047->2059->2063->2071->2074->2077->2079->2099->2100->2116->2118->2121->2134->2137->2148->2158->2169->2171->2174->2181->2195->2186->2196->2204->2208->2212->2217->2229->2461->2466->2476,2476->2500,RESULTS/ACO/log_aco_spot.csv
GA,N2500_PS_traffic_low_I1,N2500_PS_traffic_low_I1.dat,parameter_sensitivity/medium_large/N2500_PS_traffic_low_I1.dat,parameter_sensitivity,N2500,SUMO,traffic_level,traffic_level,low,2500,7696,125,3732,375,0.1,375,2491,2500,0.9,0.5,20.5,2491,2500,0.9,0.5,20.5,0.9,TRUE,solved,2476,341,2476_S002,near,1,0.30910000000000065,0.002259,0.00477,0.1661,0.0332,0.037970000000000004,0.34932900000000067,0.30910000000000065,0.1661,0.037970000000000004,0.34932900000000067,6.76,19.539766000000036,61958.01,2491->2493->2484->2487->2341->2340->2332->2328->2326->2320->2317->2300->2282->2268->2263->2256->2252->2251->2247->2257->2240->2226->2237->2223->2220->2215->2235->2218->2228->2211->2202->2178->2156->2183->2155->2154->2130->2109->2098->2085->2072->2078->2069->2046->2038->2033->2030->2044->2028->2017->2014->1968->1955->1902->1910->1894->1893->1882->1872->1864->1869->1863->1860->1841->1840->1832->1827->1826->1814->1813->1807->1789->1806->1781->1779->1774->1771->1784->1780->1778->1766->1764->1740->1736->1735->1731->1718->1713->1707->1697->1693->1681->1677->1672->1665->1664->1655->1649->1640->1643->1637->1628->1610->1587->1579->1552->1550->1548->1547->1530->1537->1525->1524->1492->1490->1488->1495->1479->1486->1471->1465->1460->1430->1423->1406->1401->1391->1384->1386->1380->1374->1373->1369->1359->1355->1344->1311->1301->1310->1298->1290->1281->1274->1270->1279->1277->1262->1257->1254->1234->1231->1219->1206->1228->1203->1194->1197->1177->1170->1153->1152->1149->1142->1134->1130->1125->1117->1113->1129->1111->1099->1089->1075->1069->1065->1064->1063->1051->1055->1042->1039->1050->1037->1036->1027->1006->988->981->969->929->924->917->912->904->903->896->892->905->888->885->878->877->874->865->857->856->851->813->810->805->786->762->776->757->755->741->725->715->711->723->708->705->696->691->697->689->687->695->681->674->667->659->657->636->609->599->592->588->576->574->586->568->575->581->564->560->549->547->545->543->540->538->561->532->542->534->539->526->524->522->508->519->747->737->476->469->463->450->439->437->436->430->408->393->387->372->375->663->677->373->356->350->626->625->606->608->616->334->558->314->491->487->492->266->262->479->475->458->464->466->456->232->230->229->420->418->409->404->198->196->193->190->183->178->174->335->341->168->370->380->339->338->164->326->316->301->318->162->155->172->175->105->95->87->99->139->136->113->35->23->21->1->2->7->14->15->11->4->8->12->24->19->20->26->33->27->45->32->30->34->54->29->89->49->85->100->111->119->114->122->123->125->133->134->181->191->143->146->216->187->177->167->158->173->185->192->231->197->204->202->260->265->263->268->275->288->290->293->297->306->317->358->363->379->384->394->407->396->397->401->406->398->403->413->440->449->453->455->460->468->471->482->495->497->517->518->536->537->546->551->553->554->555->562->569->570->573->593->600->602->615->628->637->642->658->668->694->700->709->713->721->734->745->748->749->753->763->765->764->766->783->784->791->815->816->821->826->830->839->854->849->852->860->864->876->866->867->870->880->882->889->887->893->894->910->933->944->946->956->976->978->985->991->995->1011->1017->1024->1031->1068->1071->1077->1079->1091->1092->1100->1110->1120->1122->1139->1167->1168->1181->1173->1175->1178->1189->1192->1199->1204->1182->1184->1193->1205->1210->1223->1229->1230->1241->1232->1237->1242->1244->1251->1269->1275->1278->1296->1322->1330->1348->1364->1353->1358->1361->1366->1362->1368->1379->1382->1387->1390->1403->1417->1434->1428->1453->1462->1463->1481->1497->1500->1502->1503->1508->1510->1512->1521->1522->1518->1528->1540->1542->1554->1555->1568->1576->1582->1583->1594->1586->1590->1599->1600->1618->1593->1601->1595->1607->1616->1620->1630->1633->1641->1680->1688->1719->1739->1751->1755->1757->1776->1777->1794->1798->1782->1791->1785->1818->1834->1821->1823->1824->1857->1861->1871->1890->1907->1906->1940->1941->1951->1969->1980->1978->1982->1987->1991->1992->2002->2005->2013->2047->2049->2050->2059->2081->2089->2110->2063->2071->2074->2077->2079->2099->2108->2100->2116->2118->2121->2134->2137->2148->2158->2169->2159->2174->2181->2195->2186->2196->2207->2204->2208->2212->2217->2229->2490->2499->2485->2476,2476->2500,RESULTS/GA/log_ga_spot.csv
Optimization,N2500_PS_traffic_low_I1,N2500_PS_traffic_low_I1.dat,parameter_sensitivity/medium_large/N2500_PS_traffic_low_I1.dat,parameter_sensitivity,N2500,SUMO,traffic_level,traffic_level,low,2500,7696,125,3732,375,0.1,375,2491,2500,0.9,0.5,20.5,2491,2500,0.9,0.5,20.5,0.9,TRUE,inferred_from_previous_exact_lot_solution,2490,294,2490_S001,near,1,0.28660000000000074,0.001557,0.002951,0.1348,0.027,0.029951,0.3181080000000007,0.28660000000000074,0.1348,0.029951,0.3181080000000007,9.13,18.09083200000004,457845.396,2491->2493->2484->2481->2478->2341->2328->2326->2320->2317->2305->2300->2282->2268->2263->2256->2252->2251->2247->2257->2240->2226->2237->2220->2235->2218->2228->2211->2202->2187->2178->2156->2183->2155->2154->2130->2109->2098->2085->2072->2082->2069->2046->2038->2033->2030->2044->2028->2017->2014->1968->1955->1902->1900->1894->1893->1882->1872->1864->1869->1863->1860->1841->1840->1832->1827->1826->1814->1813->1807->1789->1806->1781->1779->1774->1784->1780->1778->1767->1764->1740->1736->1735->1731->1718->1713->1707->1693->1681->1677->1702->1687->1672->1665->1664->1655->1649->1640->1643->1637->1628->1610->1587->1579->1552->1550->1548->1547->1530->1537->1525->1524->1492->1490->1488->1495->1479->1486->1471->1469->1465->1460->1430->1423->1401->1391->1384->1380->1374->1373->1369->1359->1355->1344->1311->1301->1310->1298->1290->1281->1274->1270->1279->1262->1257->1254->1234->1219->1206->1228->1203->1194->1197->1177->1170->1153->1152->1149->1142->1134->1130->1125->1117->1113->1129->1111->1099->1089->1075->1069->1065->1064->1063->1051->1042->1039->1050->1037->1036->1027->1006->988->981->969->929->924->917->912->907->904->903->896->892->905->888->885->878->877->874->865->857->856->851->818->813->810->812->805->786->762->776->757->755->725->715->711->723->705->696->691->697->689->687->695->681->674->667->659->657->636->609->599->592->588->576->574->586->568->575->564->560->549->547->545->543->540->538->561->532->542->534->824->792->772->747->519->501->476->469->463->450->436->726->720->714->712->393->688->375->371->633->623->348->346->577->559->314->491->284->500->262->464->456->457->441->206->410->404->392->390->383->380->178->174->168->341->335->333->326->318->162->175->105->95->87->99->97->76->136->127->39->38->78->77->69->68->63->21->1->5->2->7->14->15->24->19->28->22->30->33->32->45->27->34->54->53->89->98->67->85->111->119->114->129->122->123->125->133->134->181->191->184->189->216->156->166->167->177->187->195->211->170->173->185->197->204->202->260->263->275->288->290->293->306->317->358->363->379->384->394->407->396->397->401->406->398->399->403->413->440->449->455->460->461->462->471->482->497->517->518->537->546->551->553->555->562->569->570->573->593->600->602->615->628->637->642->658->668->694->700->713->721->734->745->748->749->753->763->764->766->783->793->791->815->816->821->826->830->839->842->849->852->860->864->876->866->867->870->880->882->887->893->894->910->933->944->946->956->976->978->985->991->995->1017->1024->1031->1071->1077->1079->1091->1100->1110->1120->1116->1122->1139->1167->1168->1173->1181->1175->1178->1192->1204->1182->1184->1193->1205->1210->1223->1229->1230->1241->1232->1237->1242->1244->1251->1269->1275->1278->1296->1322->1330->1348->1364->1353->1358->1366->1362->1368->1385->1379->1382->1381->1387->1390->1403->1417->1408->1426->1428->1453->1462->1463->1481->1497->1499->1500->1502->1503->1508->1510->1512->1531->1518->1528->1540->1542->1554->1555->1568->1576->1582->1583->1594->1586->1588->1590->1600->1618->1593->1601->1595->1607->1616->1620->1633->1641->1680->1688->1719->1739->1751->1755->1757->1776->1777->1798->1782->1785->1818->1821->1823->1824->1857->1859->1861->1871->1875->1890->1907->1906->1940->1941->1951->1969->1980->1978->1982->1986->1987->1991->2001->2002->2005->2013->2047->2059->2063->2071->2074->2077->2079->2099->2100->2116->2118->2121->2134->2137->2148->2158->2169->2159->2171->2174->2181->2186->2196->2207->2204->2208->2212->2217->2229->2490,2490->2500,RESULTS/COMBINED_ALL_METHODS/results_all_methods_parameter_sensitivity_spot_level.csv
PSO,N2500_PS_traffic_low_I1,N2500_PS_traffic_low_I1.dat,parameter_sensitivity/medium_large/N2500_PS_traffic_low_I1.dat,parameter_sensitivity,N2500,SUMO,traffic_level,traffic_level,low,2500,7696,125,3732,375,0.1,375,2491,2500,0.9,0.5,20.5,2491,2500,0.9,0.5,20.5,0.9,TRUE,solved,2476,340,2476_S001,near,1,0.31290000000000084,0.001603,0.003195,0.1661,0.0332,0.036395,0.3508980000000009,0.31290000000000084,0.1661,0.036395,0.3508980000000009,6.66,19.614492000000048,822443.959,2491->2341->2340->2332->2328->2326->2320->2317->2305->2300->2282->2268->2263->2256->2252->2251->2247->2244->2240->2226->2237->2220->2235->2236->2218->2228->2211->2202->2187->2178->2156->2183->2155->2154->2130->2109->2098->2085->2072->2078->2069->2046->2038->2033->2030->2044->2028->2014->1968->1955->1902->1895->1894->1893->1882->1872->1864->1869->1863->1860->1841->1840->1832->1827->1826->1814->1813->1807->1789->1806->1781->1779->1774->1784->1780->1778->1767->1764->1763->1740->1736->1735->1731->1718->1713->1707->1693->1689->1681->1677->1687->1672->1665->1664->1655->1649->1643->1637->1628->1610->1587->1579->1552->1550->1548->1530->1537->1525->1524->1492->1490->1488->1495->1479->1486->1471->1469->1465->1460->1430->1423->1401->1391->1384->1386->1380->1374->1373->1369->1359->1355->1344->1311->1301->1310->1298->1290->1281->1274->1270->1279->1262->1257->1254->1234->1219->1206->1212->1203->1194->1197->1177->1170->1153->1152->1149->1142->1134->1130->1125->1117->1113->1129->1111->1105->1099->1089->1075->1069->1065->1064->1063->1051->1055->1042->1039->1050->1037->1036->1027->1006->988->981->969->929->924->917->912->904->903->896->892->905->888->885->878->877->874->865->857->856->851->813->810->805->786->762->776->757->755->725->715->711->723->705->696->691->697->698->689->687->681->674->667->659->657->636->609->599->592->588->576->574->586->568->575->564->560->549->547->545->543->540->538->561->532->542->534->824->792->772->747->519->508->501->476->469->733->731->744->739->450->436->430->720->422->415->408->393->688->677->660->646->638->641->631->623->365->626->366->344->346->577->559->314->493->284->500->262->466->456->457->441->438->425->206->209->201->198->196->193->190->380->178->174->335->341->338->164->163->175->105->95->87->109->127->39->38->55->37->31->69->25->36->46->35->23->21->1->5->6->10->13->14->15->24->19->28->22->26->33->27->34->54->29->53->89->98->94->67->85->100->119->114->129->122->123->125->133->134->181->143->146->216->223->211->212->224->231->197->204->202->260->265->263->268->275->288->290->293->306->317->358->363->379->384->394->407->396->397->401->406->398->399->403->413->440->449->455->460->461->462->471->482->495->497->517->518->537->546->551->553->555->562->569->570->573->593->600->602->615->628->637->642->658->668->694->700->713->721->734->745->748->749->753->763->764->766->783->793->791->815->816->821->826->830->839->854->849->852->860->864->876->866->867->870->880->882->887->893->894->910->933->944->946->948->956->976->978->985->991->995->1017->1024->1031->1071->1077->1079->1091->1092->1100->1110->1120->1116->1122->1139->1167->1168->1181->1175->1178->1192->1204->1180->1182->1184->1193->1205->1210->1223->1229->1230->1241->1232->1237->1242->1244->1251->1269->1275->1278->1296->1322->1330->1348->1364->1353->1358->1361->1362->1368->1385->1379->1381->1387->1390->1403->1417->1434->1428->1453->1462->1463->1481->1497->1500->1502->1503->1508->1510->1512->1521->1531->1518->1528->1540->1542->1554->1555->1568->1576->1582->1583->1594->1586->1588->1599->1618->1593->1601->1604->1607->1616->1620->1633->1641->1680->1688->1719->1739->1751->1755->1757->1776->1777->1798->1782->1785->1818->1821->1823->1824->1857->1859->1861->1871->1875->1890->1907->1906->1940->1941->1951->1969->1980->1978->1982->1987->1991->1992->2001->2002->2005->2013->2047->2059->2063->2071->2074->2077->2079->2099->2100->2116->2118->2121->2134->2137->2148->2158->2169->2159->2174->2181->2186->2196->2204->2208->2212->2217->2229->2473->2461->2466->2476,2476->2500,RESULTS/PSO/log_pso_spot.csv
ACO,N2500_PS_traffic_medium_I1,N2500_PS_traffic_medium_I1.dat,parameter_sensitivity/medium_large/N2500_PS_traffic_medium_I1.dat,parameter_sensitivity,N2500,SUMO,traffic_level,traffic_level,medium,2500,7696,125,3732,375,0.1,375,2491,2500,0.9,0.5,20.5,2491,2500,0.9,0.5,20.5,0.9,TRUE,solved,2476,340,2476_S001,near,1,0.3218999999999996,0.001603,0.003195,0.1661,0.0332,0.036395,0.3598979999999996,0.3218999999999996,0.1661,0.036395,0.3598979999999996,6.66,20.10049199999998,24641.273,2491->2341->2328->2326->2320->2317->2305->2300->2282->2268->2263->2256->2252->2251->2247->2244->2240->2226->2237->2220->2235->2218->2228->2211->2202->2178->2156->2183->2170->2155->2154->2130->2109->2098->2085->2072->2082->2069->2046->2038->2033->2030->2044->2028->2014->1968->1955->1902->1895->1894->1893->1882->1872->1864->1869->1863->1860->1841->1840->1832->1827->1826->1814->1813->1807->1789->1788->1781->1779->1774->1784->1780->1778->1767->1764->1740->1736->1735->1731->1718->1713->1707->1693->1681->1677->1687->1672->1665->1664->1655->1649->1643->1637->1628->1610->1587->1579->1552->1550->1548->1530->1537->1525->1492->1490->1488->1495->1479->1486->1471->1465->1460->1430->1423->1401->1391->1384->1380->1374->1373->1369->1359->1355->1344->1311->1301->1310->1298->1290->1281->1274->1270->1279->1262->1257->1254->1234->1219->1206->1228->1203->1194->1197->1177->1170->1153->1152->1149->1142->1134->1130->1125->1117->1113->1129->1111->1099->1089->1075->1069->1065->1064->1063->1051->1042->1039->1050->1037->1036->1027->1006->988->981->969->929->924->917->912->904->903->896->892->905->888->885->878->877->874->865->861->857->856->851->813->810->812->805->786->762->761->757->755->725->715->711->723->705->696->691->697->698->689->687->681->674->667->659->657->636->609->599->592->588->576->574->586->568->575->564->560->549->547->545->543->540->538->561->532->542->530->539->526->525->527->508->501->476->469->463->450->437->436->430->408->393->387->372->375->371->362->373->356->350->353->348->346->349->334->337->331->329->324->321->309->298->296->289->284->266->262->259->254->235->233->232->230->229->217->228->210->206->209->201->198->196->193->190->183->178->174->168->164->163->162->155->108->51->50->82->81->77->69->68->63->21->1->5->6->10->11->15->24->19->28->22->30->34->54->53->89->49->85->100->119->114->129->122->123->125->133->134->181->143->146->156->166->158->173->185->197->204->202->260->265->263->275->288->290->293->306->317->358->363->379->384->394->407->396->397->401->406->398->403->413->440->449->455->460->468->471->482->497->517->518->537->546->551->553->555->562->569->570->573->593->600->602->615->628->637->642->658->668->694->700->713->721->734->745->748->749->753->763->765->764->766->783->784->791->815->816->821->826->830->839->842->849->852->860->864->866->867->870->880->882->887->893->894->910->933->944->946->948->976->978->985->991->995->1017->1024->1031->1071->1077->1079->1091->1100->1110->1120->1116->1122->1139->1167->1168->1181->1175->1178->1192->1204->1182->1184->1193->1205->1210->1223->1229->1230->1241->1232->1237->1242->1244->1251->1269->1275->1278->1296->1322->1330->1348->1364->1353->1358->1361->1362->1368->1379->1381->1387->1390->1403->1417->1434->1426->1428->1453->1462->1463->1481->1497->1500->1502->1503->1508->1510->1512->1531->1518->1528->1540->1542->1554->1555->1568->1576->1582->1583->1594->1586->1590->1600->1618->1593->1601->1604->1607->1616->1620->1633->1641->1680->1688->1719->1739->1751->1755->1757->1776->1777->1798->1782->1791->1785->1818->1821->1823->1824->1857->1861->1871->1890->1907->1906->1940->1941->1951->1969->1980->1978->1982->1987->1991->2001->2002->2005->2013->2047->2059->2063->2071->2074->2077->2079->2099->2100->2116->2118->2121->2134->2137->2148->2158->2169->2171->2174->2181->2186->2196->2204->2208->2212->2217->2229->2461->2466->2476,2476->2500,RESULTS/ACO/log_aco_spot.csv
GA,N2500_PS_traffic_medium_I1,N2500_PS_traffic_medium_I1.dat,parameter_sensitivity/medium_large/N2500_PS_traffic_medium_I1.dat,parameter_sensitivity,N2500,SUMO,traffic_level,traffic_level,medium,2500,7696,125,3732,375,0.1,375,2491,2500,0.9,0.5,20.5,2491,2500,0.9,0.5,20.5,0.9,TRUE,solved,2389,204,2389_S004,near,1,0.45340000000000164,0.003038,0.008482,0.4222,0.0844,0.092882,0.5493200000000016,0.45340000000000164,0.4222,0.092882,0.5493200000000016,13.1,30.973280000000084,58655.496,2491->2493->2484->2481->2478->2468->2448->2443->2458->2442->2426->2412->2401->2400->2404->2395->2379->2374->2370->2369->2385->2372->2390->2380->2363->2350->2347->2340->2332->2328->2326->2320->2317->2300->2282->2268->2263->2256->2252->2251->2247->2257->2240->2226->2237->2220->2235->2236->2218->2228->2211->2202->2178->2156->2183->2155->2154->2136->2130->2109->2098->2085->2072->2078->2069->2046->2038->2033->2030->2044->2028->2017->2014->1968->1955->1902->1895->1900->1910->1894->1893->1882->1872->1864->1869->1863->1860->1841->1840->1832->1827->1826->1814->1813->1807->1789->1806->1781->1779->1774->1784->1780->1778->1766->1764->1740->1736->1735->1731->1718->1713->1707->1697->1693->1681->1677->1672->1665->1673->1664->1655->1649->1640->1643->1637->1628->1610->1587->1579->1552->1550->1548->1547->1530->1537->1525->1492->1490->1488->1495->1479->1486->1471->1465->1460->1430->1423->1406->1401->1391->1384->1380->1374->1373->1369->1359->1355->1344->1311->1301->1310->1298->1290->1281->1274->1270->1279->1262->1257->1254->1252->1219->1206->1212->1203->1194->1197->1177->1170->1153->1152->1149->1142->1134->1130->1125->1117->1113->1129->1111->1099->1089->1075->1069->1065->1064->1063->1051->1042->1039->1050->1037->1036->1027->1006->988->981->969->929->924->917->912->907->904->903->896->892->905->888->885->878->877->874->865->857->856->851->818->813->810->812->805->786->762->761->757->755->741->725->715->711->708->705->696->691->697->698->689->687->681->674->667->661->659->657->636->609->599->592->588->576->574->586->568->575->581->560->549->547->545->543->540->566->561->548->542->534->530->539->526->524->525->527->508->501->476->469->463->450->436->430->415->408->393->387->372->663->373->356->350->353->348->346->616->344->349->558->314->491->284->266->262->458->475->479->485->492->500->259->254->235->233->232->230->229->217->228->410->409->404->392->196->390->383->385->380->190->183->178->174->168->164->163->162->172->155->108->61->60->315->300->310->41->40->56->104->106->221->17->15->24->19->28->20->26->30->33->45->27->34->54->29->49->98->67->85->100->119->114->129->122->123->125->133->152->134->181->191->184->189->216->187->195->166->167->158->170->173->185->197->192->199->204->202->260->263->275->288->290->293->306->317->358->363->379->384->394->407->396->397->401->406->398->403->413->440->454->449->455->460->468->461->462->471->482->495->497->517->518->537->546->551->553->554->555->562->569->570->573->593->600->602->615->628->637->642->658->668->694->700->713->721->734->745->748->749->753->763->764->766->783->793->791->815->816->821->826->830->839->854->849->852->860->864->866->867->870->880->882->889->887->893->894->910->933->944->946->956->976->978->985->991->995->1017->1024->1031->1068->1071->1077->1079->1091->1100->1110->1120->1116->1122->1139->1167->1168->1173->1175->1178->1189->1191->1192->1204->1180->1182->1184->1193->1205->1210->1223->1229->1230->1241->1232->1237->1242->1244->1251->1269->1275->1278->1296->1322->1330->1348->1364->1353->1358->1366->1362->1368->1379->1381->1387->1390->1403->1417->1408->1426->1428->1453->1462->1463->1481->1497->1499->1500->1502->1503->1508->1510->1512->1531->1522->1518->1528->1540->1542->1554->1555->1568->1576->1582->1583->1594->1586->1588->1590->1599->1618->1593->1601->1604->1607->1616->1620->1630->1633->1641->1680->1688->1719->1739->1751->1755->1757->1776->1777->1794->1798->1782->1785->1818->1834->1821->1823->1824->1857->1859->1861->1871->1875->1890->1907->1906->1940->1941->1951->1969->1980->1978->1982->1987->1991->1992->2002->2005->2013->2047->2050->2065->2081->2096->2089->2110->2063->2071->2074->2077->2079->2099->2100->2116->2118->2121->2134->2137->2148->2158->2169->2171->2159->2174->2181->2195->2186->2196->2207->2204->2208->2212->2217->2229->2430->2455->2438->2425->2422->2417->2416->2405->2409->2389,2389->2500,RESULTS/GA/log_ga_spot.csv
Optimization,N2500_PS_traffic_medium_I1,N2500_PS_traffic_medium_I1.dat,parameter_sensitivity/medium_large/N2500_PS_traffic_medium_I1.dat,parameter_sensitivity,N2500,SUMO,traffic_level,traffic_level,medium,2500,7696,125,3732,375,0.1,375,2491,2500,0.9,0.5,20.5,2491,2500,0.9,0.5,20.5,0.9,TRUE,inferred_from_previous_exact_lot_solution,2382,101,2382_S001,near,1,0.3862000000000008,0.00205,0.005521,0.4593,0.0919,0.097421,0.4856710000000008,0.3862000000000008,0.4593,0.097421,0.4856710000000008,6.72,26.898234000000045,493847.38,2491->2493->2341->2332->2328->2326->2320->2317->2300->2282->2268->2263->2256->2252->2251->2247->2257->2240->2226->2237->2223->2220->2235->2236->2218->2214->2211->2202->2178->2156->2183->2155->2154->2136->2130->2109->2098->2085->2072->2082->2069->2046->2038->2033->2030->2044->2028->2014->1968->1955->1902->1895->1894->1893->1882->1872->1864->1869->1863->1860->1841->1840->1832->1827->1826->1814->1813->1807->1789->1788->1781->1779->1774->1784->1780->1778->1767->1764->1763->1740->1736->1735->1731->1718->1713->1707->1693->1681->1677->1672->1665->1664->1655->1649->1643->1637->1628->1625->1610->1587->1579->1552->1550->1548->1547->1530->1537->1525->1492->1490->1488->1495->1479->1486->1471->1465->1460->1430->1423->1401->1391->1384->1386->1380->1374->1373->1369->1359->1355->1344->1311->1301->1310->1298->1290->1281->1274->1270->1279->1277->1262->1257->1254->1252->1219->1206->1228->1203->1194->1197->1177->1170->1153->1152->1149->1142->1134->1130->1125->1117->1113->1129->1111->1099->1089->1075->1069->1065->1064->1063->1051->1042->1039->1050->1037->1036->1027->1006->988->981->969->929->924->917->912->904->903->896->892->905->888->885->878->877->874->865->857->856->851->813->810->812->805->786->762->776->757->755->725->715->711->708->705->696->691->697->698->689->687->681->674->667->659->657->636->609->599->592->588->576->574->586->568->575->564->560->549->547->545->543->540->538->561->532->542->534->530->539->526->525->527->508->501->476->469->463->467->731->739->727->726->430->408->393->387->372->375->633->635->348->346->344->558->321->314->491->266->262->464->456->457->206->209->201->198->404->392->193->190->183->178->174->168->164->163->162->172->105->96->107->83->99->109->127->39->44->75->179->13->14->15->24->19->20->32->45->33->30->34->54->53->29->49->85->111->119->114->122->123->125->133->134->181->143->191->184->189->216->156->166->158->173->212->227->185->192->204->202->260->263->275->288->290->293->306->317->358->363->379->384->394->407->396->397->401->406->398->399->403->413->440->454->449->455->460->468->471->482->497->517->518->537->546->551->553->554->555->562->569->570->573->593->600->602->615->628->637->642->658->668->694->700->713->721->734->745->748->749->753->763->764->766->783->784->791->815->816->821->826->830->839->842->849->852->860->864->866->875->867->870->880->882->887->893->894->910->933->944->946->956->976->978->985->991->995->1011->1017->1024->1031->1071->1077->1079->1091->1100->1110->1120->1122->1139->1167->1168->1173->1175->1189->1192->1204->1182->1184->1193->1205->1210->1223->1229->1230->1241->1232->1237->1242->1244->1251->1269->1275->1278->1296->1322->1330->1348->1364->1353->1358->1361->1362->1368->1379->1381->1387->1390->1403->1417->1434->1428->1453->1462->1463->1481->1497->1500->1502->1503->1508->1510->1512->1531->1518->1528->1540->1542->1554->1555->1568->1576->1582->1583->1594->1586->1588->1599->1618->1593->1601->1604->1607->1616->1620->1633->1641->1680->1688->1719->1739->1751->1755->1757->1776->1777->1798->1782->1785->1818->1821->1823->1824->1857->1859->1877->1861->1871->1875->1890->1907->1906->1940->1941->1951->1969->1980->1978->1982->1987->1991->2001->2002->2005->2013->2047->2059->2063->2071->2074->2077->2079->2099->2100->2116->2118->2121->2134->2137->2148->2158->2169->2159->2174->2181->2195->2186->2196->2207->2204->2208->2212->2217->2229->2405->2409->2394->2389->2388->2382,2382->2500,RESULTS/COMBINED_ALL_METHODS/results_all_methods_parameter_sensitivity_spot_level.csv
PSO,N2500_PS_traffic_medium_I1,N2500_PS_traffic_medium_I1.dat,parameter_sensitivity/medium_large/N2500_PS_traffic_medium_I1.dat,parameter_sensitivity,N2500,SUMO,traffic_level,traffic_level,medium,2500,7696,125,3732,375,0.1,375,2491,2500,0.9,0.5,20.5,2491,2500,0.9,0.5,20.5,0.9,TRUE,solved,2476,340,2476_S001,near,1,0.7474000000000006,0.001603,0.003195,0.1661,0.0332,0.036395,0.7853980000000006,0.7474000000000006,0.1661,0.036395,0.7853980000000006,6.66,43.07749200000003,396120.56,2491->2487->2484->2341->2328->2326->2320->2317->2300->2282->2268->2263->2256->2252->2251->2247->2244->2257->2240->2226->2237->2220->2215->2235->2218->2228->2211->2202->2178->2156->2170->2155->2154->2130->2109->2098->2085->2072->2078->2082->2069->2046->2038->2033->2030->2044->2028->2014->1968->1955->1902->1895->1894->1893->1882->1872->1864->1869->1863->1860->1841->1840->1832->1827->1826->1814->1813->1807->1789->1788->1781->1779->1774->1784->1780->1778->1767->1764->1740->1736->1735->1731->1718->1713->1707->1697->1693->1681->1677->1672->1665->1664->1655->1649->1640->1643->1637->1628->1610->1587->1579->1552->1550->1548->1530->1537->1525->1492->1490->1488->1495->1479->1486->1471->1465->1460->1430->1423->1401->1391->1384->1380->1374->1373->1369->1359->1355->1344->1311->1301->1310->1298->1290->1281->1274->1270->1279->1262->1257->1254->1234->1219->1206->1212->1228->1203->1194->1197->1177->1170->1153->1152->1149->1142->1134->1130->1125->1117->1113->1129->1111->1105->1099->1089->1075->1069->1065->1064->1063->1051->1042->1039->1050->1037->1036->1027->1006->988->981->969->929->924->917->912->904->903->896->892->905->888->885->878->877->874->865->861->857->856->851->818->813->810->812->805->786->762->761->757->755->725->715->711->723->705->696->691->697->698->689->687->681->674->667->659->657->636->609->599->592->588->576->574->586->568->575->564->581->560->549->547->545->543->540->566->538->561->532->542->530->539->526->525->527->522->508->501->476->469->463->450->437->436->430->415->408->393->387->372->375->633->353->348->346->577->559->314->491->266->492->500->259->254->235->438->425->206->209->201->198->392->390->383->385->380->339->338->163->162->155->108->51->52->57->80->65->113->222->221->17->4->8->15->18->24->19->28->22->30->26->33->27->34->54->29->89->49->85->111->119->114->129->122->123->125->133->134->181->191->184->189->146->156->166->158->170->173->212->224->227->185->197->204->202->260->263->275->288->290->293->306->317->358->363->379->384->394->407->396->397->401->406->398->403->413->440->449->455->460->468->471->482->495->497->517->518->537->546->551->553->555->562->569->570->573->593->600->602->615->628->637->642->658->668->694->700->709->713->721->734->745->748->749->753->763->765->764->766->783->784->791->815->816->822->821->826->830->839->842->849->852->860->864->866->867->870->880->882->887->893->894->910->933->944->946->956->948->976->978->985->991->995->1011->1017->1024->1031->1071->1077->1079->1091->1092->1100->1110->1120->1122->1139->1167->1168->1181->1175->1189->1191->1199->1204->1182->1184->1193->1205->1210->1223->1229->1230->1241->1232->1237->1242->1244->1251->1269->1275->1278->1296->1322->1330->1348->1364->1353->1358->1361->1362->1368->1385->1379->1381->1382->1387->1390->1403->1417->1434->1426->1428->1453->1462->1463->1481->1497->1500->1502->1503->1508->1510->1512->1531->1518->1528->1540->1542->1554->1555->1568->1576->1582->1583->1594->1586->1588->1590->1600->1618->1593->1601->1604->1607->1616->1620->1633->1641->1680->1688->1719->1739->2500->2476,2476->2500,RESULTS/PSO/log_pso_spot.csv
ACO,N2500_PS_traffic_very_low_I1,N2500_PS_traffic_very_low_I1.dat,parameter_sensitivity/medium_large/N2500_PS_traffic_very_low_I1.dat,parameter_sensitivity,N2500,SUMO,traffic_level,traffic_level,very_low,2500,7696,125,3732,375,0.1,375,2491,2500,0.9,0.5,20.5,2491,2500,0.9,0.5,20.5,0.9,TRUE,solved,2476,340,2476_S001,near,1,0.18089999999999964,0.001603,0.003195,0.1661,0.0332,0.036395,0.21889799999999965,0.18089999999999964,0.1661,0.036395,0.21889799999999965,6.66,12.48649199999998,24078.393,2491->2493->2341->2328->2326->2320->2317->2305->2300->2282->2268->2263->2256->2252->2251->2247->2244->2240->2226->2237->2220->2235->2218->2228->2211->2202->2178->2156->2183->2170->2155->2154->2130->2109->2098->2085->2072->2082->2069->2046->2038->2033->2030->2044->2028->2014->1968->1955->1902->1895->1894->1893->1882->1872->1864->1869->1863->1860->1841->1840->1832->1827->1826->1814->1813->1807->1789->1788->1781->1779->1774->1784->1780->1778->1767->1764->1740->1736->1735->1731->1718->1713->1707->1693->1681->1677->1687->1672->1665->1664->1655->1649->1643->1637->1628->1610->1587->1579->1552->1550->1548->1530->1537->1525->1492->1490->1488->1495->1479->1486->1471->1465->1460->1430->1423->1401->1391->1384->1380->1374->1373->1369->1359->1355->1344->1311->1301->1310->1298->1290->1281->1274->1270->1279->1262->1257->1254->1234->1219->1206->1228->1212->1203->1194->1197->1177->1170->1153->1152->1149->1142->1134->1130->1125->1117->1113->1129->1111->1099->1089->1075->1069->1065->1064->1063->1051->1042->1039->1050->1037->1036->1027->1006->988->981->969->929->924->917->912->904->903->896->892->905->888->885->878->877->874->865->861->857->856->851->813->810->805->786->762->761->757->755->725->715->711->723->705->696->691->697->698->689->687->681->674->667->659->657->636->609->599->592->588->576->574->586->568->575->564->560->549->547->545->543->540->566->561->532->542->530->539->526->525->527->508->501->476->469->463->450->436->430->408->393->387->372->375->371->362->373->356->350->353->348->346->349->334->337->331->329->324->321->309->298->299->296->289->284->266->262->259->254->235->233->232->230->229->217->228->210->206->209->201->198->196->193->190->183->178->174->168->164->163->162->155->108->51->50->48->78->77->69->68->63->21->1->9->10->11->15->24->19->28->22->30->34->54->29->49->85->111->119->114->122->123->125->133->134->181->143->146->156->166->158->173->185->197->204->202->260->263->275->288->290->293->306->317->358->363->379->384->394->407->396->397->401->406->398->403->413->440->449->455->460->468->471->482->497->517->518->537->546->551->553->555->562->569->570->573->593->600->602->615->628->637->642->658->668->694->700->713->721->734->745->748->749->753->763->765->764->766->783->784->791->815->816->821->826->830->839->854->849->852->860->864->866->867->870->880->882->887->893->894->910->933->944->946->948->976->978->985->991->995->1017->1024->1031->1071->1077->1079->1091->1100->1110->1120->1122->1139->1167->1168->1181->1175->1189->1192->1204->1182->1184->1193->1205->1210->1223->1229->1230->1241->1232->1237->1242->1244->1251->1269->1275->1278->1296->1322->1330->1348->1364->1353->1358->1366->1362->1368->1379->1381->1387->1390->1403->1417->1434->1428->1453->1462->1463->1481->1497->1500->1502->1503->1508->1510->1512->1531->1518->1528->1540->1542->1554->1555->1568->1576->1582->1583->1594->1586->1590->1600->1618->1593->1601->1604->1607->1616->1620->1633->1641->1680->1688->1719->1739->1751->1755->1757->1776->1777->1798->1782->1785->1818->1821->1823->1824->1857->1861->1871->1890->1907->1906->1940->1941->1951->1969->1980->1978->1982->1987->1991->2001->2002->2005->2013->2047->2059->2063->2071->2074->2077->2079->2099->2100->2116->2118->2121->2134->2137->2148->2158->2169->2171->2174->2181->2186->2196->2204->2208->2212->2217->2229->2461->2466->2476,2476->2500,RESULTS/ACO/log_aco_spot.csv
GA,N2500_PS_traffic_very_low_I1,N2500_PS_traffic_very_low_I1.dat,parameter_sensitivity/medium_large/N2500_PS_traffic_very_low_I1.dat,parameter_sensitivity,N2500,SUMO,traffic_level,traffic_level,very_low,2500,7696,125,3732,375,0.1,375,2491,2500,0.9,0.5,20.5,2491,2500,0.9,0.5,20.5,0.9,TRUE,solved,2461,391,2461_S002,near,1,0.2846000000000004,0.002204,0.004801,0.1953,0.0391,0.043901,0.3307050000000004,0.2846000000000004,0.1953,0.043901,0.3307050000000004,7.56,18.614070000000023,63366.112,2491->2341->2328->2326->2320->2317->2305->2300->2282->2268->2263->2256->2252->2251->2247->2244->2240->2226->2237->2220->2215->2235->2218->2228->2214->2211->2202->2187->2178->2156->2170->2183->2155->2154->2136->2130->2109->2098->2085->2072->2082->2078->2069->2046->2038->2033->2030->2044->2028->2017->2014->1968->1955->1902->1910->1900->1895->1894->1893->1882->1872->1864->1869->1863->1860->1841->1840->1832->1827->1826->1814->1813->1807->1789->1788->1781->1779->1774->1771->1784->1780->1778->1766->1764->1763->1740->1736->1735->1731->1718->1713->1707->1693->1681->1677->1687->1672->1665->1664->1655->1649->1640->1643->1637->1628->1610->1587->1579->1552->1550->1548->1547->1530->1537->1525->1492->1490->1488->1495->1479->1486->1471->1469->1465->1460->1430->1423->1406->1401->1391->1384->1386->1380->1374->1373->1369->1359->1355->1344->1311->1301->1310->1298->1290->1281->1274->1270->1279->1262->1257->1254->1234->1252->1219->1206->1212->1203->1194->1197->1177->1170->1153->1152->1149->1142->1134->1130->1125->1117->1113->1129->1111->1099->1089->1075->1069->1065->1064->1063->1051->1042->1039->1050->1037->1036->1027->1006->988->981->969->929->924->917->912->907->904->903->896->892->905->888->885->878->877->874->865->861->857->856->851->813->810->812->805->786->762->776->761->757->755->741->725->715->711->723->705->696->691->697->689->687->681->674->667->659->669->657->636->609->599->592->588->576->574->586->568->575->564->560->549->547->545->543->540->566->561->532->542->530->539->526->525->527->519->501->737->733->469->463->450->436->437->439->732->739->727->726->720->714->408->393->387->690->680->373->626->625->346->558->314->491->487->492->266->500->259->262->464->456->232->233->235->438->425->206->420->219->229->217->228->210->410->404->392->198->196->390->383->190->183->178->174->168->164->163->162->155->108->51->50->48->82->176->171->148->226->237->253->20->28->22->30->34->54->53->89->49->121->94->67->85->111->100->119->114->129->122->123->125->133->134->181->191->184->189->146->216->187->156->166->167->158->173->185->197->192->199->204->202->260->265->263->275->288->290->293->306->317->358->363->379->384->402->394->407->396->397->401->406->398->403->413->440->449->455->460->468->462->471->482->495->497->517->518->536->537->546->551->553->555->562->569->570->573->593->600->602->615->628->637->642->658->668->694->700->709->713->721->734->745->748->749->753->763->765->764->766->783->784->791->815->816->822->821->826->830->839->842->854->849->852->860->864->866->867->870->880->882->889->887->893->894->910->933->944->946->956->948->976->978->985->991->995->1011->1017->1024->1031->1071->1077->1079->1091->1100->1110->1120->1116->1122->1139->1167->1168->1181->1175->1189->1178->1192->1191->1199->1204->1182->1184->1193->1205->1210->1223->1229->1230->1241->1232->1237->1242->1244->1251->1269->1275->1278->1296->1322->1330->1348->1364->1353->1358->1361->1362->1368->1385->1379->1382->1387->1390->1403->1417->1434->1428->1453->1462->1463->1481->1497->1499->1500->1502->1503->1508->1510->1512->1531->1522->1518->1528->1540->1542->1554->1555->1568->1576->1582->1583->1594->1586->1588->1590->1600->1618->1593->1601->1604->1607->1616->1620->1633->1641->1680->1688->1719->1739->1751->1755->1757->1776->1777->1794->1798->1782->1791->1785->1818->1821->1823->1824->1857->1859->1861->1871->1875->1890->1907->1906->1940->1941->1951->1969->1980->1978->1982->1986->1987->1991->2001->2002->2005->2013->2047->2050->2065->2059->2063->2071->2074->2077->2079->2099->2108->2100->2116->2118->2121->2134->2137->2148->2158->2169->2159->2174->2181->2186->2196->2204->2208->2212->2217->2229->2461,2461->2500,RESULTS/GA/log_ga_spot.csv
Optimization,N2500_PS_traffic_very_low_I1,N2500_PS_traffic_very_low_I1.dat,parameter_sensitivity/medium_large/N2500_PS_traffic_very_low_I1.dat,parameter_sensitivity,N2500,SUMO,traffic_level,traffic_level,very_low,2500,7696,125,3732,375,0.1,375,2491,2500,0.9,0.5,20.5,2491,2500,0.9,0.5,20.5,0.9,TRUE,inferred_from_previous_exact_lot_solution,2490,294,2490_S001,near,1,0.23920000000000036,0.001557,0.002951,0.1348,0.027,0.029951,0.27070800000000034,0.23920000000000036,0.1348,0.029951,0.27070800000000034,9.13,15.53123200000002,714664.048,2491->2487->2493->2341->2332->2328->2326->2320->2317->2300->2282->2268->2263->2256->2252->2251->2247->2257->2240->2226->2237->2220->2215->2235->2218->2214->2211->2202->2178->2156->2183->2170->2155->2154->2130->2109->2098->2085->2072->2082->2069->2046->2038->2033->2030->2044->2028->2014->1968->1955->1902->1895->1894->1893->1882->1872->1864->1869->1863->1860->1841->1840->1832->1827->1826->1814->1813->1807->1789->1788->1806->1781->1779->1774->1784->1780->1778->1767->1764->1740->1736->1735->1731->1718->1713->1707->1693->1681->1677->1672->1665->1673->1664->1655->1649->1640->1643->1637->1628->1610->1587->1579->1552->1550->1548->1530->1537->1525->1492->1490->1488->1495->1479->1486->1471->1465->1460->1430->1423->1401->1391->1384->1380->1374->1373->1369->1359->1355->1344->1311->1301->1310->1298->1290->1281->1274->1270->1279->1262->1257->1254->1252->1234->1219->1206->1212->1203->1194->1197->1177->1170->1153->1152->1149->1142->1134->1130->1125->1117->1113->1129->1111->1099->1089->1075->1069->1065->1064->1063->1051->1042->1039->1050->1037->1036->1027->1006->988->981->969->961->929->924->917->912->904->903->896->892->905->888->885->878->877->874->865->857->856->851->818->813->810->812->805->786->762->761->757->755->725->715->711->708->705->696->691->697->698->689->687->695->681->674->667->659->657->636->609->599->592->588->576->574->586->568->575->564->560->549->547->545->543->540->538->566->561->532->542->534->530->539->526->525->524->522->508->501->476->469->463->731->739->727->726->430->415->408->393->387->372->375->371->362->626->353->350->631->633->635->348->346->558->321->552->520->309->298->299->500->259->254->457->206->209->201->198->404->392->390->383->380->370->168->333->326->318->162->175->169->155->108->51->50->82->59->103->220->221->4->17->15->18->12->24->19->28->22->26->33->45->27->34->54->29->49->67->85->111->119->114->122->123->125->133->134->181->143->146->156->166->195->223->187->177->167->158->173->185->197->204->202->260->263->268->275->288->290->293->297->306->317->358->363->379->384->394->407->396->397->401->406->398->403->413->440->449->455->460->468->471->482->497->517->518->536->537->546->551->553->554->555->562->569->570->573->593->600->602->615->628->637->642->658->668->694->700->713->721->734->745->748->749->753->763->764->766->783->784->791->815->816->822->821->826->830->839->854->842->849->852->860->864->866->867->870->880->882->887->893->894->910->933->944->946->956->976->978->985->991->995->1017->1024->1031->1068->1071->1077->1079->1091->1100->1110->1120->1122->1139->1167->1168->1173->1175->1178->1192->1204->1182->1184->1193->1205->1210->1223->1229->1230->1241->1232->1237->1242->1244->1251->1269->1275->1278->1296->1322->1330->1348->1364->1353->1358->1361->1362->1368->1379->1381->1387->1390->1403->1417->1434->1428->1453->1462->1463->1481->1497->1500->1502->1503->1508->1510->1512->1531->1518->1528->1540->1542->1554->1555->1568->1576->1582->1583->1594->1586->1588->1599->1618->1593->1601->1604->1607->1616->1620->1633->1641->1680->1688->1719->1739->1751->1755->1757->1776->1777->1798->1782->1791->1785->1818->1821->1823->1824->1857->1859->1877->1861->1871->1890->1907->1906->1940->1941->1951->1969->1980->1978->1982->1987->1991->2001->2002->2005->2013->2047->2049->2065->2050->2059->2063->2071->2074->2077->2079->2099->2100->2116->2118->2121->2134->2137->2148->2158->2169->2171->2174->2181->2186->2196->2204->2208->2212->2217->2229->2461->2466->2476->2485->2490,2490->2500,RESULTS/COMBINED_ALL_METHODS/results_all_methods_parameter_sensitivity_spot_level.csv
PSO,N2500_PS_traffic_very_low_I1,N2500_PS_traffic_very_low_I1.dat,parameter_sensitivity/medium_large/N2500_PS_traffic_very_low_I1.dat,parameter_sensitivity,N2500,SUMO,traffic_level,traffic_level,very_low,2500,7696,125,3732,375,0.1,375,2491,2500,0.9,0.5,20.5,2491,2500,0.9,0.5,20.5,0.9,TRUE,solved,2490,294,2490_S001,near,1,0.2460999999999999,0.001557,0.002951,0.1348,0.027,0.029951,0.2776079999999999,0.2460999999999999,0.1348,0.029951,0.2776079999999999,9.13,15.903831999999996,406530.136,2491->2493->2341->2328->2326->2320->2317->2300->2282->2268->2263->2256->2252->2251->2247->2244->2240->2226->2237->2220->2235->2236->2218->2228->2211->2202->2178->2156->2170->2155->2154->2130->2109->2098->2085->2072->2078->2069->2046->2038->2033->2030->2044->2028->2017->2014->1968->1955->1902->1895->1894->1893->1882->1872->1864->1869->1863->1860->1841->1840->1832->1827->1826->1814->1813->1807->1789->1788->1781->1779->1774->1784->1780->1778->1767->1764->1740->1736->1735->1731->1718->1713->1707->1693->1681->1677->1672->1665->1664->1655->1649->1643->1637->1628->1610->1587->1579->1552->1550->1548->1547->1530->1537->1525->1524->1492->1490->1488->1495->1479->1486->1471->1469->1465->1460->1430->1423->1401->1391->1384->1380->1374->1373->1369->1359->1355->1344->1311->1301->1310->1298->1290->1281->1274->1270->1279->1262->1257->1254->1234->1219->1206->1228->1203->1194->1197->1177->1170->1153->1152->1149->1142->1134->1130->1125->1117->1113->1129->1111->1099->1089->1075->1069->1065->1064->1063->1051->1042->1039->1050->1037->1036->1027->1006->988->981->969->929->924->917->912->904->903->896->892->905->888->885->878->877->874->865->857->856->851->813->810->805->786->762->761->757->755->725->715->711->723->705->696->691->697->698->689->687->681->674->667->659->669->657->636->609->599->592->588->576->574->586->568->575->564->560->549->547->545->543->540->566->561->532->542->534->792->772->747->519->527->522->508->501->476->469->463->450->436->430->415->408->393->387->688->371->633->353->348->346->558->552->520->514->523->509->289->500->262->466->456->457->206->209->201->198->392->390->383->380->339->174->335->341->333->326->316->169->172->105->108->112->52->51->50->48->78->182->5->6->10->13->14->15->8->12->24->19->28->22->26->33->27->34->54->29->89->98->49->85->111->100->119->114->122->123->125->133->134->181->143->146->216->223->195->166->158->170->173->185->192->231->197->204->202->260->265->263->275->288->290->293->306->317->358->363->379->384->394->407->396->397->401->406->398->403->413->440->449->455->460->468->462->471->482->497->517->518->536->537->546->551->553->555->562->569->570->573->593->600->602->615->628->637->642->658->668->694->700->713->721->734->745->748->749->753->763->764->766->783->784->791->815->816->821->826->830->839->842->849->852->860->864->866->867->870->880->882->887->893->894->910->933->944->946->948->976->978->985->991->995->1017->1024->1031->1071->1077->1079->1091->1100->1110->1120->1116->1122->1139->1167->1168->1173->1175->1178->1192->1204->1182->1184->1193->1205->1210->1223->1229->1230->1241->1232->1237->1242->1244->1251->1269->1275->1278->1296->1322->1330->1348->1364->1353->1358->1366->1361->1362->1368->1385->1379->1381->1387->1390->1403->1417->1434->1428->1453->1462->1463->1481->1497->1500->1502->1503->1508->1510->1512->1531->1518->1528->1540->1542->1554->1555->1568->1576->1582->1583->1594->1586->1590->1600->1618->1593->1601->1595->1607->1616->1620->1633->1641->1680->1688->1719->1739->1751->1755->1757->1776->1777->1794->1798->1782->1785->1818->1821->1823->1824->1857->1859->1861->1871->1875->1890->1907->1906->1940->1941->1951->1969->1980->1978->1982->1987->1991->2001->2002->2005->2013->2047->2059->2063->2071->2074->2077->2079->2099->2100->2116->2118->2121->2134->2137->2148->2158->2169->2159->2174->2181->2186->2196->2207->2204->2208->2212->2217->2229->2490,2490->2500,RESULTS/PSO/log_pso_spot.csv
ACO,N2500_PS_walking_distance_W025_I1,N2500_PS_walking_distance_W025_I1.dat,parameter_sensitivity/medium_large/N2500_PS_walking_distance_W025_I1.dat,parameter_sensitivity,N2500,SUMO,maximum_walking_distance,maximum_walking_distance,0.25,2500,7696,125,3732,375,0.1,375,2491,2500,0.9,0.25,20.5,2491,2500,0.9,0.25,20.5,0.9,TRUE,solved,2490,294,2490_S001,near,1,0.20500000000000035,0.001557,0.002951,0.1348,0.027,0.029951,0.23650800000000036,0.20500000000000035,0.1348,0.029951,0.23650800000000036,9.13,13.68443200000002,57978.854,2491->2341->2328->2326->2320->2317->2305->2300->2282->2268->2263->2256->2252->2251->2247->2244->2240->2226->2237->2220->2235->2218->2228->2214->2211->2202->2178->2156->2183->2170->2155->2154->2130->2109->2098->2085->2072->2082->2069->2046->2038->2033->2030->2044->2028->2014->1968->1955->1902->1895->1894->1893->1882->1872->1864->1869->1863->1860->1841->1840->1832->1827->1826->1814->1813->1807->1789->1788->1781->1779->1774->1784->1780->1778->1767->1764->1740->1736->1735->1731->1718->1713->1707->1693->1681->1677->1687->1672->1665->1673->1664->1655->1649->1643->1637->1628->1610->1587->1579->1552->1550->1548->1530->1537->1525->1492->1490->1488->1495->1479->1486->1471->1465->1460->1430->1423->1406->1401->1391->1384->1380->1374->1373->1369->1359->1355->1344->1311->1301->1310->1298->1290->1281->1274->1270->1279->1262->1257->1254->1252->1219->1206->1228->1212->1203->1194->1197->1177->1170->1153->1152->1149->1142->1134->1130->1125->1117->1113->1129->1111->1099->1089->1075->1069->1065->1064->1063->1051->1042->1039->1050->1037->1036->1027->1006->988->981->969->929->924->917->912->904->903->896->892->905->888->885->878->877->874->865->861->857->856->851->818->813->810->812->805->786->762->761->757->755->725->715->711->723->705->696->691->697->698->689->687->681->674->667->659->657->636->609->599->592->588->576->574->586->568->575->564->560->549->547->545->543->540->538->561->532->542->534->539->526->525->527->508->501->476->469->463->450->437->436->430->408->393->387->372->375->371->362->373->356->350->353->348->346->349->334->337->331->329->324->321->309->298->299->296->289->284->266->262->259->254->235->233->232->230->229->217->228->210->206->209->201->198->196->193->190->183->178->174->168->164->163->162->155->108->51->50->82->81->77->69->68->63->21->1->5->6->10->11->15->24->19->28->22->30->34->54->29->49->85->100->119->114->122->123->125->133->134->181->143->146->156->166->158->173->185->192->204->202->260->263->275->288->290->293->306->317->358->363->379->384->394->407->396->397->401->406->398->403->413->440->449->455->460->468->471->482->497->517->518->537->546->551->553->555->562->569->570->573->593->600->602->615->628->637->642->658->668->694->700->713->721->734->745->748->749->753->763->765->764->766->783->784->791->815->816->821->826->830->839->854->849->852->860->864->866->867->870->880->882->887->893->894->910->933->944->946->948->976->978->985->991->995->1017->1024->1031->1071->1077->1079->1091->1100->1110->1120->1122->1139->1167->1168->1181->1175->1178->1192->1204->1182->1184->1193->1205->1210->1223->1229->1230->1241->1232->1237->1242->1244->1251->1269->1275->1278->1296->1322->1330->1348->1364->1353->1358->1361->1362->1368->1379->1381->1387->1390->1403->1417->1434->1426->1428->1453->1462->1463->1481->1497->1500->1502->1503->1508->1510->1512->1531->1518->1528->1540->1542->1554->1555->1568->1576->1582->1583->1594->1586->1590->1600->1618->1593->1601->1604->1607->1616->1620->1633->1641->1680->1688->1719->1739->1751->1755->1757->1776->1777->1798->1782->1791->1785->1818->1821->1823->1824->1857->1859->1861->1871->1890->1907->1906->1940->1941->1951->1969->1980->1978->1982->1987->1991->2001->2002->2005->2013->2047->2059->2063->2071->2074->2077->2079->2099->2100->2116->2118->2121->2134->2137->2148->2158->2169->2171->2174->2181->2195->2186->2196->2204->2208->2212->2217->2229->2490,2490->2500,RESULTS/ACO/log_aco_spot.csv
GA,N2500_PS_walking_distance_W025_I1,N2500_PS_walking_distance_W025_I1.dat,parameter_sensitivity/medium_large/N2500_PS_walking_distance_W025_I1.dat,parameter_sensitivity,N2500,SUMO,maximum_walking_distance,maximum_walking_distance,0.25,2500,7696,125,3732,375,0.1,375,2491,2500,0.9,0.25,20.5,2491,2500,0.9,0.25,20.5,0.9,TRUE,solved,2476,340,2476_S001,near,1,0.3120000000000007,0.001603,0.003195,0.1661,0.0332,0.036395,0.34999800000000075,0.3120000000000007,0.1661,0.036395,0.34999800000000075,6.66,19.56589200000004,157888.891,2491->2341->2340->2332->2328->2326->2320->2317->2305->2311->2300->2282->2268->2263->2256->2252->2251->2247->2257->2240->2226->2237->2223->2220->2215->2235->2218->2228->2214->2211->2202->2178->2156->2170->2155->2154->2136->2130->2109->2098->2085->2072->2078->2069->2046->2038->2033->2030->2044->2028->2014->1968->1955->1902->1895->1894->1893->1882->1872->1864->1869->1863->1860->1841->1840->1832->1827->1826->1814->1813->1807->1789->1788->1781->1779->1774->1771->1784->1780->1778->1766->1764->1763->1740->1736->1735->1731->1718->1713->1707->1697->1693->1681->1677->1672->1665->1664->1655->1649->1643->1637->1628->1625->1610->1587->1579->1552->1550->1548->1547->1530->1537->1525->1524->1492->1490->1488->1495->1479->1486->1471->1469->1465->1460->1430->1423->1406->1401->1391->1384->1380->1374->1373->1369->1359->1355->1344->1311->1301->1310->1298->1290->1281->1274->1270->1279->1277->1262->1257->1254->1252->1234->1219->1206->1228->1203->1194->1197->1177->1170->1153->1152->1149->1142->1134->1130->1125->1117->1113->1129->1111->1099->1089->1075->1069->1065->1064->1063->1051->1055->1042->1039->1050->1037->1036->1027->1006->988->981->969->961->929->924->917->912->907->904->903->896->892->905->888->885->878->877->874->865->857->856->851->813->810->812->805->786->762->776->757->755->741->725->715->711->708->705->696->691->697->698->689->687->695->681->674->667->661->659->657->636->609->599->592->588->576->574->586->568->575->581->560->549->547->545->543->540->566->561->548->542->534->539->526->525->527->508->519->747->737->733->731->744->739->727->732->439->450->436->430->422->415->408->393->387->372->375->633->365->348->346->344->558->314->309->520->514->523->529->516->299->298->500->492->485->266->262->466->456->457->441->438->425->424->206->209->201->198->196->193->392->390->383->385->183->339->174->168->164->163->175->172->155->169->278->147->153->272->246->243->141->140->135->241->242->108->105->95->87->136->113->145->369->226->237->253->367->26->30->32->45->27->34->54->29->49->121->98->94->67->85->100->111->119->114->129->122->123->125->133->134->181->143->146->216->187->177->167->158->173->185->197->199->204->202->260->263->268->275->288->290->293->297->306->317->358->363->379->384->402->394->407->396->397->401->406->398->399->403->413->440->454->449->455->460->468->471->482->495->497->517->518->536->537->546->551->553->555->562->569->570->573->593->600->602->615->628->637->642->658->668->694->700->709->713->721->734->745->748->749->753->763->765->764->766->783->793->791->815->816->822->821->826->830->839->842->854->849->852->860->864->866->875->867->870->880->882->887->893->894->910->933->944->946->948->976->978->985->991->995->1011->1017->1024->1031->1068->1071->1077->1079->1091->1092->1100->1110->1120->1122->1139->1167->1168->1181->1173->1175->1178->1192->1191->1199->1204->1180->1182->1184->1193->1205->1210->1223->1229->1230->1241->1232->1237->1242->1244->1251->1269->1275->1278->1296->1322->1330->1348->1364->1353->1358->1361->1362->1368->1385->1379->1381->1387->1390->1403->1417->1408->1426->1428->1453->1462->1463->1481->1497->1499->1500->1502->1503->1508->1510->1512->1521->1531->1518->1528->1540->1542->1554->1555->1568->1576->1582->1583->1594->1586->1588->1599->1618->1593->1601->1595->1604->1607->1616->1620->1630->1633->1641->1680->1688->1719->1739->1751->1755->1757->1776->1777->1794->1798->1782->1791->1785->1818->1821->1823->1824->1857->1859->1861->1871->1875->1890->1907->1906->1940->1941->1951->1969->1980->1978->1982->1987->1991->2001->2002->2005->2013->2047->2049->2050->2059->2081->2089->2096->2110->2063->2071->2074->2077->2079->2099->2100->2116->2118->2121->2134->2137->2148->2158->2169->2159->2174->2181->2195->2186->2196->2204->2208->2212->2217->2229->2460->2456->2473->2461->2466->2476,2476->2500,RESULTS/GA/log_ga_spot.csv
Optimization,N2500_PS_walking_distance_W025_I1,N2500_PS_walking_distance_W025_I1.dat,parameter_sensitivity/medium_large/N2500_PS_walking_distance_W025_I1.dat,parameter_sensitivity,N2500,SUMO,maximum_walking_distance,maximum_walking_distance,0.25,2500,7696,125,3732,375,0.1,375,2491,2500,0.9,0.25,20.5,2491,2500,0.9,0.25,20.5,0.9,TRUE,inferred_from_previous_exact_lot_solution,2476,340,2476_S001,near,1,0.2871000000000006,0.001603,0.003195,0.1661,0.0332,0.036395,0.3250980000000006,0.2871000000000006,0.1661,0.036395,0.3250980000000006,6.66,18.221292000000034,511492.406,2491->2341->2328->2326->2320->2317->2305->2300->2282->2268->2263->2256->2252->2251->2247->2257->2240->2226->2237->2220->2235->2236->2218->2214->2211->2202->2178->2156->2170->2155->2154->2130->2109->2098->2085->2072->2082->2069->2046->2038->2033->2030->2044->2028->2014->1968->1955->1902->1895->1894->1893->1882->1872->1864->1869->1863->1860->1841->1840->1832->1827->1826->1814->1813->1807->1789->1788->1781->1779->1774->1784->1780->1778->1767->1764->1740->1736->1735->1731->1718->1713->1707->1693->1681->1677->1672->1665->1664->1655->1649->1643->1637->1628->1610->1587->1579->1552->1550->1548->1530->1537->1525->1524->1492->1490->1488->1495->1479->1486->1471->1469->1465->1460->1430->1423->1406->1401->1391->1384->1380->1374->1373->1369->1359->1355->1344->1311->1301->1310->1298->1290->1281->1274->1270->1279->1262->1257->1254->1234->1219->1206->1228->1203->1194->1197->1177->1170->1153->1152->1149->1142->1134->1130->1125->1117->1113->1129->1111->1099->1089->1075->1069->1065->1064->1063->1051->1042->1039->1050->1037->1036->1027->1006->988->981->969->929->924->917->912->904->903->896->892->905->888->885->878->877->874->865->857->856->851->818->813->810->812->805->786->762->776->761->757->755->725->715->711->708->705->696->691->697->689->687->681->674->667->659->657->636->609->599->592->588->576->574->586->568->575->564->581->560->549->547->545->543->540->538->561->532->542->534->792->772->759->747->737->733->731->739->727->726->720->430->408->393->688->373->356->350->365->348->626->625->606->608->616->334->558->314->491->487->266->262->464->456->457->206->209->201->198->196->193->392->390->383->380->183->178->174->168->333->341->338->163->175->105->96->60->50->82->78->102->104->91->84->58->46->113->145->369->226->237->253->20->32->26->33->27->34->54->53->29->49->85->100->119->114->122->123->125->133->152->134->181->143->146->156->187->223->195->166->167->158->170->173->185->192->204->202->260->263->275->288->290->293->306->317->358->363->379->384->394->407->396->397->401->406->398->403->413->440->449->453->455->460->461->462->471->482->497->517->518->537->546->551->553->554->555->562->569->570->573->593->600->602->615->628->637->642->658->668->694->700->709->713->721->734->745->748->749->753->763->765->764->766->783->784->791->815->816->822->821->826->830->839->842->849->852->860->864->866->867->870->880->882->887->893->894->910->933->944->946->948->976->978->985->991->995->1011->1017->1024->1031->1071->1077->1079->1091->1100->1110->1120->1122->1139->1167->1168->1181->1175->1178->1192->1180->1182->1184->1193->1205->1210->1223->1229->1230->1241->1232->1237->1242->1244->1251->1269->1275->1278->1296->1322->1330->1348->1364->1353->1358->1361->1362->1368->1379->1382->1387->1390->1403->1417->1408->1426->1428->1453->1462->1463->1481->1497->1500->1502->1503->1508->1510->1512->1521->1522->1518->1528->1540->1542->1554->1555->1568->1576->1582->1583->1594->1586->1590->1600->1618->1593->1601->1595->1607->1616->1620->1633->1641->1680->1688->1719->1739->1751->1755->1757->1776->1777->1798->1782->1785->1818->1821->1823->1824->1857->1859->1861->1871->1890->1907->1906->1940->1941->1951->1969->1980->1978->1982->1986->1987->1991->1992->2002->2005->2013->2047->2059->2063->2071->2074->2077->2079->2099->2108->2100->2116->2118->2121->2134->2137->2148->2158->2169->2159->2174->2181->2186->2196->2204->2208->2212->2217->2229->2476,2476->2500,RESULTS/COMBINED_ALL_METHODS/results_all_methods_parameter_sensitivity_spot_level.csv
PSO,N2500_PS_walking_distance_W025_I1,N2500_PS_walking_distance_W025_I1.dat,parameter_sensitivity/medium_large/N2500_PS_walking_distance_W025_I1.dat,parameter_sensitivity,N2500,SUMO,maximum_walking_distance,maximum_walking_distance,0.25,2500,7696,125,3732,375,0.1,375,2491,2500,0.9,0.25,20.5,2491,2500,0.9,0.25,20.5,0.9,TRUE,solved,2456,465,2456_S001,near,1,0.2578000000000004,0.001699,0.003698,0.2297,0.0459,0.049598,0.3090970000000004,0.2578000000000004,0.2297,0.049598,0.3090970000000004,18.05,18.496238000000023,348837.238,2491->2341->2332->2328->2326->2320->2317->2300->2282->2268->2263->2256->2252->2251->2247->2244->2240->2226->2237->2220->2235->2218->2228->2214->2211->2202->2187->2178->2156->2183->2155->2154->2130->2109->2098->2085->2072->2082->2069->2046->2038->2033->2030->2044->2028->2014->1968->1955->1902->1895->1894->1893->1882->1872->1864->1869->1863->1860->1841->1840->1832->1827->1826->1814->1813->1807->1789->1788->1781->1779->1774->1784->1780->1778->1766->1764->1740->1736->1735->1731->1718->1713->1707->1693->1681->1677->1672->1665->1664->1655->1649->1643->1637->1628->1610->1587->1579->1552->1550->1548->1547->1530->1537->1525->1492->1490->1488->1495->1479->1486->1471->1465->1460->1430->1423->1406->1401->1391->1384->1380->1374->1373->1369->1359->1355->1344->1311->1301->1310->1298->1290->1281->1274->1270->1279->1262->1257->1254->1234->1219->1206->1212->1203->1194->1197->1177->1170->1153->1152->1149->1142->1134->1130->1125->1117->1113->1129->1111->1099->1089->1075->1069->1065->1064->1063->1051->1042->1039->1050->1037->1036->1027->1006->988->981->969->961->929->924->917->912->904->903->896->892->905->888->885->878->877->874->865->857->856->851->813->810->805->786->762->776->761->757->755->725->715->711->708->705->696->691->697->698->689->687->681->674->667->659->657->636->609->599->592->588->576->574->586->568->575->564->560->549->547->545->543->540->566->561->532->542->534->530->539->526->524->522->508->501->476->469->463->450->436->430->408->393->688->373->626->366->349->334->558->314->491->487->485->479->475->458->466->456->457->206->420->219->217->228->210->410->198->196->193->190->183->178->174->168->164->163->175->105->95->87->109->127->39->38->78->77->69->25->36->46->63->21->1->2->3->13->14->15->24->19->20->32->45->27->34->54->29->49->85->111->119->114->122->123->125->133->134->181->191->184->194->189->216->187->156->166->158->173->185->192->199->197->204->202->260->263->275->288->290->293->306->317->358->363->379->384->394->407->396->397->401->406->398->399->403->413->440->449->455->460->468->471->482->497->517->518->537->546->551->553->555->562->569->570->573->593->600->602->615->628->637->642->658->668->694->700->713->721->734->745->748->749->753->763->764->766->783->793->791->815->816->821->826->830->839->842->849->852->860->864->866->867->870->880->882->887->893->894->910->933->944->946->948->976->978->985->991->995->1017->1024->1031->1071->1077->1079->1091->1100->1110->1120->1116->1122->1139->1167->1168->1181->1175->1178->1192->1204->1182->1184->1193->1205->1210->1223->1229->1230->1241->1232->1237->1242->1244->1251->1269->1275->1278->1296->1322->1330->1348->1364->1353->1358->1366->1362->1368->1379->1381->1387->1390->1403->1417->1434->1428->1453->1462->1463->1481->1497->1499->1500->1502->1503->1508->1510->1512->1531->1518->1528->1540->1542->1554->1555->1568->1576->1582->1583->1594->1586->1590->1600->1618->1593->1601->1604->1607->1616->1620->1633->1641->1680->1688->1719->1739->1751->1755->1757->1776->1777->1798->1782->1785->1818->1821->1823->1824->1857->1859->1861->1871->1890->1907->1906->1940->1941->1951->1969->1980->1978->1982->1987->1991->2001->2002->2005->2013->2047->2049->2065->2059->2063->2071->2074->2077->2079->2099->2100->2116->2118->2121->2134->2137->2148->2158->2169->2171->2174->2181->2186->2196->2204->2208->2212->2217->2229->2456,2456->2500,RESULTS/PSO/log_pso_spot.csv
ACO,N2500_PS_walking_distance_W050_I1,N2500_PS_walking_distance_W050_I1.dat,parameter_sensitivity/medium_large/N2500_PS_walking_distance_W050_I1.dat,parameter_sensitivity,N2500,SUMO,maximum_walking_distance,maximum_walking_distance,0.50,2500,7696,125,3732,375,0.1,375,2491,2500,0.9,0.5,20.5,2491,2500,0.9,0.5,20.5,0.9,TRUE,solved,2476,340,2476_S001,near,1,0.2046000000000003,0.001603,0.003195,0.1661,0.0332,0.036395,0.2425980000000003,0.2046000000000003,0.1661,0.036395,0.2425980000000003,6.66,13.766292000000018,58863.106,2491->2341->2328->2326->2320->2317->2305->2300->2282->2268->2263->2256->2252->2251->2247->2244->2240->2226->2237->2220->2235->2218->2228->2214->2211->2202->2178->2156->2183->2170->2155->2154->2130->2109->2098->2085->2072->2082->2069->2046->2038->2033->2030->2044->2028->2014->1968->1955->1902->1895->1894->1893->1882->1872->1864->1869->1863->1860->1841->1840->1832->1827->1826->1814->1813->1807->1789->1788->1781->1779->1774->1784->1780->1778->1767->1764->1740->1736->1735->1731->1718->1713->1707->1693->1681->1677->1687->1672->1665->1673->1664->1655->1649->1643->1637->1628->1610->1587->1579->1552->1550->1548->1530->1537->1525->1492->1490->1488->1495->1479->1486->1471->1465->1460->1430->1423->1406->1401->1391->1384->1380->1374->1373->1369->1359->1355->1344->1311->1301->1310->1298->1290->1281->1274->1270->1279->1262->1257->1254->1252->1219->1206->1228->1212->1203->1194->1197->1177->1170->1153->1152->1149->1142->1134->1130->1125->1117->1113->1129->1111->1099->1089->1075->1069->1065->1064->1063->1051->1042->1039->1050->1037->1036->1027->1006->988->981->969->929->924->917->912->904->903->896->892->905->888->885->878->877->874->865->861->857->856->851->818->813->810->812->805->786->762->761->757->755->725->715->711->723->705->696->691->697->698->689->687->681->674->667->659->657->636->609->599->592->588->576->574->586->568->575->564->560->549->547->545->543->540->538->561->532->542->534->539->526->525->527->508->501->476->469->463->450->436->430->408->393->387->372->375->371->362->373->356->350->353->348->346->349->334->337->331->329->324->321->309->298->299->296->289->284->266->262->259->254->235->233->232->230->229->217->228->210->206->209->201->198->196->193->190->183->178->174->168->164->163->162->155->108->51->50->82->81->77->69->68->63->21->1->5->6->10->11->15->24->19->28->22->30->34->54->29->49->85->100->119->114->122->123->125->133->134->181->143->146->156->166->158->173->185->192->204->202->260->263->275->288->290->293->306->317->358->363->379->384->394->407->396->397->401->406->398->403->413->440->449->455->460->468->471->482->497->517->518->537->546->551->553->555->562->569->570->573->593->600->602->615->628->637->642->658->668->694->700->713->721->734->745->748->749->753->763->765->764->766->783->784->791->815->816->821->826->830->839->854->849->852->860->864->866->867->870->880->882->887->893->894->910->933->944->946->948->976->978->985->991->995->1017->1024->1031->1071->1077->1079->1091->1100->1110->1120->1122->1139->1167->1168->1181->1175->1178->1192->1204->1182->1184->1193->1205->1210->1223->1229->1230->1241->1232->1237->1242->1244->1251->1269->1275->1278->1296->1322->1330->1348->1364->1353->1358->1361->1362->1368->1379->1381->1387->1390->1403->1417->1434->1426->1428->1453->1462->1463->1481->1497->1500->1502->1503->1508->1510->1512->1531->1518->1528->1540->1542->1554->1555->1568->1576->1582->1583->1594->1586->1590->1600->1618->1593->1601->1604->1607->1616->1620->1633->1641->1680->1688->1719->1739->1751->1755->1757->1776->1777->1798->1782->1791->1785->1818->1821->1823->1824->1857->1859->1861->1871->1890->1907->1906->1940->1941->1951->1969->1980->1978->1982->1987->1991->2001->2002->2005->2013->2047->2059->2063->2071->2074->2077->2079->2099->2100->2116->2118->2121->2134->2137->2148->2158->2169->2171->2174->2181->2195->2186->2196->2204->2208->2212->2217->2229->2461->2466->2476,2476->2500,RESULTS/ACO/log_aco_spot.csv
GA,N2500_PS_walking_distance_W050_I1,N2500_PS_walking_distance_W050_I1.dat,parameter_sensitivity/medium_large/N2500_PS_walking_distance_W050_I1.dat,parameter_sensitivity,N2500,SUMO,maximum_walking_distance,maximum_walking_distance,0.50,2500,7696,125,3732,375,0.1,375,2491,2500,0.9,0.5,20.5,2491,2500,0.9,0.5,20.5,0.9,TRUE,solved,2476,341,2476_S002,near,1,0.30910000000000065,0.002259,0.00477,0.1661,0.0332,0.037970000000000004,0.34932900000000067,0.30910000000000065,0.1661,0.037970000000000004,0.34932900000000067,6.76,19.539766000000036,46006.545,2491->2493->2484->2487->2341->2340->2332->2328->2326->2320->2317->2300->2282->2268->2263->2256->2252->2251->2247->2257->2240->2226->2237->2223->2220->2215->2235->2218->2228->2211->2202->2178->2156->2183->2155->2154->2130->2109->2098->2085->2072->2078->2069->2046->2038->2033->2030->2044->2028->2017->2014->1968->1955->1902->1910->1894->1893->1882->1872->1864->1869->1863->1860->1841->1840->1832->1827->1826->1814->1813->1807->1789->1806->1781->1779->1774->1771->1784->1780->1778->1766->1764->1740->1736->1735->1731->1718->1713->1707->1697->1693->1681->1677->1672->1665->1664->1655->1649->1640->1643->1637->1628->1610->1587->1579->1552->1550->1548->1547->1530->1537->1525->1524->1492->1490->1488->1495->1479->1486->1471->1465->1460->1430->1423->1406->1401->1391->1384->1386->1380->1374->1373->1369->1359->1355->1344->1311->1301->1310->1298->1290->1281->1274->1270->1279->1277->1262->1257->1254->1234->1231->1219->1206->1228->1203->1194->1197->1177->1170->1153->1152->1149->1142->1134->1130->1125->1117->1113->1129->1111->1099->1089->1075->1069->1065->1064->1063->1051->1055->1042->1039->1050->1037->1036->1027->1006->988->981->969->929->924->917->912->904->903->896->892->905->888->885->878->877->874->865->857->856->851->813->810->805->786->762->776->757->755->741->725->715->711->723->708->705->696->691->697->689->687->695->681->674->667->659->657->636->609->599->592->588->576->574->586->568->575->581->564->560->549->547->545->543->540->538->561->532->542->534->539->526->524->522->508->519->747->737->476->469->463->450->439->437->436->430->408->393->387->372->375->663->677->373->356->350->626->625->606->608->616->334->558->314->491->487->492->266->262->479->475->458->464->466->456->232->230->229->420->418->409->404->198->196->193->190->183->178->174->335->341->168->370->380->339->338->164->326->316->301->318->162->155->172->175->105->95->87->99->139->136->113->35->23->21->1->2->7->14->15->11->4->8->12->24->19->20->26->33->27->45->32->30->34->54->29->89->49->85->100->111->119->114->122->123->125->133->134->181->191->143->146->216->187->177->167->158->173->185->192->231->197->204->202->260->265->263->268->275->288->290->293->297->306->317->358->363->379->384->394->407->396->397->401->406->398->403->413->440->449->453->455->460->468->471->482->495->497->517->518->536->537->546->551->553->554->555->562->569->570->573->593->600->602->615->628->637->642->658->668->694->700->709->713->721->734->745->748->749->753->763->765->764->766->783->784->791->815->816->821->826->830->839->854->849->852->860->864->876->866->867->870->880->882->889->887->893->894->910->933->944->946->956->976->978->985->991->995->1011->1017->1024->1031->1068->1071->1077->1079->1091->1092->1100->1110->1120->1122->1139->1167->1168->1181->1173->1175->1178->1189->1192->1199->1204->1182->1184->1193->1205->1210->1223->1229->1230->1241->1232->1237->1242->1244->1251->1269->1275->1278->1296->1322->1330->1348->1364->1353->1358->1361->1366->1362->1368->1379->1382->1387->1390->1403->1417->1434->1428->1453->1462->1463->1481->1497->1500->1502->1503->1508->1510->1512->1521->1522->1518->1528->1540->1542->1554->1555->1568->1576->1582->1583->1594->1586->1590->1599->1600->1618->1593->1601->1595->1607->1616->1620->1630->1633->1641->1680->1688->1719->1739->1751->1755->1757->1776->1777->1794->1798->1782->1791->1785->1818->1834->1821->1823->1824->1857->1861->1871->1890->1907->1906->1940->1941->1951->1969->1980->1978->1982->1987->1991->1992->2002->2005->2013->2047->2049->2050->2059->2081->2089->2110->2063->2071->2074->2077->2079->2099->2108->2100->2116->2118->2121->2134->2137->2148->2158->2169->2159->2174->2181->2195->2186->2196->2207->2204->2208->2212->2217->2229->2490->2499->2485->2476,2476->2500,RESULTS/GA/log_ga_spot.csv
Optimization,N2500_PS_walking_distance_W050_I1,N2500_PS_walking_distance_W050_I1.dat,parameter_sensitivity/medium_large/N2500_PS_walking_distance_W050_I1.dat,parameter_sensitivity,N2500,SUMO,maximum_walking_distance,maximum_walking_distance,0.50,2500,7696,125,3732,375,0.1,375,2491,2500,0.9,0.5,20.5,2491,2500,0.9,0.5,20.5,0.9,TRUE,inferred_from_previous_exact_lot_solution,2425,689,2425_S001,near,1,0.2806000000000004,0.001791,0.004334,0.3145,0.0629,0.067234,0.3496250000000004,0.2806000000000004,0.3145,0.067234,0.3496250000000004,7.05,19.58475000000002,409815.61,2491->2341->2328->2326->2320->2317->2300->2282->2268->2263->2256->2252->2251->2247->2257->2240->2226->2237->2220->2215->2235->2218->2214->2211->2202->2187->2178->2156->2170->2155->2154->2130->2109->2098->2085->2072->2082->2069->2046->2038->2033->2030->2044->2028->2014->1968->1955->1902->1895->1894->1893->1882->1872->1864->1869->1863->1860->1841->1840->1832->1827->1826->1814->1813->1807->1789->1788->1781->1779->1774->1784->1780->1778->1767->1764->1740->1736->1735->1731->1718->1713->1707->1693->1681->1677->1672->1665->1664->1655->1649->1643->1637->1628->1610->1587->1579->1552->1550->1548->1530->1537->1525->1492->1490->1488->1495->1479->1486->1471->1465->1460->1430->1423->1406->1401->1391->1384->1380->1374->1373->1369->1359->1355->1344->1311->1301->1310->1298->1290->1281->1274->1270->1279->1262->1257->1254->1234->1219->1206->1212->1203->1194->1197->1177->1170->1153->1152->1149->1142->1134->1130->1125->1117->1113->1129->1111->1099->1089->1075->1069->1065->1064->1063->1051->1055->1042->1039->1050->1037->1036->1027->1006->988->981->969->961->929->924->917->912->904->903->896->892->905->888->885->878->877->874->865->857->856->851->818->813->810->805->786->762->776->757->755->741->725->715->711->723->705->696->691->697->698->689->687->695->681->674->667->659->657->636->609->599->592->588->576->574->586->568->575->564->560->549->547->545->543->540->566->561->532->542->530->539->526->525->527->519->501->476->469->463->467->450->439->437->436->430->422->415->408->393->706->690->680->373->361->626->366->587->577->324->321->314->491->284->500->259->254->235->438->206->410->198->196->193->190->380->339->174->335->341->333->326->318->301->278->147->137->354->357->41->66->56->103->220->16->17->18->24->19->28->22->26->32->45->27->34->54->29->49->85->100->119->114->122->123->125->133->134->181->143->146->156->166->158->170->211->212->227->185->197->204->202->260->263->275->288->290->293->306->317->358->363->379->384->394->407->396->397->401->406->398->403->413->440->449->453->455->460->468->471->482->497->517->518->536->537->546->551->553->555->562->569->570->573->593->600->602->615->628->637->642->658->668->694->700->713->721->734->745->748->749->753->763->765->764->766->783->784->791->815->816->821->826->830->839->842->849->852->860->864->866->867->870->880->882->887->893->894->910->933->944->946->948->976->978->985->991->995->1017->1024->1031->1071->1077->1079->1091->1100->1110->1120->1116->1122->1139->1167->1168->1173->1175->1189->1192->1204->1180->1182->1184->1193->1205->1210->1223->1229->1230->1241->1232->1237->1242->1244->1251->1269->1275->1278->1296->1322->1330->1348->1364->1353->1358->1361->1362->1368->1385->1379->1382->1387->1390->1403->1417->1434->1428->1453->1462->1463->1481->1497->1500->1502->1503->1508->1510->1512->1531->1518->1528->1540->1542->1554->1555->1568->1576->1582->1583->1594->1586->1590->1600->1618->1593->1601->1595->1607->1616->1620->1633->1641->1680->1688->1719->1739->1751->1755->1757->1776->1777->1798->1782->1785->1818->1821->1823->1824->1857->1859->1877->1861->1871->1890->1907->1906->1940->1941->1951->1969->1980->1978->1982->1986->1987->1991->1992->2002->2005->2013->2047->2050->2049->2065->2081->2089->2110->2063->2071->2074->2077->2079->2099->2100->2116->2118->2121->2134->2137->2148->2158->2169->2171->2174->2181->2186->2196->2204->2208->2212->2217->2229->2425,2425->2500,RESULTS/COMBINED_ALL_METHODS/results_all_methods_parameter_sensitivity_spot_level.csv
PSO,N2500_PS_walking_distance_W050_I1,N2500_PS_walking_distance_W050_I1.dat,parameter_sensitivity/medium_large/N2500_PS_walking_distance_W050_I1.dat,parameter_sensitivity,N2500,SUMO,maximum_walking_distance,maximum_walking_distance,0.50,2500,7696,125,3732,375,0.1,375,2491,2500,0.9,0.5,20.5,2491,2500,0.9,0.5,20.5,0.9,TRUE,solved,2476,340,2476_S001,near,1,0.31290000000000084,0.001603,0.003195,0.1661,0.0332,0.036395,0.3508980000000009,0.31290000000000084,0.1661,0.036395,0.3508980000000009,6.66,19.614492000000048,729944.251,2491->2341->2340->2332->2328->2326->2320->2317->2305->2300->2282->2268->2263->2256->2252->2251->2247->2244->2240->2226->2237->2220->2235->2236->2218->2228->2211->2202->2187->2178->2156->2183->2155->2154->2130->2109->2098->2085->2072->2078->2069->2046->2038->2033->2030->2044->2028->2014->1968->1955->1902->1895->1894->1893->1882->1872->1864->1869->1863->1860->1841->1840->1832->1827->1826->1814->1813->1807->1789->1806->1781->1779->1774->1784->1780->1778->1767->1764->1763->1740->1736->1735->1731->1718->1713->1707->1693->1689->1681->1677->1687->1672->1665->1664->1655->1649->1643->1637->1628->1610->1587->1579->1552->1550->1548->1530->1537->1525->1524->1492->1490->1488->1495->1479->1486->1471->1469->1465->1460->1430->1423->1401->1391->1384->1386->1380->1374->1373->1369->1359->1355->1344->1311->1301->1310->1298->1290->1281->1274->1270->1279->1262->1257->1254->1234->1219->1206->1212->1203->1194->1197->1177->1170->1153->1152->1149->1142->1134->1130->1125->1117->1113->1129->1111->1105->1099->1089->1075->1069->1065->1064->1063->1051->1055->1042->1039->1050->1037->1036->1027->1006->988->981->969->929->924->917->912->904->903->896->892->905->888->885->878->877->874->865->857->856->851->813->810->805->786->762->776->757->755->725->715->711->723->705->696->691->697->698->689->687->681->674->667->659->657->636->609->599->592->588->576->574->586->568->575->564->560->549->547->545->543->540->538->561->532->542->534->824->792->772->747->519->508->501->476->469->733->731->744->739->450->436->430->720->422->415->408->393->688->677->660->646->638->641->631->623->365->626->366->344->346->577->559->314->493->284->500->262->466->456->457->441->438->425->206->209->201->198->196->193->190->380->178->174->335->341->338->164->163->175->105->95->87->109->127->39->38->55->37->31->69->25->36->46->35->23->21->1->5->6->10->13->14->15->24->19->28->22->26->33->27->34->54->29->53->89->98->94->67->85->100->119->114->129->122->123->125->133->134->181->143->146->216->223->211->212->224->231->197->204->202->260->265->263->268->275->288->290->293->306->317->358->363->379->384->394->407->396->397->401->406->398->399->403->413->440->449->455->460->461->462->471->482->495->497->517->518->537->546->551->553->555->562->569->570->573->593->600->602->615->628->637->642->658->668->694->700->713->721->734->745->748->749->753->763->764->766->783->793->791->815->816->821->826->830->839->854->849->852->860->864->876->866->867->870->880->882->887->893->894->910->933->944->946->948->956->976->978->985->991->995->1017->1024->1031->1071->1077->1079->1091->1092->1100->1110->1120->1116->1122->1139->1167->1168->1181->1175->1178->1192->1204->1180->1182->1184->1193->1205->1210->1223->1229->1230->1241->1232->1237->1242->1244->1251->1269->1275->1278->1296->1322->1330->1348->1364->1353->1358->1361->1362->1368->1385->1379->1381->1387->1390->1403->1417->1434->1428->1453->1462->1463->1481->1497->1500->1502->1503->1508->1510->1512->1521->1531->1518->1528->1540->1542->1554->1555->1568->1576->1582->1583->1594->1586->1588->1599->1618->1593->1601->1604->1607->1616->1620->1633->1641->1680->1688->1719->1739->1751->1755->1757->1776->1777->1798->1782->1785->1818->1821->1823->1824->1857->1859->1861->1871->1875->1890->1907->1906->1940->1941->1951->1969->1980->1978->1982->1987->1991->1992->2001->2002->2005->2013->2047->2059->2063->2071->2074->2077->2079->2099->2100->2116->2118->2121->2134->2137->2148->2158->2169->2159->2174->2181->2186->2196->2204->2208->2212->2217->2229->2473->2461->2466->2476,2476->2500,RESULTS/PSO/log_pso_spot.csv
ACO,N2500_PS_walking_distance_W075_I1,N2500_PS_walking_distance_W075_I1.dat,parameter_sensitivity/medium_large/N2500_PS_walking_distance_W075_I1.dat,parameter_sensitivity,N2500,SUMO,maximum_walking_distance,maximum_walking_distance,0.75,2500,7696,125,3732,375,0.1,375,2491,2500,0.9,0.75,20.5,2491,2500,0.9,0.75,20.5,0.9,TRUE,solved,2490,294,2490_S001,near,1,0.20500000000000035,0.001557,0.002951,0.1348,0.027,0.029951,0.23650800000000036,0.20500000000000035,0.1348,0.029951,0.23650800000000036,9.13,13.68443200000002,18728.019,2491->2341->2328->2326->2320->2317->2305->2300->2282->2268->2263->2256->2252->2251->2247->2244->2240->2226->2237->2220->2235->2218->2228->2214->2211->2202->2178->2156->2183->2170->2155->2154->2130->2109->2098->2085->2072->2082->2069->2046->2038->2033->2030->2044->2028->2014->1968->1955->1902->1895->1894->1893->1882->1872->1864->1869->1863->1860->1841->1840->1832->1827->1826->1814->1813->1807->1789->1788->1781->1779->1774->1784->1780->1778->1767->1764->1740->1736->1735->1731->1718->1713->1707->1693->1681->1677->1687->1672->1665->1673->1664->1655->1649->1643->1637->1628->1610->1587->1579->1552->1550->1548->1530->1537->1525->1492->1490->1488->1495->1479->1486->1471->1465->1460->1430->1423->1406->1401->1391->1384->1380->1374->1373->1369->1359->1355->1344->1311->1301->1310->1298->1290->1281->1274->1270->1279->1262->1257->1254->1252->1219->1206->1228->1212->1203->1194->1197->1177->1170->1153->1152->1149->1142->1134->1130->1125->1117->1113->1129->1111->1099->1089->1075->1069->1065->1064->1063->1051->1042->1039->1050->1037->1036->1027->1006->988->981->969->929->924->917->912->904->903->896->892->905->888->885->878->877->874->865->861->857->856->851->818->813->810->812->805->786->762->761->757->755->725->715->711->723->705->696->691->697->698->689->687->681->674->667->659->657->636->609->599->592->588->576->574->586->568->575->564->560->549->547->545->543->540->538->561->532->542->534->539->526->525->527->508->501->476->469->463->450->437->436->430->408->393->387->372->375->371->362->373->356->350->353->348->346->349->334->337->331->329->324->321->309->298->299->296->289->284->266->262->259->254->235->233->232->230->229->217->228->210->206->209->201->198->196->193->190->183->178->174->168->164->163->162->155->108->51->50->82->81->77->69->68->63->21->1->5->6->10->11->15->24->19->28->22->30->34->54->29->49->85->100->119->114->122->123->125->133->134->181->143->146->156->166->158->173->185->192->204->202->260->263->275->288->290->293->306->317->358->363->379->384->394->407->396->397->401->406->398->403->413->440->449->455->460->468->471->482->497->517->518->537->546->551->553->555->562->569->570->573->593->600->602->615->628->637->642->658->668->694->700->713->721->734->745->748->749->753->763->765->764->766->783->784->791->815->816->821->826->830->839->854->849->852->860->864->866->867->870->880->882->887->893->894->910->933->944->946->948->976->978->985->991->995->1017->1024->1031->1071->1077->1079->1091->1100->1110->1120->1122->1139->1167->1168->1181->1175->1178->1192->1204->1182->1184->1193->1205->1210->1223->1229->1230->1241->1232->1237->1242->1244->1251->1269->1275->1278->1296->1322->1330->1348->1364->1353->1358->1361->1362->1368->1379->1381->1387->1390->1403->1417->1434->1426->1428->1453->1462->1463->1481->1497->1500->1502->1503->1508->1510->1512->1531->1518->1528->1540->1542->1554->1555->1568->1576->1582->1583->1594->1586->1590->1600->1618->1593->1601->1604->1607->1616->1620->1633->1641->1680->1688->1719->1739->1751->1755->1757->1776->1777->1798->1782->1791->1785->1818->1821->1823->1824->1857->1859->1861->1871->1890->1907->1906->1940->1941->1951->1969->1980->1978->1982->1987->1991->2001->2002->2005->2013->2047->2059->2063->2071->2074->2077->2079->2099->2100->2116->2118->2121->2134->2137->2148->2158->2169->2171->2174->2181->2195->2186->2196->2204->2208->2212->2217->2229->2490,2490->2500,RESULTS/ACO/log_aco_spot.csv
GA,N2500_PS_walking_distance_W075_I1,N2500_PS_walking_distance_W075_I1.dat,parameter_sensitivity/medium_large/N2500_PS_walking_distance_W075_I1.dat,parameter_sensitivity,N2500,SUMO,maximum_walking_distance,maximum_walking_distance,0.75,2500,7696,125,3732,375,0.1,375,2491,2500,0.9,0.75,20.5,2491,2500,0.9,0.75,20.5,0.9,TRUE,solved,2456,465,2456_S001,near,1,0.3045000000000008,0.001699,0.003698,0.2297,0.0459,0.049598,0.3557970000000008,0.3045000000000008,0.2297,0.049598,0.3557970000000008,18.05,21.018038000000043,52534.474,2491->2341->2340->2332->2328->2326->2320->2317->2300->2282->2268->2263->2256->2252->2251->2247->2244->2257->2240->2226->2237->2223->2220->2215->2235->2236->2218->2228->2214->2211->2202->2187->2178->2156->2183->2170->2155->2154->2136->2130->2109->2098->2085->2072->2078->2069->2046->2038->2033->2030->2044->2028->2017->2014->1968->1955->1902->1910->1894->1893->1882->1872->1864->1869->1863->1860->1841->1840->1832->1827->1826->1814->1813->1807->1789->1788->1781->1779->1774->1771->1784->1780->1778->1767->1764->1740->1736->1735->1731->1718->1713->1707->1693->1689->1681->1677->1687->1672->1665->1673->1664->1655->1649->1640->1643->1637->1628->1625->1610->1587->1579->1552->1550->1548->1547->1530->1537->1525->1492->1490->1488->1495->1479->1486->1471->1465->1460->1430->1423->1401->1391->1384->1380->1374->1373->1369->1359->1355->1344->1311->1301->1310->1298->1290->1281->1274->1270->1279->1277->1262->1257->1254->1234->1219->1206->1228->1212->1203->1194->1197->1177->1170->1153->1152->1149->1142->1134->1130->1125->1117->1113->1129->1111->1105->1099->1089->1075->1069->1065->1064->1063->1051->1042->1039->1050->1037->1036->1027->1006->988->981->969->961->929->924->917->912->907->904->903->896->892->905->888->885->878->877->874->865->857->856->851->818->813->810->812->805->786->762->776->761->757->755->725->715->711->723->708->705->696->691->697->698->689->687->681->674->667->661->659->669->657->636->609->599->592->588->576->574->586->568->575->564->581->560->549->547->545->543->540->538->561->548->542->530->539->526->525->524->522->508->501->476->469->463->467->450->437->436->430->415->408->714->712->706->690->381->680->663->373->356->350->353->348->635->626->366->344->558->314->491->487->492->500->262->475->458->466->456->232->244->230->420->217->228->410->201->198->196->392->390->383->380->339->370->168->333->326->316->301->153->147->137->92->107->83->97->136->113->145->369->359->24->19->28->20->26->30->33->27->34->54->29->89->98->121->85->111->100->119->114->129->122->123->125->133->152->134->181->191->184->194->189->146->156->166->167->177->187->223->211->212->173->185->197->231->192->199->204->202->260->263->268->275->288->290->293->306->317->358->363->379->384->402->394->407->396->397->401->406->398->403->413->440->449->455->460->468->471->482->495->497->517->518->536->537->546->551->553->555->562->569->570->573->593->600->602->615->628->637->642->658->668->694->700->713->721->734->745->748->749->753->763->765->764->766->783->784->791->815->816->821->826->830->839->854->849->852->860->864->876->866->875->867->870->880->882->887->893->894->910->933->944->946->948->976->978->985->991->995->1017->1024->1031->1068->1071->1077->1079->1091->1100->1110->1120->1116->1122->1139->1167->1168->1181->1173->1175->1178->1192->1204->1180->1182->1184->1193->1205->1210->1223->1229->1230->1241->1232->1237->1242->1244->1251->1269->1275->1278->1296->1322->1330->1348->1364->1353->1358->1361->1362->1368->1379->1381->1387->1390->1403->1417->1408->1426->1428->1453->1462->1463->1481->1497->1499->1500->1502->1503->1508->1510->1512->1521->1522->1518->1528->1540->1542->1554->1555->1568->1576->1582->1583->1594->1586->1588->1599->1600->1618->1593->1601->1595->1607->1616->1620->1630->1633->1641->1680->1688->1719->1739->1751->1755->1757->1776->1777->1794->1798->1782->1791->1785->1818->1834->1821->1823->1824->1857->1859->1861->1871->1875->1890->1907->1906->1940->1941->1951->1969->1980->1978->1982->1986->1987->1991->1992->2002->2005->2013->2047->2050->2049->2065->2081->2089->2096->2110->2063->2071->2074->2077->2079->2099->2108->2100->2116->2118->2121->2134->2137->2148->2158->2169->2171->2159->2174->2181->2186->2196->2207->2204->2208->2212->2217->2229->2417->2422->2425->2438->2455->2430->2439->2441->2451->2452->2456,2456->2500,RESULTS/GA/log_ga_spot.csv
Optimization,N2500_PS_walking_distance_W075_I1,N2500_PS_walking_distance_W075_I1.dat,parameter_sensitivity/medium_large/N2500_PS_walking_distance_W075_I1.dat,parameter_sensitivity,N2500,SUMO,maximum_walking_distance,maximum_walking_distance,0.75,2500,7696,125,3732,375,0.1,375,2491,2500,0.9,0.75,20.5,2491,2500,0.9,0.75,20.5,0.9,TRUE,inferred_from_previous_exact_lot_solution,2441,547,2441_S001,near,1,0.2821000000000006,0.001751,0.004,0.2683,0.0537,0.0577,0.3415510000000006,0.2821000000000006,0.2683,0.0577,0.3415510000000006,7.61,19.204754000000033,669168.758,2491->2341->2328->2326->2320->2317->2300->2282->2268->2263->2256->2252->2251->2247->2257->2240->2226->2237->2223->2220->2235->2218->2228->2214->2211->2202->2178->2156->2183->2155->2154->2130->2109->2098->2085->2072->2078->2069->2046->2038->2033->2030->2044->2028->2014->1968->1955->1902->1895->1894->1893->1882->1872->1864->1869->1863->1860->1841->1840->1832->1827->1826->1814->1813->1807->1789->1788->1781->1779->1774->1784->1780->1778->1767->1764->1763->1740->1736->1735->1731->1718->1713->1707->1693->1689->1681->1677->1672->1665->1664->1655->1649->1643->1637->1628->1610->1587->1579->1552->1550->1548->1530->1537->1525->1492->1490->1488->1495->1479->1486->1471->1465->1460->1430->1423->1401->1391->1384->1386->1380->1374->1373->1369->1359->1355->1344->1311->1301->1310->1298->1290->1281->1274->1270->1279->1262->1257->1254->1252->1219->1206->1212->1203->1194->1197->1177->1170->1153->1152->1149->1142->1134->1130->1125->1117->1113->1129->1111->1099->1089->1075->1069->1065->1064->1063->1051->1042->1039->1050->1037->1036->1027->1006->988->981->969->929->924->917->912->904->903->896->892->905->888->885->878->877->874->865->857->856->851->818->813->810->812->805->786->762->761->757->755->725->715->711->708->705->696->691->697->689->687->681->674->667->659->657->636->609->599->592->588->576->574->586->568->575->564->560->549->547->545->543->540->538->561->532->542->534->530->539->526->525->527->508->501->476->469->463->450->437->727->726->430->408->393->387->381->680->373->361->626->366->344->558->321->309->314->491->487->500->262->475->458->464->456->457->206->210->228->217->229->420->418->409->404->392->390->196->193->190->183->178->174->168->341->333->326->318->301->153->147->138->88->79->57->80->126->116->215->182->1->2->6->10->11->15->18->17->16->14->13->3->4->8->12->24->19->20->32->45->27->34->54->29->49->85->111->100->119->114->122->123->125->133->134->181->143->146->156->166->167->177->187->195->211->212->224->231->192->199->204->202->260->263->275->288->290->293->306->317->358->363->379->384->394->407->396->397->401->406->398->403->413->440->449->455->460->461->462->471->482->497->517->518->537->546->551->553->555->562->569->570->573->593->600->602->615->628->637->642->658->668->694->700->713->721->734->745->748->749->753->763->764->766->783->793->791->815->816->821->826->830->839->842->849->852->860->864->866->867->870->880->882->887->893->894->910->933->944->946->956->948->976->978->985->991->995->1017->1024->1031->1071->1077->1079->1091->1092->1100->1110->1120->1116->1122->1139->1167->1168->1181->1175->1178->1192->1204->1182->1184->1193->1205->1210->1223->1229->1230->1241->1232->1237->1242->1244->1251->1269->1275->1278->1296->1322->1330->1348->1364->1353->1358->1361->1366->1362->1368->1379->1381->1387->1390->1403->1417->1434->1426->1428->1453->1462->1463->1481->1497->1500->1502->1503->1508->1510->1512->1531->1518->1528->1540->1542->1554->1555->1568->1576->1582->1583->1594->1586->1590->1600->1618->1593->1601->1604->1607->1616->1620->1633->1641->1680->1688->1719->1739->1751->1755->1757->1776->1777->1798->1782->1785->1818->1821->1823->1824->1857->1861->1871->1890->1907->1906->1940->1941->1951->1969->1980->1978->1982->1987->1991->2001->2002->2005->2013->2047->2059->2063->2071->2074->2077->2079->2099->2100->2116->2118->2121->2134->2137->2148->2158->2169->2171->2159->2174->2181->2195->2186->2196->2204->2208->2212->2217->2229->2452->2441,2441->2500,RESULTS/COMBINED_ALL_METHODS/results_all_methods_parameter_sensitivity_spot_level.csv
PSO,N2500_PS_walking_distance_W075_I1,N2500_PS_walking_distance_W075_I1.dat,parameter_sensitivity/medium_large/N2500_PS_walking_distance_W075_I1.dat,parameter_sensitivity,N2500,SUMO,maximum_walking_distance,maximum_walking_distance,0.75,2500,7696,125,3732,375,0.1,375,2491,2500,0.9,0.75,20.5,2491,2500,0.9,0.75,20.5,0.9,TRUE,solved,2441,547,2441_S001,near,1,0.29330000000000067,0.001751,0.004,0.2683,0.0537,0.0577,0.3527510000000007,0.29330000000000067,0.2683,0.0577,0.3527510000000007,7.61,19.809554000000038,318419.946,2491->2341->2328->2326->2320->2317->2300->2282->2268->2263->2256->2252->2251->2247->2257->2240->2226->2237->2220->2235->2218->2214->2211->2202->2178->2156->2170->2155->2154->2136->2130->2109->2098->2085->2072->2082->2069->2046->2038->2033->2030->2044->2028->2014->1968->1955->1902->1895->1894->1893->1882->1872->1864->1869->1863->1860->1841->1840->1832->1827->1826->1814->1813->1807->1789->1788->1781->1779->1774->1771->1784->1780->1778->1766->1764->1740->1736->1735->1731->1718->1713->1707->1693->1689->1681->1677->1687->1672->1665->1664->1655->1649->1643->1637->1628->1610->1587->1579->1552->1550->1548->1530->1537->1525->1492->1490->1488->1495->1479->1486->1471->1465->1460->1430->1423->1401->1391->1384->1380->1374->1373->1369->1359->1355->1344->1311->1301->1310->1298->1290->1281->1274->1270->1279->1262->1257->1254->1234->1219->1206->1228->1203->1194->1197->1183->1177->1170->1153->1152->1149->1142->1134->1130->1125->1117->1113->1129->1111->1099->1089->1075->1069->1065->1064->1063->1051->1055->1042->1039->1050->1037->1036->1027->1006->988->981->969->961->929->924->917->912->904->903->896->892->905->888->885->878->877->874->865->857->856->851->813->810->805->786->762->761->757->755->725->715->711->723->705->696->691->697->698->689->687->695->681->674->667->661->659->657->636->609->599->592->588->576->574->586->568->575->581->560->549->547->545->543->540->538->561->532->542->530->539->526->525->527->519->747->737->733->731->739->732->439->437->436->430->415->408->393->712->706->690->680->373->362->626->366->349->558->552->520->309->298->299->296->289->284->491->487->485->266->262->458->464->456->232->230->420->206->209->201->198->392->390->383->380->370->168->164->163->175->105->118->124->142->160->128->131->238->205->186->161->151->108->51->50->82->101->74->106->104->103->220->16->17->18->24->19->28->22->26->33->30->34->54->29->49->85->111->119->114->122->123->125->133->134->181->143->146->156->166->158->173->185->192->199->204->202->260->265->263->275->288->290->293->306->317->358->363->379->384->394->407->396->397->401->406->398->399->403->413->440->449->453->455->460->461->462->471->482->497->517->518->537->546->551->553->554->555->562->569->570->573->593->600->602->615->628->637->642->658->668->694->700->709->713->721->734->745->748->749->753->763->765->764->766->783->784->791->815->816->821->826->830->839->854->849->852->860->864->866->867->870->880->882->889->887->893->894->910->933->944->946->956->976->978->985->991->995->1011->1017->1024->1031->1071->1077->1079->1091->1100->1110->1120->1122->1139->1167->1168->1181->1175->1178->1192->1204->1182->1184->1193->1205->1210->1223->1229->1230->1241->1232->1237->1242->1244->1251->1269->1275->1278->1296->1322->1330->1348->1364->1353->1358->1361->1362->1368->1385->1379->1381->1387->1390->1403->1417->1408->1426->1428->1453->1462->1463->1481->1497->1499->1500->1502->1503->1508->1510->1512->1531->1518->1528->1540->1542->1554->1555->1568->1576->1582->1583->1594->1586->1590->1600->1618->1593->1601->1604->1607->1616->1620->1630->1633->1641->1680->1688->1719->1739->1751->1755->1757->1776->1777->1798->1782->1791->1785->1818->1821->1823->1824->1857->1859->1877->1861->1871->1890->1907->1906->1940->1941->1951->1969->1980->1978->1982->1986->1987->1991->1992->2002->2005->2013->2047->2049->2065->2081->2059->2063->2071->2074->2077->2079->2099->2100->2116->2118->2121->2134->2137->2148->2158->2169->2159->2174->2181->2186->2196->2204->2208->2212->2217->2229->2441,2441->2500,RESULTS/PSO/log_pso_spot.csv
ACO,N2500_PS_walking_distance_W100_I1,N2500_PS_walking_distance_W100_I1.dat,parameter_sensitivity/medium_large/N2500_PS_walking_distance_W100_I1.dat,parameter_sensitivity,N2500,SUMO,maximum_walking_distance,maximum_walking_distance,1.00,2500,7696,125,3732,375,0.1,375,2491,2500,0.9,1.0,20.5,2491,2500,0.9,1.0,20.5,0.9,TRUE,solved,2490,294,2490_S001,near,1,0.20770000000000036,0.001557,0.002951,0.1348,0.027,0.029951,0.23920800000000036,0.20770000000000036,0.1348,0.029951,0.23920800000000036,9.13,13.83023200000002,20232.88,2491->2341->2328->2326->2320->2317->2305->2300->2282->2268->2263->2256->2252->2251->2247->2244->2240->2226->2237->2220->2235->2218->2228->2214->2211->2202->2178->2156->2183->2170->2155->2154->2130->2109->2098->2085->2072->2082->2069->2046->2038->2033->2030->2044->2028->2014->1968->1955->1902->1895->1894->1893->1882->1872->1864->1869->1863->1860->1841->1840->1832->1827->1826->1814->1813->1807->1789->1788->1781->1779->1774->1784->1780->1778->1767->1764->1740->1736->1735->1731->1718->1713->1707->1693->1681->1677->1687->1672->1665->1673->1664->1655->1649->1643->1637->1628->1610->1587->1579->1552->1550->1548->1530->1537->1525->1492->1490->1488->1495->1479->1486->1471->1465->1460->1430->1423->1406->1401->1391->1384->1380->1374->1373->1369->1359->1355->1344->1311->1301->1310->1298->1290->1281->1274->1270->1279->1262->1257->1254->1252->1219->1206->1228->1212->1203->1194->1197->1177->1170->1153->1152->1149->1142->1134->1130->1125->1117->1113->1129->1111->1099->1089->1075->1069->1065->1064->1063->1051->1042->1039->1050->1037->1036->1027->1006->988->981->969->929->924->917->912->904->903->896->892->905->888->885->878->877->874->865->861->857->856->851->818->813->810->812->805->786->762->761->757->755->725->715->711->723->705->696->691->697->698->689->687->681->674->667->659->657->636->609->599->592->588->576->574->586->568->575->564->560->549->547->545->543->540->538->561->532->542->534->539->526->525->527->508->501->476->469->463->450->437->436->430->408->393->387->372->375->371->362->373->356->350->353->348->346->349->334->337->331->329->324->321->309->298->299->296->289->284->266->262->259->254->235->233->232->230->229->217->228->210->206->209->201->198->196->193->190->183->178->174->168->164->163->162->155->108->51->50->82->81->77->69->68->63->21->1->5->6->10->11->15->24->19->28->22->30->34->54->29->49->85->100->119->114->122->123->125->133->134->181->143->146->156->166->158->173->185->192->204->202->260->263->275->288->290->293->306->317->358->363->379->384->394->407->396->397->401->406->398->403->413->440->449->455->460->468->471->482->497->517->518->537->546->551->553->555->562->569->570->573->593->600->602->615->628->637->642->658->668->694->700->713->721->734->745->748->749->753->763->765->764->766->783->784->791->815->816->821->826->830->839->854->849->852->860->864->866->867->870->880->882->887->893->894->910->933->944->946->948->976->978->985->991->995->1017->1024->1031->1071->1077->1079->1091->1100->1110->1120->1122->1139->1167->1168->1181->1175->1178->1192->1204->1182->1184->1193->1205->1210->1223->1229->1230->1241->1232->1237->1242->1244->1251->1269->1275->1278->1296->1322->1330->1348->1364->1353->1358->1361->1362->1368->1379->1381->1387->1390->1403->1417->1434->1426->1428->1453->1462->1463->1481->1497->1500->1502->1503->1508->1510->1512->1531->1518->1528->1540->1542->1554->1555->1568->1576->1582->1583->1594->1586->1590->1600->1618->1593->1601->1604->1607->1616->1620->1630->1633->1641->1680->1688->1719->1739->1751->1755->1757->1776->1777->1798->1782->1791->1785->1818->1821->1823->1824->1857->1859->1861->1871->1890->1907->1906->1940->1941->1951->1969->1980->1978->1982->1987->1991->2001->2002->2005->2013->2047->2059->2063->2071->2074->2077->2079->2099->2100->2116->2118->2121->2134->2137->2148->2158->2169->2171->2174->2181->2195->2186->2196->2204->2208->2212->2217->2229->2248->2262->2270->2295->2308->2312->2327->2334->2343->2351->2361->2365->2383->2371->2382->2388->2389->2394->2409->2405->2416->2417->2422->2425->2455->2430->2439->2441->2452->2456->2473->2461->2466->2476->2485->2490,2490->2500,RESULTS/ACO/log_aco_spot.csv
GA,N2500_PS_walking_distance_W100_I1,N2500_PS_walking_distance_W100_I1.dat,parameter_sensitivity/medium_large/N2500_PS_walking_distance_W100_I1.dat,parameter_sensitivity,N2500,SUMO,maximum_walking_distance,maximum_walking_distance,1.00,2500,7696,125,3732,375,0.1,375,2491,2500,0.9,1.0,20.5,2491,2500,0.9,1.0,20.5,0.9,TRUE,solved,2461,390,2461_S001,near,1,0.3083000000000007,0.001717,0.003498,0.1953,0.0391,0.042598000000000004,0.35261500000000073,0.3083000000000007,0.1953,0.042598000000000004,0.35261500000000073,7.5,19.79121000000004,43352.213,2491->2487->2484->2481->2478->2468->2448->2443->2458->2442->2426->2412->2401->2400->2395->2379->2374->2370->2369->2385->2372->2390->2380->2363->2350->2347->2340->2341->2328->2326->2320->2317->2305->2311->2300->2282->2268->2263->2256->2252->2251->2247->2257->2240->2226->2237->2220->2215->2235->2218->2228->2211->2202->2187->2178->2156->2170->2155->2154->2130->2109->2098->2085->2072->2078->2069->2046->2038->2033->2030->2044->2028->2014->1968->1955->1902->1910->1894->1893->1882->1872->1864->1869->1863->1860->1841->1840->1832->1827->1826->1814->1813->1807->1789->1788->1781->1779->1774->1784->1780->1778->1766->1764->1740->1736->1735->1731->1718->1713->1707->1697->1693->1689->1681->1677->1672->1665->1673->1664->1655->1649->1640->1643->1637->1628->1610->1587->1579->1552->1550->1548->1547->1530->1537->1525->1492->1490->1488->1495->1479->1486->1471->1469->1465->1460->1430->1423->1406->1401->1391->1384->1380->1374->1373->1369->1359->1355->1344->1311->1301->1310->1298->1290->1281->1274->1270->1279->1277->1262->1257->1254->1252->1219->1206->1212->1203->1194->1197->1177->1170->1153->1152->1149->1142->1134->1130->1125->1117->1113->1129->1111->1105->1099->1089->1075->1069->1065->1064->1063->1051->1055->1042->1039->1050->1037->1036->1027->1006->988->981->969->929->924->917->912->907->904->903->896->892->905->888->885->878->877->874->865->861->857->856->851->813->810->812->805->786->762->761->757->755->741->725->715->711->708->705->696->691->697->698->689->687->681->674->667->659->657->636->609->599->592->588->576->574->586->568->575->581->560->549->547->545->543->540->566->538->561->532->542->534->539->526->525->524->522->527->519->501->476->469->733->731->467->463->450->436->430->408->714->712->706->690->680->372->375->633->365->348->346->577->559->314->493->491->266->492->485->479->475->458->464->456->232->230->244->424->420->219->229->217->228->410->201->198->196->193->190->183->339->370->168->333->341->335->338->163->162->155->108->61->51->50->82->176->171->148->226->237->234->248->245->250->367->32->33->30->34->54->53->89->98->94->67->85->100->111->119->114->129->122->123->125->133->134->181->191->143->194->189->216->223->211->212->227->185->197->192->199->204->202->260->263->275->288->290->293->297->306->317->358->363->379->384->402->394->407->396->397->401->406->398->399->403->413->440->449->453->455->460->461->468->471->482->497->517->518->536->537->546->551->553->555->562->569->570->573->593->600->602->615->628->637->642->658->668->694->700->713->721->734->745->748->749->753->763->765->764->766->783->793->791->815->816->822->821->826->830->839->854->842->849->852->860->864->876->866->875->867->870->880->882->887->893->894->910->933->944->946->948->976->978->985->991->995->1017->1024->1031->1071->1077->1079->1091->1092->1100->1110->1120->1122->1139->1167->1168->1181->1175->1178->1189->1191->1192->1204->1182->1184->1193->1205->1210->1223->1229->1230->1241->1232->1237->1242->1244->1251->1269->1275->1278->1296->1322->1330->1348->1364->1353->1358->1361->1362->1368->1379->1381->1387->1390->1403->1417->1434->1408->1426->1428->1453->1462->1463->1481->1497->1500->1502->1503->1508->1510->1512->1521->1522->1531->1518->1528->1540->1542->1554->1555->1568->1576->1582->1583->1594->1586->1590->1588->1599->1618->1593->1601->1595->1607->1616->1620->1630->1633->1641->1680->1688->1719->1739->1751->1755->1757->1776->1777->1798->1782->1791->1785->1818->1821->1823->1824->1857->1861->1871->1875->1890->1907->1906->1940->1941->1951->1969->1980->1978->1982->1986->1987->1991->2001->2002->2005->2013->2047->2050->2065->2081->2089->2110->2063->2071->2074->2077->2079->2099->2100->2116->2118->2121->2134->2137->2148->2158->2169->2159->2174->2181->2195->2186->2196->2204->2208->2212->2217->2229->2456->2473->2461,2461->2500,RESULTS/GA/log_ga_spot.csv
Optimization,N2500_PS_walking_distance_W100_I1,N2500_PS_walking_distance_W100_I1.dat,parameter_sensitivity/medium_large/N2500_PS_walking_distance_W100_I1.dat,parameter_sensitivity,N2500,SUMO,maximum_walking_distance,maximum_walking_distance,1.00,2500,7696,125,3732,375,0.1,375,2491,2500,0.9,1.0,20.5,2491,2500,0.9,1.0,20.5,0.9,TRUE,inferred_from_previous_exact_lot_solution,2461,390,2461_S001,near,1,0.2864000000000005,0.001717,0.003498,0.1953,0.0391,0.042598000000000004,0.33071500000000054,0.2864000000000005,0.1953,0.042598000000000004,0.33071500000000054,7.5,18.60861000000003,475915.734,2491->2341->2328->2326->2320->2317->2300->2282->2268->2263->2256->2252->2251->2247->2257->2240->2226->2237->2220->2235->2218->2228->2211->2202->2178->2156->2170->2155->2154->2130->2109->2098->2085->2072->2082->2069->2046->2038->2033->2030->2044->2028->2017->2014->1968->1955->1902->1900->1894->1893->1882->1872->1864->1869->1863->1860->1841->1840->1832->1827->1826->1814->1813->1807->1789->1788->1781->1779->1774->1771->1784->1780->1778->1766->1764->1740->1736->1735->1731->1718->1713->1707->1693->1681->1677->1672->1665->1664->1655->1649->1640->1643->1637->1628->1610->1587->1579->1552->1550->1548->1530->1537->1525->1492->1490->1488->1495->1479->1486->1471->1465->1460->1430->1423->1401->1391->1384->1380->1374->1373->1369->1359->1355->1344->1311->1301->1310->1298->1290->1281->1274->1270->1279->1262->1257->1254->1234->1219->1206->1212->1203->1194->1197->1183->1177->1170->1153->1152->1149->1142->1134->1130->1125->1117->1113->1129->1111->1099->1089->1075->1069->1065->1064->1063->1051->1055->1042->1039->1050->1037->1036->1027->1006->988->981->969->961->929->924->917->912->904->903->896->892->905->888->885->878->877->874->865->861->857->856->851->813->810->805->786->762->776->761->757->755->725->715->711->708->705->696->691->697->698->689->687->681->674->667->661->659->657->636->609->599->592->588->576->574->586->568->575->564->560->549->547->545->543->540->538->561->532->542->534->539->526->524->522->527->519->501->737->733->731->739->732->439->437->436->430->415->408->393->387->372->381->688->371->362->361->356->631->350->353->635->626->625->349->558->321->309->298->296->289->284->266->262->458->466->456->232->230->229->217->228->210->206->209->201->198->404->392->193->190->183->339->370->168->164->163->175->172->155->169->153->147->138->88->79->70->65->113->222->359->24->19->20->32->26->30->34->54->29->49->85->100->119->114->122->123->125->133->134->181->143->146->156->216->187->177->167->158->173->185->192->197->199->204->202->260->263->275->288->290->293->306->317->358->363->379->384->394->407->396->397->401->406->398->403->413->440->449->455->460->468->471->482->497->517->518->537->546->551->553->554->555->562->569->570->573->593->600->602->615->628->637->642->658->668->694->700->709->713->721->734->745->748->749->753->763->764->766->783->784->791->815->816->821->826->830->839->842->849->852->860->864->876->866->867->870->880->882->889->887->893->894->910->933->944->946->948->976->978->985->991->995->1017->1024->1031->1071->1077->1079->1091->1100->1110->1120->1122->1139->1167->1168->1173->1175->1189->1192->1180->1182->1184->1193->1205->1210->1223->1229->1230->1241->1232->1237->1242->1244->1251->1269->1275->1278->1296->1322->1330->1348->1364->1353->1358->1366->1362->1368->1379->1381->1387->1390->1403->1417->1434->1426->1428->1453->1462->1463->1481->1497->1500->1502->1503->1508->1510->1512->1531->1518->1528->1540->1542->1554->1555->1568->1576->1582->1583->1594->1586->1590->1599->1618->1593->1601->1595->1607->1616->1620->1630->1633->1641->1680->1688->1719->1739->1751->1755->1757->1776->1777->1798->1782->1791->1785->1818->1821->1823->1824->1857->1859->1861->1871->1875->1890->1907->1906->1940->1941->1951->1969->1980->1978->1982->1986->1987->1991->1992->2002->2005->2013->2047->2049->2050->2059->2063->2071->2074->2077->2079->2099->2100->2116->2118->2121->2134->2137->2148->2158->2169->2171->2174->2181->2195->2186->2196->2207->2204->2208->2212->2217->2229->2460->2473->2461,2461->2500,RESULTS/COMBINED_ALL_METHODS/results_all_methods_parameter_sensitivity_spot_level.csv
PSO,N2500_PS_walking_distance_W100_I1,N2500_PS_walking_distance_W100_I1.dat,parameter_sensitivity/medium_large/N2500_PS_walking_distance_W100_I1.dat,parameter_sensitivity,N2500,SUMO,maximum_walking_distance,maximum_walking_distance,1.00,2500,7696,125,3732,375,0.1,375,2491,2500,0.9,1.0,20.5,2491,2500,0.9,1.0,20.5,0.9,TRUE,solved,2441,547,2441_S001,near,1,0.2764000000000005,0.001751,0.004,0.2683,0.0537,0.0577,0.33585100000000045,0.2764000000000005,0.2683,0.0577,0.33585100000000045,7.61,18.896954000000022,694938.984,2491->2493->2484->2341->2328->2326->2320->2317->2300->2282->2268->2263->2256->2252->2251->2247->2244->2240->2226->2237->2220->2235->2236->2218->2214->2211->2202->2187->2178->2156->2170->2155->2154->2130->2109->2098->2085->2072->2082->2069->2046->2038->2033->2030->2044->2028->2014->1968->1955->1902->1910->1894->1893->1882->1872->1864->1869->1863->1860->1841->1840->1832->1827->1826->1814->1813->1807->1789->1788->1781->1779->1774->1784->1780->1778->1767->1764->1763->1740->1736->1735->1731->1718->1713->1707->1693->1681->1677->1687->1672->1665->1664->1655->1649->1643->1637->1628->1625->1610->1587->1579->1552->1550->1548->1530->1537->1525->1524->1492->1490->1488->1495->1479->1486->1471->1469->1465->1460->1430->1423->1406->1401->1391->1384->1380->1374->1373->1369->1359->1355->1344->1311->1301->1310->1298->1290->1281->1274->1270->1279->1277->1262->1257->1254->1234->1219->1206->1228->1203->1194->1197->1183->1177->1170->1153->1152->1149->1142->1134->1130->1125->1117->1113->1129->1111->1099->1089->1075->1069->1065->1064->1063->1051->1042->1039->1050->1037->1036->1027->1006->988->981->969->929->924->917->912->904->903->896->892->905->888->885->878->877->874->865->857->856->851->813->810->805->786->762->776->761->757->755->725->715->711->723->705->696->691->697->689->687->681->674->667->661->659->657->636->609->599->592->588->576->574->586->568->575->564->560->549->547->545->543->540->566->561->548->532->542->530->539->526->525->527->519->508->501->476->469->463->450->436->430->415->408->393->387->372->381->690->680->373->361->362->626->366->344->558->314->491->266->284->289->296->500->492->485->479->475->458->464->456->457->206->209->201->198->196->390->383->380->178->174->168->341->338->163->162->155->108->110->115->52->51->50->82->59->113->21->23->35->63->150->145->369->226->237->253->20->32->30->33->27->34->54->29->49->85->111->119->114->129->122->123->125->133->134->181->143->146->216->223->211->158->170->173->185->197->204->202->260->263->275->288->290->293->306->317->358->363->379->384->394->407->396->397->401->406->398->403->413->440->449->453->455->460->461->462->471->482->495->497->517->518->537->546->551->553->555->562->569->570->573->593->600->602->615->628->637->642->658->668->694->700->709->713->721->734->745->748->749->753->763->765->764->766->783->784->791->815->816->821->826->830->839->842->849->852->860->864->876->866->867->870->880->882->887->893->894->910->933->944->946->956->976->978->985->991->995->1017->1024->1031->1068->1071->1077->1079->1091->1100->1110->1120->1116->1122->1139->1167->1168->1181->1175->1178->1192->1204->1180->1182->1184->1193->1205->1210->1223->1229->1230->1241->1232->1237->1242->1244->1251->1269->1275->1278->1296->1322->1330->1348->1364->1353->1358->1361->1362->1368->1379->1381->1387->1390->1403->1417->1408->1426->1428->1453->1462->1463->1481->1497->1499->1500->1502->1503->1508->1510->1512->1531->1518->1528->1540->1542->1554->1555->1568->1576->1582->1583->1594->1586->1590->1600->1618->1593->1601->1604->1595->1607->1616->1620->1633->1641->1680->1688->1719->1739->1751->1755->1757->1776->1777->1798->1782->1791->1785->1818->1821->1823->1824->1857->1861->1871->1890->1907->1906->1940->1941->1951->1969->1980->1978->1982->1987->1991->2001->2002->2005->2013->2047->2059->2063->2071->2074->2077->2079->2099->2108->2100->2116->2118->2121->2134->2137->2148->2158->2169->2159->2174->2181->2186->2196->2204->2208->2212->2217->2229->2441,2441->2500,RESULTS/PSO/log_pso_spot.csv
