method,dataset_name,dat_file,dataset_relative_path,dataset_group,node_scale,scenario_id,scenario_name,parameter_name,parameter_value,nodes,edges,parking_lots,total_spots,available_spots,available_percentage,feasible_spots,source,destination,alpha,maximum_walking_distance_km,maximum_parking_cost,S,D,Alpha,Wmax,Cmax,w,feasible,solver_status,parking_node,parking_spot_index,parking_spot_id,spot_class,selected_spot_available,external_drive_time_hr,internal_drive_time_hr,internal_walk_time_hr,external_walk_distance_km,external_walk_time_hr,total_walk_time_hr,total_travel_time_hr,drive_time_hr,walk_distance_km,walk_time_hr,travel_time_hr,parking_cost,objective,runtime_ms,drive_path,walk_path,source_result_csv
ACO,N10_C10_I1,N10_C10_I1.dat,n_10/N10_C10_I1.dat,final_case,N10,C10,15.0-30.0,parking_cost_range,15.0-30.0,10,46,2,62,6,0.1,6,8,10,0.9,0.5,20.5,8,10,0.9,0.5,20.5,0.9,TRUE,solved,5,1,5_S001,near,1,0.0087,0.00179,0.004023,0.2661,0.0532,0.057222999999999996,0.067713,0.0087,0.2661,0.057222999999999996,0.067713,14.58,5.114502,1071.466,8->7->5,5->10,RESULTS/ACO/log_aco_spot.csv
GA,N10_C10_I1,N10_C10_I1.dat,n_10/N10_C10_I1.dat,final_case,N10,C10,15.0-30.0,parking_cost_range,15.0-30.0,10,46,2,62,6,0.1,6,8,10,0.9,0.5,20.5,8,10,0.9,0.5,20.5,0.9,TRUE,solved,5,1,5_S001,near,1,0.0087,0.00179,0.004023,0.2661,0.0532,0.057222999999999996,0.067713,0.0087,0.2661,0.057222999999999996,0.067713,14.58,5.114502,1216.402,8->7->5,5->10,RESULTS/GA/log_ga_spot.csv
Optimization,N10_C10_I1,N10_C10_I1.dat,n_10/N10_C10_I1.dat,final_case,N10,C10,15.0-30.0,parking_cost_range,15.0-30.0,10,46,2,62,6,0.1,6,8,10,0.9,0.5,20.5,8,10,0.9,0.5,20.5,0.9,TRUE,inferred_from_previous_exact_lot_solution,5,1,5_S001,near,1,0.0087,0.00176,0.003992,0.2661,0.0532,0.057192,0.067652,0.0087,0.2661,0.057192,0.067652,14.54,5.107207999999999,0.368,8->7->5,5->10,RESULTS/COMBINED_ALL_METHODS/results_all_methods_parameter_sensitivity_spot_level.csv
PSO,N10_C10_I1,N10_C10_I1.dat,n_10/N10_C10_I1.dat,final_case,N10,C10,15.0-30.0,parking_cost_range,15.0-30.0,10,46,2,62,6,0.1,6,8,10,0.9,0.5,20.5,8,10,0.9,0.5,20.5,0.9,TRUE,solved,5,1,5_S001,near,1,0.0087,0.00179,0.004023,0.2661,0.0532,0.057222999999999996,0.067713,0.0087,0.2661,0.057222999999999996,0.067713,14.58,5.114502,869.394,8->7->5,5->10,RESULTS/PSO/log_pso_spot.csv
ACO,N10_C1_I1,N10_C1_I1.dat,n_10/N10_C1_I1.dat,final_case,N10,C1,Baseline,baseline,Baseline,10,46,2,62,6,0.1,6,8,10,0.9,0.5,20.5,8,10,0.9,0.5,20.5,0.9,TRUE,solved,5,1,5_S001,near,1,0.0087,0.00176,0.003992,0.2661,0.0532,0.057192,0.067652,0.0087,0.2661,0.057192,0.067652,9.13,4.5662080000000005,72.762,8->7->5,5->10,RESULTS/ACO/log_aco_spot.csv
GA,N10_C1_I1,N10_C1_I1.dat,n_10/N10_C1_I1.dat,final_case,N10,C1,Baseline,baseline,Baseline,10,46,2,62,6,0.1,6,8,10,0.9,0.5,20.5,8,10,0.9,0.5,20.5,0.9,TRUE,solved,5,1,5_S001,near,1,0.0087,0.00176,0.003992,0.2661,0.0532,0.057192,0.067652,0.0087,0.2661,0.057192,0.067652,9.13,4.5662080000000005,78.752,8->7->5,5->10,RESULTS/GA/log_ga_spot.csv
Optimization,N10_C1_I1,N10_C1_I1.dat,n_10/N10_C1_I1.dat,final_case,N10,C1,Baseline,baseline,Baseline,10,46,2,62,6,0.1,6,8,10,0.9,0.5,20.5,8,10,0.9,0.5,20.5,0.9,TRUE,inferred_from_previous_exact_lot_solution,5,1,5_S001,near,1,0.0087,0.00176,0.003992,0.2661,0.0532,0.057192,0.067652,0.0087,0.2661,0.057192,0.067652,9.13,4.566208,0.157,8->7->5,5->10,RESULTS/COMBINED_ALL_METHODS/results_all_methods_parameter_sensitivity_spot_level.csv
PSO,N10_C1_I1,N10_C1_I1.dat,n_10/N10_C1_I1.dat,final_case,N10,C1,Baseline,baseline,Baseline,10,46,2,62,6,0.1,6,8,10,0.9,0.5,20.5,8,10,0.9,0.5,20.5,0.9,TRUE,solved,5,1,5_S001,near,1,0.0087,0.00176,0.003992,0.2661,0.0532,0.057192,0.067652,0.0087,0.2661,0.057192,0.067652,9.13,4.5662080000000005,78.255,8->7->5,5->10,RESULTS/PSO/log_pso_spot.csv
ACO,N10_C2_I1,N10_C2_I1.dat,n_10/N10_C2_I1.dat,final_case,N10,C2,Dense,edge_density,Dense,10,52,2,62,6,0.1,6,8,10,0.9,0.5,20.5,8,10,0.9,0.5,20.5,0.9,TRUE,solved,5,1,5_S001,near,1,0.0076,0.00179,0.004023,0.2661,0.0532,0.057222999999999996,0.06661299999999999,0.0076,0.2661,0.057222999999999996,0.06661299999999999,9.17,4.514101999999999,1353.311,8->5,5->10,RESULTS/ACO/log_aco_spot.csv
GA,N10_C2_I1,N10_C2_I1.dat,n_10/N10_C2_I1.dat,final_case,N10,C2,Dense,edge_density,Dense,10,52,2,62,6,0.1,6,8,10,0.9,0.5,20.5,8,10,0.9,0.5,20.5,0.9,TRUE,solved,5,1,5_S001,near,1,0.0076,0.00179,0.004023,0.2661,0.0532,0.057222999999999996,0.06661299999999999,0.0076,0.2661,0.057222999999999996,0.06661299999999999,9.17,4.514101999999999,971.391,8->5,5->10,RESULTS/GA/log_ga_spot.csv
Optimization,N10_C2_I1,N10_C2_I1.dat,n_10/N10_C2_I1.dat,final_case,N10,C2,Dense,edge_density,Dense,10,52,2,62,6,0.1,6,8,10,0.9,0.5,20.5,8,10,0.9,0.5,20.5,0.9,TRUE,inferred_from_previous_exact_lot_solution,5,1,5_S001,near,1,0.0076,0.00176,0.003992,0.2661,0.0532,0.057192,0.066552,0.0076,0.2661,0.057192,0.066552,9.13,4.506808,0.197,8->5,5->10,RESULTS/COMBINED_ALL_METHODS/results_all_methods_parameter_sensitivity_spot_level.csv
PSO,N10_C2_I1,N10_C2_I1.dat,n_10/N10_C2_I1.dat,final_case,N10,C2,Dense,edge_density,Dense,10,52,2,62,6,0.1,6,8,10,0.9,0.5,20.5,8,10,0.9,0.5,20.5,0.9,TRUE,solved,5,1,5_S001,near,1,0.0076,0.00179,0.004023,0.2661,0.0532,0.057222999999999996,0.06661299999999999,0.0076,0.2661,0.057222999999999996,0.06661299999999999,9.17,4.514101999999999,2091.417,8->5,5->10,RESULTS/PSO/log_pso_spot.csv
ACO,N10_C3_I1,N10_C3_I1.dat,n_10/N10_C3_I1.dat,final_case,N10,C3,Higher supply,parking_supply,Higher,10,46,2,62,6,0.1,6,8,10,0.9,0.5,20.5,8,10,0.9,0.5,20.5,0.9,TRUE,solved,5,1,5_S001,near,1,0.0087,0.00179,0.004023,0.2661,0.0532,0.057222999999999996,0.067713,0.0087,0.2661,0.057222999999999996,0.067713,9.17,4.5735019999999995,743.096,8->7->5,5->10,RESULTS/ACO/log_aco_spot.csv
GA,N10_C3_I1,N10_C3_I1.dat,n_10/N10_C3_I1.dat,final_case,N10,C3,Higher supply,parking_supply,Higher,10,46,2,62,6,0.1,6,8,10,0.9,0.5,20.5,8,10,0.9,0.5,20.5,0.9,TRUE,solved,5,1,5_S001,near,1,0.0087,0.00179,0.004023,0.2661,0.0532,0.057222999999999996,0.067713,0.0087,0.2661,0.057222999999999996,0.067713,9.17,4.5735019999999995,1224.68,8->7->5,5->10,RESULTS/GA/log_ga_spot.csv
Optimization,N10_C3_I1,N10_C3_I1.dat,n_10/N10_C3_I1.dat,final_case,N10,C3,Higher supply,parking_supply,Higher,10,46,2,62,6,0.1,6,8,10,0.9,0.5,20.5,8,10,0.9,0.5,20.5,0.9,TRUE,inferred_from_previous_exact_lot_solution,5,1,5_S001,near,1,0.0087,0.00176,0.003992,0.2661,0.0532,0.057192,0.067652,0.0087,0.2661,0.057192,0.067652,9.13,4.566208,0.126,8->7->5,5->10,RESULTS/COMBINED_ALL_METHODS/results_all_methods_parameter_sensitivity_spot_level.csv
PSO,N10_C3_I1,N10_C3_I1.dat,n_10/N10_C3_I1.dat,final_case,N10,C3,Higher supply,parking_supply,Higher,10,46,2,62,6,0.1,6,8,10,0.9,0.5,20.5,8,10,0.9,0.5,20.5,0.9,TRUE,solved,5,1,5_S001,near,1,0.0087,0.00179,0.004023,0.2661,0.0532,0.057222999999999996,0.067713,0.0087,0.2661,0.057222999999999996,0.067713,9.17,4.5735019999999995,2219.241,8->7->5,5->10,RESULTS/PSO/log_pso_spot.csv
ACO,N10_C4_I1,N10_C4_I1.dat,n_10/N10_C4_I1.dat,final_case,N10,C4,1.00 km,maximum_walking_distance,1.0,10,46,2,62,6,0.1,6,8,10,0.9,1.0,20.5,8,10,0.9,1.0,20.5,0.9,TRUE,solved,5,1,5_S001,near,1,0.0087,0.001577,0.002959,0.2661,0.0532,0.056159,0.066436,0.0087,0.2661,0.056159,0.066436,9.32,4.519544,910.831,8->7->5,5->10,RESULTS/ACO/log_aco_spot.csv
GA,N10_C4_I1,N10_C4_I1.dat,n_10/N10_C4_I1.dat,final_case,N10,C4,1.00 km,maximum_walking_distance,1.0,10,46,2,62,6,0.1,6,8,10,0.9,1.0,20.5,8,10,0.9,1.0,20.5,0.9,TRUE,solved,5,1,5_S001,near,1,0.0087,0.001577,0.002959,0.2661,0.0532,0.056159,0.066436,0.0087,0.2661,0.056159,0.066436,9.32,4.519544,854.831,8->7->5,5->10,RESULTS/GA/log_ga_spot.csv
Optimization,N10_C4_I1,N10_C4_I1.dat,n_10/N10_C4_I1.dat,final_case,N10,C4,1.00 km,maximum_walking_distance,1.0,10,46,2,62,6,0.1,6,8,10,0.9,1.0,20.5,8,10,0.9,1.0,20.5,0.9,TRUE,inferred_from_previous_exact_lot_solution,5,1,5_S001,near,1,0.0087,0.001547,0.002928,0.2661,0.0532,0.056128,0.06637499999999999,0.0087,0.2661,0.056128,0.06637499999999999,9.28,4.512249999999999,0.127,8->7->5,5->10,RESULTS/COMBINED_ALL_METHODS/results_all_methods_parameter_sensitivity_spot_level.csv
PSO,N10_C4_I1,N10_C4_I1.dat,n_10/N10_C4_I1.dat,final_case,N10,C4,1.00 km,maximum_walking_distance,1.0,10,46,2,62,6,0.1,6,8,10,0.9,1.0,20.5,8,10,0.9,1.0,20.5,0.9,TRUE,solved,5,1,5_S001,near,1,0.0087,0.001577,0.002959,0.2661,0.0532,0.056159,0.066436,0.0087,0.2661,0.056159,0.066436,9.32,4.519544,859.128,8->7->5,5->10,RESULTS/PSO/log_pso_spot.csv
ACO,N10_C5_I1,N10_C5_I1.dat,n_10/N10_C5_I1.dat,final_case,N10,C5,Medium traffic,traffic_level,Medium,10,46,2,62,6,0.1,6,8,10,0.9,0.5,20.5,8,10,0.9,0.5,20.5,0.9,TRUE,solved,5,1,5_S001,near,1,0.0113,0.00179,0.004023,0.2661,0.0532,0.057222999999999996,0.070313,0.0113,0.2661,0.057222999999999996,0.070313,9.17,4.713901999999999,1021.963,8->7->6->5,5->10,RESULTS/ACO/log_aco_spot.csv
GA,N10_C5_I1,N10_C5_I1.dat,n_10/N10_C5_I1.dat,final_case,N10,C5,Medium traffic,traffic_level,Medium,10,46,2,62,6,0.1,6,8,10,0.9,0.5,20.5,8,10,0.9,0.5,20.5,0.9,TRUE,solved,5,1,5_S001,near,1,0.0113,0.00179,0.004023,0.2661,0.0532,0.057222999999999996,0.070313,0.0113,0.2661,0.057222999999999996,0.070313,9.17,4.713901999999999,1267.524,8->7->6->5,5->10,RESULTS/GA/log_ga_spot.csv
Optimization,N10_C5_I1,N10_C5_I1.dat,n_10/N10_C5_I1.dat,final_case,N10,C5,Medium traffic,traffic_level,Medium,10,46,2,62,6,0.1,6,8,10,0.9,0.5,20.5,8,10,0.9,0.5,20.5,0.9,TRUE,inferred_from_previous_exact_lot_solution,5,1,5_S001,near,1,0.0113,0.00176,0.003992,0.2661,0.0532,0.057192,0.070252,0.0113,0.2661,0.057192,0.070252,9.13,4.706608,0.122,8->7->6->5,5->10,RESULTS/COMBINED_ALL_METHODS/results_all_methods_parameter_sensitivity_spot_level.csv
PSO,N10_C5_I1,N10_C5_I1.dat,n_10/N10_C5_I1.dat,final_case,N10,C5,Medium traffic,traffic_level,Medium,10,46,2,62,6,0.1,6,8,10,0.9,0.5,20.5,8,10,0.9,0.5,20.5,0.9,TRUE,solved,5,1,5_S001,near,1,0.0113,0.00179,0.004023,0.2661,0.0532,0.057222999999999996,0.070313,0.0113,0.2661,0.057222999999999996,0.070313,9.17,4.713901999999999,759.817,8->7->6->5,5->10,RESULTS/PSO/log_pso_spot.csv
ACO,N10_C6_I1,N10_C6_I1.dat,n_10/N10_C6_I1.dat,final_case,N10,C6,High traffic,traffic_level,High,10,46,2,62,6,0.1,6,8,10,0.9,0.5,20.5,8,10,0.9,0.5,20.5,0.9,TRUE,solved,5,1,5_S001,near,1,0.0259,0.00179,0.004023,0.2661,0.0532,0.057222999999999996,0.08491299999999999,0.0259,0.2661,0.057222999999999996,0.08491299999999999,9.17,5.502301999999999,1143.859,8->7->5,5->10,RESULTS/ACO/log_aco_spot.csv
GA,N10_C6_I1,N10_C6_I1.dat,n_10/N10_C6_I1.dat,final_case,N10,C6,High traffic,traffic_level,High,10,46,2,62,6,0.1,6,8,10,0.9,0.5,20.5,8,10,0.9,0.5,20.5,0.9,TRUE,solved,5,1,5_S001,near,1,0.0259,0.00179,0.004023,0.2661,0.0532,0.057222999999999996,0.08491299999999999,0.0259,0.2661,0.057222999999999996,0.08491299999999999,9.17,5.502301999999999,1218.608,8->7->5,5->10,RESULTS/GA/log_ga_spot.csv
Optimization,N10_C6_I1,N10_C6_I1.dat,n_10/N10_C6_I1.dat,final_case,N10,C6,High traffic,traffic_level,High,10,46,2,62,6,0.1,6,8,10,0.9,0.5,20.5,8,10,0.9,0.5,20.5,0.9,TRUE,inferred_from_previous_exact_lot_solution,5,1,5_S001,near,1,0.0259,0.00176,0.003992,0.2661,0.0532,0.057192,0.084852,0.0259,0.2661,0.057192,0.084852,9.13,5.495008,0.118,8->7->5,5->10,RESULTS/COMBINED_ALL_METHODS/results_all_methods_parameter_sensitivity_spot_level.csv
PSO,N10_C6_I1,N10_C6_I1.dat,n_10/N10_C6_I1.dat,final_case,N10,C6,High traffic,traffic_level,High,10,46,2,62,6,0.1,6,8,10,0.9,0.5,20.5,8,10,0.9,0.5,20.5,0.9,TRUE,solved,5,1,5_S001,near,1,0.0259,0.00179,0.004023,0.2661,0.0532,0.057222999999999996,0.08491299999999999,0.0259,0.2661,0.057222999999999996,0.08491299999999999,9.17,5.502301999999999,2345.647,8->7->5,5->10,RESULTS/PSO/log_pso_spot.csv
ACO,N10_C7_I1,N10_C7_I1.dat,n_10/N10_C7_I1.dat,final_case,N10,C7,Alpha 0.80,objective_weight_alpha,0.8,10,46,2,62,6,0.1,6,8,10,0.9,0.5,20.5,8,10,0.9,0.5,20.5,0.9,TRUE,solved,5,1,5_S001,near,1,0.0087,0.00179,0.004023,0.2661,0.0532,0.057222999999999996,0.067713,0.0087,0.2661,0.057222999999999996,0.067713,9.17,4.5735019999999995,724.54,8->7->5,5->10,RESULTS/ACO/log_aco_spot.csv
GA,N10_C7_I1,N10_C7_I1.dat,n_10/N10_C7_I1.dat,final_case,N10,C7,Alpha 0.80,objective_weight_alpha,0.8,10,46,2,62,6,0.1,6,8,10,0.9,0.5,20.5,8,10,0.9,0.5,20.5,0.9,TRUE,solved,5,1,5_S001,near,1,0.0087,0.00179,0.004023,0.2661,0.0532,0.057222999999999996,0.067713,0.0087,0.2661,0.057222999999999996,0.067713,9.17,4.5735019999999995,980.439,8->7->5,5->10,RESULTS/GA/log_ga_spot.csv
Optimization,N10_C7_I1,N10_C7_I1.dat,n_10/N10_C7_I1.dat,final_case,N10,C7,Alpha 0.80,objective_weight_alpha,0.8,10,46,2,62,6,0.1,6,8,10,0.9,0.5,20.5,8,10,0.9,0.5,20.5,0.9,TRUE,inferred_from_previous_exact_lot_solution,5,1,5_S001,near,1,0.0087,0.00176,0.003992,0.2661,0.0532,0.057192,0.067652,0.0087,0.2661,0.057192,0.067652,9.13,4.566208,0.171,8->7->5,5->10,RESULTS/COMBINED_ALL_METHODS/results_all_methods_parameter_sensitivity_spot_level.csv
PSO,N10_C7_I1,N10_C7_I1.dat,n_10/N10_C7_I1.dat,final_case,N10,C7,Alpha 0.80,objective_weight_alpha,0.8,10,46,2,62,6,0.1,6,8,10,0.9,0.5,20.5,8,10,0.9,0.5,20.5,0.9,TRUE,solved,5,1,5_S001,near,1,0.0087,0.00179,0.004023,0.2661,0.0532,0.057222999999999996,0.067713,0.0087,0.2661,0.057222999999999996,0.067713,9.17,4.5735019999999995,2181.996,8->7->5,5->10,RESULTS/PSO/log_pso_spot.csv
ACO,N10_C8_I1,N10_C8_I1.dat,n_10/N10_C8_I1.dat,final_case,N10,C8,Alpha 0.20,objective_weight_alpha,0.2,10,46,2,62,6,0.1,6,8,10,0.1,0.5,20.5,8,10,0.1,0.5,20.5,0.1,TRUE,solved,5,1,5_S001,near,1,0.0087,0.00179,0.004023,0.2661,0.0532,0.057222999999999996,0.067713,0.0087,0.2661,0.057222999999999996,0.067713,9.17,8.659278,819.511,8->7->5,5->10,RESULTS/ACO/log_aco_spot.csv
GA,N10_C8_I1,N10_C8_I1.dat,n_10/N10_C8_I1.dat,final_case,N10,C8,Alpha 0.20,objective_weight_alpha,0.2,10,46,2,62,6,0.1,6,8,10,0.1,0.5,20.5,8,10,0.1,0.5,20.5,0.1,TRUE,solved,5,1,5_S001,near,1,0.0087,0.00179,0.004023,0.2661,0.0532,0.057222999999999996,0.067713,0.0087,0.2661,0.057222999999999996,0.067713,9.17,8.659278,957.546,8->7->5,5->10,RESULTS/GA/log_ga_spot.csv
Optimization,N10_C8_I1,N10_C8_I1.dat,n_10/N10_C8_I1.dat,final_case,N10,C8,Alpha 0.20,objective_weight_alpha,0.2,10,46,2,62,6,0.1,6,8,10,0.1,0.5,20.5,8,10,0.1,0.5,20.5,0.1,TRUE,inferred_from_previous_exact_lot_solution,5,1,5_S001,near,1,0.0087,0.00176,0.003992,0.2661,0.0532,0.057192,0.067652,0.0087,0.2661,0.057192,0.067652,9.13,8.622912000000001,0.118,8->7->5,5->10,RESULTS/COMBINED_ALL_METHODS/results_all_methods_parameter_sensitivity_spot_level.csv
PSO,N10_C8_I1,N10_C8_I1.dat,n_10/N10_C8_I1.dat,final_case,N10,C8,Alpha 0.20,objective_weight_alpha,0.2,10,46,2,62,6,0.1,6,8,10,0.1,0.5,20.5,8,10,0.1,0.5,20.5,0.1,TRUE,solved,5,1,5_S001,near,1,0.0087,0.00179,0.004023,0.2661,0.0532,0.057222999999999996,0.067713,0.0087,0.2661,0.057222999999999996,0.067713,9.17,8.659278,686.159,8->7->5,5->10,RESULTS/PSO/log_pso_spot.csv
ACO,N10_C9_I1,N10_C9_I1.dat,n_10/N10_C9_I1.dat,final_case,N10,C9,Cmax 15.0,parking_budget_cmax,15.0,10,46,2,62,6,0.1,6,8,10,0.9,0.5,15.0,8,10,0.9,0.5,15.0,0.9,TRUE,solved,5,1,5_S001,near,1,0.0087,0.00179,0.004023,0.2661,0.0532,0.057222999999999996,0.067713,0.0087,0.2661,0.057222999999999996,0.067713,9.17,4.5735019999999995,923.393,8->7->5,5->10,RESULTS/ACO/log_aco_spot.csv
GA,N10_C9_I1,N10_C9_I1.dat,n_10/N10_C9_I1.dat,final_case,N10,C9,Cmax 15.0,parking_budget_cmax,15.0,10,46,2,62,6,0.1,6,8,10,0.9,0.5,15.0,8,10,0.9,0.5,15.0,0.9,TRUE,solved,5,1,5_S001,near,1,0.0087,0.00179,0.004023,0.2661,0.0532,0.057222999999999996,0.067713,0.0087,0.2661,0.057222999999999996,0.067713,9.17,4.5735019999999995,899.941,8->7->5,5->10,RESULTS/GA/log_ga_spot.csv
Optimization,N10_C9_I1,N10_C9_I1.dat,n_10/N10_C9_I1.dat,final_case,N10,C9,Cmax 15.0,parking_budget_cmax,15.0,10,46,2,62,6,0.1,6,8,10,0.9,0.5,15.0,8,10,0.9,0.5,15.0,0.9,TRUE,inferred_from_previous_exact_lot_solution,5,1,5_S001,near,1,0.0087,0.00176,0.003992,0.2661,0.0532,0.057192,0.067652,0.0087,0.2661,0.057192,0.067652,9.13,4.566208,0.118,8->7->5,5->10,RESULTS/COMBINED_ALL_METHODS/results_all_methods_parameter_sensitivity_spot_level.csv
PSO,N10_C9_I1,N10_C9_I1.dat,n_10/N10_C9_I1.dat,final_case,N10,C9,Cmax 15.0,parking_budget_cmax,15.0,10,46,2,62,6,0.1,6,8,10,0.9,0.5,15.0,8,10,0.9,0.5,15.0,0.9,TRUE,solved,5,1,5_S001,near,1,0.0087,0.00179,0.004023,0.2661,0.0532,0.057222999999999996,0.067713,0.0087,0.2661,0.057222999999999996,0.067713,9.17,4.5735019999999995,714.417,8->7->5,5->10,RESULTS/PSO/log_pso_spot.csv
ACO,N20_C10_I1,N20_C10_I1.dat,n_20/N20_C10_I1.dat,final_case,N20,C10,15.0-30.0,parking_cost_range,15.0-30.0,20,62,2,68,6,0.1,6,1,20,0.9,0.5,20.5,1,20,0.9,0.5,20.5,0.9,TRUE,solved,18,35,18_S001,near,1,0.0205,0.001925,0.004695,0.35,0.07,0.07469500000000001,0.09712000000000001,0.0205,0.35,0.07469500000000001,0.09712000000000001,14.86,6.73048,44.124,1->5->6->10->11->15->18,18->20,RESULTS/ACO/log_aco_spot.csv
GA,N20_C10_I1,N20_C10_I1.dat,n_20/N20_C10_I1.dat,final_case,N20,C10,15.0-30.0,parking_cost_range,15.0-30.0,20,62,2,68,6,0.1,6,1,20,0.9,0.5,20.5,1,20,0.9,0.5,20.5,0.9,TRUE,solved,18,35,18_S001,near,1,0.0205,0.001925,0.004695,0.35,0.07,0.07469500000000001,0.09712000000000001,0.0205,0.35,0.07469500000000001,0.09712000000000001,14.86,6.73048,899.09,1->5->6->10->11->15->18,18->20,RESULTS/GA/log_ga_spot.csv
Optimization,N20_C10_I1,N20_C10_I1.dat,n_20/N20_C10_I1.dat,final_case,N20,C10,15.0-30.0,parking_cost_range,15.0-30.0,20,62,2,68,6,0.1,6,1,20,0.9,0.5,20.5,1,20,0.9,0.5,20.5,0.9,TRUE,inferred_from_previous_exact_lot_solution,18,35,18_S001,near,1,0.0205,0.001904,0.004674,0.35,0.07,0.074674,0.097078,0.0205,0.35,0.074674,0.097078,14.88,6.730212000000001,0.214,1->5->6->10->11->15->18,18->20,RESULTS/COMBINED_ALL_METHODS/results_all_methods_parameter_sensitivity_spot_level.csv
PSO,N20_C10_I1,N20_C10_I1.dat,n_20/N20_C10_I1.dat,final_case,N20,C10,15.0-30.0,parking_cost_range,15.0-30.0,20,62,2,68,6,0.1,6,1,20,0.9,0.5,20.5,1,20,0.9,0.5,20.5,0.9,TRUE,solved,18,35,18_S001,near,1,0.0205,0.001925,0.004695,0.35,0.07,0.07469500000000001,0.09712000000000001,0.0205,0.35,0.07469500000000001,0.09712000000000001,14.86,6.73048,1384.83,1->5->6->10->11->15->18,18->20,RESULTS/PSO/log_pso_spot.csv
ACO,N20_C1_I1,N20_C1_I1.dat,n_20/N20_C1_I1.dat,final_case,N20,C1,Baseline,baseline,Baseline,20,62,2,68,6,0.1,6,1,20,0.9,0.5,20.5,1,20,0.9,0.5,20.5,0.9,TRUE,solved,19,1,19_S001,near,1,0.0251,0.001559,0.002857,0.12,0.024,0.026857,0.053516,0.0251,0.12,0.026857,0.053516,17.77,4.6668639999999995,109.655,1->5->6->10->11->15->18->19,19->20,RESULTS/ACO/log_aco_spot.csv
GA,N20_C1_I1,N20_C1_I1.dat,n_20/N20_C1_I1.dat,final_case,N20,C1,Baseline,baseline,Baseline,20,62,2,68,6,0.1,6,1,20,0.9,0.5,20.5,1,20,0.9,0.5,20.5,0.9,TRUE,solved,19,1,19_S001,near,1,0.0251,0.001559,0.002857,0.12,0.024,0.026857,0.053516,0.0251,0.12,0.026857,0.053516,17.77,4.6668639999999995,123.498,1->5->6->10->11->15->18->19,19->20,RESULTS/GA/log_ga_spot.csv
Optimization,N20_C1_I1,N20_C1_I1.dat,n_20/N20_C1_I1.dat,final_case,N20,C1,Baseline,baseline,Baseline,20,62,2,68,6,0.1,6,1,20,0.9,0.5,20.5,1,20,0.9,0.5,20.5,0.9,TRUE,inferred_from_previous_exact_lot_solution,19,1,19_S001,near,1,0.0251,0.001559,0.002857,0.12,0.024,0.026857,0.053516,0.0251,0.12,0.026857,0.053516,17.77,4.6668639999999995,0.458,1->5->6->10->11->15->18->19,19->20,RESULTS/COMBINED_ALL_METHODS/results_all_methods_parameter_sensitivity_spot_level.csv
PSO,N20_C1_I1,N20_C1_I1.dat,n_20/N20_C1_I1.dat,final_case,N20,C1,Baseline,baseline,Baseline,20,62,2,68,6,0.1,6,1,20,0.9,0.5,20.5,1,20,0.9,0.5,20.5,0.9,TRUE,solved,19,1,19_S001,near,1,0.0251,0.001559,0.002857,0.12,0.024,0.026857,0.053516,0.0251,0.12,0.026857,0.053516,17.77,4.6668639999999995,132.211,1->5->6->10->11->15->18->19,19->20,RESULTS/PSO/log_pso_spot.csv
ACO,N20_C2_I1,N20_C2_I1.dat,n_20/N20_C2_I1.dat,final_case,N20,C2,Dense,edge_density,Dense,20,68,2,68,6,0.1,6,1,20,0.9,0.5,20.5,1,20,0.9,0.5,20.5,0.9,TRUE,solved,18,35,18_S001,near,1,0.0205,0.001925,0.004695,0.35,0.07,0.07469500000000001,0.09712000000000001,0.0205,0.35,0.07469500000000001,0.09712000000000001,7.35,5.97948,45.112,1->5->6->10->11->15->18,18->20,RESULTS/ACO/log_aco_spot.csv
GA,N20_C2_I1,N20_C2_I1.dat,n_20/N20_C2_I1.dat,final_case,N20,C2,Dense,edge_density,Dense,20,68,2,68,6,0.1,6,1,20,0.9,0.5,20.5,1,20,0.9,0.5,20.5,0.9,TRUE,solved,19,1,19_S001,near,1,0.023,0.001494,0.002792,0.12,0.024,0.026792,0.051286,0.023,0.12,0.026792,0.051286,17.8,4.549443999999999,1197.009,1->5->6->10->13->19,19->20,RESULTS/GA/log_ga_spot.csv
Optimization,N20_C2_I1,N20_C2_I1.dat,n_20/N20_C2_I1.dat,final_case,N20,C2,Dense,edge_density,Dense,20,68,2,68,6,0.1,6,1,20,0.9,0.5,20.5,1,20,0.9,0.5,20.5,0.9,TRUE,inferred_from_previous_exact_lot_solution,19,1,19_S001,near,1,0.023,0.001559,0.002857,0.12,0.024,0.026857,0.051416,0.023,0.12,0.026857,0.051416,17.77,4.553464,0.473,1->5->6->10->13->19,19->20,RESULTS/COMBINED_ALL_METHODS/results_all_methods_parameter_sensitivity_spot_level.csv
PSO,N20_C2_I1,N20_C2_I1.dat,n_20/N20_C2_I1.dat,final_case,N20,C2,Dense,edge_density,Dense,20,68,2,68,6,0.1,6,1,20,0.9,0.5,20.5,1,20,0.9,0.5,20.5,0.9,TRUE,solved,19,1,19_S001,near,1,0.023,0.001494,0.002792,0.12,0.024,0.026792,0.051286,0.023,0.12,0.026792,0.051286,17.8,4.549443999999999,1470.193,1->5->6->10->13->19,19->20,RESULTS/PSO/log_pso_spot.csv
ACO,N20_C3_I1,N20_C3_I1.dat,n_20/N20_C3_I1.dat,final_case,N20,C3,Higher supply,parking_supply,Higher,20,62,2,68,6,0.1,6,1,20,0.9,0.5,20.5,1,20,0.9,0.5,20.5,0.9,TRUE,solved,18,35,18_S001,near,1,0.0205,0.001925,0.004695,0.35,0.07,0.07469500000000001,0.09712000000000001,0.0205,0.35,0.07469500000000001,0.09712000000000001,7.35,5.97948,44.426,1->5->6->10->11->15->18,18->20,RESULTS/ACO/log_aco_spot.csv
GA,N20_C3_I1,N20_C3_I1.dat,n_20/N20_C3_I1.dat,final_case,N20,C3,Higher supply,parking_supply,Higher,20,62,2,68,6,0.1,6,1,20,0.9,0.5,20.5,1,20,0.9,0.5,20.5,0.9,TRUE,solved,19,1,19_S001,near,1,0.0251,0.001494,0.002792,0.12,0.024,0.026792,0.053386,0.0251,0.12,0.026792,0.053386,17.8,4.662844,982.991,1->5->6->10->11->15->18->19,19->20,RESULTS/GA/log_ga_spot.csv
Optimization,N20_C3_I1,N20_C3_I1.dat,n_20/N20_C3_I1.dat,final_case,N20,C3,Higher supply,parking_supply,Higher,20,62,2,68,6,0.1,6,1,20,0.9,0.5,20.5,1,20,0.9,0.5,20.5,0.9,TRUE,inferred_from_previous_exact_lot_solution,19,1,19_S001,near,1,0.0251,0.001559,0.002857,0.12,0.024,0.026857,0.053516,0.0251,0.12,0.026857,0.053516,17.77,4.6668639999999995,0.544,1->5->6->10->11->15->18->19,19->20,RESULTS/COMBINED_ALL_METHODS/results_all_methods_parameter_sensitivity_spot_level.csv
PSO,N20_C3_I1,N20_C3_I1.dat,n_20/N20_C3_I1.dat,final_case,N20,C3,Higher supply,parking_supply,Higher,20,62,2,68,6,0.1,6,1,20,0.9,0.5,20.5,1,20,0.9,0.5,20.5,0.9,TRUE,solved,19,1,19_S001,near,1,0.0251,0.001494,0.002792,0.12,0.024,0.026792,0.053386,0.0251,0.12,0.026792,0.053386,17.8,4.662844,1191.859,1->5->6->10->11->15->18->19,19->20,RESULTS/PSO/log_pso_spot.csv
ACO,N20_C4_I1,N20_C4_I1.dat,n_20/N20_C4_I1.dat,final_case,N20,C4,1.00 km,maximum_walking_distance,1.0,20,62,2,68,6,0.1,6,1,20,0.9,1.0,20.5,1,20,0.9,1.0,20.5,0.9,TRUE,solved,18,35,18_S001,near,1,0.0205,0.001645,0.003295,0.35,0.07,0.07329500000000001,0.09544000000000001,0.0205,0.35,0.07329500000000001,0.09544000000000001,7.54,5.907760000000001,44.622,1->5->6->10->11->15->18,18->20,RESULTS/ACO/log_aco_spot.csv
GA,N20_C4_I1,N20_C4_I1.dat,n_20/N20_C4_I1.dat,final_case,N20,C4,1.00 km,maximum_walking_distance,1.0,20,62,2,68,6,0.1,6,1,20,0.9,1.0,20.5,1,20,0.9,1.0,20.5,0.9,TRUE,solved,19,1,19_S001,near,1,0.0251,0.001398,0.002312,0.12,0.024,0.026312000000000002,0.05281,0.0251,0.12,0.026312000000000002,0.05281,17.87,4.638739999999999,954.014,1->5->6->10->11->15->18->19,19->20,RESULTS/GA/log_ga_spot.csv
Optimization,N20_C4_I1,N20_C4_I1.dat,n_20/N20_C4_I1.dat,final_case,N20,C4,1.00 km,maximum_walking_distance,1.0,20,62,2,68,6,0.1,6,1,20,0.9,1.0,20.5,1,20,0.9,1.0,20.5,0.9,TRUE,inferred_from_previous_exact_lot_solution,19,1,19_S001,near,1,0.0251,0.001463,0.002377,0.12,0.024,0.026377,0.05294,0.0251,0.12,0.026377,0.05294,17.84,4.64276,0.546,1->5->6->10->11->15->18->19,19->20,RESULTS/COMBINED_ALL_METHODS/results_all_methods_parameter_sensitivity_spot_level.csv
PSO,N20_C4_I1,N20_C4_I1.dat,n_20/N20_C4_I1.dat,final_case,N20,C4,1.00 km,maximum_walking_distance,1.0,20,62,2,68,6,0.1,6,1,20,0.9,1.0,20.5,1,20,0.9,1.0,20.5,0.9,TRUE,solved,19,1,19_S001,near,1,0.0251,0.001398,0.002312,0.12,0.024,0.026312000000000002,0.05281,0.0251,0.12,0.026312000000000002,0.05281,17.87,4.638739999999999,1772.673,1->5->6->10->11->15->18->19,19->20,RESULTS/PSO/log_pso_spot.csv
ACO,N20_C5_I1,N20_C5_I1.dat,n_20/N20_C5_I1.dat,final_case,N20,C5,Medium traffic,traffic_level,Medium,20,62,2,68,6,0.1,6,1,20,0.9,0.5,20.5,1,20,0.9,0.5,20.5,0.9,TRUE,solved,18,35,18_S001,near,1,0.0308,0.001925,0.004695,0.35,0.07,0.07469500000000001,0.10742000000000002,0.0308,0.35,0.07469500000000001,0.10742000000000002,7.35,6.53568,44.251,1->5->6->10->11->15->18,18->20,RESULTS/ACO/log_aco_spot.csv
GA,N20_C5_I1,N20_C5_I1.dat,n_20/N20_C5_I1.dat,final_case,N20,C5,Medium traffic,traffic_level,Medium,20,62,2,68,6,0.1,6,1,20,0.9,0.5,20.5,1,20,0.9,0.5,20.5,0.9,TRUE,solved,19,1,19_S001,near,1,0.0367,0.001494,0.002792,0.12,0.024,0.026792,0.064986,0.0367,0.12,0.026792,0.064986,17.8,5.289244,1006.026,1->5->6->10->11->15->18->19,19->20,RESULTS/GA/log_ga_spot.csv
Optimization,N20_C5_I1,N20_C5_I1.dat,n_20/N20_C5_I1.dat,final_case,N20,C5,Medium traffic,traffic_level,Medium,20,62,2,68,6,0.1,6,1,20,0.9,0.5,20.5,1,20,0.9,0.5,20.5,0.9,TRUE,inferred_from_previous_exact_lot_solution,19,1,19_S001,near,1,0.0367,0.001559,0.002857,0.12,0.024,0.026857,0.06511600000000001,0.0367,0.12,0.026857,0.06511600000000001,17.77,5.293264,0.468,1->5->6->10->11->15->18->19,19->20,RESULTS/COMBINED_ALL_METHODS/results_all_methods_parameter_sensitivity_spot_level.csv
PSO,N20_C5_I1,N20_C5_I1.dat,n_20/N20_C5_I1.dat,final_case,N20,C5,Medium traffic,traffic_level,Medium,20,62,2,68,6,0.1,6,1,20,0.9,0.5,20.5,1,20,0.9,0.5,20.5,0.9,TRUE,solved,19,1,19_S001,near,1,0.0367,0.001494,0.002792,0.12,0.024,0.026792,0.064986,0.0367,0.12,0.026792,0.064986,17.8,5.289244,1844.873,1->5->6->10->11->15->18->19,19->20,RESULTS/PSO/log_pso_spot.csv
ACO,N20_C6_I1,N20_C6_I1.dat,n_20/N20_C6_I1.dat,final_case,N20,C6,High traffic,traffic_level,High,20,62,2,68,6,0.1,6,1,20,0.9,0.5,20.5,1,20,0.9,0.5,20.5,0.9,TRUE,solved,18,35,18_S001,near,1,0.0607,0.001925,0.004695,0.35,0.07,0.07469500000000001,0.13732,0.0607,0.35,0.07469500000000001,0.13732,7.35,8.15028,44.518,1->5->6->10->11->15->18,18->20,RESULTS/ACO/log_aco_spot.csv
GA,N20_C6_I1,N20_C6_I1.dat,n_20/N20_C6_I1.dat,final_case,N20,C6,High traffic,traffic_level,High,20,62,2,68,6,0.1,6,1,20,0.9,0.5,20.5,1,20,0.9,0.5,20.5,0.9,TRUE,solved,19,1,19_S001,near,1,0.07189999999999999,0.001494,0.002792,0.12,0.024,0.026792,0.10018599999999998,0.07189999999999999,0.12,0.026792,0.10018599999999998,17.8,7.1900439999999985,1074.916,1->5->6->10->11->15->18->19,19->20,RESULTS/GA/log_ga_spot.csv
Optimization,N20_C6_I1,N20_C6_I1.dat,n_20/N20_C6_I1.dat,final_case,N20,C6,High traffic,traffic_level,High,20,62,2,68,6,0.1,6,1,20,0.9,0.5,20.5,1,20,0.9,0.5,20.5,0.9,TRUE,inferred_from_previous_exact_lot_solution,19,1,19_S001,near,1,0.0719,0.001559,0.002857,0.12,0.024,0.026857,0.10031600000000002,0.0719,0.12,0.026857,0.10031600000000002,17.77,7.194064,0.447,1->5->6->10->11->15->18->19,19->20,RESULTS/COMBINED_ALL_METHODS/results_all_methods_parameter_sensitivity_spot_level.csv
PSO,N20_C6_I1,N20_C6_I1.dat,n_20/N20_C6_I1.dat,final_case,N20,C6,High traffic,traffic_level,High,20,62,2,68,6,0.1,6,1,20,0.9,0.5,20.5,1,20,0.9,0.5,20.5,0.9,TRUE,solved,19,1,19_S001,near,1,0.07740000000000001,0.001494,0.002792,0.12,0.024,0.026792,0.105686,0.07740000000000001,0.12,0.026792,0.105686,17.8,7.487044,1398.696,1->5->9->10->11->15->18->19,19->20,RESULTS/PSO/log_pso_spot.csv
ACO,N20_C7_I1,N20_C7_I1.dat,n_20/N20_C7_I1.dat,final_case,N20,C7,Alpha 0.80,objective_weight_alpha,0.8,20,62,2,68,6,0.1,6,1,20,0.9,0.5,20.5,1,20,0.9,0.5,20.5,0.9,TRUE,solved,18,35,18_S001,near,1,0.0205,0.001925,0.004695,0.35,0.07,0.07469500000000001,0.09712000000000001,0.0205,0.35,0.07469500000000001,0.09712000000000001,7.35,5.97948,47.843,1->5->6->10->11->15->18,18->20,RESULTS/ACO/log_aco_spot.csv
GA,N20_C7_I1,N20_C7_I1.dat,n_20/N20_C7_I1.dat,final_case,N20,C7,Alpha 0.80,objective_weight_alpha,0.8,20,62,2,68,6,0.1,6,1,20,0.9,0.5,20.5,1,20,0.9,0.5,20.5,0.9,TRUE,solved,19,1,19_S001,near,1,0.0251,0.001494,0.002792,0.12,0.024,0.026792,0.053386,0.0251,0.12,0.026792,0.053386,17.8,4.662844,974.016,1->5->6->10->11->15->18->19,19->20,RESULTS/GA/log_ga_spot.csv
Optimization,N20_C7_I1,N20_C7_I1.dat,n_20/N20_C7_I1.dat,final_case,N20,C7,Alpha 0.80,objective_weight_alpha,0.8,20,62,2,68,6,0.1,6,1,20,0.9,0.5,20.5,1,20,0.9,0.5,20.5,0.9,TRUE,inferred_from_previous_exact_lot_solution,19,1,19_S001,near,1,0.0251,0.001559,0.002857,0.12,0.024,0.026857,0.053516,0.0251,0.12,0.026857,0.053516,17.77,4.6668639999999995,0.441,1->5->6->10->11->15->18->19,19->20,RESULTS/COMBINED_ALL_METHODS/results_all_methods_parameter_sensitivity_spot_level.csv
PSO,N20_C7_I1,N20_C7_I1.dat,n_20/N20_C7_I1.dat,final_case,N20,C7,Alpha 0.80,objective_weight_alpha,0.8,20,62,2,68,6,0.1,6,1,20,0.9,0.5,20.5,1,20,0.9,0.5,20.5,0.9,TRUE,solved,19,1,19_S001,near,1,0.0251,0.001494,0.002792,0.12,0.024,0.026792,0.053386,0.0251,0.12,0.026792,0.053386,17.8,4.662844,1381.725,1->5->6->10->11->15->18->19,19->20,RESULTS/PSO/log_pso_spot.csv
ACO,N20_C8_I1,N20_C8_I1.dat,n_20/N20_C8_I1.dat,final_case,N20,C8,Alpha 0.20,objective_weight_alpha,0.2,20,62,2,68,6,0.1,6,1,20,0.1,0.5,20.5,1,20,0.1,0.5,20.5,0.1,TRUE,solved,18,35,18_S001,near,1,0.0205,0.001925,0.004695,0.35,0.07,0.07469500000000001,0.09712000000000001,0.0205,0.35,0.07469500000000001,0.09712000000000001,7.35,7.19772,43.973,1->5->6->10->11->15->18,18->20,RESULTS/ACO/log_aco_spot.csv
GA,N20_C8_I1,N20_C8_I1.dat,n_20/N20_C8_I1.dat,final_case,N20,C8,Alpha 0.20,objective_weight_alpha,0.2,20,62,2,68,6,0.1,6,1,20,0.1,0.5,20.5,1,20,0.1,0.5,20.5,0.1,TRUE,solved,19,1,19_S001,near,1,0.0251,0.001494,0.002792,0.12,0.024,0.026792,0.053386,0.0251,0.12,0.026792,0.053386,17.8,16.340316,934.999,1->5->6->10->11->15->18->19,19->20,RESULTS/GA/log_ga_spot.csv
Optimization,N20_C8_I1,N20_C8_I1.dat,n_20/N20_C8_I1.dat,final_case,N20,C8,Alpha 0.20,objective_weight_alpha,0.2,20,62,2,68,6,0.1,6,1,20,0.1,0.5,20.5,1,20,0.1,0.5,20.5,0.1,TRUE,inferred_from_previous_exact_lot_solution,19,1,19_S001,near,1,0.0251,0.001559,0.002857,0.12,0.024,0.026857,0.053516,0.0251,0.12,0.026857,0.053516,17.77,16.314096,0.441,1->5->6->10->11->15->18->19,19->20,RESULTS/COMBINED_ALL_METHODS/results_all_methods_parameter_sensitivity_spot_level.csv
PSO,N20_C8_I1,N20_C8_I1.dat,n_20/N20_C8_I1.dat,final_case,N20,C8,Alpha 0.20,objective_weight_alpha,0.2,20,62,2,68,6,0.1,6,1,20,0.1,0.5,20.5,1,20,0.1,0.5,20.5,0.1,TRUE,solved,19,1,19_S001,near,1,0.0251,0.001494,0.002792,0.12,0.024,0.026792,0.053386,0.0251,0.12,0.026792,0.053386,17.8,16.340316,1515.304,1->5->6->10->11->15->18->19,19->20,RESULTS/PSO/log_pso_spot.csv
ACO,N20_C9_I1,N20_C9_I1.dat,n_20/N20_C9_I1.dat,final_case,N20,C9,Cmax 15.0,parking_budget_cmax,15.0,20,62,2,68,6,0.1,6,1,20,0.9,0.5,15.0,1,20,0.9,0.5,15.0,0.9,TRUE,solved,18,35,18_S001,near,1,0.0205,0.001925,0.004695,0.35,0.07,0.07469500000000001,0.09712000000000001,0.0205,0.35,0.07469500000000001,0.09712000000000001,7.35,5.97948,44.442,1->5->6->10->11->15->18,18->20,RESULTS/ACO/log_aco_spot.csv
GA,N20_C9_I1,N20_C9_I1.dat,n_20/N20_C9_I1.dat,final_case,N20,C9,Cmax 15.0,parking_budget_cmax,15.0,20,62,2,68,6,0.1,6,1,20,0.9,0.5,15.0,1,20,0.9,0.5,15.0,0.9,TRUE,solved,18,35,18_S001,near,1,0.0205,0.001925,0.004695,0.35,0.07,0.07469500000000001,0.09712000000000001,0.0205,0.35,0.07469500000000001,0.09712000000000001,7.35,5.97948,896.202,1->5->6->10->11->15->18,18->20,RESULTS/GA/log_ga_spot.csv
Optimization,N20_C9_I1,N20_C9_I1.dat,n_20/N20_C9_I1.dat,final_case,N20,C9,Cmax 15.0,parking_budget_cmax,15.0,20,62,2,68,6,0.1,6,1,20,0.9,0.5,15.0,1,20,0.9,0.5,15.0,0.9,TRUE,inferred_from_previous_exact_lot_solution,18,35,18_S001,near,1,0.0205,0.001904,0.004674,0.35,0.07,0.074674,0.097078,0.0205,0.35,0.074674,0.097078,7.36,5.978212000000001,0.226,1->5->6->10->11->15->18,18->20,RESULTS/COMBINED_ALL_METHODS/results_all_methods_parameter_sensitivity_spot_level.csv
PSO,N20_C9_I1,N20_C9_I1.dat,n_20/N20_C9_I1.dat,final_case,N20,C9,Cmax 15.0,parking_budget_cmax,15.0,20,62,2,68,6,0.1,6,1,20,0.9,0.5,15.0,1,20,0.9,0.5,15.0,0.9,TRUE,solved,18,35,18_S001,near,1,0.0205,0.001925,0.004695,0.35,0.07,0.07469500000000001,0.09712000000000001,0.0205,0.35,0.07469500000000001,0.09712000000000001,7.35,5.97948,1580.702,1->5->6->10->11->15->18,18->20,RESULTS/PSO/log_pso_spot.csv
ACO,N30_C10_I1,N30_C10_I1.dat,n_30/N30_C10_I1.dat,final_case,N30,C10,15.0-30.0,parking_cost_range,15.0-30.0,30,142,2,70,7,0.1,7,25,30,0.9,0.5,20.5,25,30,0.9,0.5,20.5,0.9,TRUE,solved,27,31,27_S001,near,1,0.0221,0.00172,0.003863,0.2521,0.0504,0.054263,0.078083,0.0221,0.2521,0.054263,0.078083,16.21,5.837482,64.69,25->23->1->6->11->15->18->20->26->27,27->30,RESULTS/ACO/log_aco_spot.csv
GA,N30_C10_I1,N30_C10_I1.dat,n_30/N30_C10_I1.dat,final_case,N30,C10,15.0-30.0,parking_cost_range,15.0-30.0,30,142,2,70,7,0.1,7,25,30,0.9,0.5,20.5,25,30,0.9,0.5,20.5,0.9,TRUE,solved,27,31,27_S001,near,1,0.0221,0.00172,0.003863,0.2521,0.0504,0.054263,0.078083,0.0221,0.2521,0.054263,0.078083,16.21,5.837482,2253.607,25->23->1->6->11->15->18->20->26->27,27->30,RESULTS/GA/log_ga_spot.csv
Optimization,N30_C10_I1,N30_C10_I1.dat,n_30/N30_C10_I1.dat,final_case,N30,C10,15.0-30.0,parking_cost_range,15.0-30.0,30,142,2,70,7,0.1,7,25,30,0.9,0.5,20.5,25,30,0.9,0.5,20.5,0.9,TRUE,inferred_from_previous_exact_lot_solution,27,31,27_S001,near,1,0.0221,0.001709,0.003852,0.2521,0.0504,0.054252,0.078061,0.0221,0.2521,0.054252,0.078061,16.24,5.839294000000001,0.459,25->23->1->6->11->15->18->20->26->27,27->30,RESULTS/COMBINED_ALL_METHODS/results_all_methods_parameter_sensitivity_spot_level.csv
PSO,N30_C10_I1,N30_C10_I1.dat,n_30/N30_C10_I1.dat,final_case,N30,C10,15.0-30.0,parking_cost_range,15.0-30.0,30,142,2,70,7,0.1,7,25,30,0.9,0.5,20.5,25,30,0.9,0.5,20.5,0.9,TRUE,solved,27,31,27_S001,near,1,0.023400000000000004,0.00172,0.003863,0.2521,0.0504,0.054263,0.07938300000000001,0.023400000000000004,0.2521,0.054263,0.07938300000000001,16.21,5.907682,624.473,25->23->1->5->10->16->18->20->26->27,27->30,RESULTS/PSO/log_pso_spot.csv
ACO,N30_C1_I1,N30_C1_I1.dat,n_30/N30_C1_I1.dat,final_case,N30,C1,Baseline,baseline,Baseline,30,142,2,70,7,0.1,7,25,30,0.9,0.5,20.5,25,30,0.9,0.5,20.5,0.9,TRUE,solved,29,1,29_S001,near,1,0.0247,0.00157,0.002868,0.12,0.024,0.026868,0.053138,0.0247,0.12,0.026868,0.053138,13.26,4.1954519999999995,160.502,25->23->1->6->11->15->18->20->26->27->29,29->30,RESULTS/ACO/log_aco_spot.csv
GA,N30_C1_I1,N30_C1_I1.dat,n_30/N30_C1_I1.dat,final_case,N30,C1,Baseline,baseline,Baseline,30,142,2,70,7,0.1,7,25,30,0.9,0.5,20.5,25,30,0.9,0.5,20.5,0.9,TRUE,solved,29,1,29_S001,near,1,0.0247,0.00157,0.002868,0.12,0.024,0.026868,0.053138,0.0247,0.12,0.026868,0.053138,13.26,4.1954519999999995,189.723,25->23->1->6->11->15->18->20->26->27->29,29->30,RESULTS/GA/log_ga_spot.csv
Optimization,N30_C1_I1,N30_C1_I1.dat,n_30/N30_C1_I1.dat,final_case,N30,C1,Baseline,baseline,Baseline,30,142,2,70,7,0.1,7,25,30,0.9,0.5,20.5,25,30,0.9,0.5,20.5,0.9,TRUE,inferred_from_previous_exact_lot_solution,29,1,29_S001,near,1,0.0247,0.00157,0.002868,0.12,0.024,0.026868,0.053138,0.0247,0.12,0.026868,0.053138,13.26,4.1954519999999995,0.815,25->23->1->6->11->15->18->20->26->27->29,29->30,RESULTS/COMBINED_ALL_METHODS/results_all_methods_parameter_sensitivity_spot_level.csv
PSO,N30_C1_I1,N30_C1_I1.dat,n_30/N30_C1_I1.dat,final_case,N30,C1,Baseline,baseline,Baseline,30,142,2,70,7,0.1,7,25,30,0.9,0.5,20.5,25,30,0.9,0.5,20.5,0.9,TRUE,solved,29,1,29_S001,near,1,0.0247,0.00157,0.002868,0.12,0.024,0.026868,0.053138,0.0247,0.12,0.026868,0.053138,13.26,4.1954519999999995,225.562,25->23->1->6->11->15->18->20->26->27->29,29->30,RESULTS/PSO/log_pso_spot.csv
ACO,N30_C2_I1,N30_C2_I1.dat,n_30/N30_C2_I1.dat,final_case,N30,C2,Dense,edge_density,Dense,30,150,2,70,7,0.1,7,25,30,0.9,0.5,20.5,25,30,0.9,0.5,20.5,0.9,TRUE,solved,27,31,27_S001,near,1,0.019299999999999998,0.00172,0.003863,0.2521,0.0504,0.054263,0.07528299999999999,0.019299999999999998,0.2521,0.054263,0.07528299999999999,7.69,4.834282,39.107,25->23->1->6->27,27->30,RESULTS/ACO/log_aco_spot.csv
GA,N30_C2_I1,N30_C2_I1.dat,n_30/N30_C2_I1.dat,final_case,N30,C2,Dense,edge_density,Dense,30,150,2,70,7,0.1,7,25,30,0.9,0.5,20.5,25,30,0.9,0.5,20.5,0.9,TRUE,solved,29,1,29_S001,near,1,0.021899999999999996,0.001584,0.002882,0.12,0.024,0.026882,0.050365999999999994,0.021899999999999996,0.12,0.026882,0.050365999999999994,13.28,4.047763999999999,2665.245,25->23->1->6->27->29,29->30,RESULTS/GA/log_ga_spot.csv
Optimization,N30_C2_I1,N30_C2_I1.dat,n_30/N30_C2_I1.dat,final_case,N30,C2,Dense,edge_density,Dense,30,150,2,70,7,0.1,7,25,30,0.9,0.5,20.5,25,30,0.9,0.5,20.5,0.9,TRUE,inferred_from_previous_exact_lot_solution,29,1,29_S001,near,1,0.0219,0.00157,0.002868,0.12,0.024,0.026868,0.050337999999999994,0.0219,0.12,0.026868,0.050337999999999994,13.26,4.044251999999999,0.828,25->23->1->6->27->29,29->30,RESULTS/COMBINED_ALL_METHODS/results_all_methods_parameter_sensitivity_spot_level.csv
PSO,N30_C2_I1,N30_C2_I1.dat,n_30/N30_C2_I1.dat,final_case,N30,C2,Dense,edge_density,Dense,30,150,2,70,7,0.1,7,25,30,0.9,0.5,20.5,25,30,0.9,0.5,20.5,0.9,TRUE,solved,29,1,29_S001,near,1,0.021899999999999996,0.001584,0.002882,0.12,0.024,0.026882,0.050365999999999994,0.021899999999999996,0.12,0.026882,0.050365999999999994,13.28,4.047763999999999,538.875,25->23->1->6->27->29,29->30,RESULTS/PSO/log_pso_spot.csv
ACO,N30_C3_I1,N30_C3_I1.dat,n_30/N30_C3_I1.dat,final_case,N30,C3,Higher supply,parking_supply,Higher,30,144,3,97,10,0.1,10,25,30,0.9,0.5,20.5,25,30,0.9,0.5,20.5,0.9,TRUE,solved,26,71,26_S001,near,1,0.0194,0.002024,0.005098,0.3976,0.0795,0.084598,0.106022,0.0194,0.3976,0.084598,0.106022,6.09,6.334188,63.538,25->23->1->6->11->15->18->20->26,26->30,RESULTS/ACO/log_aco_spot.csv
GA,N30_C3_I1,N30_C3_I1.dat,n_30/N30_C3_I1.dat,final_case,N30,C3,Higher supply,parking_supply,Higher,30,144,3,97,10,0.1,10,25,30,0.9,0.5,20.5,25,30,0.9,0.5,20.5,0.9,TRUE,solved,29,1,29_S001,near,1,0.0247,0.001584,0.002882,0.12,0.024,0.026882,0.053166,0.0247,0.12,0.026882,0.053166,13.28,4.198963999999999,2383.199,25->23->1->6->11->15->18->20->26->27->29,29->30,RESULTS/GA/log_ga_spot.csv
Optimization,N30_C3_I1,N30_C3_I1.dat,n_30/N30_C3_I1.dat,final_case,N30,C3,Higher supply,parking_supply,Higher,30,144,3,97,10,0.1,10,25,30,0.9,0.5,20.5,25,30,0.9,0.5,20.5,0.9,TRUE,inferred_from_previous_exact_lot_solution,29,1,29_S001,near,1,0.0247,0.00157,0.002868,0.12,0.024,0.026868,0.053138,0.0247,0.12,0.026868,0.053138,13.26,4.1954519999999995,1.348,25->23->1->6->11->15->18->20->26->27->29,29->30,RESULTS/COMBINED_ALL_METHODS/results_all_methods_parameter_sensitivity_spot_level.csv
PSO,N30_C3_I1,N30_C3_I1.dat,n_30/N30_C3_I1.dat,final_case,N30,C3,Higher supply,parking_supply,Higher,30,144,3,97,10,0.1,10,25,30,0.9,0.5,20.5,25,30,0.9,0.5,20.5,0.9,TRUE,solved,29,1,29_S001,near,1,0.0269,0.001584,0.002882,0.12,0.024,0.026882,0.055366,0.0269,0.12,0.026882,0.055366,13.28,4.3177639999999995,1164.603,25->23->1->6->14->24->28->20->26->27->29,29->30,RESULTS/PSO/log_pso_spot.csv
ACO,N30_C4_I1,N30_C4_I1.dat,n_30/N30_C4_I1.dat,final_case,N30,C4,1.00 km,maximum_walking_distance,1.0,30,142,2,70,7,0.1,7,25,30,0.9,1.0,20.5,25,30,0.9,1.0,20.5,0.9,TRUE,solved,27,31,27_S001,near,1,0.0221,0.001518,0.002855,0.2521,0.0504,0.053255,0.076873,0.0221,0.2521,0.053255,0.076873,7.83,4.934142,74.439,25->23->1->6->11->15->18->20->26->27,27->30,RESULTS/ACO/log_aco_spot.csv
GA,N30_C4_I1,N30_C4_I1.dat,n_30/N30_C4_I1.dat,final_case,N30,C4,1.00 km,maximum_walking_distance,1.0,30,142,2,70,7,0.1,7,25,30,0.9,1.0,20.5,25,30,0.9,1.0,20.5,0.9,TRUE,solved,29,1,29_S001,near,1,0.0247,0.001488,0.002402,0.12,0.024,0.026402000000000002,0.05259,0.0247,0.12,0.026402000000000002,0.05259,13.34,4.1738599999999995,2276.43,25->23->1->6->11->15->18->20->26->27->29,29->30,RESULTS/GA/log_ga_spot.csv
Optimization,N30_C4_I1,N30_C4_I1.dat,n_30/N30_C4_I1.dat,final_case,N30,C4,1.00 km,maximum_walking_distance,1.0,30,142,2,70,7,0.1,7,25,30,0.9,1.0,20.5,25,30,0.9,1.0,20.5,0.9,TRUE,inferred_from_previous_exact_lot_solution,29,1,29_S001,near,1,0.0247,0.001474,0.002388,0.12,0.024,0.026388,0.052562,0.0247,0.12,0.026388,0.052562,13.32,4.170348,0.825,25->23->1->6->11->15->18->20->26->27->29,29->30,RESULTS/COMBINED_ALL_METHODS/results_all_methods_parameter_sensitivity_spot_level.csv
PSO,N30_C4_I1,N30_C4_I1.dat,n_30/N30_C4_I1.dat,final_case,N30,C4,1.00 km,maximum_walking_distance,1.0,30,142,2,70,7,0.1,7,25,30,0.9,1.0,20.5,25,30,0.9,1.0,20.5,0.9,TRUE,solved,29,1,29_S001,near,1,0.0264,0.001488,0.002402,0.12,0.024,0.026402000000000002,0.054290000000000005,0.0264,0.12,0.026402000000000002,0.054290000000000005,13.34,4.2656600000000005,646.241,25->23->1->6->11->15->24->28->20->26->27->29,29->30,RESULTS/PSO/log_pso_spot.csv
ACO,N30_C5_I1,N30_C5_I1.dat,n_30/N30_C5_I1.dat,final_case,N30,C5,Medium traffic,traffic_level,Medium,30,142,2,70,7,0.1,7,25,30,0.9,0.5,20.5,25,30,0.9,0.5,20.5,0.9,TRUE,solved,27,31,27_S001,near,1,0.0317,0.00172,0.003863,0.2521,0.0504,0.054263,0.087683,0.0317,0.2521,0.054263,0.087683,7.69,5.503882,64.798,25->23->1->6->11->15->18->20->26->27,27->30,RESULTS/ACO/log_aco_spot.csv
GA,N30_C5_I1,N30_C5_I1.dat,n_30/N30_C5_I1.dat,final_case,N30,C5,Medium traffic,traffic_level,Medium,30,142,2,70,7,0.1,7,25,30,0.9,0.5,20.5,25,30,0.9,0.5,20.5,0.9,TRUE,solved,29,1,29_S001,near,1,0.0358,0.001584,0.002882,0.12,0.024,0.026882,0.064266,0.0358,0.12,0.026882,0.064266,13.28,4.798363999999999,3220.58,25->23->1->6->11->15->18->20->26->27->29,29->30,RESULTS/GA/log_ga_spot.csv
Optimization,N30_C5_I1,N30_C5_I1.dat,n_30/N30_C5_I1.dat,final_case,N30,C5,Medium traffic,traffic_level,Medium,30,142,2,70,7,0.1,7,25,30,0.9,0.5,20.5,25,30,0.9,0.5,20.5,0.9,TRUE,inferred_from_previous_exact_lot_solution,29,1,29_S001,near,1,0.0358,0.00157,0.002868,0.12,0.024,0.026868,0.064238,0.0358,0.12,0.026868,0.064238,13.26,4.794852,0.825,25->23->1->6->11->15->18->20->26->27->29,29->30,RESULTS/COMBINED_ALL_METHODS/results_all_methods_parameter_sensitivity_spot_level.csv
PSO,N30_C5_I1,N30_C5_I1.dat,n_30/N30_C5_I1.dat,final_case,N30,C5,Medium traffic,traffic_level,Medium,30,142,2,70,7,0.1,7,25,30,0.9,0.5,20.5,25,30,0.9,0.5,20.5,0.9,TRUE,solved,29,1,29_S001,near,1,0.0392,0.001584,0.002882,0.12,0.024,0.026882,0.067666,0.0392,0.12,0.026882,0.067666,13.28,4.981964,667.334,25->23->1->6->11->15->24->19->28->20->26->27->29,29->30,RESULTS/PSO/log_pso_spot.csv
ACO,N30_C6_I1,N30_C6_I1.dat,n_30/N30_C6_I1.dat,final_case,N30,C6,High traffic,traffic_level,High,30,142,2,70,7,0.1,7,25,30,0.9,0.5,20.5,25,30,0.9,0.5,20.5,0.9,TRUE,solved,27,31,27_S001,near,1,0.0595,0.00172,0.003863,0.2521,0.0504,0.054263,0.115483,0.0595,0.2521,0.054263,0.115483,7.69,7.005082000000001,67.143,25->21->5->6->11->15->18->20->26->27,27->30,RESULTS/ACO/log_aco_spot.csv
GA,N30_C6_I1,N30_C6_I1.dat,n_30/N30_C6_I1.dat,final_case,N30,C6,High traffic,traffic_level,High,30,142,2,70,7,0.1,7,25,30,0.9,0.5,20.5,25,30,0.9,0.5,20.5,0.9,TRUE,solved,29,1,29_S001,near,1,0.066,0.001584,0.002882,0.12,0.024,0.026882,0.09446600000000001,0.066,0.12,0.026882,0.09446600000000001,13.28,6.429164,2764.285,25->21->5->6->11->15->18->20->26->27->29,29->30,RESULTS/GA/log_ga_spot.csv
Optimization,N30_C6_I1,N30_C6_I1.dat,n_30/N30_C6_I1.dat,final_case,N30,C6,High traffic,traffic_level,High,30,142,2,70,7,0.1,7,25,30,0.9,0.5,20.5,25,30,0.9,0.5,20.5,0.9,TRUE,inferred_from_previous_exact_lot_solution,29,1,29_S001,near,1,0.066,0.00157,0.002868,0.12,0.024,0.026868,0.09443800000000001,0.066,0.12,0.026868,0.09443800000000001,13.26,6.4256519999999995,0.801,25->21->5->6->11->15->18->20->26->27->29,29->30,RESULTS/COMBINED_ALL_METHODS/results_all_methods_parameter_sensitivity_spot_level.csv
PSO,N30_C6_I1,N30_C6_I1.dat,n_30/N30_C6_I1.dat,final_case,N30,C6,High traffic,traffic_level,High,30,142,2,70,7,0.1,7,25,30,0.9,0.5,20.5,25,30,0.9,0.5,20.5,0.9,TRUE,solved,29,1,29_S001,near,1,0.066,0.001584,0.002882,0.12,0.024,0.026882,0.09446600000000001,0.066,0.12,0.026882,0.09446600000000001,13.28,6.429164,718.83,25->21->5->6->11->15->18->20->26->27->29,29->30,RESULTS/PSO/log_pso_spot.csv
ACO,N30_C7_I1,N30_C7_I1.dat,n_30/N30_C7_I1.dat,final_case,N30,C7,Alpha 0.80,objective_weight_alpha,0.8,30,142,2,70,7,0.1,7,25,30,0.9,0.5,20.5,25,30,0.9,0.5,20.5,0.9,TRUE,solved,27,31,27_S001,near,1,0.0221,0.00172,0.003863,0.2521,0.0504,0.054263,0.078083,0.0221,0.2521,0.054263,0.078083,7.69,4.985482,64.102,25->23->1->6->11->15->18->20->26->27,27->30,RESULTS/ACO/log_aco_spot.csv
GA,N30_C7_I1,N30_C7_I1.dat,n_30/N30_C7_I1.dat,final_case,N30,C7,Alpha 0.80,objective_weight_alpha,0.8,30,142,2,70,7,0.1,7,25,30,0.9,0.5,20.5,25,30,0.9,0.5,20.5,0.9,TRUE,solved,29,1,29_S001,near,1,0.0247,0.001584,0.002882,0.12,0.024,0.026882,0.053166,0.0247,0.12,0.026882,0.053166,13.28,4.198963999999999,3027.75,25->23->1->6->11->15->18->20->26->27->29,29->30,RESULTS/GA/log_ga_spot.csv
Optimization,N30_C7_I1,N30_C7_I1.dat,n_30/N30_C7_I1.dat,final_case,N30,C7,Alpha 0.80,objective_weight_alpha,0.8,30,142,2,70,7,0.1,7,25,30,0.9,0.5,20.5,25,30,0.9,0.5,20.5,0.9,TRUE,inferred_from_previous_exact_lot_solution,29,1,29_S001,near,1,0.0247,0.00157,0.002868,0.12,0.024,0.026868,0.053138,0.0247,0.12,0.026868,0.053138,13.26,4.1954519999999995,0.963,25->23->1->6->11->15->18->20->26->27->29,29->30,RESULTS/COMBINED_ALL_METHODS/results_all_methods_parameter_sensitivity_spot_level.csv
PSO,N30_C7_I1,N30_C7_I1.dat,n_30/N30_C7_I1.dat,final_case,N30,C7,Alpha 0.80,objective_weight_alpha,0.8,30,142,2,70,7,0.1,7,25,30,0.9,0.5,20.5,25,30,0.9,0.5,20.5,0.9,TRUE,solved,29,1,29_S001,near,1,0.0264,0.001584,0.002882,0.12,0.024,0.026882,0.054866,0.0264,0.12,0.026882,0.054866,13.28,4.290763999999999,791.457,25->23->1->6->11->15->24->28->20->26->27->29,29->30,RESULTS/PSO/log_pso_spot.csv
ACO,N30_C8_I1,N30_C8_I1.dat,n_30/N30_C8_I1.dat,final_case,N30,C8,Alpha 0.20,objective_weight_alpha,0.2,30,142,2,70,7,0.1,7,25,30,0.1,0.5,20.5,25,30,0.1,0.5,20.5,0.1,TRUE,solved,27,31,27_S001,near,1,0.0221,0.00172,0.003863,0.2521,0.0504,0.054263,0.078083,0.0221,0.2521,0.054263,0.078083,7.69,7.389498000000001,64.522,25->23->1->6->11->15->18->20->26->27,27->30,RESULTS/ACO/log_aco_spot.csv
GA,N30_C8_I1,N30_C8_I1.dat,n_30/N30_C8_I1.dat,final_case,N30,C8,Alpha 0.20,objective_weight_alpha,0.2,30,142,2,70,7,0.1,7,25,30,0.1,0.5,20.5,25,30,0.1,0.5,20.5,0.1,TRUE,solved,29,1,29_S001,near,1,0.0247,0.001584,0.002882,0.12,0.024,0.026882,0.053166,0.0247,0.12,0.026882,0.053166,13.28,12.270996,2261.449,25->23->1->6->11->15->18->20->26->27->29,29->30,RESULTS/GA/log_ga_spot.csv
Optimization,N30_C8_I1,N30_C8_I1.dat,n_30/N30_C8_I1.dat,final_case,N30,C8,Alpha 0.20,objective_weight_alpha,0.2,30,142,2,70,7,0.1,7,25,30,0.1,0.5,20.5,25,30,0.1,0.5,20.5,0.1,TRUE,inferred_from_previous_exact_lot_solution,29,1,29_S001,near,1,0.0247,0.00157,0.002868,0.12,0.024,0.026868,0.053138,0.0247,0.12,0.026868,0.053138,13.26,12.252828,0.813,25->23->1->6->11->15->18->20->26->27->29,29->30,RESULTS/COMBINED_ALL_METHODS/results_all_methods_parameter_sensitivity_spot_level.csv
PSO,N30_C8_I1,N30_C8_I1.dat,n_30/N30_C8_I1.dat,final_case,N30,C8,Alpha 0.20,objective_weight_alpha,0.2,30,142,2,70,7,0.1,7,25,30,0.1,0.5,20.5,25,30,0.1,0.5,20.5,0.1,TRUE,solved,29,1,29_S001,near,1,0.0264,0.001584,0.002882,0.12,0.024,0.026882,0.054866,0.0264,0.12,0.026882,0.054866,13.28,12.281196,621.487,25->23->1->6->11->15->24->28->20->26->27->29,29->30,RESULTS/PSO/log_pso_spot.csv
ACO,N30_C9_I1,N30_C9_I1.dat,n_30/N30_C9_I1.dat,final_case,N30,C9,Cmax 15.0,parking_budget_cmax,15.0,30,142,2,70,7,0.1,7,25,30,0.9,0.5,15.0,25,30,0.9,0.5,15.0,0.9,TRUE,solved,27,31,27_S001,near,1,0.0221,0.00172,0.003863,0.2521,0.0504,0.054263,0.078083,0.0221,0.2521,0.054263,0.078083,7.69,4.985482,64.585,25->23->1->6->11->15->18->20->26->27,27->30,RESULTS/ACO/log_aco_spot.csv
GA,N30_C9_I1,N30_C9_I1.dat,n_30/N30_C9_I1.dat,final_case,N30,C9,Cmax 15.0,parking_budget_cmax,15.0,30,142,2,70,7,0.1,7,25,30,0.9,0.5,15.0,25,30,0.9,0.5,15.0,0.9,TRUE,solved,29,1,29_S001,near,1,0.0247,0.001584,0.002882,0.12,0.024,0.026882,0.053166,0.0247,0.12,0.026882,0.053166,13.28,4.198963999999999,2356.563,25->23->1->6->11->15->18->20->26->27->29,29->30,RESULTS/GA/log_ga_spot.csv
Optimization,N30_C9_I1,N30_C9_I1.dat,n_30/N30_C9_I1.dat,final_case,N30,C9,Cmax 15.0,parking_budget_cmax,15.0,30,142,2,70,7,0.1,7,25,30,0.9,0.5,15.0,25,30,0.9,0.5,15.0,0.9,TRUE,inferred_from_previous_exact_lot_solution,29,1,29_S001,near,1,0.0247,0.00157,0.002868,0.12,0.024,0.026868,0.053138,0.0247,0.12,0.026868,0.053138,13.26,4.1954519999999995,0.831,25->23->1->6->11->15->18->20->26->27->29,29->30,RESULTS/COMBINED_ALL_METHODS/results_all_methods_parameter_sensitivity_spot_level.csv
PSO,N30_C9_I1,N30_C9_I1.dat,n_30/N30_C9_I1.dat,final_case,N30,C9,Cmax 15.0,parking_budget_cmax,15.0,30,142,2,70,7,0.1,7,25,30,0.9,0.5,15.0,25,30,0.9,0.5,15.0,0.9,TRUE,solved,29,1,29_S001,near,1,0.0264,0.001584,0.002882,0.12,0.024,0.026882,0.054866,0.0264,0.12,0.026882,0.054866,13.28,4.290763999999999,591.475,25->23->1->6->11->15->24->28->20->26->27->29,29->30,RESULTS/PSO/log_pso_spot.csv
ACO,N40_C10_I1,N40_C10_I1.dat,n_40/N40_C10_I1.dat,final_case,N40,C10,15.0-30.0,parking_cost_range,15.0-30.0,40,184,2,62,6,0.1,6,29,40,0.9,0.5,20.5,29,40,0.9,0.5,20.5,0.9,TRUE,solved,38,39,38_S001,near,1,0.026699999999999998,0.001556,0.003046,0.1501,0.03,0.033046,0.061301999999999995,0.026699999999999998,0.1501,0.033046,0.061301999999999995,15.12,4.822308,93.59,29->33->26->20->18->15->14->5->1->21->23->36->25->37->38,38->40,RESULTS/ACO/log_aco_spot.csv
GA,N40_C10_I1,N40_C10_I1.dat,n_40/N40_C10_I1.dat,final_case,N40,C10,15.0-30.0,parking_cost_range,15.0-30.0,40,184,2,62,6,0.1,6,29,40,0.9,0.5,20.5,29,40,0.9,0.5,20.5,0.9,TRUE,solved,39,1,39_S001,near,1,0.026999999999999996,0.00149,0.002788,0.12,0.024,0.026788,0.055277999999999994,0.026999999999999996,0.12,0.026788,0.055277999999999994,17.97,4.782011999999999,2723.624,29->33->26->20->18->15->14->5->1->21->23->36->31->39,39->40,RESULTS/GA/log_ga_spot.csv
Optimization,N40_C10_I1,N40_C10_I1.dat,n_40/N40_C10_I1.dat,final_case,N40,C10,15.0-30.0,parking_cost_range,15.0-30.0,40,184,2,62,6,0.1,6,29,40,0.9,0.5,20.5,29,40,0.9,0.5,20.5,0.9,TRUE,inferred_from_previous_exact_lot_solution,39,1,39_S001,near,1,0.027,0.001496,0.002794,0.12,0.024,0.026794000000000002,0.055290000000000006,0.027,0.12,0.026794000000000002,0.055290000000000006,17.94,4.77966,0.819,29->33->26->20->18->15->14->5->1->21->23->36->31->39,39->40,RESULTS/COMBINED_ALL_METHODS/results_all_methods_parameter_sensitivity_spot_level.csv
PSO,N40_C10_I1,N40_C10_I1.dat,n_40/N40_C10_I1.dat,final_case,N40,C10,15.0-30.0,parking_cost_range,15.0-30.0,40,184,2,62,6,0.1,6,29,40,0.9,0.5,20.5,29,40,0.9,0.5,20.5,0.9,TRUE,solved,39,1,39_S001,near,1,0.029899999999999996,0.00149,0.002788,0.12,0.024,0.026788,0.058177999999999994,0.029899999999999996,0.12,0.026788,0.058177999999999994,17.97,4.938611999999999,856.879,29->33->26->30->20->18->17->14->5->1->21->23->36->31->39,39->40,RESULTS/PSO/log_pso_spot.csv
ACO,N40_C1_I1,N40_C1_I1.dat,n_40/N40_C1_I1.dat,final_case,N40,C1,Baseline,baseline,Baseline,40,184,2,62,6,0.1,6,29,40,0.9,0.5,20.5,29,40,0.9,0.5,20.5,0.9,TRUE,solved,39,1,39_S001,near,1,0.026999999999999996,0.001496,0.002794,0.12,0.024,0.026794000000000002,0.05529,0.026999999999999996,0.12,0.026794000000000002,0.05529,19.63,4.948659999999999,201.044,29->33->26->20->18->15->14->5->1->21->23->36->31->39,39->40,RESULTS/ACO/log_aco_spot.csv
GA,N40_C1_I1,N40_C1_I1.dat,n_40/N40_C1_I1.dat,final_case,N40,C1,Baseline,baseline,Baseline,40,184,2,62,6,0.1,6,29,40,0.9,0.5,20.5,29,40,0.9,0.5,20.5,0.9,TRUE,solved,39,1,39_S001,near,1,0.026999999999999996,0.001496,0.002794,0.12,0.024,0.026794000000000002,0.05529,0.026999999999999996,0.12,0.026794000000000002,0.05529,19.63,4.948659999999999,310.208,29->33->26->20->18->15->14->5->1->21->23->36->31->39,39->40,RESULTS/GA/log_ga_spot.csv
Optimization,N40_C1_I1,N40_C1_I1.dat,n_40/N40_C1_I1.dat,final_case,N40,C1,Baseline,baseline,Baseline,40,184,2,62,6,0.1,6,29,40,0.9,0.5,20.5,29,40,0.9,0.5,20.5,0.9,TRUE,inferred_from_previous_exact_lot_solution,39,1,39_S001,near,1,0.027,0.001496,0.002794,0.12,0.024,0.026794000000000002,0.055290000000000006,0.027,0.12,0.026794000000000002,0.055290000000000006,19.63,4.948659999999999,0.804,29->33->26->20->18->15->14->5->1->21->23->36->31->39,39->40,RESULTS/COMBINED_ALL_METHODS/results_all_methods_parameter_sensitivity_spot_level.csv
PSO,N40_C1_I1,N40_C1_I1.dat,n_40/N40_C1_I1.dat,final_case,N40,C1,Baseline,baseline,Baseline,40,184,2,62,6,0.1,6,29,40,0.9,0.5,20.5,29,40,0.9,0.5,20.5,0.9,TRUE,solved,39,1,39_S001,near,1,0.0286,0.001496,0.002794,0.12,0.024,0.026794000000000002,0.05689,0.0286,0.12,0.026794000000000002,0.05689,19.63,5.03506,243.676,29->33->30->22->19->24->12->6->1->21->23->36->31->39,39->40,RESULTS/PSO/log_pso_spot.csv
ACO,N40_C2_I1,N40_C2_I1.dat,n_40/N40_C2_I1.dat,final_case,N40,C2,Dense,edge_density,Dense,40,196,2,62,6,0.1,6,29,40,0.9,0.5,20.5,29,40,0.9,0.5,20.5,0.9,TRUE,solved,39,1,39_S001,near,1,0.023,0.001496,0.002794,0.12,0.024,0.026794000000000002,0.05129,0.023,0.12,0.026794000000000002,0.05129,19.63,4.732659999999999,113.567,29->10->6->5->39,39->40,RESULTS/ACO/log_aco_spot.csv
GA,N40_C2_I1,N40_C2_I1.dat,n_40/N40_C2_I1.dat,final_case,N40,C2,Dense,edge_density,Dense,40,196,2,62,6,0.1,6,29,40,0.9,0.5,20.5,29,40,0.9,0.5,20.5,0.9,TRUE,solved,39,1,39_S001,near,1,0.023,0.001496,0.002794,0.12,0.024,0.026794000000000002,0.05129,0.023,0.12,0.026794000000000002,0.05129,19.63,4.732659999999999,136.197,29->10->6->5->39,39->40,RESULTS/GA/log_ga_spot.csv
Optimization,N40_C2_I1,N40_C2_I1.dat,n_40/N40_C2_I1.dat,final_case,N40,C2,Dense,edge_density,Dense,40,196,2,62,6,0.1,6,29,40,0.9,0.5,20.5,29,40,0.9,0.5,20.5,0.9,TRUE,inferred_from_previous_exact_lot_solution,39,1,39_S001,near,1,0.023,0.001496,0.002794,0.12,0.024,0.026794000000000002,0.05129,0.023,0.12,0.026794000000000002,0.05129,19.63,4.732659999999999,0.866,29->10->6->5->39,39->40,RESULTS/COMBINED_ALL_METHODS/results_all_methods_parameter_sensitivity_spot_level.csv
PSO,N40_C2_I1,N40_C2_I1.dat,n_40/N40_C2_I1.dat,final_case,N40,C2,Dense,edge_density,Dense,40,196,2,62,6,0.1,6,29,40,0.9,0.5,20.5,29,40,0.9,0.5,20.5,0.9,TRUE,solved,39,1,39_S001,near,1,0.023,0.001496,0.002794,0.12,0.024,0.026794000000000002,0.05129,0.023,0.12,0.026794000000000002,0.05129,19.63,4.732659999999999,177.72,29->10->6->5->39,39->40,RESULTS/PSO/log_pso_spot.csv
ACO,N40_C3_I1,N40_C3_I1.dat,n_40/N40_C3_I1.dat,final_case,N40,C3,Higher supply,parking_supply,Higher,40,188,4,121,12,0.1,12,29,40,0.9,0.5,20.5,29,40,0.9,0.5,20.5,0.9,TRUE,solved,37,63,37_S001,near,1,0.0243,0.001756,0.004117,0.2861,0.0572,0.061317,0.087373,0.0243,0.2861,0.061317,0.087373,6.22,5.340142000000001,98.497,29->33->26->20->18->15->14->5->1->21->23->36->25->37,37->40,RESULTS/ACO/log_aco_spot.csv
GA,N40_C3_I1,N40_C3_I1.dat,n_40/N40_C3_I1.dat,final_case,N40,C3,Higher supply,parking_supply,Higher,40,188,4,121,12,0.1,12,29,40,0.9,0.5,20.5,29,40,0.9,0.5,20.5,0.9,TRUE,solved,39,1,39_S001,near,1,0.026999999999999996,0.00149,0.002788,0.12,0.024,0.026788,0.055277999999999994,0.026999999999999996,0.12,0.026788,0.055277999999999994,19.67,4.952012,3463.699,29->33->26->20->18->15->14->5->1->21->23->36->31->39,39->40,RESULTS/GA/log_ga_spot.csv
Optimization,N40_C3_I1,N40_C3_I1.dat,n_40/N40_C3_I1.dat,final_case,N40,C3,Higher supply,parking_supply,Higher,40,188,4,121,12,0.1,12,29,40,0.9,0.5,20.5,29,40,0.9,0.5,20.5,0.9,TRUE,inferred_from_previous_exact_lot_solution,39,1,39_S001,near,1,0.027,0.001496,0.002794,0.12,0.024,0.026794000000000002,0.055290000000000006,0.027,0.12,0.026794000000000002,0.055290000000000006,19.63,4.948659999999999,1.414,29->33->26->20->18->15->14->5->1->21->23->36->31->39,39->40,RESULTS/COMBINED_ALL_METHODS/results_all_methods_parameter_sensitivity_spot_level.csv
PSO,N40_C3_I1,N40_C3_I1.dat,n_40/N40_C3_I1.dat,final_case,N40,C3,Higher supply,parking_supply,Higher,40,188,4,121,12,0.1,12,29,40,0.9,0.5,20.5,29,40,0.9,0.5,20.5,0.9,TRUE,solved,39,1,39_S001,near,1,0.0287,0.00149,0.002788,0.12,0.024,0.026788,0.056978,0.0287,0.12,0.026788,0.056978,19.67,5.043812,834.084,29->34->30->22->28->24->12->6->1->21->23->36->25->37->39,39->40,RESULTS/PSO/log_pso_spot.csv
ACO,N40_C4_I1,N40_C4_I1.dat,n_40/N40_C4_I1.dat,final_case,N40,C4,1.00 km,maximum_walking_distance,1.0,40,184,2,62,6,0.1,6,29,40,0.9,1.0,20.5,29,40,0.9,1.0,20.5,0.9,TRUE,solved,39,1,39_S001,near,1,0.026999999999999996,0.001394,0.002308,0.12,0.024,0.026308,0.054702,0.026999999999999996,0.12,0.026308,0.054702,19.73,4.926908,95.182,29->33->26->20->18->15->14->5->1->21->23->36->31->39,39->40,RESULTS/ACO/log_aco_spot.csv
GA,N40_C4_I1,N40_C4_I1.dat,n_40/N40_C4_I1.dat,final_case,N40,C4,1.00 km,maximum_walking_distance,1.0,40,184,2,62,6,0.1,6,29,40,0.9,1.0,20.5,29,40,0.9,1.0,20.5,0.9,TRUE,solved,39,1,39_S001,near,1,0.026999999999999996,0.001394,0.002308,0.12,0.024,0.026308,0.054702,0.026999999999999996,0.12,0.026308,0.054702,19.73,4.926908,3421.954,29->33->26->20->18->15->14->5->1->21->23->36->31->39,39->40,RESULTS/GA/log_ga_spot.csv
Optimization,N40_C4_I1,N40_C4_I1.dat,n_40/N40_C4_I1.dat,final_case,N40,C4,1.00 km,maximum_walking_distance,1.0,40,184,2,62,6,0.1,6,29,40,0.9,1.0,20.5,29,40,0.9,1.0,20.5,0.9,TRUE,inferred_from_previous_exact_lot_solution,39,1,39_S001,near,1,0.027,0.0014,0.002314,0.12,0.024,0.026314,0.054714,0.027,0.12,0.026314,0.054714,19.7,4.924555999999999,0.795,29->33->26->20->18->15->14->5->1->21->23->36->31->39,39->40,RESULTS/COMBINED_ALL_METHODS/results_all_methods_parameter_sensitivity_spot_level.csv
PSO,N40_C4_I1,N40_C4_I1.dat,n_40/N40_C4_I1.dat,final_case,N40,C4,1.00 km,maximum_walking_distance,1.0,40,184,2,62,6,0.1,6,29,40,0.9,1.0,20.5,29,40,0.9,1.0,20.5,0.9,TRUE,solved,39,1,39_S001,near,1,0.0278,0.001394,0.002308,0.12,0.024,0.026308,0.055501999999999996,0.0278,0.12,0.026308,0.055501999999999996,19.73,4.970108,726.204,29->27->32->20->18->17->14->5->1->21->23->36->25->31->39,39->40,RESULTS/PSO/log_pso_spot.csv
ACO,N40_C5_I1,N40_C5_I1.dat,n_40/N40_C5_I1.dat,final_case,N40,C5,Medium traffic,traffic_level,Medium,40,184,2,62,6,0.1,6,29,40,0.9,0.5,20.5,29,40,0.9,0.5,20.5,0.9,TRUE,solved,39,1,39_S001,near,1,0.0381,0.00149,0.002788,0.12,0.024,0.026788,0.06637799999999999,0.0381,0.12,0.026788,0.06637799999999999,19.67,5.551411999999999,95.876,29->27->32->20->18->15->14->5->1->21->23->36->25->37->39,39->40,RESULTS/ACO/log_aco_spot.csv
GA,N40_C5_I1,N40_C5_I1.dat,n_40/N40_C5_I1.dat,final_case,N40,C5,Medium traffic,traffic_level,Medium,40,184,2,62,6,0.1,6,29,40,0.9,0.5,20.5,29,40,0.9,0.5,20.5,0.9,TRUE,solved,39,1,39_S001,near,1,0.0381,0.00149,0.002788,0.12,0.024,0.026788,0.06637799999999999,0.0381,0.12,0.026788,0.06637799999999999,19.67,5.551411999999999,3182.703,29->27->32->20->18->15->14->5->1->21->23->36->25->37->39,39->40,RESULTS/GA/log_ga_spot.csv
Optimization,N40_C5_I1,N40_C5_I1.dat,n_40/N40_C5_I1.dat,final_case,N40,C5,Medium traffic,traffic_level,Medium,40,184,2,62,6,0.1,6,29,40,0.9,0.5,20.5,29,40,0.9,0.5,20.5,0.9,TRUE,inferred_from_previous_exact_lot_solution,39,1,39_S001,near,1,0.0381,0.001496,0.002794,0.12,0.024,0.026794000000000002,0.06639,0.0381,0.12,0.026794000000000002,0.06639,19.63,5.5480599999999995,0.815,29->27->32->20->18->15->14->5->1->21->23->36->25->37->39,39->40,RESULTS/COMBINED_ALL_METHODS/results_all_methods_parameter_sensitivity_spot_level.csv
PSO,N40_C5_I1,N40_C5_I1.dat,n_40/N40_C5_I1.dat,final_case,N40,C5,Medium traffic,traffic_level,Medium,40,184,2,62,6,0.1,6,29,40,0.9,0.5,20.5,29,40,0.9,0.5,20.5,0.9,TRUE,solved,39,1,39_S001,near,1,0.0401,0.00149,0.002788,0.12,0.024,0.026788,0.068378,0.0401,0.12,0.026788,0.068378,19.67,5.659412,1388.884,29->27->32->26->22->28->24->12->6->1->21->23->36->31->38->39,39->40,RESULTS/PSO/log_pso_spot.csv
ACO,N40_C6_I1,N40_C6_I1.dat,n_40/N40_C6_I1.dat,final_case,N40,C6,High traffic,traffic_level,High,40,184,2,62,6,0.1,6,29,40,0.9,0.5,20.5,29,40,0.9,0.5,20.5,0.9,TRUE,solved,39,1,39_S001,near,1,0.0708,0.00149,0.002788,0.12,0.024,0.026788,0.099078,0.0708,0.12,0.026788,0.099078,19.67,7.317212,99.158,29->33->26->20->18->17->16->13->1->21->23->36->25->31->37->39,39->40,RESULTS/ACO/log_aco_spot.csv
GA,N40_C6_I1,N40_C6_I1.dat,n_40/N40_C6_I1.dat,final_case,N40,C6,High traffic,traffic_level,High,40,184,2,62,6,0.1,6,29,40,0.9,0.5,20.5,29,40,0.9,0.5,20.5,0.9,TRUE,solved,39,1,39_S001,near,1,0.0717,0.00149,0.002788,0.12,0.024,0.026788,0.09997800000000001,0.0717,0.12,0.026788,0.09997800000000001,19.67,7.365812,3717.854,29->33->26->20->18->17->16->13->1->21->23->36->25->37->39,39->40,RESULTS/GA/log_ga_spot.csv
Optimization,N40_C6_I1,N40_C6_I1.dat,n_40/N40_C6_I1.dat,final_case,N40,C6,High traffic,traffic_level,High,40,184,2,62,6,0.1,6,29,40,0.9,0.5,20.5,29,40,0.9,0.5,20.5,0.9,TRUE,inferred_from_previous_exact_lot_solution,39,1,39_S001,near,1,0.0708,0.001496,0.002794,0.12,0.024,0.026794000000000002,0.09909,0.0708,0.12,0.026794000000000002,0.09909,19.63,7.31386,0.833,29->33->26->20->18->17->16->13->1->21->23->36->25->31->37->39,39->40,RESULTS/COMBINED_ALL_METHODS/results_all_methods_parameter_sensitivity_spot_level.csv
PSO,N40_C6_I1,N40_C6_I1.dat,n_40/N40_C6_I1.dat,final_case,N40,C6,High traffic,traffic_level,High,40,184,2,62,6,0.1,6,29,40,0.9,0.5,20.5,29,40,0.9,0.5,20.5,0.9,TRUE,solved,39,1,39_S001,near,1,0.0762,0.00149,0.002788,0.12,0.024,0.026788,0.10447800000000002,0.0762,0.12,0.026788,0.10447800000000002,19.67,7.608812,876.742,29->33->26->20->18->15->8->7->2->1->21->23->36->25->37->39,39->40,RESULTS/PSO/log_pso_spot.csv
ACO,N40_C7_I1,N40_C7_I1.dat,n_40/N40_C7_I1.dat,final_case,N40,C7,Alpha 0.80,objective_weight_alpha,0.8,40,184,2,62,6,0.1,6,29,40,0.9,0.5,20.5,29,40,0.9,0.5,20.5,0.9,TRUE,solved,39,1,39_S001,near,1,0.026999999999999996,0.00149,0.002788,0.12,0.024,0.026788,0.055277999999999994,0.026999999999999996,0.12,0.026788,0.055277999999999994,19.67,4.952012,94.453,29->33->26->20->18->15->14->5->1->21->23->36->31->39,39->40,RESULTS/ACO/log_aco_spot.csv
GA,N40_C7_I1,N40_C7_I1.dat,n_40/N40_C7_I1.dat,final_case,N40,C7,Alpha 0.80,objective_weight_alpha,0.8,40,184,2,62,6,0.1,6,29,40,0.9,0.5,20.5,29,40,0.9,0.5,20.5,0.9,TRUE,solved,39,1,39_S001,near,1,0.026999999999999996,0.00149,0.002788,0.12,0.024,0.026788,0.055277999999999994,0.026999999999999996,0.12,0.026788,0.055277999999999994,19.67,4.952012,4131.906,29->33->26->20->18->15->14->5->1->21->23->36->31->39,39->40,RESULTS/GA/log_ga_spot.csv
Optimization,N40_C7_I1,N40_C7_I1.dat,n_40/N40_C7_I1.dat,final_case,N40,C7,Alpha 0.80,objective_weight_alpha,0.8,40,184,2,62,6,0.1,6,29,40,0.9,0.5,20.5,29,40,0.9,0.5,20.5,0.9,TRUE,inferred_from_previous_exact_lot_solution,39,1,39_S001,near,1,0.027,0.001496,0.002794,0.12,0.024,0.026794000000000002,0.055290000000000006,0.027,0.12,0.026794000000000002,0.055290000000000006,19.63,4.948659999999999,0.993,29->33->26->20->18->15->14->5->1->21->23->36->31->39,39->40,RESULTS/COMBINED_ALL_METHODS/results_all_methods_parameter_sensitivity_spot_level.csv
PSO,N40_C7_I1,N40_C7_I1.dat,n_40/N40_C7_I1.dat,final_case,N40,C7,Alpha 0.80,objective_weight_alpha,0.8,40,184,2,62,6,0.1,6,29,40,0.9,0.5,20.5,29,40,0.9,0.5,20.5,0.9,TRUE,solved,39,1,39_S001,near,1,0.0278,0.00149,0.002788,0.12,0.024,0.026788,0.056077999999999996,0.0278,0.12,0.026788,0.056077999999999996,19.67,4.9952119999999995,705.891,29->27->32->20->18->17->14->5->1->21->23->36->25->31->39,39->40,RESULTS/PSO/log_pso_spot.csv
ACO,N40_C8_I1,N40_C8_I1.dat,n_40/N40_C8_I1.dat,final_case,N40,C8,Alpha 0.20,objective_weight_alpha,0.2,40,184,2,62,6,0.1,6,29,40,0.1,0.5,20.5,29,40,0.1,0.5,20.5,0.1,TRUE,solved,39,1,39_S001,near,1,0.026999999999999996,0.00149,0.002788,0.12,0.024,0.026788,0.055277999999999994,0.026999999999999996,0.12,0.026788,0.055277999999999994,19.67,18.034668000000003,94.624,29->33->26->20->18->15->14->5->1->21->23->36->31->39,39->40,RESULTS/ACO/log_aco_spot.csv
GA,N40_C8_I1,N40_C8_I1.dat,n_40/N40_C8_I1.dat,final_case,N40,C8,Alpha 0.20,objective_weight_alpha,0.2,40,184,2,62,6,0.1,6,29,40,0.1,0.5,20.5,29,40,0.1,0.5,20.5,0.1,TRUE,solved,39,1,39_S001,near,1,0.026999999999999996,0.00149,0.002788,0.12,0.024,0.026788,0.055277999999999994,0.026999999999999996,0.12,0.026788,0.055277999999999994,19.67,18.034668000000003,4199.739,29->33->26->20->18->15->14->5->1->21->23->36->31->39,39->40,RESULTS/GA/log_ga_spot.csv
Optimization,N40_C8_I1,N40_C8_I1.dat,n_40/N40_C8_I1.dat,final_case,N40,C8,Alpha 0.20,objective_weight_alpha,0.2,40,184,2,62,6,0.1,6,29,40,0.1,0.5,20.5,29,40,0.1,0.5,20.5,0.1,TRUE,inferred_from_previous_exact_lot_solution,39,1,39_S001,near,1,0.027,0.001496,0.002794,0.12,0.024,0.026794000000000002,0.055290000000000006,0.027,0.12,0.026794000000000002,0.055290000000000006,19.63,17.998739999999998,0.809,29->33->26->20->18->15->14->5->1->21->23->36->31->39,39->40,RESULTS/COMBINED_ALL_METHODS/results_all_methods_parameter_sensitivity_spot_level.csv
PSO,N40_C8_I1,N40_C8_I1.dat,n_40/N40_C8_I1.dat,final_case,N40,C8,Alpha 0.20,objective_weight_alpha,0.2,40,184,2,62,6,0.1,6,29,40,0.1,0.5,20.5,29,40,0.1,0.5,20.5,0.1,TRUE,solved,39,1,39_S001,near,1,0.0278,0.00149,0.002788,0.12,0.024,0.026788,0.056077999999999996,0.0278,0.12,0.026788,0.056077999999999996,19.67,18.039468000000003,773.256,29->27->32->20->18->17->14->5->1->21->23->36->25->31->39,39->40,RESULTS/PSO/log_pso_spot.csv
ACO,N40_C9_I1,N40_C9_I1.dat,n_40/N40_C9_I1.dat,final_case,N40,C9,Cmax 15.0,parking_budget_cmax,15.0,40,184,2,62,6,0.1,6,29,40,0.9,0.5,15.0,29,40,0.9,0.5,15.0,0.9,FALSE,no_feasible_spot,,,,,,,,,,,,,,,,,,,95.141,,,RESULTS/ACO/log_aco_spot.csv
GA,N40_C9_I1,N40_C9_I1.dat,n_40/N40_C9_I1.dat,final_case,N40,C9,Cmax 15.0,parking_budget_cmax,15.0,40,184,2,62,6,0.1,6,29,40,0.9,0.5,15.0,29,40,0.9,0.5,15.0,0.9,TRUE,solved,39,1,39_S001,near,1,0.027200000000000002,0.00149,0.002788,0.12,0.024,0.026788,0.055478,0.027200000000000002,0.12,0.026788,0.055478,12.63,4.258812,3100.319,29->33->26->20->18->12->6->1->21->23->36->31->39,39->40,RESULTS/GA/log_ga_spot.csv
Optimization,N40_C9_I1,N40_C9_I1.dat,n_40/N40_C9_I1.dat,final_case,N40,C9,Cmax 15.0,parking_budget_cmax,15.0,40,184,2,62,6,0.1,6,29,40,0.9,0.5,15.0,29,40,0.9,0.5,15.0,0.9,TRUE,inferred_from_previous_exact_lot_solution,39,1,39_S001,near,1,0.027,0.001496,0.002794,0.12,0.024,0.026794000000000002,0.055290000000000006,0.027,0.12,0.026794000000000002,0.055290000000000006,12.6,4.24566,0.506,29->33->26->20->18->15->14->5->1->21->23->36->31->39,39->40,RESULTS/COMBINED_ALL_METHODS/results_all_methods_parameter_sensitivity_spot_level.csv
PSO,N40_C9_I1,N40_C9_I1.dat,n_40/N40_C9_I1.dat,final_case,N40,C9,Cmax 15.0,parking_budget_cmax,15.0,40,184,2,62,6,0.1,6,29,40,0.9,0.5,15.0,29,40,0.9,0.5,15.0,0.9,TRUE,solved,39,1,39_S001,near,1,0.0279,0.00149,0.002788,0.12,0.024,0.026788,0.056178,0.0279,0.12,0.026788,0.056178,12.63,4.296612,1888.893,29->33->26->20->18->17->16->13->1->21->23->36->25->31->39,39->40,RESULTS/PSO/log_pso_spot.csv
ACO,N50_C10_I1,N50_C10_I1.dat,n_50/N50_C10_I1.dat,final_case,N50,C10,15.0-30.0,parking_cost_range,15.0-30.0,50,226,2,72,7,0.1,7,48,50,0.9,0.5,20.5,48,50,0.9,0.5,20.5,0.9,TRUE,solved,29,33,29_S001,near,1,0.0294,0.001701,0.003552,0.2067,0.0413,0.044852,0.075953,0.0294,0.2067,0.044852,0.075953,14.18,5.519462000000001,110.92,48->43->41->40->38->37->36->23->21->11->15->18->20->32->27->29,29->50,RESULTS/ACO/log_aco_spot.csv
GA,N50_C10_I1,N50_C10_I1.dat,n_50/N50_C10_I1.dat,final_case,N50,C10,15.0-30.0,parking_cost_range,15.0-30.0,50,226,2,72,7,0.1,7,48,50,0.9,0.5,20.5,48,50,0.9,0.5,20.5,0.9,TRUE,solved,49,1,49_S001,near,1,0.031,0.00153,0.002828,0.12,0.024,0.026828,0.059357999999999994,0.031,0.12,0.026828,0.059357999999999994,16.39,4.844332,4692.102,48->43->41->40->38->37->36->23->21->11->15->18->20->32->27->29->49,49->50,RESULTS/GA/log_ga_spot.csv
Optimization,N50_C10_I1,N50_C10_I1.dat,n_50/N50_C10_I1.dat,final_case,N50,C10,15.0-30.0,parking_cost_range,15.0-30.0,50,226,2,72,7,0.1,7,48,50,0.9,0.5,20.5,48,50,0.9,0.5,20.5,0.9,TRUE,inferred_from_previous_exact_lot_solution,49,1,49_S001,near,1,0.031,0.001509,0.002807,0.12,0.024,0.026807,0.059315999999999994,0.031,0.12,0.026807,0.059315999999999994,16.4,4.843063999999999,2993.091,48->43->41->40->38->37->36->23->21->11->15->18->20->32->27->29->49,49->50,RESULTS/COMBINED_ALL_METHODS/results_all_methods_parameter_sensitivity_spot_level.csv
PSO,N50_C10_I1,N50_C10_I1.dat,n_50/N50_C10_I1.dat,final_case,N50,C10,15.0-30.0,parking_cost_range,15.0-30.0,50,226,2,72,7,0.1,7,48,50,0.9,0.5,20.5,48,50,0.9,0.5,20.5,0.9,TRUE,solved,49,1,49_S001,near,1,0.0325,0.00153,0.002828,0.12,0.024,0.026828,0.060857999999999995,0.0325,0.12,0.026828,0.060857999999999995,16.39,4.925331999999999,945.297,48->43->41->40->38->37->36->23->21->9->10->13->14->17->18->20->26->33->27->29->49,49->50,RESULTS/PSO/log_pso_spot.csv
ACO,N50_C1_I1,N50_C1_I1.dat,n_50/N50_C1_I1.dat,final_case,N50,C1,Baseline,baseline,Baseline,50,226,2,72,7,0.1,7,48,50,0.9,0.5,20.5,48,50,0.9,0.5,20.5,0.9,TRUE,solved,29,33,29_S001,near,1,0.0294,0.001701,0.003552,0.2067,0.0413,0.044852,0.075953,0.0294,0.2067,0.044852,0.075953,8.44,4.945462,115.892,48->43->41->40->38->37->36->23->21->11->15->18->20->32->27->29,29->50,RESULTS/ACO/log_aco_spot.csv
GA,N50_C1_I1,N50_C1_I1.dat,n_50/N50_C1_I1.dat,final_case,N50,C1,Baseline,baseline,Baseline,50,226,2,72,7,0.1,7,48,50,0.9,0.5,20.5,48,50,0.9,0.5,20.5,0.9,TRUE,solved,49,1,49_S001,near,1,0.031,0.00153,0.002828,0.12,0.024,0.026828,0.059357999999999994,0.031,0.12,0.026828,0.059357999999999994,12.06,4.411332,3357.996,48->43->41->40->38->37->36->23->21->11->15->18->20->32->27->29->49,49->50,RESULTS/GA/log_ga_spot.csv
Optimization,N50_C1_I1,N50_C1_I1.dat,n_50/N50_C1_I1.dat,final_case,N50,C1,Baseline,baseline,Baseline,50,226,2,72,7,0.1,7,48,50,0.9,0.5,20.5,48,50,0.9,0.5,20.5,0.9,TRUE,inferred_from_previous_exact_lot_solution,49,1,49_S001,near,1,0.031,0.001509,0.002807,0.12,0.024,0.026807,0.059315999999999994,0.031,0.12,0.026807,0.059315999999999994,12.07,4.410063999999999,3149.058,48->43->41->40->38->37->36->23->21->11->15->18->20->32->27->29->49,49->50,RESULTS/COMBINED_ALL_METHODS/results_all_methods_parameter_sensitivity_spot_level.csv
PSO,N50_C1_I1,N50_C1_I1.dat,n_50/N50_C1_I1.dat,final_case,N50,C1,Baseline,baseline,Baseline,50,226,2,72,7,0.1,7,48,50,0.9,0.5,20.5,48,50,0.9,0.5,20.5,0.9,TRUE,solved,49,1,49_S001,near,1,0.0325,0.00153,0.002828,0.12,0.024,0.026828,0.060857999999999995,0.0325,0.12,0.026828,0.060857999999999995,12.06,4.492331999999999,914.157,48->43->41->40->38->37->36->23->21->9->10->13->14->17->18->20->26->33->27->29->49,49->50,RESULTS/PSO/log_pso_spot.csv
ACO,N50_C2_I1,N50_C2_I1.dat,n_50/N50_C2_I1.dat,final_case,N50,C2,Dense,edge_density,Dense,50,242,2,72,7,0.1,7,48,50,0.9,0.5,20.5,48,50,0.9,0.5,20.5,0.9,TRUE,solved,29,33,29_S001,near,1,0.0251,0.001701,0.003552,0.2067,0.0413,0.044852,0.07165300000000001,0.0251,0.2067,0.044852,0.07165300000000001,8.44,4.713262,43.834,48->47->35->21->27->29,29->50,RESULTS/ACO/log_aco_spot.csv
GA,N50_C2_I1,N50_C2_I1.dat,n_50/N50_C2_I1.dat,final_case,N50,C2,Dense,edge_density,Dense,50,242,2,72,7,0.1,7,48,50,0.9,0.5,20.5,48,50,0.9,0.5,20.5,0.9,TRUE,solved,49,1,49_S001,near,1,0.0267,0.00153,0.002828,0.12,0.024,0.026828,0.055058,0.0267,0.12,0.026828,0.055058,12.06,4.179132,2882.43,48->47->35->21->27->29->49,49->50,RESULTS/GA/log_ga_spot.csv
Optimization,N50_C2_I1,N50_C2_I1.dat,n_50/N50_C2_I1.dat,final_case,N50,C2,Dense,edge_density,Dense,50,242,2,72,7,0.1,7,48,50,0.9,0.5,20.5,48,50,0.9,0.5,20.5,0.9,TRUE,inferred_from_previous_exact_lot_solution,49,1,49_S001,near,1,0.0267,0.001509,0.002807,0.12,0.024,0.026807,0.055016,0.0267,0.12,0.026807,0.055016,12.07,4.177864,2744.396,48->47->35->21->27->29->49,49->50,RESULTS/COMBINED_ALL_METHODS/results_all_methods_parameter_sensitivity_spot_level.csv
PSO,N50_C2_I1,N50_C2_I1.dat,n_50/N50_C2_I1.dat,final_case,N50,C2,Dense,edge_density,Dense,50,242,2,72,7,0.1,7,48,50,0.9,0.5,20.5,48,50,0.9,0.5,20.5,0.9,TRUE,solved,49,1,49_S001,near,1,0.0267,0.00153,0.002828,0.12,0.024,0.026828,0.055058,0.0267,0.12,0.026828,0.055058,12.06,4.179132,942.162,48->47->35->21->27->29->49,49->50,RESULTS/PSO/log_pso_spot.csv
ACO,N50_C3_I1,N50_C3_I1.dat,n_50/N50_C3_I1.dat,final_case,N50,C3,Higher supply,parking_supply,Higher,50,232,5,177,18,0.1,18,48,50,0.9,0.5,20.5,48,50,0.9,0.5,20.5,0.9,TRUE,solved,27,73,27_S001,near,1,0.0278,0.001877,0.004352,0.3041,0.0608,0.065152,0.094829,0.0278,0.3041,0.065152,0.094829,6.23,5.743766,106.879,48->43->41->40->38->37->36->23->21->11->15->18->20->32->27,27->50,RESULTS/ACO/log_aco_spot.csv
GA,N50_C3_I1,N50_C3_I1.dat,n_50/N50_C3_I1.dat,final_case,N50,C3,Higher supply,parking_supply,Higher,50,232,5,177,18,0.1,18,48,50,0.9,0.5,20.5,48,50,0.9,0.5,20.5,0.9,TRUE,solved,49,1,49_S001,near,1,0.031,0.00153,0.002828,0.12,0.024,0.026828,0.059357999999999994,0.031,0.12,0.026828,0.059357999999999994,12.06,4.411332,3946.53,48->43->41->40->38->37->36->23->21->11->15->18->20->32->27->29->49,49->50,RESULTS/GA/log_ga_spot.csv
Optimization,N50_C3_I1,N50_C3_I1.dat,n_50/N50_C3_I1.dat,final_case,N50,C3,Higher supply,parking_supply,Higher,50,232,5,177,18,0.1,18,48,50,0.9,0.5,20.5,48,50,0.9,0.5,20.5,0.9,TRUE,inferred_from_previous_exact_lot_solution,49,1,49_S001,near,1,0.031,0.001509,0.002807,0.12,0.024,0.026807,0.059315999999999994,0.031,0.12,0.026807,0.059315999999999994,12.07,4.410063999999999,3855.309,48->43->41->40->38->37->36->23->21->11->15->18->20->32->27->29->49,49->50,RESULTS/COMBINED_ALL_METHODS/results_all_methods_parameter_sensitivity_spot_level.csv
PSO,N50_C3_I1,N50_C3_I1.dat,n_50/N50_C3_I1.dat,final_case,N50,C3,Higher supply,parking_supply,Higher,50,232,5,177,18,0.1,18,48,50,0.9,0.5,20.5,48,50,0.9,0.5,20.5,0.9,TRUE,solved,49,1,49_S001,near,1,0.033,0.00153,0.002828,0.12,0.024,0.026828,0.061357999999999996,0.033,0.12,0.026828,0.061357999999999996,12.06,4.5193319999999995,1428.253,48->47->43->41->40->38->37->36->23->4->8->12->24->28->22->30->33->27->49,49->50,RESULTS/PSO/log_pso_spot.csv
ACO,N50_C4_I1,N50_C4_I1.dat,n_50/N50_C4_I1.dat,final_case,N50,C4,1.00 km,maximum_walking_distance,1.0,50,226,2,72,7,0.1,7,48,50,0.9,1.0,20.5,48,50,0.9,1.0,20.5,0.9,TRUE,solved,29,33,29_S001,near,1,0.0294,0.001535,0.002726,0.2067,0.0413,0.044026,0.074961,0.0294,0.2067,0.044026,0.074961,8.55,4.902894,112.168,48->43->41->40->38->37->36->23->21->11->15->18->20->32->27->29,29->50,RESULTS/ACO/log_aco_spot.csv
GA,N50_C4_I1,N50_C4_I1.dat,n_50/N50_C4_I1.dat,final_case,N50,C4,1.00 km,maximum_walking_distance,1.0,50,226,2,72,7,0.1,7,48,50,0.9,1.0,20.5,48,50,0.9,1.0,20.5,0.9,TRUE,solved,49,1,49_S001,near,1,0.031100000000000003,0.001434,0.002348,0.12,0.024,0.026348,0.058882000000000004,0.031100000000000003,0.12,0.026348,0.058882000000000004,12.13,4.392628,3004.479,48->43->41->40->38->37->36->23->21->11->15->18->20->26->45->27->29->49,49->50,RESULTS/GA/log_ga_spot.csv
Optimization,N50_C4_I1,N50_C4_I1.dat,n_50/N50_C4_I1.dat,final_case,N50,C4,1.00 km,maximum_walking_distance,1.0,50,226,2,72,7,0.1,7,48,50,0.9,1.0,20.5,48,50,0.9,1.0,20.5,0.9,TRUE,inferred_from_previous_exact_lot_solution,49,1,49_S001,near,1,0.031100000000000003,0.001413,0.002327,0.12,0.024,0.026327,0.05884,0.031100000000000003,0.12,0.026327,0.05884,12.13,4.39036,3307.038,48->43->41->40->38->37->36->23->21->11->15->18->20->26->45->27->29->49,49->50,RESULTS/COMBINED_ALL_METHODS/results_all_methods_parameter_sensitivity_spot_level.csv
PSO,N50_C4_I1,N50_C4_I1.dat,n_50/N50_C4_I1.dat,final_case,N50,C4,1.00 km,maximum_walking_distance,1.0,50,226,2,72,7,0.1,7,48,50,0.9,1.0,20.5,48,50,0.9,1.0,20.5,0.9,TRUE,solved,49,1,49_S001,near,1,0.0356,0.001434,0.002348,0.12,0.024,0.026348,0.063382,0.0356,0.12,0.026348,0.063382,12.13,4.635628,906.731,48->43->41->40->38->37->36->23->21->9->10->13->14->17->18->24->28->22->34->27->49,49->50,RESULTS/PSO/log_pso_spot.csv
ACO,N50_C5_I1,N50_C5_I1.dat,n_50/N50_C5_I1.dat,final_case,N50,C5,Medium traffic,traffic_level,Medium,50,226,2,72,7,0.1,7,48,50,0.9,0.5,20.5,48,50,0.9,0.5,20.5,0.9,TRUE,solved,29,33,29_S001,near,1,0.04179999999999998,0.001701,0.003552,0.2067,0.0413,0.044852,0.08835299999999999,0.04179999999999998,0.2067,0.044852,0.08835299999999999,8.44,5.615061999999999,139.168,48->42->41->40->39->38->37->36->23->21->9->10->11->15->18->20->26->45->27->29,29->50,RESULTS/ACO/log_aco_spot.csv
GA,N50_C5_I1,N50_C5_I1.dat,n_50/N50_C5_I1.dat,final_case,N50,C5,Medium traffic,traffic_level,Medium,50,226,2,72,7,0.1,7,48,50,0.9,0.5,20.5,48,50,0.9,0.5,20.5,0.9,TRUE,solved,49,1,49_S001,near,1,0.042800000000000005,0.00153,0.002828,0.12,0.024,0.026828,0.071158,0.042800000000000005,0.12,0.026828,0.071158,12.06,5.048532,3369.381,48->42->41->40->39->38->37->25->23->21->9->10->11->15->18->20->26->45->49,49->50,RESULTS/GA/log_ga_spot.csv
Optimization,N50_C5_I1,N50_C5_I1.dat,n_50/N50_C5_I1.dat,final_case,N50,C5,Medium traffic,traffic_level,Medium,50,226,2,72,7,0.1,7,48,50,0.9,0.5,20.5,48,50,0.9,0.5,20.5,0.9,TRUE,inferred_from_previous_exact_lot_solution,49,1,49_S001,near,1,0.042800000000000005,0.001509,0.002807,0.12,0.024,0.026807,0.071116,0.042800000000000005,0.12,0.026807,0.071116,12.07,5.047264,3307.945,48->42->41->40->39->38->37->25->23->21->9->10->11->15->18->20->26->45->49,49->50,RESULTS/COMBINED_ALL_METHODS/results_all_methods_parameter_sensitivity_spot_level.csv
PSO,N50_C5_I1,N50_C5_I1.dat,n_50/N50_C5_I1.dat,final_case,N50,C5,Medium traffic,traffic_level,Medium,50,226,2,72,7,0.1,7,48,50,0.9,0.5,20.5,48,50,0.9,0.5,20.5,0.9,TRUE,solved,49,1,49_S001,near,1,0.04329999999999999,0.00153,0.002828,0.12,0.024,0.026828,0.07165799999999999,0.04329999999999999,0.12,0.026828,0.07165799999999999,12.06,5.075531999999999,931.693,48->42->41->40->38->37->36->35->23->21->9->10->11->15->18->20->26->45->49,49->50,RESULTS/PSO/log_pso_spot.csv
ACO,N50_C6_I1,N50_C6_I1.dat,n_50/N50_C6_I1.dat,final_case,N50,C6,High traffic,traffic_level,High,50,226,2,72,7,0.1,7,48,50,0.9,0.5,20.5,48,50,0.9,0.5,20.5,0.9,TRUE,solved,29,33,29_S001,near,1,0.08,0.001701,0.003552,0.2067,0.0413,0.044852,0.126553,0.08,0.2067,0.044852,0.126553,8.44,7.677862,145.642,48->47->42->41->40->38->37->36->23->21->1->2->7->11->15->18->20->26->45->29,29->50,RESULTS/ACO/log_aco_spot.csv
GA,N50_C6_I1,N50_C6_I1.dat,n_50/N50_C6_I1.dat,final_case,N50,C6,High traffic,traffic_level,High,50,226,2,72,7,0.1,7,48,50,0.9,0.5,20.5,48,50,0.9,0.5,20.5,0.9,TRUE,solved,49,1,49_S001,near,1,0.08040000000000001,0.00153,0.002828,0.12,0.024,0.026828,0.10875800000000002,0.08040000000000001,0.12,0.026828,0.10875800000000002,12.06,7.078932000000001,3180.902,48->47->42->41->40->38->37->36->23->21->1->2->7->11->15->18->20->26->32->27->49,49->50,RESULTS/GA/log_ga_spot.csv
Optimization,N50_C6_I1,N50_C6_I1.dat,n_50/N50_C6_I1.dat,final_case,N50,C6,High traffic,traffic_level,High,50,226,2,72,7,0.1,7,48,50,0.9,0.5,20.5,48,50,0.9,0.5,20.5,0.9,TRUE,inferred_from_previous_exact_lot_solution,49,1,49_S001,near,1,0.08040000000000001,0.001509,0.002807,0.12,0.024,0.026807,0.10871600000000001,0.08040000000000001,0.12,0.026807,0.10871600000000001,12.07,7.077664,3509.138,48->47->42->41->40->38->37->36->23->21->1->2->7->11->15->18->20->26->32->27->49,49->50,RESULTS/COMBINED_ALL_METHODS/results_all_methods_parameter_sensitivity_spot_level.csv
PSO,N50_C6_I1,N50_C6_I1.dat,n_50/N50_C6_I1.dat,final_case,N50,C6,High traffic,traffic_level,High,50,226,2,72,7,0.1,7,48,50,0.9,0.5,20.5,48,50,0.9,0.5,20.5,0.9,TRUE,solved,49,1,49_S001,near,1,0.09319999999999999,0.00153,0.002828,0.12,0.024,0.026828,0.121558,0.09319999999999999,0.12,0.026828,0.121558,12.06,7.770131999999999,897.859,48->47->43->41->40->38->37->36->23->4->8->12->24->28->22->30->33->27->49,49->50,RESULTS/PSO/log_pso_spot.csv
ACO,N50_C7_I1,N50_C7_I1.dat,n_50/N50_C7_I1.dat,final_case,N50,C7,Alpha 0.80,objective_weight_alpha,0.8,50,226,2,72,7,0.1,7,48,50,0.9,0.5,20.5,48,50,0.9,0.5,20.5,0.9,TRUE,solved,29,33,29_S001,near,1,0.0294,0.001701,0.003552,0.2067,0.0413,0.044852,0.075953,0.0294,0.2067,0.044852,0.075953,8.44,4.945462,111.0,48->43->41->40->38->37->36->23->21->11->15->18->20->32->27->29,29->50,RESULTS/ACO/log_aco_spot.csv
GA,N50_C7_I1,N50_C7_I1.dat,n_50/N50_C7_I1.dat,final_case,N50,C7,Alpha 0.80,objective_weight_alpha,0.8,50,226,2,72,7,0.1,7,48,50,0.9,0.5,20.5,48,50,0.9,0.5,20.5,0.9,TRUE,solved,49,1,49_S001,near,1,0.031,0.00153,0.002828,0.12,0.024,0.026828,0.059357999999999994,0.031,0.12,0.026828,0.059357999999999994,12.06,4.411332,3332.817,48->43->41->40->38->37->36->23->21->11->15->18->20->32->27->29->49,49->50,RESULTS/GA/log_ga_spot.csv
Optimization,N50_C7_I1,N50_C7_I1.dat,n_50/N50_C7_I1.dat,final_case,N50,C7,Alpha 0.80,objective_weight_alpha,0.8,50,226,2,72,7,0.1,7,48,50,0.9,0.5,20.5,48,50,0.9,0.5,20.5,0.9,TRUE,inferred_from_previous_exact_lot_solution,49,1,49_S001,near,1,0.031,0.001509,0.002807,0.12,0.024,0.026807,0.059315999999999994,0.031,0.12,0.026807,0.059315999999999994,12.07,4.410063999999999,3193.959,48->43->41->40->38->37->36->23->21->11->15->18->20->32->27->29->49,49->50,RESULTS/COMBINED_ALL_METHODS/results_all_methods_parameter_sensitivity_spot_level.csv
PSO,N50_C7_I1,N50_C7_I1.dat,n_50/N50_C7_I1.dat,final_case,N50,C7,Alpha 0.80,objective_weight_alpha,0.8,50,226,2,72,7,0.1,7,48,50,0.9,0.5,20.5,48,50,0.9,0.5,20.5,0.9,TRUE,solved,49,1,49_S001,near,1,0.0325,0.00153,0.002828,0.12,0.024,0.026828,0.060857999999999995,0.0325,0.12,0.026828,0.060857999999999995,12.06,4.492331999999999,979.048,48->43->41->40->38->37->36->23->21->9->10->13->14->17->18->20->26->33->27->29->49,49->50,RESULTS/PSO/log_pso_spot.csv
ACO,N50_C8_I1,N50_C8_I1.dat,n_50/N50_C8_I1.dat,final_case,N50,C8,Alpha 0.20,objective_weight_alpha,0.2,50,226,2,72,7,0.1,7,48,50,0.1,0.5,20.5,48,50,0.1,0.5,20.5,0.1,TRUE,solved,29,33,29_S001,near,1,0.0294,0.001701,0.003552,0.2067,0.0413,0.044852,0.075953,0.0294,0.2067,0.044852,0.075953,8.44,8.051718000000001,111.108,48->43->41->40->38->37->36->23->21->11->15->18->20->32->27->29,29->50,RESULTS/ACO/log_aco_spot.csv
GA,N50_C8_I1,N50_C8_I1.dat,n_50/N50_C8_I1.dat,final_case,N50,C8,Alpha 0.20,objective_weight_alpha,0.2,50,226,2,72,7,0.1,7,48,50,0.1,0.5,20.5,48,50,0.1,0.5,20.5,0.1,TRUE,solved,49,1,49_S001,near,1,0.031,0.00153,0.002828,0.12,0.024,0.026828,0.059357999999999994,0.031,0.12,0.026828,0.059357999999999994,12.06,11.210148,2872.5,48->43->41->40->38->37->36->23->21->11->15->18->20->32->27->29->49,49->50,RESULTS/GA/log_ga_spot.csv
Optimization,N50_C8_I1,N50_C8_I1.dat,n_50/N50_C8_I1.dat,final_case,N50,C8,Alpha 0.20,objective_weight_alpha,0.2,50,226,2,72,7,0.1,7,48,50,0.1,0.5,20.5,48,50,0.1,0.5,20.5,0.1,TRUE,inferred_from_previous_exact_lot_solution,49,1,49_S001,near,1,0.031,0.001509,0.002807,0.12,0.024,0.026807,0.059315999999999994,0.031,0.12,0.026807,0.059315999999999994,12.07,11.218896,3425.497,48->43->41->40->38->37->36->23->21->11->15->18->20->32->27->29->49,49->50,RESULTS/COMBINED_ALL_METHODS/results_all_methods_parameter_sensitivity_spot_level.csv
PSO,N50_C8_I1,N50_C8_I1.dat,n_50/N50_C8_I1.dat,final_case,N50,C8,Alpha 0.20,objective_weight_alpha,0.2,50,226,2,72,7,0.1,7,48,50,0.1,0.5,20.5,48,50,0.1,0.5,20.5,0.1,TRUE,solved,49,1,49_S001,near,1,0.0325,0.00153,0.002828,0.12,0.024,0.026828,0.060857999999999995,0.0325,0.12,0.026828,0.060857999999999995,12.06,11.219148,919.008,48->43->41->40->38->37->36->23->21->9->10->13->14->17->18->20->26->33->27->29->49,49->50,RESULTS/PSO/log_pso_spot.csv
ACO,N50_C9_I1,N50_C9_I1.dat,n_50/N50_C9_I1.dat,final_case,N50,C9,Cmax 15.0,parking_budget_cmax,15.0,50,226,2,72,7,0.1,7,48,50,0.9,0.5,15.0,48,50,0.9,0.5,15.0,0.9,TRUE,solved,29,33,29_S001,near,1,0.0294,0.001701,0.003552,0.2067,0.0413,0.044852,0.075953,0.0294,0.2067,0.044852,0.075953,8.44,4.945462,110.933,48->43->41->40->38->37->36->23->21->11->15->18->20->32->27->29,29->50,RESULTS/ACO/log_aco_spot.csv
GA,N50_C9_I1,N50_C9_I1.dat,n_50/N50_C9_I1.dat,final_case,N50,C9,Cmax 15.0,parking_budget_cmax,15.0,50,226,2,72,7,0.1,7,48,50,0.9,0.5,15.0,48,50,0.9,0.5,15.0,0.9,TRUE,solved,49,1,49_S001,near,1,0.031,0.00153,0.002828,0.12,0.024,0.026828,0.059357999999999994,0.031,0.12,0.026828,0.059357999999999994,12.06,4.411332,2899.99,48->43->41->40->38->37->36->23->21->11->15->18->20->32->27->29->49,49->50,RESULTS/GA/log_ga_spot.csv
Optimization,N50_C9_I1,N50_C9_I1.dat,n_50/N50_C9_I1.dat,final_case,N50,C9,Cmax 15.0,parking_budget_cmax,15.0,50,226,2,72,7,0.1,7,48,50,0.9,0.5,15.0,48,50,0.9,0.5,15.0,0.9,TRUE,inferred_from_previous_exact_lot_solution,49,1,49_S001,near,1,0.031,0.001509,0.002807,0.12,0.024,0.026807,0.059315999999999994,0.031,0.12,0.026807,0.059315999999999994,12.07,4.410063999999999,3081.163,48->43->41->40->38->37->36->23->21->11->15->18->20->32->27->29->49,49->50,RESULTS/COMBINED_ALL_METHODS/results_all_methods_parameter_sensitivity_spot_level.csv
PSO,N50_C9_I1,N50_C9_I1.dat,n_50/N50_C9_I1.dat,final_case,N50,C9,Cmax 15.0,parking_budget_cmax,15.0,50,226,2,72,7,0.1,7,48,50,0.9,0.5,15.0,48,50,0.9,0.5,15.0,0.9,TRUE,solved,49,1,49_S001,near,1,0.0325,0.00153,0.002828,0.12,0.024,0.026828,0.060857999999999995,0.0325,0.12,0.026828,0.060857999999999995,12.06,4.492331999999999,944.558,48->43->41->40->38->37->36->23->21->9->10->13->14->17->18->20->26->33->27->29->49,49->50,RESULTS/PSO/log_pso_spot.csv
GA,N500_C10_I1,N500_C10_I1.dat,n_500/N500_C10_I1.dat,final_case,N500,C10,15.0-30.0,parking_cost_range,15.0-30.0,500,1760,25,738,74,0.1,74,476,500,0.9,0.5,20.5,476,500,0.9,0.5,20.5,0.9,TRUE,solved,495,33,495_S003,near,1,0.12620000000000003,0.002595,0.005363,0.1408,0.0282,0.033562999999999996,0.16235800000000006,0.12620000000000003,0.1408,0.033562999999999996,0.16235800000000006,14.6,10.227332000000002,52097.374,476->362->373->356->350->353->365->348->346->344->349->334->337->331->329->324->321->314->309->298->296->289->284->266->262->259->254->235->233->232->230->229->217->228->210->206->209->201->198->196->193->190->183->178->174->168->164->163->162->155->272->246->243->242->241->239->238->205->186->108->105->96->92->90->88->61->52->43->39->44->91->21->1->9->10->11->15->24->19->28->22->30->34->54->29->89->98->94->67->85->100->119->114->122->123->125->133->134->181->143->194->189->216->223->211->212->227->202->260->263->275->288->290->293->306->317->358->363->379->384->402->394->407->396->397->401->406->398->399->403->413->440->449->455->460->468->462->471->482->495,495->500,RESULTS/GA/log_ga_spot.csv
Optimization,N500_C10_I1,N500_C10_I1.dat,n_500/N500_C10_I1.dat,final_case,N500,C10,15.0-30.0,parking_cost_range,15.0-30.0,500,1760,25,738,74,0.1,74,476,500,0.9,0.5,20.5,476,500,0.9,0.5,20.5,0.9,TRUE,inferred_from_previous_exact_lot_solution,495,31,495_S001,near,1,0.12620000000000003,0.001559,0.002991,0.1408,0.0282,0.031191,0.15895000000000004,0.12620000000000003,0.1408,0.031191,0.15895000000000004,14.31,10.014300000000002,43825.008,476->362->373->356->350->353->365->348->346->344->349->334->337->331->329->324->321->314->309->298->296->289->284->266->262->259->254->235->233->232->230->229->217->228->210->206->209->201->198->196->193->190->183->178->174->168->164->163->162->155->272->246->243->242->241->239->238->205->186->108->105->96->92->90->88->61->52->43->39->44->91->21->1->9->10->11->15->24->19->28->22->30->34->54->29->89->98->94->67->85->100->119->114->122->123->125->133->134->181->143->194->189->216->223->211->212->227->202->260->263->275->288->290->293->306->317->358->363->379->384->402->394->407->396->397->401->406->398->399->403->413->440->449->455->460->468->462->471->482->495,495->500,RESULTS/COMBINED_ALL_METHODS/results_all_methods_parameter_sensitivity_spot_level.csv
PSO,N500_C10_I1,N500_C10_I1.dat,n_500/N500_C10_I1.dat,final_case,N500,C10,15.0-30.0,parking_cost_range,15.0-30.0,500,1760,25,738,74,0.1,74,476,500,0.9,0.5,20.5,476,500,0.9,0.5,20.5,0.9,TRUE,solved,495,31,495_S001,near,1,0.13539999999999994,0.001573,0.003006,0.1408,0.0282,0.031205999999999998,0.1681789999999999,0.13539999999999994,0.1408,0.031205999999999998,0.1681789999999999,14.32,10.513665999999995,13637.595,476->362->361->356->350->353->348->346->349->344->334->337->331->329->324->321->309->298->296->289->284->266->262->259->254->235->233->232->230->229->217->228->210->206->209->201->198->196->193->190->183->178->174->168->164->163->162->278->277->272->246->242->241->239->120->117->112->110->105->96->295->276->273->267->264->255->64->74->66->56->78->77->69->68->63->21->1->9->10->13->14->15->24->19->28->22->30->33->27->34->54->53->89->98->94->67->85->100->119->114->129->122->123->125->133->152->134->181->191->143->194->189->216->187->166->158->173->212->227->231->260->265->263->275->288->290->293->306->317->358->363->379->384->394->407->396->397->401->406->398->403->413->440->454->449->453->455->460->461->462->471->482->495,495->500,RESULTS/PSO/log_pso_spot.csv
ACO,N500_C1_I1,N500_C1_I1.dat,n_500/N500_C1_I1.dat,final_case,N500,C1,Baseline,baseline,Baseline,500,1760,25,738,74,0.1,74,476,500,0.9,0.5,20.5,476,500,0.9,0.5,20.5,0.9,TRUE,solved,495,31,495_S001,near,1,0.10900000000000011,0.001559,0.002991,0.1408,0.0282,0.031191,0.14175000000000013,0.10900000000000011,0.1408,0.031191,0.14175000000000013,7.26,8.380500000000007,4871.193,476->469->463->362->361->356->350->353->348->366->349->334->337->331->329->324->321->309->298->296->289->284->266->262->259->254->235->233->232->230->229->217->228->210->206->209->201->198->196->193->190->183->178->174->168->164->163->162->155->169->153->147->137->132->130->120->117->112->110->105->96->92->90->88->79->57->64->47->43->39->44->91->21->1->5->6->10->11->15->24->19->28->22->30->34->54->53->89->49->85->100->119->114->122->123->125->133->134->181->143->146->156->166->158->173->185->197->204->202->260->265->263->275->288->290->293->306->317->358->363->379->384->394->407->396->397->401->406->398->403->413->440->449->453->455->460->468->471->482->495,495->500,RESULTS/ACO/log_aco_spot.csv
GA,N500_C1_I1,N500_C1_I1.dat,n_500/N500_C1_I1.dat,final_case,N500,C1,Baseline,baseline,Baseline,500,1760,25,738,74,0.1,74,476,500,0.9,0.5,20.5,476,500,0.9,0.5,20.5,0.9,TRUE,solved,495,31,495_S001,near,1,0.12330000000000006,0.001559,0.002991,0.1408,0.0282,0.031191,0.15605000000000008,0.12330000000000006,0.1408,0.031191,0.15605000000000008,7.26,9.152700000000003,11828.254,476->362->361->356->350->365->348->346->344->334->337->331->329->324->321->309->298->296->289->284->266->262->259->254->235->233->232->244->230->229->217->228->210->206->209->201->198->196->193->190->183->178->174->168->164->163->162->175->155->169->153->147->137->132->130->120->117->115->110->105->96->92->90->264->42->41->40->56->39->44->91->86->21->1->2->6->10->11->15->24->19->20->26->32->45->27->34->54->53->89->29->49->85->100->119->114->122->123->125->133->134->181->191->184->189->216->156->187->195->223->166->158->173->185->197->204->202->260->265->263->268->275->288->290->293->306->317->358->363->379->384->402->394->407->396->397->401->406->398->399->403->413->440->454->449->453->455->460->461->462->471->482->495,495->500,RESULTS/GA/log_ga_spot.csv
Optimization,N500_C1_I1,N500_C1_I1.dat,n_500/N500_C1_I1.dat,final_case,N500,C1,Baseline,baseline,Baseline,500,1760,25,738,74,0.1,74,476,500,0.9,0.5,20.5,476,500,0.9,0.5,20.5,0.9,TRUE,inferred_from_previous_exact_lot_solution,497,1,497_S001,near,1,0.12870000000000004,0.00153,0.002828,0.12,0.024,0.026828,0.15705800000000003,0.12870000000000004,0.12,0.026828,0.15705800000000003,11.33,9.614132000000001,47991.352,476->463->450->439->362->373->356->350->365->348->346->349->344->334->337->331->329->324->321->309->298->296->289->284->266->262->259->254->235->233->232->244->230->229->217->228->210->206->209->201->198->196->193->190->183->178->174->168->164->163->162->175->172->169->153->147->137->246->242->241->239->238->205->108->105->96->92->90->61->51->43->39->44->91->86->21->1->5->9->10->13->14->15->24->19->20->26->30->34->54->29->53->89->98->121->85->111->119->114->122->123->125->133->152->134->181->143->146->216->187->166->158->173->185->197->204->202->260->263->268->275->288->290->293->306->317->358->363->379->384->394->407->396->397->401->406->398->403->413->440->449->453->455->460->461->462->471->482->497,497->500,RESULTS/COMBINED_ALL_METHODS/results_all_methods_parameter_sensitivity_spot_level.csv
PSO,N500_C1_I1,N500_C1_I1.dat,n_500/N500_C1_I1.dat,final_case,N500,C1,Baseline,baseline,Baseline,500,1760,25,738,74,0.1,74,476,500,0.9,0.5,20.5,476,500,0.9,0.5,20.5,0.9,TRUE,solved,497,1,497_S001,near,1,0.1454,0.00153,0.002828,0.12,0.024,0.026828,0.173758,0.1454,0.12,0.026828,0.173758,11.33,10.515932,13699.083,476->469->362->373->356->350->353->348->346->349->334->337->331->329->324->321->309->298->296->289->284->266->262->259->254->235->233->232->230->229->219->217->228->210->206->209->201->198->196->193->190->183->178->174->168->164->163->162->278->277->272->153->147->242->241->239->238->205->186->117->112->110->105->96->92->90->264->255->64->47->66->56->44->91->21->1->9->10->11->15->24->19->20->32->30->22->26->33->27->34->54->53->89->49->67->85->100->119->114->129->122->123->125->133->152->134->181->143->146->216->187->177->167->158->173->211->212->227->231->260->263->268->275->288->290->293->306->317->358->363->379->384->394->407->396->397->401->406->398->399->403->413->440->454->449->455->460->461->462->471->482->495->497,497->500,RESULTS/PSO/log_pso_spot.csv
GA,N500_C2_I1,N500_C2_I1.dat,n_500/N500_C2_I1.dat,final_case,N500,C2,Dense,edge_density,Dense,500,1926,25,738,74,0.1,74,476,500,0.9,0.5,20.5,476,500,0.9,0.5,20.5,0.9,TRUE,solved,495,31,495_S001,near,1,0.10410000000000004,0.001573,0.003006,0.1408,0.0282,0.031205999999999998,0.13687900000000003,0.10410000000000004,0.1408,0.031205999999999998,0.13687900000000003,7.27,8.118466000000002,44481.854,476->469->463->450->437->439->362->361->356->350->353->348->366->349->334->337->331->329->324->321->309->298->296->289->284->266->262->259->254->235->233->232->244->230->229->217->277->160->124->76->73->71->80->116->126->89->53->54->192->199->413->440->449->455->460->461->468->471->482->495,495->500,RESULTS/GA/log_ga_spot.csv
Optimization,N500_C2_I1,N500_C2_I1.dat,n_500/N500_C2_I1.dat,final_case,N500,C2,Dense,edge_density,Dense,500,1926,25,738,74,0.1,74,476,500,0.9,0.5,20.5,476,500,0.9,0.5,20.5,0.9,TRUE,inferred_from_previous_exact_lot_solution,495,31,495_S001,near,1,0.10410000000000004,0.001559,0.002991,0.1408,0.0282,0.031191,0.13685000000000005,0.10410000000000004,0.1408,0.031191,0.13685000000000005,7.26,8.115900000000002,39304.651,476->469->463->450->437->439->362->361->356->350->353->348->366->349->334->337->331->329->324->321->309->298->296->289->284->266->262->259->254->235->233->232->244->230->229->217->277->160->124->76->73->71->80->116->126->89->53->54->192->199->413->440->449->455->460->461->468->471->482->495,495->500,RESULTS/COMBINED_ALL_METHODS/results_all_methods_parameter_sensitivity_spot_level.csv
PSO,N500_C2_I1,N500_C2_I1.dat,n_500/N500_C2_I1.dat,final_case,N500,C2,Dense,edge_density,Dense,500,1926,25,738,74,0.1,74,476,500,0.9,0.5,20.5,476,500,0.9,0.5,20.5,0.9,TRUE,solved,495,31,495_S001,near,1,0.11140000000000003,0.001573,0.003006,0.1408,0.0282,0.031205999999999998,0.14417900000000003,0.11140000000000003,0.1408,0.031205999999999998,0.14417900000000003,7.27,8.512666000000003,10324.514,476->469->362->373->361->356->350->353->348->346->344->334->337->331->329->324->321->309->298->299->289->284->266->262->259->254->235->233->232->244->230->229->217->228->210->206->209->201->198->196->193->190->183->178->174->168->164->163->162->155->311->84->63->123->125->133->152->134->181->363->358->317->306->293->290->288->275->268->455->460->461->462->471->482->495,495->500,RESULTS/PSO/log_pso_spot.csv
GA,N500_C3_I1,N500_C3_I1.dat,n_500/N500_C3_I1.dat,final_case,N500,C3,Higher supply,parking_supply,Higher,500,1810,50,1513,152,0.1,152,476,500,0.9,0.5,20.5,476,500,0.9,0.5,20.5,0.9,TRUE,solved,495,32,495_S002,near,1,0.13050000000000006,0.002022,0.004122,0.1408,0.0282,0.032322,0.16484400000000005,0.13050000000000006,0.1408,0.032322,0.16484400000000005,7.38,9.639576000000002,51912.323,476->362->361->356->350->365->348->346->349->334->337->331->329->324->321->309->298->296->289->284->266->262->259->254->235->233->232->230->229->217->228->210->206->209->201->198->196->193->190->183->178->174->168->164->163->162->155->172->169->153->147->242->241->239->130->120->117->112->108->105->96->92->90->88->79->50->60->48->43->39->44->91->21->1->9->5->6->10->11->15->18->12->24->19->28->22->30->34->54->53->89->49->85->100->119->114->122->123->125->133->152->134->181->143->194->189->216->187->177->195->211->170->158->173->185->197->204->202->260->265->263->268->275->288->290->293->306->317->358->363->379->384->402->394->407->396->397->401->406->398->403->413->440->449->453->455->460->461->468->471->482->495,495->500,RESULTS/GA/log_ga_spot.csv
Optimization,N500_C3_I1,N500_C3_I1.dat,n_500/N500_C3_I1.dat,final_case,N500,C3,Higher supply,parking_supply,Higher,500,1810,50,1513,152,0.1,152,476,500,0.9,0.5,20.5,476,500,0.9,0.5,20.5,0.9,TRUE,inferred_from_previous_exact_lot_solution,497,1,497_S001,near,1,0.12250000000000008,0.00153,0.002828,0.12,0.024,0.026828,0.15085800000000008,0.12250000000000008,0.12,0.026828,0.15085800000000008,11.33,9.279332000000004,15624.22,476->362->373->356->350->353->348->346->344->349->334->337->331->329->324->321->309->298->299->289->284->266->262->259->254->235->233->232->230->229->217->228->210->206->209->201->198->196->193->190->183->178->174->168->164->163->162->155->169->153->147->137->132->138->130->120->117->112->108->105->96->295->276->273->267->42->38->55->69->68->63->21->1->2->6->10->11->15->18->12->24->19->28->22->30->34->54->53->89->49->85->100->119->114->122->123->125->133->134->181->191->184->189->216->187->166->167->158->173->212->224->231->260->265->263->275->288->290->293->297->306->317->358->363->379->384->402->394->407->396->397->401->406->398->399->403->413->440->449->453->455->460->468->461->462->471->482->497,497->500,RESULTS/COMBINED_ALL_METHODS/results_all_methods_parameter_sensitivity_spot_level.csv
PSO,N500_C3_I1,N500_C3_I1.dat,n_500/N500_C3_I1.dat,final_case,N500,C3,Higher supply,parking_supply,Higher,500,1810,50,1513,152,0.1,152,476,500,0.9,0.5,20.5,476,500,0.9,0.5,20.5,0.9,TRUE,solved,497,1,497_S001,near,1,0.12250000000000008,0.00155,0.002848,0.12,0.024,0.026848,0.1508980000000001,0.12250000000000008,0.12,0.026848,0.1508980000000001,11.33,9.281492000000004,15624.22,476->362->373->356->350->353->348->346->344->349->334->337->331->329->324->321->309->298->299->289->284->266->262->259->254->235->233->232->230->229->217->228->210->206->209->201->198->196->193->190->183->178->174->168->164->163->162->155->169->153->147->137->132->138->130->120->117->112->108->105->96->295->276->273->267->42->38->55->69->68->63->21->1->2->6->10->11->15->18->12->24->19->28->22->30->34->54->53->89->49->85->100->119->114->122->123->125->133->134->181->191->184->189->216->187->166->167->158->173->212->224->231->260->265->263->275->288->290->293->297->306->317->358->363->379->384->402->394->407->396->397->401->406->398->399->403->413->440->449->453->455->460->468->461->462->471->482->497,497->500,RESULTS/PSO/log_pso_spot.csv
ACO,N500_C4_I1,N500_C4_I1.dat,n_500/N500_C4_I1.dat,final_case,N500,C4,1.00 km,maximum_walking_distance,1.0,500,1760,25,738,74,0.1,74,476,500,0.9,1.0,20.5,476,500,0.9,1.0,20.5,0.9,TRUE,solved,413,406,413_S001,near,1,0.10160000000000008,0.001781,0.003837,0.4772,0.0954,0.09923699999999999,0.20261800000000008,0.10160000000000008,0.4772,0.09923699999999999,0.20261800000000008,6.39,11.580372000000004,1275.029,476->469->463->362->361->356->350->353->348->366->349->334->337->331->329->324->321->309->298->296->289->284->266->262->259->254->235->233->232->230->229->217->228->210->206->209->201->198->196->193->190->183->178->174->168->164->163->162->155->169->153->147->137->132->130->120->117->112->110->105->96->92->90->88->79->57->64->47->43->39->44->91->21->1->5->6->10->11->15->24->19->28->22->30->34->54->53->89->49->85->100->119->114->122->123->125->133->134->181->143->146->156->166->158->173->185->197->204->202->260->265->263->275->288->290->293->306->317->358->363->379->384->394->407->396->397->401->406->398->403->413,413->500,RESULTS/ACO/log_aco_spot.csv
GA,N500_C4_I1,N500_C4_I1.dat,n_500/N500_C4_I1.dat,final_case,N500,C4,1.00 km,maximum_walking_distance,1.0,500,1760,25,738,74,0.1,74,476,500,0.9,1.0,20.5,476,500,0.9,1.0,20.5,0.9,TRUE,solved,495,31,495_S001,near,1,0.13150000000000003,0.001461,0.002442,0.1408,0.0282,0.030642,0.16360300000000003,0.13150000000000003,0.1408,0.030642,0.16360300000000003,7.35,9.569562000000001,50888.101,476->362->361->373->356->350->365->353->348->366->346->349->344->334->337->331->329->324->321->309->298->299->289->284->266->262->259->254->235->233->232->230->229->219->217->228->210->206->209->201->198->196->193->190->183->178->174->168->164->163->162->155->169->153->147->246->243->242->241->239->238->205->108->105->96->92->90->264->42->41->40->56->44->91->21->1->2->6->10->11->15->24->19->20->26->33->32->45->27->34->54->53->89->49->67->85->100->119->114->122->123->125->133->152->134->181->143->146->156->166->223->211->173->185->192->199->204->202->260->263->268->275->288->290->293->306->317->358->363->379->384->394->407->396->397->401->406->398->399->403->413->440->449->453->455->460->468->471->482->497->495,495->500,RESULTS/GA/log_ga_spot.csv
Optimization,N500_C4_I1,N500_C4_I1.dat,n_500/N500_C4_I1.dat,final_case,N500,C4,1.00 km,maximum_walking_distance,1.0,500,1760,25,738,74,0.1,74,476,500,0.9,1.0,20.5,476,500,0.9,1.0,20.5,0.9,TRUE,inferred_from_previous_exact_lot_solution,497,1,497_S001,near,1,0.128,0.001434,0.002348,0.12,0.024,0.026348,0.155782,0.128,0.12,0.026348,0.155782,11.4,9.552228,11087.851,476->463->450->439->362->361->356->350->353->348->366->349->334->337->331->329->324->321->309->298->299->296->289->284->266->262->259->254->235->233->232->230->229->217->228->210->206->209->201->198->196->193->190->183->178->174->168->164->163->162->155->169->153->147->137->132->130->120->117->112->161->151->144->141->140->88->61->52->43->39->44->91->21->1->2->6->10->13->14->15->24->19->28->22->30->33->27->34->54->53->89->49->67->85->100->119->114->122->123->125->133->152->134->181->143->194->189->216->187->177->167->158->173->212->227->231->260->265->263->275->288->290->293->306->317->358->363->379->384->394->407->396->397->401->406->398->403->413->440->454->449->453->455->460->461->462->471->482->495->497,497->500,RESULTS/COMBINED_ALL_METHODS/results_all_methods_parameter_sensitivity_spot_level.csv
PSO,N500_C4_I1,N500_C4_I1.dat,n_500/N500_C4_I1.dat,final_case,N500,C4,1.00 km,maximum_walking_distance,1.0,500,1760,25,738,74,0.1,74,476,500,0.9,1.0,20.5,476,500,0.9,1.0,20.5,0.9,TRUE,solved,497,1,497_S001,near,1,0.128,0.001454,0.002368,0.12,0.024,0.026368,0.15582200000000002,0.128,0.12,0.026368,0.15582200000000002,11.4,9.554388,11087.851,476->463->450->439->362->361->356->350->353->348->366->349->334->337->331->329->324->321->309->298->299->296->289->284->266->262->259->254->235->233->232->230->229->217->228->210->206->209->201->198->196->193->190->183->178->174->168->164->163->162->155->169->153->147->137->132->130->120->117->112->161->151->144->141->140->88->61->52->43->39->44->91->21->1->2->6->10->13->14->15->24->19->28->22->30->33->27->34->54->53->89->49->67->85->100->119->114->122->123->125->133->152->134->181->143->194->189->216->187->177->167->158->173->212->227->231->260->265->263->275->288->290->293->306->317->358->363->379->384->394->407->396->397->401->406->398->403->413->440->454->449->453->455->460->461->462->471->482->495->497,497->500,RESULTS/PSO/log_pso_spot.csv
GA,N500_C5_I1,N500_C5_I1.dat,n_500/N500_C5_I1.dat,final_case,N500,C5,Medium traffic,traffic_level,Medium,500,1760,25,738,74,0.1,74,476,500,0.9,0.5,20.5,476,500,0.9,0.5,20.5,0.9,TRUE,solved,497,2,497_S002,near,1,0.16760000000000005,0.002036,0.003903,0.12,0.024,0.027903,0.19753900000000008,0.16760000000000005,0.12,0.027903,0.19753900000000008,11.43,11.810106000000005,43862.716,476->362->373->356->350->353->348->346->344->334->337->331->329->324->321->314->309->298->299->296->289->284->266->262->259->254->235->233->232->230->229->219->217->228->210->206->209->201->198->196->193->190->183->178->174->168->164->163->162->155->169->153->147->137->132->130->120->117->115->112->108->105->96->92->90->264->42->41->40->66->39->44->91->86->21->1->5->9->10->11->15->24->19->20->32->30->34->54->53->89->98->67->85->100->119->114->129->122->123->125->133->134->181->143->146->189->216->223->211->173->185->192->204->202->260->265->263->275->288->290->293->306->317->358->363->379->384->394->407->396->397->401->406->398->399->403->413->440->449->455->460->461->462->471->482->497,497->500,RESULTS/GA/log_ga_spot.csv
Optimization,N500_C5_I1,N500_C5_I1.dat,n_500/N500_C5_I1.dat,final_case,N500,C5,Medium traffic,traffic_level,Medium,500,1760,25,738,74,0.1,74,476,500,0.9,0.5,20.5,476,500,0.9,0.5,20.5,0.9,TRUE,inferred_from_previous_exact_lot_solution,497,1,497_S001,near,1,0.16760000000000005,0.00153,0.002828,0.12,0.024,0.026828,0.19595800000000005,0.16760000000000005,0.12,0.026828,0.19595800000000005,11.33,11.714732000000001,53046.499,476->362->373->356->350->353->348->346->344->334->337->331->329->324->321->314->309->298->299->296->289->284->266->262->259->254->235->233->232->230->229->219->217->228->210->206->209->201->198->196->193->190->183->178->174->168->164->163->162->155->169->153->147->137->132->130->120->117->115->112->108->105->96->92->90->264->42->41->40->66->39->44->91->86->21->1->5->9->10->11->15->24->19->20->32->30->34->54->53->89->98->67->85->100->119->114->129->122->123->125->133->134->181->143->146->189->216->223->211->173->185->192->204->202->260->265->263->275->288->290->293->306->317->358->363->379->384->394->407->396->397->401->406->398->399->403->413->440->449->455->460->461->462->471->482->497,497->500,RESULTS/COMBINED_ALL_METHODS/results_all_methods_parameter_sensitivity_spot_level.csv
PSO,N500_C5_I1,N500_C5_I1.dat,n_500/N500_C5_I1.dat,final_case,N500,C5,Medium traffic,traffic_level,Medium,500,1760,25,738,74,0.1,74,476,500,0.9,0.5,20.5,476,500,0.9,0.5,20.5,0.9,TRUE,solved,495,31,495_S001,near,1,0.17670000000000005,0.001573,0.003006,0.1408,0.0282,0.031205999999999998,0.20947900000000003,0.17670000000000005,0.1408,0.031205999999999998,0.20947900000000003,7.27,12.038866000000002,20374.661,476->362->373->356->350->353->348->346->349->334->337->331->329->324->321->309->298->296->289->284->266->262->259->254->235->233->232->230->229->217->228->210->206->209->201->198->196->193->190->183->178->174->168->164->163->162->155->175->172->169->153->147->137->132->138->130->120->117->115->110->105->96->92->276->273->267->264->42->41->40->56->39->44->91->21->1->9->10->13->14->15->24->19->28->22->30->34->54->53->89->49->85->100->119->114->122->123->125->133->152->134->181->191->184->189->146->156->166->177->167->158->170->173->185->224->231->260->263->268->275->288->290->293->297->306->317->358->363->379->384->394->407->396->397->401->406->398->399->403->413->440->454->449->455->460->468->471->482->495,495->500,RESULTS/PSO/log_pso_spot.csv
GA,N500_C6_I1,N500_C6_I1.dat,n_500/N500_C6_I1.dat,final_case,N500,C6,High traffic,traffic_level,High,500,1760,25,738,74,0.1,74,476,500,0.9,0.5,20.5,476,500,0.9,0.5,20.5,0.9,TRUE,solved,461,155,461_S003,near,1,0.37050000000000005,0.002787,0.006592,0.2564,0.0513,0.057892,0.43117900000000003,0.37050000000000005,0.2564,0.057892,0.43117900000000003,7.43,24.026666,57066.175,476->463->450->439->437->436->430->422->415->408->393->387->372->375->371->362->373->356->350->365->348->366->344->334->337->331->329->324->321->309->298->299->289->284->266->262->259->254->235->233->232->230->229->219->217->228->210->206->209->201->198->196->193->190->183->178->174->168->164->163->162->155->175->172->169->153->147->137->132->130->120->117->112->108->105->96->92->90->264->255->42->41->66->39->44->91->21->1->2->7->3->4->8->12->24->19->28->22->26->30->34->54->53->89->49->85->100->119->114->122->123->125->133->134->181->143->191->184->194->189->216->187->156->166->158->173->185->197->204->202->260->265->263->268->275->288->290->293->306->317->358->363->379->384->402->394->407->396->397->401->406->398->403->413->440->454->449->453->455->460->461,461->500,RESULTS/GA/log_ga_spot.csv
Optimization,N500_C6_I1,N500_C6_I1.dat,n_500/N500_C6_I1.dat,final_case,N500,C6,High traffic,traffic_level,High,500,1760,25,738,74,0.1,74,476,500,0.9,0.5,20.5,476,500,0.9,0.5,20.5,0.9,TRUE,inferred_from_previous_exact_lot_solution,461,153,461_S001,near,1,0.37050000000000005,0.00173,0.003901,0.2564,0.0513,0.055201,0.42743100000000006,0.37050000000000005,0.2564,0.055201,0.42743100000000006,7.27,23.808274000000004,54678.414,476->463->450->439->437->436->430->422->415->408->393->387->372->375->371->362->373->356->350->365->348->366->344->334->337->331->329->324->321->309->298->299->289->284->266->262->259->254->235->233->232->230->229->219->217->228->210->206->209->201->198->196->193->190->183->178->174->168->164->163->162->155->175->172->169->153->147->137->132->130->120->117->112->108->105->96->92->90->264->255->42->41->66->39->44->91->21->1->2->7->3->4->8->12->24->19->28->22->26->30->34->54->53->89->49->85->100->119->114->122->123->125->133->134->181->143->191->184->194->189->216->187->156->166->158->173->185->197->204->202->260->265->263->268->275->288->290->293->306->317->358->363->379->384->402->394->407->396->397->401->406->398->403->413->440->454->449->453->455->460->461,461->500,RESULTS/COMBINED_ALL_METHODS/results_all_methods_parameter_sensitivity_spot_level.csv
PSO,N500_C6_I1,N500_C6_I1.dat,n_500/N500_C6_I1.dat,final_case,N500,C6,High traffic,traffic_level,High,500,1760,25,738,74,0.1,74,476,500,0.9,0.5,20.5,476,500,0.9,0.5,20.5,0.9,TRUE,solved,454,303,454_S001,near,1,0.37110000000000015,0.001964,0.005051,0.3995,0.0799,0.084951,0.45801500000000017,0.37110000000000015,0.3995,0.084951,0.45801500000000017,7.32,25.464810000000007,10563.444,476->463->467->362->373->356->350->365->348->366->349->334->337->331->329->324->321->309->298->299->289->284->266->262->259->254->235->233->232->230->229->219->217->228->210->206->209->201->198->196->193->190->183->178->174->168->164->163->162->155->169->153->147->137->132->138->130->120->117->112->108->105->110->161->151->92->90->61->51->43->39->44->91->86->21->1->5->6->10->13->14->15->18->24->19->28->22->30->33->45->27->34->54->53->29->49->85->100->119->114->122->123->125->133->152->134->181->143->146->156->187->195->211->212->224->231->260->263->275->288->290->293->306->317->358->363->379->384->402->394->407->396->397->401->406->398->403->413->440->454,454->500,RESULTS/PSO/log_pso_spot.csv
GA,N500_C7_I1,N500_C7_I1.dat,n_500/N500_C7_I1.dat,final_case,N500,C7,Alpha 0.80,objective_weight_alpha,0.8,500,1760,25,738,74,0.1,74,476,500,0.9,0.5,20.5,476,500,0.9,0.5,20.5,0.9,TRUE,solved,497,1,497_S001,near,1,0.12870000000000004,0.00155,0.002848,0.12,0.024,0.026848,0.15709800000000004,0.12870000000000004,0.12,0.026848,0.15709800000000004,11.33,9.616292000000001,48841.945,476->463->450->439->362->373->356->350->365->348->346->349->344->334->337->331->329->324->321->309->298->296->289->284->266->262->259->254->235->233->232->244->230->229->217->228->210->206->209->201->198->196->193->190->183->178->174->168->164->163->162->175->172->169->153->147->137->246->242->241->239->238->205->108->105->96->92->90->61->51->43->39->44->91->86->21->1->5->9->10->13->14->15->24->19->20->26->30->34->54->29->53->89->98->121->85->111->119->114->122->123->125->133->152->134->181->143->146->216->187->166->158->173->185->197->204->202->260->263->268->275->288->290->293->306->317->358->363->379->384->394->407->396->397->401->406->398->403->413->440->449->453->455->460->461->462->471->482->497,497->500,RESULTS/GA/log_ga_spot.csv
Optimization,N500_C7_I1,N500_C7_I1.dat,n_500/N500_C7_I1.dat,final_case,N500,C7,Alpha 0.80,objective_weight_alpha,0.8,500,1760,25,738,74,0.1,74,476,500,0.9,0.5,20.5,476,500,0.9,0.5,20.5,0.9,TRUE,inferred_from_previous_exact_lot_solution,497,1,497_S001,near,1,0.12870000000000004,0.00153,0.002828,0.12,0.024,0.026828,0.15705800000000003,0.12870000000000004,0.12,0.026828,0.15705800000000003,11.33,9.614132000000001,62776.977,476->463->450->439->362->373->356->350->365->348->346->349->344->334->337->331->329->324->321->309->298->296->289->284->266->262->259->254->235->233->232->244->230->229->217->228->210->206->209->201->198->196->193->190->183->178->174->168->164->163->162->175->172->169->153->147->137->246->242->241->239->238->205->108->105->96->92->90->61->51->43->39->44->91->86->21->1->5->9->10->13->14->15->24->19->20->26->30->34->54->29->53->89->98->121->85->111->119->114->122->123->125->133->152->134->181->143->146->216->187->166->158->173->185->197->204->202->260->263->268->275->288->290->293->306->317->358->363->379->384->394->407->396->397->401->406->398->403->413->440->449->453->455->460->461->462->471->482->497,497->500,RESULTS/COMBINED_ALL_METHODS/results_all_methods_parameter_sensitivity_spot_level.csv
PSO,N500_C7_I1,N500_C7_I1.dat,n_500/N500_C7_I1.dat,final_case,N500,C7,Alpha 0.80,objective_weight_alpha,0.8,500,1760,25,738,74,0.1,74,476,500,0.9,0.5,20.5,476,500,0.9,0.5,20.5,0.9,TRUE,solved,497,1,497_S001,near,1,0.1454,0.00155,0.002848,0.12,0.024,0.026848,0.173798,0.1454,0.12,0.026848,0.173798,11.33,10.518092,14854.127,476->469->362->373->356->350->353->348->346->349->334->337->331->329->324->321->309->298->296->289->284->266->262->259->254->235->233->232->230->229->219->217->228->210->206->209->201->198->196->193->190->183->178->174->168->164->163->162->278->277->272->153->147->242->241->239->238->205->186->117->112->110->105->96->92->90->264->255->64->47->66->56->44->91->21->1->9->10->11->15->24->19->20->32->30->22->26->33->27->34->54->53->89->49->67->85->100->119->114->129->122->123->125->133->152->134->181->143->146->216->187->177->167->158->173->211->212->227->231->260->263->268->275->288->290->293->306->317->358->363->379->384->394->407->396->397->401->406->398->399->403->413->440->454->449->455->460->461->462->471->482->495->497,497->500,RESULTS/PSO/log_pso_spot.csv
GA,N500_C8_I1,N500_C8_I1.dat,n_500/N500_C8_I1.dat,final_case,N500,C8,Alpha 0.20,objective_weight_alpha,0.2,500,1760,25,738,74,0.1,74,476,500,0.1,0.5,20.5,476,500,0.1,0.5,20.5,0.1,TRUE,solved,497,1,497_S001,near,1,0.12870000000000004,0.00155,0.002848,0.12,0.024,0.026848,0.15709800000000004,0.12870000000000004,0.12,0.026848,0.15709800000000004,11.33,11.139588000000002,50393.154,476->463->450->439->362->373->356->350->365->348->346->349->344->334->337->331->329->324->321->309->298->296->289->284->266->262->259->254->235->233->232->244->230->229->217->228->210->206->209->201->198->196->193->190->183->178->174->168->164->163->162->175->172->169->153->147->137->246->242->241->239->238->205->108->105->96->92->90->61->51->43->39->44->91->86->21->1->5->9->10->13->14->15->24->19->20->26->30->34->54->29->53->89->98->121->85->111->119->114->122->123->125->133->152->134->181->143->146->216->187->166->158->173->185->197->204->202->260->263->268->275->288->290->293->306->317->358->363->379->384->394->407->396->397->401->406->398->403->413->440->449->453->455->460->461->462->471->482->497,497->500,RESULTS/GA/log_ga_spot.csv
Optimization,N500_C8_I1,N500_C8_I1.dat,n_500/N500_C8_I1.dat,final_case,N500,C8,Alpha 0.20,objective_weight_alpha,0.2,500,1760,25,738,74,0.1,74,476,500,0.1,0.5,20.5,476,500,0.1,0.5,20.5,0.1,TRUE,inferred_from_previous_exact_lot_solution,497,1,497_S001,near,1,0.12870000000000004,0.00153,0.002828,0.12,0.024,0.026828,0.15705800000000003,0.12870000000000004,0.12,0.026828,0.15705800000000003,11.33,11.139348000000002,66389.788,476->463->450->439->362->373->356->350->365->348->346->349->344->334->337->331->329->324->321->309->298->296->289->284->266->262->259->254->235->233->232->244->230->229->217->228->210->206->209->201->198->196->193->190->183->178->174->168->164->163->162->175->172->169->153->147->137->246->242->241->239->238->205->108->105->96->92->90->61->51->43->39->44->91->86->21->1->5->9->10->13->14->15->24->19->20->26->30->34->54->29->53->89->98->121->85->111->119->114->122->123->125->133->152->134->181->143->146->216->187->166->158->173->185->197->204->202->260->263->268->275->288->290->293->306->317->358->363->379->384->394->407->396->397->401->406->398->403->413->440->449->453->455->460->461->462->471->482->497,497->500,RESULTS/COMBINED_ALL_METHODS/results_all_methods_parameter_sensitivity_spot_level.csv
PSO,N500_C8_I1,N500_C8_I1.dat,n_500/N500_C8_I1.dat,final_case,N500,C8,Alpha 0.20,objective_weight_alpha,0.2,500,1760,25,738,74,0.1,74,476,500,0.1,0.5,20.5,476,500,0.1,0.5,20.5,0.1,TRUE,solved,497,1,497_S001,near,1,0.1454,0.00155,0.002848,0.12,0.024,0.026848,0.173798,0.1454,0.12,0.026848,0.173798,11.33,11.239788,13879.707,476->469->362->373->356->350->353->348->346->349->334->337->331->329->324->321->309->298->296->289->284->266->262->259->254->235->233->232->230->229->219->217->228->210->206->209->201->198->196->193->190->183->178->174->168->164->163->162->278->277->272->153->147->242->241->239->238->205->186->117->112->110->105->96->92->90->264->255->64->47->66->56->44->91->21->1->9->10->11->15->24->19->20->32->30->22->26->33->27->34->54->53->89->49->67->85->100->119->114->129->122->123->125->133->152->134->181->143->146->216->187->177->167->158->173->211->212->227->231->260->263->268->275->288->290->293->306->317->358->363->379->384->394->407->396->397->401->406->398->399->403->413->440->454->449->455->460->461->462->471->482->495->497,497->500,RESULTS/PSO/log_pso_spot.csv
GA,N500_C9_I1,N500_C9_I1.dat,n_500/N500_C9_I1.dat,final_case,N500,C9,Cmax 15.0,parking_budget_cmax,15.0,500,1760,25,738,74,0.1,74,476,500,0.9,0.5,15.0,476,500,0.9,0.5,15.0,0.9,TRUE,solved,495,31,495_S001,near,1,0.13130000000000006,0.001573,0.003006,0.1408,0.0282,0.031205999999999998,0.16407900000000003,0.13130000000000006,0.1408,0.031205999999999998,0.16407900000000003,7.27,9.587266000000001,51281.91,476->463->467->362->373->361->356->350->365->353->348->346->349->334->337->331->329->324->321->314->309->298->296->289->284->266->262->259->254->235->233->232->230->229->217->228->210->206->209->201->198->196->193->190->183->178->174->168->164->163->162->155->169->153->272->246->243->242->241->239->238->205->108->110->105->96->107->92->90->61->51->43->42->41->40->56->44->91->21->1->5->2->3->4->8->12->24->19->20->26->33->27->34->54->53->89->98->121->85->111->100->119->114->122->123->125->133->134->181->143->146->156->187->195->211->212->224->231->202->260->265->263->275->288->290->293->306->317->358->363->379->384->394->407->396->397->401->406->398->399->403->413->440->454->449->455->460->461->462->471->482->495,495->500,RESULTS/GA/log_ga_spot.csv
Optimization,N500_C9_I1,N500_C9_I1.dat,n_500/N500_C9_I1.dat,final_case,N500,C9,Cmax 15.0,parking_budget_cmax,15.0,500,1760,25,738,74,0.1,74,476,500,0.9,0.5,15.0,476,500,0.9,0.5,15.0,0.9,TRUE,inferred_from_previous_exact_lot_solution,495,31,495_S001,near,1,0.13130000000000006,0.001559,0.002991,0.1408,0.0282,0.031191,0.16405000000000006,0.13130000000000006,0.1408,0.031191,0.16405000000000006,7.26,9.584700000000003,48026.142,476->463->467->362->373->361->356->350->365->353->348->346->349->334->337->331->329->324->321->314->309->298->296->289->284->266->262->259->254->235->233->232->230->229->217->228->210->206->209->201->198->196->193->190->183->178->174->168->164->163->162->155->169->153->272->246->243->242->241->239->238->205->108->110->105->96->107->92->90->61->51->43->42->41->40->56->44->91->21->1->5->2->3->4->8->12->24->19->20->26->33->27->34->54->53->89->98->121->85->111->100->119->114->122->123->125->133->134->181->143->146->156->187->195->211->212->224->231->202->260->265->263->275->288->290->293->306->317->358->363->379->384->394->407->396->397->401->406->398->399->403->413->440->454->449->455->460->461->462->471->482->495,495->500,RESULTS/COMBINED_ALL_METHODS/results_all_methods_parameter_sensitivity_spot_level.csv
PSO,N500_C9_I1,N500_C9_I1.dat,n_500/N500_C9_I1.dat,final_case,N500,C9,Cmax 15.0,parking_budget_cmax,15.0,500,1760,25,738,74,0.1,74,476,500,0.9,0.5,15.0,476,500,0.9,0.5,15.0,0.9,TRUE,solved,497,1,497_S001,near,1,0.14200000000000002,0.00155,0.002848,0.12,0.024,0.026848,0.17039800000000002,0.14200000000000002,0.12,0.026848,0.17039800000000002,11.33,10.334492000000001,18466.594,476->469->362->373->356->350->353->348->366->349->334->337->331->329->324->321->314->309->298->296->289->284->266->262->259->254->235->233->232->230->229->217->228->210->206->209->201->198->196->193->190->183->178->174->168->164->316->318->301->278->277->272->246->242->241->239->120->117->112->110->105->161->92->90->264->255->64->47->66->56->44->91->21->1->9->10->11->15->24->19->20->32->33->27->34->54->53->89->49->85->100->119->114->129->122->123->125->133->134->181->143->146->216->223->211->173->185->192->204->199->231->260->263->268->275->288->290->293->306->317->358->363->379->384->402->394->407->396->397->401->406->398->399->403->413->440->454->449->453->455->460->461->462->471->482->497,497->500,RESULTS/PSO/log_pso_spot.csv
ACO,N1000_C10_I1,N1000_C10_I1.dat,n_1000/N1000_C10_I1.dat,final_case,N1000,C10,15.0-30.0,parking_cost_range,15.0-30.0,1000,3252,50,1456,143,0.1,143,988,1000,0.9,0.5,20.5,988,1000,0.9,0.5,20.5,0.9,TRUE,solved,995,1,995_S001,near,1,0.1466000000000001,0.001563,0.002861,0.12,0.024,0.026861,0.1750240000000001,0.1466000000000001,0.12,0.026861,0.1750240000000001,18.32,11.283296000000005,67772.902,988->877->874->865->857->856->851->813->810->812->805->786->762->761->757->755->725->715->711->723->705->696->691->697->689->687->681->674->667->659->657->636->609->599->592->588->576->574->586->568->575->564->560->549->547->545->543->540->538->561->548->542->534->539->526->525->527->508->501->476->469->463->467->450->436->430->408->393->387->372->375->371->362->373->356->350->353->348->346->349->334->337->331->329->324->321->309->298->296->289->284->266->262->259->254->235->233->232->230->229->217->228->210->206->209->201->198->196->193->190->183->178->174->168->164->163->162->155->169->153->147->132->130->120->117->112->105->96->88->50->48->47->43->42->41->40->56->38->55->37->31->25->36->46->35->23->21->1->5->6->10->11->15->24->19->28->22->30->34->54->53->89->49->85->100->119->114->122->123->125->133->134->143->146->156->166->158->173->185->197->204->202->260->265->263->275->288->290->293->306->317->358->363->379->384->394->407->396->397->401->406->398->403->413->440->449->455->460->468->471->482->497->517->518->537->546->551->553->555->562->569->570->573->593->600->602->615->628->637->642->658->668->694->700->713->721->734->745->748->749->753->763->764->766->783->793->816->821->826->830->985->991->995,995->1000,RESULTS/ACO/log_aco_spot.csv
GA,N1000_C10_I1,N1000_C10_I1.dat,n_1000/N1000_C10_I1.dat,final_case,N1000,C10,15.0-30.0,parking_cost_range,15.0-30.0,1000,3252,50,1456,143,0.1,143,988,1000,0.9,0.5,20.5,988,1000,0.9,0.5,20.5,0.9,TRUE,solved,995,1,995_S001,near,1,0.2000000000000002,0.001563,0.002861,0.12,0.024,0.026861,0.2284240000000002,0.2000000000000002,0.12,0.026861,0.2284240000000002,18.32,14.16689600000001,102219.49,988->981->877->874->865->857->856->851->818->813->810->812->805->786->762->761->757->755->725->715->711->723->705->696->691->697->689->687->681->674->667->659->657->636->609->599->592->588->576->574->586->568->575->581->560->549->547->545->543->540->566->561->548->542->530->534->539->526->525->527->508->501->476->469->463->450->436->430->422->415->408->393->387->381->372->375->371->362->373->361->356->350->353->365->348->346->366->344->349->334->337->331->329->324->321->314->309->298->296->289->284->266->262->259->254->235->233->232->244->230->425->424->420->418->409->198->392->390->383->380->385->183->178->335->333->326->164->163->162->155->172->175->169->153->137->246->243->132->138->130->120->117->115->315->305->303->41->40->66->39->69->68->63->21->1->5->6->2->7->14->15->18->24->19->28->22->30->34->54->53->89->49->85->111->100->119->114->129->122->123->125->133->134->143->146->156->166->177->167->158->170->173->185->192->199->204->202->260->263->268->275->288->290->293->297->306->317->358->363->379->384->402->394->407->396->397->401->406->398->399->403->413->440->449->455->460->468->462->471->482->495->497->517->518->537->546->551->553->554->555->562->569->570->573->593->600->602->615->628->637->642->658->668->694->700->713->721->734->745->748->749->753->763->765->764->766->783->793->816->821->826->830->976->978->985->995,995->1000,RESULTS/GA/log_ga_spot.csv
Optimization,N1000_C10_I1,N1000_C10_I1.dat,n_1000/N1000_C10_I1.dat,final_case,N1000,C10,15.0-30.0,parking_cost_range,15.0-30.0,1000,3252,50,1456,143,0.1,143,988,1000,0.9,0.5,20.5,988,1000,0.9,0.5,20.5,0.9,TRUE,inferred_from_previous_exact_lot_solution,995,1,995_S001,near,1,0.2000000000000002,0.00148,0.002778,0.12,0.024,0.026778,0.2282580000000002,0.2000000000000002,0.12,0.026778,0.2282580000000002,18.3,14.15593200000001,102219.49,988->981->877->874->865->857->856->851->818->813->810->812->805->786->762->761->757->755->725->715->711->723->705->696->691->697->689->687->681->674->667->659->657->636->609->599->592->588->576->574->586->568->575->581->560->549->547->545->543->540->566->561->548->542->530->534->539->526->525->527->508->501->476->469->463->450->436->430->422->415->408->393->387->381->372->375->371->362->373->361->356->350->353->365->348->346->366->344->349->334->337->331->329->324->321->314->309->298->296->289->284->266->262->259->254->235->233->232->244->230->425->424->420->418->409->198->392->390->383->380->385->183->178->335->333->326->164->163->162->155->172->175->169->153->137->246->243->132->138->130->120->117->115->315->305->303->41->40->66->39->69->68->63->21->1->5->6->2->7->14->15->18->24->19->28->22->30->34->54->53->89->49->85->111->100->119->114->129->122->123->125->133->134->143->146->156->166->177->167->158->170->173->185->192->199->204->202->260->263->268->275->288->290->293->297->306->317->358->363->379->384->402->394->407->396->397->401->406->398->399->403->413->440->449->455->460->468->462->471->482->495->497->517->518->537->546->551->553->554->555->562->569->570->573->593->600->602->615->628->637->642->658->668->694->700->713->721->734->745->748->749->753->763->765->764->766->783->793->816->821->826->830->976->978->985->995,995->1000,RESULTS/COMBINED_ALL_METHODS/results_all_methods_parameter_sensitivity_spot_level.csv
PSO,N1000_C10_I1,N1000_C10_I1.dat,n_1000/N1000_C10_I1.dat,final_case,N1000,C10,15.0-30.0,parking_cost_range,15.0-30.0,1000,3252,50,1456,143,0.1,143,988,1000,0.9,0.5,20.5,988,1000,0.9,0.5,20.5,0.9,TRUE,solved,995,1,995_S001,near,1,0.21240000000000012,0.001563,0.002861,0.12,0.024,0.026861,0.24082400000000012,0.21240000000000012,0.12,0.026861,0.24082400000000012,18.32,14.836496000000006,144124.028,988->981->877->874->865->857->856->851->813->810->805->786->762->776->757->755->741->725->715->711->708->705->696->691->697->698->689->687->695->681->674->667->659->669->657->636->609->599->592->588->576->574->586->568->575->564->560->549->547->545->543->540->538->561->548->532->542->534->539->526->525->527->522->508->501->476->469->463->450->437->436->430->415->408->393->387->372->375->371->362->361->356->350->365->348->346->344->349->334->337->331->329->324->321->309->298->296->289->284->500->266->262->259->254->235->456->457->233->232->244->230->229->219->217->228->410->198->196->193->190->183->178->335->333->326->164->163->301->316->292->278->277->272->246->242->241->239->108->79->57->52->51->60->80->43->42->41->40->78->77->69->91->84->46->35->23->21->1->9->10->11->15->24->19->28->22->30->34->54->29->49->98->121->85->100->119->114->122->123->125->133->134->143->146->156->166->158->173->185->197->199->204->202->260->265->263->275->288->290->293->306->317->358->363->379->384->394->407->396->397->401->406->398->399->403->413->440->449->455->460->461->462->471->482->497->517->518->537->546->551->553->555->562->569->570->573->593->600->602->615->628->637->642->658->668->694->700->709->713->721->734->745->748->749->753->763->764->766->783->793->791->815->822->821->826->830->985->995,995->1000,RESULTS/PSO/log_pso_spot.csv
ACO,N1000_C1_I1,N1000_C1_I1.dat,n_1000/N1000_C1_I1.dat,final_case,N1000,C1,Baseline,baseline,Baseline,1000,3252,50,1456,143,0.1,143,988,1000,0.9,0.5,20.5,988,1000,0.9,0.5,20.5,0.9,TRUE,solved,995,1,995_S001,near,1,0.1466000000000001,0.00148,0.002778,0.12,0.024,0.026778,0.1748580000000001,0.1466000000000001,0.12,0.026778,0.1748580000000001,17.44,11.186332000000005,12238.864,988->877->874->865->857->856->851->813->810->812->805->786->762->761->757->755->725->715->711->723->705->696->691->697->689->687->681->674->667->659->657->636->609->599->592->588->576->574->586->568->575->564->560->549->547->545->543->540->538->561->548->542->534->539->526->525->527->508->501->476->469->463->467->450->436->430->408->393->387->372->375->371->362->373->356->350->353->348->346->349->334->337->331->329->324->321->309->298->296->289->284->266->262->259->254->235->233->232->230->229->217->228->210->206->209->201->198->196->193->190->183->178->174->168->164->163->162->155->169->153->147->132->130->120->117->112->105->96->88->50->48->47->43->42->41->40->56->38->55->37->31->25->36->46->35->23->21->1->5->6->10->11->15->24->19->28->22->30->34->54->53->89->49->85->100->119->114->122->123->125->133->134->143->146->156->166->158->173->185->197->204->202->260->265->263->275->288->290->293->306->317->358->363->379->384->394->407->396->397->401->406->398->403->413->440->449->455->460->468->471->482->497->517->518->537->546->551->553->555->562->569->570->573->593->600->602->615->628->637->642->658->668->694->700->713->721->734->745->748->749->753->763->764->766->783->793->816->821->826->830->985->991->995,995->1000,RESULTS/ACO/log_aco_spot.csv
GA,N1000_C1_I1,N1000_C1_I1.dat,n_1000/N1000_C1_I1.dat,final_case,N1000,C1,Baseline,baseline,Baseline,1000,3252,50,1456,143,0.1,143,988,1000,0.9,0.5,20.5,988,1000,0.9,0.5,20.5,0.9,TRUE,solved,985,94,985_S003,near,1,0.2002000000000003,0.002449,0.005257,0.1733,0.0347,0.039957,0.2426060000000003,0.2002000000000003,0.1733,0.039957,0.2426060000000003,12.69,14.369724000000016,25789.655,988->981->877->874->865->857->856->851->813->810->805->786->762->761->757->755->725->715->711->723->705->696->691->697->689->687->695->681->674->667->661->659->669->657->636->609->599->592->588->576->574->586->568->575->581->564->560->549->547->545->543->540->566->538->561->532->542->534->539->526->525->522->508->501->476->469->463->467->450->436->430->422->415->408->393->387->372->375->371->362->373->356->350->353->348->346->366->344->349->334->337->331->329->324->321->314->309->298->299->296->289->284->266->262->259->254->235->233->232->244->230->425->206->209->201->409->404->392->390->383->385->183->178->174->168->164->163->316->162->175->169->153->137->132->130->120->117->112->115->315->303->41->40->56->69->68->106->102->35->23->21->1->5->9->10->6->2->3->13->14->15->18->24->19->28->20->26->33->30->34->54->29->49->85->100->111->119->114->122->123->125->133->134->181->143->146->156->166->167->158->173->185->192->199->197->204->202->260->263->268->275->288->290->293->306->317->358->363->379->384->394->407->396->397->401->406->398->403->413->440->449->455->460->461->462->471->482->497->517->518->536->537->546->551->553->554->555->562->569->570->573->593->600->602->615->628->637->642->658->668->694->700->713->721->734->745->748->749->753->763->765->764->766->783->784->793->791->815->822->821->826->830->933->944->946->956->948->976->978->985,985->1000,RESULTS/GA/log_ga_spot.csv
Optimization,N1000_C1_I1,N1000_C1_I1.dat,n_1000/N1000_C1_I1.dat,final_case,N1000,C1,Baseline,baseline,Baseline,1000,3252,50,1456,143,0.1,143,988,1000,0.9,0.5,20.5,988,1000,0.9,0.5,20.5,0.9,TRUE,inferred_from_previous_exact_lot_solution,995,1,995_S001,near,1,0.19300000000000023,0.00148,0.002778,0.12,0.024,0.026778,0.22125800000000023,0.19300000000000023,0.12,0.026778,0.22125800000000023,17.44,13.691932000000012,109954.351,988->877->874->865->857->856->851->813->810->805->786->762->776->757->755->725->715->711->723->705->696->691->697->689->687->695->681->674->667->659->657->636->609->599->592->588->576->574->586->568->575->564->560->549->547->545->543->540->538->561->548->542->534->539->526->525->527->508->501->476->469->463->467->450->436->430->408->393->387->372->375->371->362->361->356->350->365->353->348->346->349->334->337->331->329->324->321->309->298->296->289->284->266->262->259->254->235->233->232->244->230->229->219->217->228->210->206->410->404->196->193->390->383->183->178->174->341->333->326->318->316->163->162->175->169->153->147->132->251->241->239->108->79->57->52->51->60->80->65->74->66->56->69->91->84->46->35->23->21->1->9->10->11->15->18->12->24->19->28->22->30->34->54->29->49->85->111->119->114->122->123->125->133->134->181->143->146->156->166->167->158->170->173->185->197->204->202->260->263->275->288->290->293->306->317->358->363->379->384->394->407->396->397->401->406->398->403->413->440->449->455->460->468->471->482->497->517->518->537->546->551->553->555->562->569->570->573->593->600->602->615->628->637->642->658->668->694->700->713->721->734->745->748->749->753->763->764->766->783->793->816->822->821->826->830->985->995,995->1000,RESULTS/COMBINED_ALL_METHODS/results_all_methods_parameter_sensitivity_spot_level.csv
PSO,N1000_C1_I1,N1000_C1_I1.dat,n_1000/N1000_C1_I1.dat,final_case,N1000,C1,Baseline,baseline,Baseline,1000,3252,50,1456,143,0.1,143,988,1000,0.9,0.5,20.5,988,1000,0.9,0.5,20.5,0.9,TRUE,solved,995,1,995_S001,near,1,0.2015000000000002,0.00148,0.002778,0.12,0.024,0.026778,0.2297580000000002,0.2015000000000002,0.12,0.026778,0.2297580000000002,17.44,14.150932000000012,18595.151,988->877->874->865->857->856->851->813->810->805->786->762->776->757->755->725->715->711->723->705->696->691->697->689->687->695->681->674->667->659->657->636->609->599->592->588->576->574->586->568->575->564->560->549->547->545->543->540->538->561->548->542->534->539->526->525->527->508->501->476->469->463->450->436->430->408->393->387->372->375->371->362->361->356->350->365->353->348->346->349->334->337->331->329->324->321->309->298->296->289->284->266->262->259->254->235->233->232->244->230->229->219->217->228->210->206->410->404->196->193->390->383->183->178->174->341->333->326->318->316->162->175->169->153->147->132->251->241->239->108->79->57->52->51->71->80->65->74->66->56->69->91->84->46->35->102->104->68->63->21->1->9->10->11->15->18->12->24->19->28->22->30->34->54->29->49->85->111->119->114->122->123->125->133->134->181->143->146->156->166->167->158->170->173->185->197->204->202->260->263->275->288->290->293->306->317->358->363->379->384->402->394->407->396->397->401->406->398->403->413->440->449->455->460->468->471->482->497->517->518->537->546->551->553->555->562->569->570->573->593->600->602->615->628->637->642->658->668->694->700->713->721->734->745->748->749->753->763->764->766->783->793->816->822->821->826->830->985->995,995->1000,RESULTS/PSO/log_pso_spot.csv
ACO,N1000_C2_I1,N1000_C2_I1.dat,n_1000/N1000_C2_I1.dat,final_case,N1000,C2,Dense,edge_density,Dense,1000,3584,50,1456,143,0.1,143,988,1000,0.9,0.5,20.5,988,1000,0.9,0.5,20.5,0.9,TRUE,solved,995,1,995_S001,near,1,0.12340000000000001,0.001563,0.002861,0.12,0.024,0.026861,0.15182400000000001,0.12340000000000001,0.12,0.026861,0.15182400000000001,17.46,9.944496000000001,48291.084,988->969->877->874->661->659->657->467->450->436->430->408->393->254->235->233->232->230->229->217->228->210->206->110->105->96->88->50->48->47->85->100->119->114->122->123->394->407->396->397->401->406->398->403->413->440->449->455->460->468->471->482->497->517->518->537->546->551->553->555->562->569->570->573->593->784->793->816->991->995,995->1000,RESULTS/ACO/log_aco_spot.csv
GA,N1000_C2_I1,N1000_C2_I1.dat,n_1000/N1000_C2_I1.dat,final_case,N1000,C2,Dense,edge_density,Dense,1000,3584,50,1456,143,0.1,143,988,1000,0.9,0.5,20.5,988,1000,0.9,0.5,20.5,0.9,TRUE,solved,985,93,985_S002,near,1,0.1307,0.002077,0.004301,0.1733,0.0347,0.039001,0.17177800000000001,0.1307,0.1733,0.039001,0.17177800000000001,12.58,10.534011999999999,131112.303,988->877->874->661->659->657->636->609->599->592->588->576->574->586->568->575->564->560->549->547->545->362->361->441->242->241->40->78->77->143->146->156->166->177->449->453->455->460->468->462->471->482->497->517->518->537->546->551->553->555->562->569->570->573->593->784->791->976->978->985,985->1000,RESULTS/GA/log_ga_spot.csv
Optimization,N1000_C2_I1,N1000_C2_I1.dat,n_1000/N1000_C2_I1.dat,final_case,N1000,C2,Dense,edge_density,Dense,1000,3584,50,1456,143,0.1,143,988,1000,0.9,0.5,20.5,988,1000,0.9,0.5,20.5,0.9,TRUE,inferred_from_previous_exact_lot_solution,985,92,985_S001,near,1,0.1307,0.001669,0.003309,0.1733,0.0347,0.038009,0.17037800000000003,0.1307,0.1733,0.038009,0.17037800000000003,12.48,10.448412000000001,131112.303,988->877->874->661->659->657->636->609->599->592->588->576->574->586->568->575->564->560->549->547->545->362->361->441->242->241->40->78->77->143->146->156->166->177->449->453->455->460->468->462->471->482->497->517->518->537->546->551->553->555->562->569->570->573->593->784->791->976->978->985,985->1000,RESULTS/COMBINED_ALL_METHODS/results_all_methods_parameter_sensitivity_spot_level.csv
PSO,N1000_C2_I1,N1000_C2_I1.dat,n_1000/N1000_C2_I1.dat,final_case,N1000,C2,Dense,edge_density,Dense,1000,3584,50,1456,143,0.1,143,988,1000,0.9,0.5,20.5,988,1000,0.9,0.5,20.5,0.9,TRUE,solved,995,1,995_S001,near,1,0.1448,0.001563,0.002861,0.12,0.024,0.026861,0.17322400000000002,0.1448,0.12,0.026861,0.17322400000000002,17.46,11.100096000000002,92297.855,988->877->874->661->659->667->674->681->687->689->698->697->691->696->548->561->538->566->540->543->545->362->373->356->350->206->110->79->57->52->27->34->30->22->28->19->24->18->17->15->202->260->263->275->288->290->293->306->317->358->363->379->384->394->407->396->397->401->406->398->403->413->440->449->453->455->460->468->471->482->497->517->518->537->546->551->553->555->562->569->570->573->593->784->793->791->815->816->991->995,995->1000,RESULTS/PSO/log_pso_spot.csv
ACO,N1000_C3_I1,N1000_C3_I1.dat,n_1000/N1000_C3_I1.dat,final_case,N1000,C3,Higher supply,parking_supply,Higher,1000,3352,100,2922,290,0.1,290,988,1000,0.9,0.5,20.5,988,1000,0.9,0.5,20.5,0.9,TRUE,solved,995,1,995_S001,near,1,0.1466000000000001,0.001563,0.002861,0.12,0.024,0.026861,0.1750240000000001,0.1466000000000001,0.12,0.026861,0.1750240000000001,17.46,11.197296000000007,80760.664,988->877->874->865->857->856->851->813->810->812->805->786->762->761->757->755->725->715->711->723->705->696->691->697->689->687->681->674->667->659->657->636->609->599->592->588->576->574->586->568->575->564->560->549->547->545->543->540->538->561->548->542->534->539->526->525->527->508->501->476->469->463->467->450->436->430->408->393->387->372->375->371->362->373->356->350->353->348->346->349->334->337->331->329->324->321->309->298->296->289->284->266->262->259->254->235->233->232->230->229->217->228->210->206->209->201->198->196->193->190->183->178->174->168->164->163->162->155->169->153->147->132->130->120->117->112->105->96->88->50->48->47->43->42->41->40->56->38->55->37->31->25->36->46->35->23->21->1->5->6->10->11->15->24->19->28->22->30->34->54->53->89->49->85->100->119->114->122->123->125->133->134->143->146->156->166->158->173->185->197->204->202->260->265->263->275->288->290->293->306->317->358->363->379->384->394->407->396->397->401->406->398->403->413->440->449->455->460->468->471->482->497->517->518->537->546->551->553->555->562->569->570->573->593->600->602->615->628->637->642->658->668->694->700->713->721->734->745->748->749->753->763->764->766->783->793->816->821->826->830->985->991->995,995->1000,RESULTS/ACO/log_aco_spot.csv
GA,N1000_C3_I1,N1000_C3_I1.dat,n_1000/N1000_C3_I1.dat,final_case,N1000,C3,Higher supply,parking_supply,Higher,1000,3352,100,2922,290,0.1,290,988,1000,0.9,0.5,20.5,988,1000,0.9,0.5,20.5,0.9,TRUE,solved,956,198,956_S001,near,1,0.19580000000000025,0.001766,0.004021,0.2695,0.0539,0.057921,0.25548700000000024,0.19580000000000025,0.2695,0.057921,0.25548700000000024,11.81,14.977298000000012,115033.062,988->877->874->865->857->856->851->813->810->812->805->786->762->776->761->757->755->741->725->715->711->708->705->696->691->697->698->689->687->695->681->674->667->659->657->636->609->599->592->588->576->574->586->568->575->581->564->560->549->547->545->543->540->538->561->548->542->534->539->526->525->524->522->508->519->501->476->469->463->450->439->437->436->430->408->393->387->381->372->375->371->362->361->356->350->365->348->346->349->334->337->331->329->324->321->314->309->298->296->299->289->284->266->262->259->254->235->233->232->244->230->229->219->217->228->210->418->409->404->392->390->190->183->178->174->168->164->163->162->155->172->169->272->246->137->132->130->120->117->88->79->97->93->99->61->51->60->50->48->64->62->41->40->66->56->44->77->37->102->103->104->68->63->21->1->9->10->11->16->17->15->24->19->28->20->26->30->34->54->29->49->98->121->85->111->119->114->122->123->125->133->134->181->191->194->189->216->187->177->167->158->173->185->197->204->202->260->265->263->275->288->290->293->306->317->358->363->379->384->394->407->396->397->401->406->398->399->403->413->440->449->453->455->460->468->462->471->482->495->497->517->518->537->546->551->553->554->555->562->569->570->573->593->600->602->615->628->637->642->658->668->694->700->709->713->721->734->745->748->749->753->763->765->764->766->783->793->816->822->821->826->830->948->956,956->1000,RESULTS/GA/log_ga_spot.csv
Optimization,N1000_C3_I1,N1000_C3_I1.dat,n_1000/N1000_C3_I1.dat,final_case,N1000,C3,Higher supply,parking_supply,Higher,1000,3352,100,2922,290,0.1,290,988,1000,0.9,0.5,20.5,988,1000,0.9,0.5,20.5,0.9,TRUE,inferred_from_previous_exact_lot_solution,956,198,956_S001,near,1,0.19580000000000025,0.001721,0.003976,0.2695,0.0539,0.057876000000000004,0.25539700000000026,0.19580000000000025,0.2695,0.057876000000000004,0.25539700000000026,11.78,14.969438000000013,115033.062,988->877->874->865->857->856->851->813->810->812->805->786->762->776->761->757->755->741->725->715->711->708->705->696->691->697->698->689->687->695->681->674->667->659->657->636->609->599->592->588->576->574->586->568->575->581->564->560->549->547->545->543->540->538->561->548->542->534->539->526->525->524->522->508->519->501->476->469->463->450->439->437->436->430->408->393->387->381->372->375->371->362->361->356->350->365->348->346->349->334->337->331->329->324->321->314->309->298->296->299->289->284->266->262->259->254->235->233->232->244->230->229->219->217->228->210->418->409->404->392->390->190->183->178->174->168->164->163->162->155->172->169->272->246->137->132->130->120->117->88->79->97->93->99->61->51->60->50->48->64->62->41->40->66->56->44->77->37->102->103->104->68->63->21->1->9->10->11->16->17->15->24->19->28->20->26->30->34->54->29->49->98->121->85->111->119->114->122->123->125->133->134->181->191->194->189->216->187->177->167->158->173->185->197->204->202->260->265->263->275->288->290->293->306->317->358->363->379->384->394->407->396->397->401->406->398->399->403->413->440->449->453->455->460->468->462->471->482->495->497->517->518->537->546->551->553->554->555->562->569->570->573->593->600->602->615->628->637->642->658->668->694->700->709->713->721->734->745->748->749->753->763->765->764->766->783->793->816->822->821->826->830->948->956,956->1000,RESULTS/COMBINED_ALL_METHODS/results_all_methods_parameter_sensitivity_spot_level.csv
PSO,N1000_C3_I1,N1000_C3_I1.dat,n_1000/N1000_C3_I1.dat,final_case,N1000,C3,Higher supply,parking_supply,Higher,1000,3352,100,2922,290,0.1,290,988,1000,0.9,0.5,20.5,988,1000,0.9,0.5,20.5,0.9,TRUE,solved,995,1,995_S001,near,1,0.6617000000000002,0.001563,0.002861,0.12,0.024,0.026861,0.6901240000000002,0.6617000000000002,0.12,0.026861,0.6901240000000002,17.46,39.01269600000001,150689.971,988->877->874->865->857->856->851->813->810->812->805->786->762->776->757->755->725->715->711->723->705->696->691->697->698->689->687->681->674->667->661->659->657->636->609->599->592->588->576->574->586->568->575->564->560->549->547->545->543->540->538->561->548->542->534->539->526->525->527->508->501->476->469->463->450->436->430->415->408->393->387->372->375->371->362->373->356->350->353->348->346->349->334->337->331->329->324->321->309->298->296->289->487->485->479->475->254->235->233->232->230->229->217->228->210->418->409->198->196->193->190->183->178->338->164->318->301->278->277->155->169->153->147->132->251->241->239->238->108->79->87->99->83->76->73->71->80->65->62->59->55->78->86->91->69->25->36->46->35->23->21->1->9->10->13->14->15->8->12->24->19->28->22->26->33->27->34->54->29->53->89->98->67->85->100->119->114->122->123->125->133->134->181->191->143->146->156->166->158->173->185->197->204->202->260->263->275->288->290->293->297->306->317->358->363->379->384->402->394->407->396->397->1000->995,995->1000,RESULTS/PSO/log_pso_spot.csv
ACO,N1000_C4_I1,N1000_C4_I1.dat,n_1000/N1000_C4_I1.dat,final_case,N1000,C4,1.00 km,maximum_walking_distance,1.0,1000,3252,50,1456,143,0.1,143,988,1000,0.9,1.0,20.5,988,1000,0.9,1.0,20.5,0.9,TRUE,solved,995,2,995_S002,near,1,0.1466000000000001,0.001838,0.003154,0.12,0.024,0.027154,0.1755920000000001,0.1466000000000001,0.12,0.027154,0.1755920000000001,17.59,11.240968000000008,73737.049,988->877->874->865->857->856->851->813->810->812->805->786->762->761->757->755->725->715->711->723->705->696->691->697->689->687->681->674->667->659->657->636->609->599->592->588->576->574->586->568->575->564->560->549->547->545->543->540->538->561->548->542->534->539->526->525->527->508->501->476->469->463->467->450->436->430->408->393->387->372->375->371->362->373->356->350->353->348->346->349->334->337->331->329->324->321->309->298->296->289->284->266->262->259->254->235->233->232->230->229->217->228->210->206->209->201->198->196->193->190->183->178->174->168->164->163->162->155->169->153->147->132->130->120->117->112->105->96->88->50->48->47->43->42->41->40->56->38->55->37->31->25->36->46->35->23->21->1->5->6->10->11->15->24->19->28->22->30->34->54->53->89->49->85->100->119->114->122->123->125->133->134->143->146->156->166->158->173->185->197->204->202->260->265->263->275->288->290->293->306->317->358->363->379->384->394->407->396->397->401->406->398->403->413->440->449->455->460->468->471->482->497->517->518->537->546->551->553->555->562->569->570->573->593->600->602->615->628->637->642->658->668->694->700->713->721->734->745->748->749->753->763->764->766->783->793->816->821->826->830->985->991->995,995->1000,RESULTS/ACO/log_aco_spot.csv
GA,N1000_C4_I1,N1000_C4_I1.dat,n_1000/N1000_C4_I1.dat,final_case,N1000,C4,1.00 km,maximum_walking_distance,1.0,1000,3252,50,1456,143,0.1,143,988,1000,0.9,1.0,20.5,988,1000,0.9,1.0,20.5,0.9,TRUE,solved,995,2,995_S002,near,1,0.19600000000000026,0.001838,0.003154,0.12,0.024,0.027154,0.22499200000000028,0.19600000000000026,0.12,0.027154,0.22499200000000028,17.59,13.908568000000015,108774.958,988->877->874->865->861->857->856->851->818->813->810->805->786->762->761->757->755->725->715->711->723->705->696->691->697->698->689->687->681->674->667->661->659->657->636->609->599->592->588->576->574->586->568->575->564->560->549->547->545->543->540->538->566->561->548->532->542->534->539->526->525->527->522->508->501->476->469->463->450->439->437->436->430->422->415->408->393->387->381->372->375->371->362->361->356->350->365->348->346->349->334->337->331->329->324->321->309->298->299->296->289->487->485->479->475->458->464->456->457->441->438->425->206->209->201->198->196->193->190->390->383->380->370->339->338->341->333->326->318->301->278->277->272->246->242->241->239->238->108->105->110->115->315->42->41->40->78->55->37->75->84->91->86->68->63->23->21->1->2->3->13->10->11->15->18->24->19->28->22->30->33->45->27->34->54->29->89->98->94->67->85->100->119->114->122->123->125->133->152->134->181->191->194->189->216->187->177->167->158->173->185->197->192->204->202->260->263->268->275->288->290->293->297->306->317->358->363->379->384->402->394->407->396->397->401->406->398->403->413->440->454->449->455->460->468->471->482->495->497->517->518->536->537->546->551->553->555->562->569->570->573->593->600->602->615->628->637->642->658->668->694->700->709->713->721->734->745->748->749->753->763->764->766->783->793->784->791->815->816->821->826->830->933->944->946->948->976->978->985->995,995->1000,RESULTS/GA/log_ga_spot.csv
Optimization,N1000_C4_I1,N1000_C4_I1.dat,n_1000/N1000_C4_I1.dat,final_case,N1000,C4,1.00 km,maximum_walking_distance,1.0,1000,3252,50,1456,143,0.1,143,988,1000,0.9,1.0,20.5,988,1000,0.9,1.0,20.5,0.9,TRUE,inferred_from_previous_exact_lot_solution,995,1,995_S001,near,1,0.1707000000000001,0.001384,0.002298,0.12,0.024,0.026298000000000002,0.1983820000000001,0.1707000000000001,0.12,0.026298000000000002,0.1983820000000001,17.51,12.463628000000005,203683.904,988->877->874->865->861->857->856->851->813->810->805->786->762->761->757->755->725->715->711->708->705->696->691->697->698->689->687->681->674->667->659->657->636->609->599->592->588->576->574->586->568->575->564->560->549->547->545->543->540->538->561->548->542->534->539->526->525->527->508->501->476->469->463->467->450->436->430->408->393->387->372->375->371->362->373->356->350->353->348->346->344->349->334->337->331->329->324->321->309->298->296->289->284->266->262->259->254->235->233->232->230->229->217->228->210->410->404->392->193->190->183->178->174->168->164->163->162->175->169->153->137->132->130->120->92->90->118->95->87->99->83->61->60->80->42->41->40->78->77->69->68->63->21->1->5->6->10->11->15->24->19->28->20->26->30->34->54->53->89->49->85->100->119->114->122->123->125->133->152->134->181->143->146->156->166->158->170->173->185->192->204->202->260->263->275->288->290->293->306->317->358->363->379->384->402->394->407->396->397->401->406->398->403->413->440->449->455->460->468->471->482->497->517->518->537->546->551->553->555->562->569->570->573->593->600->602->615->628->637->642->658->668->694->700->713->721->734->745->748->749->753->763->764->766->783->784->793->816->822->821->826->830->985->995,995->1000,RESULTS/COMBINED_ALL_METHODS/results_all_methods_parameter_sensitivity_spot_level.csv
PSO,N1000_C4_I1,N1000_C4_I1.dat,n_1000/N1000_C4_I1.dat,final_case,N1000,C4,1.00 km,maximum_walking_distance,1.0,1000,3252,50,1456,143,0.1,143,988,1000,0.9,1.0,20.5,988,1000,0.9,1.0,20.5,0.9,TRUE,solved,995,1,995_S001,near,1,0.1707000000000001,0.001467,0.002381,0.12,0.024,0.026381,0.1985480000000001,0.1707000000000001,0.12,0.026381,0.1985480000000001,17.52,12.473592000000005,64095.091,988->877->874->865->861->857->856->851->813->810->805->786->762->761->757->755->725->715->711->708->705->696->691->697->698->689->687->681->674->667->659->657->636->609->599->592->588->576->574->586->568->575->564->560->549->547->545->543->540->538->561->548->542->534->539->526->525->527->508->501->476->469->463->467->450->436->430->408->393->387->372->375->371->362->373->356->350->353->348->346->344->349->334->337->331->329->324->321->309->298->296->289->284->266->262->259->254->235->233->232->230->229->217->228->210->410->404->392->193->190->183->178->174->168->164->163->162->175->169->153->137->132->130->120->92->90->118->95->87->99->83->61->60->80->42->41->40->78->77->69->68->63->21->1->5->6->10->11->15->24->19->28->20->26->30->34->54->53->89->49->85->100->119->114->122->123->125->133->152->134->181->143->146->156->166->158->170->173->185->192->204->202->260->263->275->288->290->293->306->317->358->363->379->384->402->394->407->396->397->401->406->398->403->413->440->449->455->460->468->471->482->497->517->518->537->546->551->553->555->562->569->570->573->593->600->602->615->628->637->642->658->668->694->700->713->721->734->745->748->749->753->763->764->766->783->784->793->816->822->821->826->830->985->995,995->1000,RESULTS/PSO/log_pso_spot.csv
ACO,N1000_C5_I1,N1000_C5_I1.dat,n_1000/N1000_C5_I1.dat,final_case,N1000,C5,Medium traffic,traffic_level,Medium,1000,3252,50,1456,143,0.1,143,988,1000,0.9,0.5,20.5,988,1000,0.9,0.5,20.5,0.9,TRUE,solved,995,1,995_S001,near,1,0.20759999999999992,0.001563,0.002861,0.12,0.024,0.026861,0.23602399999999993,0.20759999999999992,0.12,0.026861,0.23602399999999993,17.46,14.491295999999997,70213.93,988->877->874->865->857->856->851->818->813->810->805->786->762->761->757->755->741->725->715->711->723->705->696->691->697->689->687->681->674->667->659->657->636->609->599->592->588->576->574->586->568->575->564->560->549->547->545->543->540->538->561->532->542->534->539->526->525->527->508->501->476->469->463->450->436->430->415->408->393->387->372->375->371->362->373->356->350->353->348->346->349->334->337->331->329->324->321->309->298->299->289->284->266->262->259->254->235->233->232->230->229->217->228->210->206->209->201->198->196->193->190->183->178->174->168->164->163->162->155->169->153->147->132->130->120->117->112->88->50->48->47->43->42->41->40->56->39->38->55->37->31->25->36->46->35->23->21->1->5->6->10->11->15->24->19->28->22->30->34->54->53->89->49->85->100->119->114->122->123->125->133->134->143->146->156->166->158->173->185->197->204->202->260->265->263->275->288->290->293->306->317->358->363->379->384->394->407->396->397->401->406->398->403->413->440->449->455->460->468->471->482->497->517->518->537->546->551->553->555->562->569->570->573->593->600->602->615->628->637->642->658->668->694->700->713->721->734->745->748->749->753->763->765->764->766->783->793->816->821->826->830->985->991->995,995->1000,RESULTS/ACO/log_aco_spot.csv
GA,N1000_C5_I1,N1000_C5_I1.dat,n_1000/N1000_C5_I1.dat,final_case,N1000,C5,Medium traffic,traffic_level,Medium,1000,3252,50,1456,143,0.1,143,988,1000,0.9,0.5,20.5,988,1000,0.9,0.5,20.5,0.9,TRUE,solved,995,3,995_S003,near,1,0.2756000000000001,0.002344,0.004586,0.12,0.024,0.028586,0.30653000000000014,0.2756000000000001,0.12,0.028586,0.30653000000000014,17.63,18.315620000000006,101694.117,988->877->874->865->857->856->851->813->810->812->805->786->762->761->757->755->741->725->715->711->708->705->696->691->697->698->689->687->681->674->667->659->669->657->636->609->599->592->588->576->574->586->568->575->564->560->549->547->545->543->540->566->561->548->542->534->539->526->525->524->522->508->519->501->476->469->463->450->439->437->436->430->408->393->387->372->375->371->362->361->356->350->365->353->348->346->366->349->334->337->331->329->324->321->314->309->298->299->296->289->284->266->262->259->254->235->233->232->230->229->217->228->210->206->209->201->198->392->390->383->183->178->174->168->164->326->318->301->278->162->175->169->153->137->132->130->120->117->88->50->48->47->64->62->74->66->40->78->86->84->46->102->23->21->1->2->3->4->8->12->18->24->19->28->22->26->32->45->33->30->34->54->53->89->49->121->98->94->67->85->100->119->114->129->122->123->125->133->134->181->143->146->156->166->177->167->158->170->173->185->192->204->202->260->263->268->275->288->290->293->306->317->358->363->379->384->394->407->396->397->401->406->398->403->413->440->449->455->460->468->462->471->482->495->497->517->518->536->537->546->551->553->554->555->562->569->570->573->593->600->602->615->628->637->642->658->668->694->700->709->713->721->734->745->748->749->753->763->765->764->766->783->793->816->815->822->821->826->830->976->978->985->995,995->1000,RESULTS/GA/log_ga_spot.csv
Optimization,N1000_C5_I1,N1000_C5_I1.dat,n_1000/N1000_C5_I1.dat,final_case,N1000,C5,Medium traffic,traffic_level,Medium,1000,3252,50,1456,143,0.1,143,988,1000,0.9,0.5,20.5,988,1000,0.9,0.5,20.5,0.9,TRUE,inferred_from_previous_exact_lot_solution,995,1,995_S001,near,1,0.2756000000000001,0.00148,0.002778,0.12,0.024,0.026778,0.30385800000000013,0.2756000000000001,0.12,0.026778,0.30385800000000013,17.44,18.15233200000001,101694.117,988->877->874->865->857->856->851->813->810->812->805->786->762->761->757->755->741->725->715->711->708->705->696->691->697->698->689->687->681->674->667->659->669->657->636->609->599->592->588->576->574->586->568->575->564->560->549->547->545->543->540->566->561->548->542->534->539->526->525->524->522->508->519->501->476->469->463->450->439->437->436->430->408->393->387->372->375->371->362->361->356->350->365->353->348->346->366->349->334->337->331->329->324->321->314->309->298->299->296->289->284->266->262->259->254->235->233->232->230->229->217->228->210->206->209->201->198->392->390->383->183->178->174->168->164->326->318->301->278->162->175->169->153->137->132->130->120->117->88->50->48->47->64->62->74->66->40->78->86->84->46->102->23->21->1->2->3->4->8->12->18->24->19->28->22->26->32->45->33->30->34->54->53->89->49->121->98->94->67->85->100->119->114->129->122->123->125->133->134->181->143->146->156->166->177->167->158->170->173->185->192->204->202->260->263->268->275->288->290->293->306->317->358->363->379->384->394->407->396->397->401->406->398->403->413->440->449->455->460->468->462->471->482->495->497->517->518->536->537->546->551->553->554->555->562->569->570->573->593->600->602->615->628->637->642->658->668->694->700->709->713->721->734->745->748->749->753->763->765->764->766->783->793->816->815->822->821->826->830->976->978->985->995,995->1000,RESULTS/COMBINED_ALL_METHODS/results_all_methods_parameter_sensitivity_spot_level.csv
PSO,N1000_C5_I1,N1000_C5_I1.dat,n_1000/N1000_C5_I1.dat,final_case,N1000,C5,Medium traffic,traffic_level,Medium,1000,3252,50,1456,143,0.1,143,988,1000,0.9,0.5,20.5,988,1000,0.9,0.5,20.5,0.9,TRUE,solved,995,1,995_S001,near,1,0.3311000000000002,0.001563,0.002861,0.12,0.024,0.026861,0.35952400000000023,0.3311000000000002,0.12,0.026861,0.35952400000000023,17.46,21.16029600000001,95984.57,988->877->874->865->857->856->851->813->810->805->786->762->761->757->755->725->715->711->708->705->696->691->697->698->689->687->695->681->674->667->661->659->657->636->609->599->592->588->576->574->586->568->575->564->560->549->547->545->543->540->566->561->532->542->534->539->526->525->527->519->501->476->469->463->450->437->436->430->408->393->387->372->375->371->362->361->356->350->353->348->346->349->334->337->331->329->324->321->309->298->296->289->284->266->492->485->262->259->254->235->233->232->230->229->217->228->210->206->424->420->418->409->201->198->196->193->392->390->383->183->370->174->339->338->164->163->316->162->175->169->153->137->132->130->138->251->241->239->108->105->110->115->315->303->41->62->59->82->81->77->69->68->63->21->1->5->9->10->11->15->18->24->19->28->20->26->33->27->34->54->29->49->85->111->119->114->129->122->123->125->133->134->181->191->184->194->189->216->187->177->167->158->173->185->192->204->202->260->263->275->288->290->293->306->317->358->363->379->384->402->394->407->396->397->401->406->398->403->413->440->454->449->455->460->468->471->482->497->517->518->537->546->551->553->555->562->569->570->573->593->600->602->615->628->637->642->658->668->694->700->713->721->734->745->748->749->753->763->764->766->783->784->793->816->822->821->826->830->985->991->995,995->1000,RESULTS/PSO/log_pso_spot.csv
ACO,N1000_C6_I1,N1000_C6_I1.dat,n_1000/N1000_C6_I1.dat,final_case,N1000,C6,High traffic,traffic_level,High,1000,3252,50,1456,143,0.1,143,988,1000,0.9,0.5,20.5,988,1000,0.9,0.5,20.5,0.9,TRUE,solved,976,148,976_S001,near,1,0.4380999999999999,0.001659,0.003607,0.2216,0.0443,0.047907,0.4876659999999999,0.4380999999999999,0.2216,0.047907,0.4876659999999999,9.72,27.305963999999996,70563.622,988->981->877->874->865->861->857->856->851->818->813->810->812->805->786->762->776->757->755->741->725->715->711->723->705->696->691->697->689->687->681->674->667->661->659->657->636->609->599->592->588->576->574->586->568->575->564->560->549->547->545->543->540->538->561->532->542->534->539->526->525->527->508->501->476->469->463->467->450->436->430->415->408->393->387->372->375->371->362->373->356->350->353->348->346->349->334->337->331->329->324->321->309->298->296->289->284->266->262->259->254->235->233->232->244->230->229->217->228->210->206->209->201->198->196->193->190->183->178->174->168->164->163->162->155->169->153->147->132->130->120->92->52->51->60->48->64->62->59->55->37->31->25->36->46->35->23->21->1->5->6->10->13->14->15->24->19->28->22->30->34->54->53->89->49->85->100->119->114->122->123->125->133->134->181->191->143->146->156->166->158->173->185->192->204->202->260->265->263->268->275->288->290->293->306->317->358->363->379->384->394->407->396->397->401->406->398->403->413->440->449->455->460->461->462->471->482->497->517->518->536->537->546->551->553->555->562->569->570->573->593->600->602->615->628->637->642->658->668->694->700->713->721->734->745->748->749->753->763->765->764->766->783->784->793->816->821->826->830->944->946->948->976,976->1000,RESULTS/ACO/log_aco_spot.csv
GA,N1000_C6_I1,N1000_C6_I1.dat,n_1000/N1000_C6_I1.dat,final_case,N1000,C6,High traffic,traffic_level,High,1000,3252,50,1456,143,0.1,143,988,1000,0.9,0.5,20.5,988,1000,0.9,0.5,20.5,0.9,TRUE,solved,985,94,985_S003,near,1,0.7021999999999996,0.002486,0.005294,0.1733,0.0347,0.039994,0.7446799999999996,0.7021999999999996,0.1733,0.039994,0.7446799999999996,12.7,41.482719999999986,107450.128,988->877->874->865->861->857->856->851->813->810->805->786->762->776->757->755->741->725->715->711->723->705->696->691->697->689->687->695->681->674->667->661->659->669->657->636->609->599->592->588->576->574->586->568->575->581->564->560->549->547->545->543->540->538->561->548->542->530->534->539->526->525->522->508->501->476->469->463->450->439->437->436->430->408->393->387->372->375->371->362->373->361->356->350->365->348->346->366->349->334->337->331->329->324->321->309->298->296->289->487->500->266->262->259->254->475->458->464->456->457->451->441->232->230->244->438->425->424->420->418->409->404->392->390->383->380->183->190->370->174->168->164->163->301->292->162->155->175->169->153->137->132->138->130->120->92->52->51->60->48->65->74->66->40->56->69->179->176->182->9->5->2->7->14->16->4->8->12->24->19->28->20->26->30->34->54->53->89->29->49->85->100->119->114->122->123->125->133->152->134->143->191->184->189->216->187->177->167->158->170->173->185->192->197->199->204->202->260->263->275->288->290->293->306->317->358->363->379->384->402->394->407->396->397->401->406->398->399->403->413->440->454->449->455->460->461->462->471->482->497->517->518->536->537->546->551->553->554->555->562->569->570->573->593->600->602->615->628->637->642->658->668->694->700->713->721->734->745->748->749->753->763->765->764->766->783->784->793->816->821->826->830->978->985,985->1000,RESULTS/GA/log_ga_spot.csv
Optimization,N1000_C6_I1,N1000_C6_I1.dat,n_1000/N1000_C6_I1.dat,final_case,N1000,C6,High traffic,traffic_level,High,1000,3252,50,1456,143,0.1,143,988,1000,0.9,0.5,20.5,988,1000,0.9,0.5,20.5,0.9,TRUE,inferred_from_previous_exact_lot_solution,976,148,976_S001,near,1,0.6750999999999998,0.001725,0.003672,0.2216,0.0443,0.047972,0.7247969999999998,0.6750999999999998,0.2216,0.047972,0.7247969999999998,9.68,40.10703799999998,261982.456,988->969->877->874->865->861->857->856->851->818->813->810->805->786->762->776->757->755->741->725->715->711->708->723->705->696->691->697->689->687->681->674->667->661->659->657->636->609->599->592->588->576->574->586->568->575->581->564->560->549->547->545->543->540->538->561->548->542->530->534->539->526->525->527->519->508->501->476->469->463->450->437->436->430->422->415->408->393->387->381->372->375->371->362->373->356->350->365->348->346->366->344->349->334->337->331->329->324->321->309->298->296->289->487->492->266->262->259->254->235->233->232->244->230->229->217->228->210->410->209->201->198->196->193->190->370->178->174->168->333->335->338->164->163->162->155->172->277->272->246->147->137->132->251->138->130->120->92->52->51->71->70->116->103->171->176->182->9->5->2->7->14->15->24->19->28->22->26->32->45->27->34->54->53->89->49->67->85->100->111->119->114->129->122->123->125->133->134->181->191->194->189->216->187->177->167->158->173->185->197->204->202->260->265->263->268->275->288->290->293->306->317->358->363->379->384->394->407->396->397->401->406->398->403->413->440->449->453->455->460->468->471->482->495->497->517->518->536->537->546->551->553->554->555->562->569->570->573->593->600->602->615->628->637->642->658->668->694->700->713->721->734->745->748->749->753->763->765->764->766->783->784->793->816->822->821->826->830->978->976,976->1000,RESULTS/COMBINED_ALL_METHODS/results_all_methods_parameter_sensitivity_spot_level.csv
PSO,N1000_C6_I1,N1000_C6_I1.dat,n_1000/N1000_C6_I1.dat,final_case,N1000,C6,High traffic,traffic_level,High,1000,3252,50,1456,143,0.1,143,988,1000,0.9,0.5,20.5,988,1000,0.9,0.5,20.5,0.9,TRUE,solved,976,148,976_S001,near,1,0.6750999999999998,0.001659,0.003607,0.2216,0.0443,0.047907,0.7246659999999998,0.6750999999999998,0.2216,0.047907,0.7246659999999998,9.72,40.103964,103747.079,988->969->877->874->865->861->857->856->851->818->813->810->805->786->762->776->757->755->741->725->715->711->708->723->705->696->691->697->689->687->681->674->667->661->659->657->636->609->599->592->588->576->574->586->568->575->581->564->560->549->547->545->543->540->538->561->548->542->530->534->539->526->525->527->519->508->501->476->469->463->450->437->436->430->422->415->408->393->387->381->372->375->371->362->373->356->350->365->348->346->366->344->349->334->337->331->329->324->321->309->298->296->289->487->492->266->262->259->254->235->233->232->244->230->229->217->228->210->410->209->201->198->196->193->190->370->178->174->168->333->335->338->164->163->162->155->172->277->272->246->147->137->132->251->138->130->120->92->52->51->71->70->116->103->171->176->182->9->5->2->7->14->15->24->19->28->22->26->32->45->27->34->54->53->89->49->67->85->100->111->119->114->129->122->123->125->133->134->181->191->194->189->216->187->177->167->158->173->185->197->204->202->260->265->263->268->275->288->290->293->306->317->358->363->379->384->394->407->396->397->401->406->398->403->413->440->449->453->455->460->468->471->482->495->497->517->518->536->537->546->551->553->554->555->562->569->570->573->593->600->602->615->628->637->642->658->668->694->700->713->721->734->745->748->749->753->763->765->764->766->783->784->793->816->822->821->826->830->978->976,976->1000,RESULTS/PSO/log_pso_spot.csv
ACO,N1000_C7_I1,N1000_C7_I1.dat,n_1000/N1000_C7_I1.dat,final_case,N1000,C7,Alpha 0.80,objective_weight_alpha,0.8,1000,3252,50,1456,143,0.1,143,988,1000,0.9,0.5,20.5,988,1000,0.9,0.5,20.5,0.9,TRUE,solved,995,1,995_S001,near,1,0.1466000000000001,0.001563,0.002861,0.12,0.024,0.026861,0.1750240000000001,0.1466000000000001,0.12,0.026861,0.1750240000000001,17.46,11.197296000000007,68498.404,988->877->874->865->857->856->851->813->810->812->805->786->762->761->757->755->725->715->711->723->705->696->691->697->689->687->681->674->667->659->657->636->609->599->592->588->576->574->586->568->575->564->560->549->547->545->543->540->538->561->548->542->534->539->526->525->527->508->501->476->469->463->467->450->436->430->408->393->387->372->375->371->362->373->356->350->353->348->346->349->334->337->331->329->324->321->309->298->296->289->284->266->262->259->254->235->233->232->230->229->217->228->210->206->209->201->198->196->193->190->183->178->174->168->164->163->162->155->169->153->147->132->130->120->117->112->105->96->88->50->48->47->43->42->41->40->56->38->55->37->31->25->36->46->35->23->21->1->5->6->10->11->15->24->19->28->22->30->34->54->53->89->49->85->100->119->114->122->123->125->133->134->143->146->156->166->158->173->185->197->204->202->260->265->263->275->288->290->293->306->317->358->363->379->384->394->407->396->397->401->406->398->403->413->440->449->455->460->468->471->482->497->517->518->537->546->551->553->555->562->569->570->573->593->600->602->615->628->637->642->658->668->694->700->713->721->734->745->748->749->753->763->764->766->783->793->816->821->826->830->985->991->995,995->1000,RESULTS/ACO/log_aco_spot.csv
GA,N1000_C7_I1,N1000_C7_I1.dat,n_1000/N1000_C7_I1.dat,final_case,N1000,C7,Alpha 0.80,objective_weight_alpha,0.8,1000,3252,50,1456,143,0.1,143,988,1000,0.9,0.5,20.5,988,1000,0.9,0.5,20.5,0.9,TRUE,solved,995,1,995_S001,near,1,0.2105000000000002,0.001563,0.002861,0.12,0.024,0.026861,0.2389240000000002,0.2105000000000002,0.12,0.026861,0.2389240000000002,17.46,14.64789600000001,105893.299,988->981->969->961->929->924->917->912->907->904->903->896->892->905->888->885->878->877->874->865->861->857->856->851->813->810->812->805->786->762->761->776->757->755->725->715->711->723->705->696->691->697->689->687->681->674->667->659->669->657->636->609->599->592->588->576->574->586->568->575->564->581->560->549->547->545->543->540->538->561->532->542->530->534->539->526->525->522->527->519->501->476->469->463->450->437->436->430->422->415->408->393->387->372->375->371->362->373->356->350->365->348->346->366->349->334->337->331->329->324->321->314->309->298->296->289->487->485->479->475->458->464->456->457->441->438->425->206->209->201->198->196->392->390->190->183->178->174->341->338->164->163->301->292->316->162->155->172->169->153->147->132->138->130->120->117->115->315->305->303->41->62->59->82->78->86->84->68->63->23->21->1->2->7->14->15->17->18->12->24->19->28->22->30->33->27->34->54->29->49->98->94->67->85->100->119->114->122->123->125->133->134->181->143->146->156->166->167->158->173->185->197->204->202->260->263->275->288->290->293->306->317->358->363->379->384->394->407->396->397->401->406->398->403->413->440->449->455->460->461->462->468->471->482->495->497->517->518->537->546->551->553->555->562->569->570->573->593->600->602->615->628->637->642->658->668->694->700->709->713->721->734->745->748->749->753->763->765->764->766->783->793->784->791->815->822->816->821->826->830->978->985->995,995->1000,RESULTS/GA/log_ga_spot.csv
Optimization,N1000_C7_I1,N1000_C7_I1.dat,n_1000/N1000_C7_I1.dat,final_case,N1000,C7,Alpha 0.80,objective_weight_alpha,0.8,1000,3252,50,1456,143,0.1,143,988,1000,0.9,0.5,20.5,988,1000,0.9,0.5,20.5,0.9,TRUE,inferred_from_previous_exact_lot_solution,995,1,995_S001,near,1,0.19300000000000023,0.00148,0.002778,0.12,0.024,0.026778,0.22125800000000023,0.19300000000000023,0.12,0.026778,0.22125800000000023,17.44,13.691932000000012,190872.983,988->877->874->865->857->856->851->813->810->805->786->762->776->757->755->725->715->711->723->705->696->691->697->689->687->695->681->674->667->659->657->636->609->599->592->588->576->574->586->568->575->564->560->549->547->545->543->540->538->561->548->542->534->539->526->525->527->508->501->476->469->463->467->450->436->430->408->393->387->372->375->371->362->361->356->350->365->353->348->346->349->334->337->331->329->324->321->309->298->296->289->284->266->262->259->254->235->233->232->244->230->229->219->217->228->210->206->410->404->196->193->390->383->183->178->174->341->333->326->318->316->163->162->175->169->153->147->132->251->241->239->108->79->57->52->51->60->80->65->74->66->56->69->91->84->46->35->23->21->1->9->10->11->15->18->12->24->19->28->22->30->34->54->29->49->85->111->119->114->122->123->125->133->134->181->143->146->156->166->167->158->170->173->185->197->204->202->260->263->275->288->290->293->306->317->358->363->379->384->394->407->396->397->401->406->398->403->413->440->449->455->460->468->471->482->497->517->518->537->546->551->553->555->562->569->570->573->593->600->602->615->628->637->642->658->668->694->700->713->721->734->745->748->749->753->763->764->766->783->793->816->822->821->826->830->985->995,995->1000,RESULTS/COMBINED_ALL_METHODS/results_all_methods_parameter_sensitivity_spot_level.csv
PSO,N1000_C7_I1,N1000_C7_I1.dat,n_1000/N1000_C7_I1.dat,final_case,N1000,C7,Alpha 0.80,objective_weight_alpha,0.8,1000,3252,50,1456,143,0.1,143,988,1000,0.9,0.5,20.5,988,1000,0.9,0.5,20.5,0.9,TRUE,solved,995,1,995_S001,near,1,0.19300000000000023,0.001563,0.002861,0.12,0.024,0.026861,0.22142400000000023,0.19300000000000023,0.12,0.026861,0.22142400000000023,17.46,13.702896000000013,60178.274,988->877->874->865->857->856->851->813->810->805->786->762->776->757->755->725->715->711->723->705->696->691->697->689->687->695->681->674->667->659->657->636->609->599->592->588->576->574->586->568->575->564->560->549->547->545->543->540->538->561->548->542->534->539->526->525->527->508->501->476->469->463->467->450->436->430->408->393->387->372->375->371->362->361->356->350->365->353->348->346->349->334->337->331->329->324->321->309->298->296->289->284->266->262->259->254->235->233->232->244->230->229->219->217->228->210->206->410->404->196->193->390->383->183->178->174->341->333->326->318->316->163->162->175->169->153->147->132->251->241->239->108->79->57->52->51->60->80->65->74->66->56->69->91->84->46->35->23->21->1->9->10->11->15->18->12->24->19->28->22->30->34->54->29->49->85->111->119->114->122->123->125->133->134->181->143->146->156->166->167->158->170->173->185->197->204->202->260->263->275->288->290->293->306->317->358->363->379->384->394->407->396->397->401->406->398->403->413->440->449->455->460->468->471->482->497->517->518->537->546->551->553->555->562->569->570->573->593->600->602->615->628->637->642->658->668->694->700->713->721->734->745->748->749->753->763->764->766->783->793->816->822->821->826->830->985->995,995->1000,RESULTS/PSO/log_pso_spot.csv
ACO,N1000_C8_I1,N1000_C8_I1.dat,n_1000/N1000_C8_I1.dat,final_case,N1000,C8,Alpha 0.20,objective_weight_alpha,0.2,1000,3252,50,1456,143,0.1,143,988,1000,0.1,0.5,20.5,988,1000,0.1,0.5,20.5,0.1,TRUE,solved,995,1,995_S001,near,1,0.1466000000000001,0.001563,0.002861,0.12,0.024,0.026861,0.1750240000000001,0.1466000000000001,0.12,0.026861,0.1750240000000001,17.46,16.764144,71400.951,988->877->874->865->857->856->851->813->810->812->805->786->762->761->757->755->725->715->711->723->705->696->691->697->689->687->681->674->667->659->657->636->609->599->592->588->576->574->586->568->575->564->560->549->547->545->543->540->538->561->548->542->534->539->526->525->527->508->501->476->469->463->467->450->436->430->408->393->387->372->375->371->362->373->356->350->353->348->346->349->334->337->331->329->324->321->309->298->296->289->284->266->262->259->254->235->233->232->230->229->217->228->210->206->209->201->198->196->193->190->183->178->174->168->164->163->162->155->169->153->147->132->130->120->117->112->105->96->88->50->48->47->43->42->41->40->56->38->55->37->31->25->36->46->35->23->21->1->5->6->10->11->15->24->19->28->22->30->34->54->53->89->49->85->100->119->114->122->123->125->133->134->143->146->156->166->158->173->185->197->204->202->260->265->263->275->288->290->293->306->317->358->363->379->384->394->407->396->397->401->406->398->403->413->440->449->455->460->468->471->482->497->517->518->537->546->551->553->555->562->569->570->573->593->600->602->615->628->637->642->658->668->694->700->713->721->734->745->748->749->753->763->764->766->783->793->816->821->826->830->985->991->995,995->1000,RESULTS/ACO/log_aco_spot.csv
GA,N1000_C8_I1,N1000_C8_I1.dat,n_1000/N1000_C8_I1.dat,final_case,N1000,C8,Alpha 0.20,objective_weight_alpha,0.2,1000,3252,50,1456,143,0.1,143,988,1000,0.1,0.5,20.5,988,1000,0.1,0.5,20.5,0.1,TRUE,solved,995,1,995_S001,near,1,0.2105000000000002,0.001563,0.002861,0.12,0.024,0.026861,0.2389240000000002,0.2105000000000002,0.12,0.026861,0.2389240000000002,17.46,17.147544000000003,99863.217,988->981->969->961->929->924->917->912->907->904->903->896->892->905->888->885->878->877->874->865->861->857->856->851->813->810->812->805->786->762->761->776->757->755->725->715->711->723->705->696->691->697->689->687->681->674->667->659->669->657->636->609->599->592->588->576->574->586->568->575->564->581->560->549->547->545->543->540->538->561->532->542->530->534->539->526->525->522->527->519->501->476->469->463->450->437->436->430->422->415->408->393->387->372->375->371->362->373->356->350->365->348->346->366->349->334->337->331->329->324->321->314->309->298->296->289->487->485->479->475->458->464->456->457->441->438->425->206->209->201->198->196->392->390->190->183->178->174->341->338->164->163->301->292->316->162->155->172->169->153->147->132->138->130->120->117->115->315->305->303->41->62->59->82->78->86->84->68->63->23->21->1->2->7->14->15->17->18->12->24->19->28->22->30->33->27->34->54->29->49->98->94->67->85->100->119->114->122->123->125->133->134->181->143->146->156->166->167->158->173->185->197->204->202->260->263->275->288->290->293->306->317->358->363->379->384->394->407->396->397->401->406->398->403->413->440->449->455->460->461->462->468->471->482->495->497->517->518->537->546->551->553->555->562->569->570->573->593->600->602->615->628->637->642->658->668->694->700->709->713->721->734->745->748->749->753->763->765->764->766->783->793->784->791->815->822->816->821->826->830->978->985->995,995->1000,RESULTS/GA/log_ga_spot.csv
Optimization,N1000_C8_I1,N1000_C8_I1.dat,n_1000/N1000_C8_I1.dat,final_case,N1000,C8,Alpha 0.20,objective_weight_alpha,0.2,1000,3252,50,1456,143,0.1,143,988,1000,0.1,0.5,20.5,988,1000,0.1,0.5,20.5,0.1,TRUE,inferred_from_previous_exact_lot_solution,995,1,995_S001,near,1,0.19300000000000023,0.00148,0.002778,0.12,0.024,0.026778,0.22125800000000023,0.19300000000000023,0.12,0.026778,0.22125800000000023,17.44,17.023548,190022.531,988->877->874->865->857->856->851->813->810->805->786->762->776->757->755->725->715->711->723->705->696->691->697->689->687->695->681->674->667->659->657->636->609->599->592->588->576->574->586->568->575->564->560->549->547->545->543->540->538->561->548->542->534->539->526->525->527->508->501->476->469->463->467->450->436->430->408->393->387->372->375->371->362->361->356->350->365->353->348->346->349->334->337->331->329->324->321->309->298->296->289->284->266->262->259->254->235->233->232->244->230->229->219->217->228->210->206->410->404->196->193->390->383->183->178->174->341->333->326->318->316->163->162->175->169->153->147->132->251->241->239->108->79->57->52->51->60->80->65->74->66->56->69->91->84->46->35->23->21->1->9->10->11->15->18->12->24->19->28->22->30->34->54->29->49->85->111->119->114->122->123->125->133->134->181->143->146->156->166->167->158->170->173->185->197->204->202->260->263->275->288->290->293->306->317->358->363->379->384->394->407->396->397->401->406->398->403->413->440->449->455->460->468->471->482->497->517->518->537->546->551->553->555->562->569->570->573->593->600->602->615->628->637->642->658->668->694->700->713->721->734->745->748->749->753->763->764->766->783->793->816->822->821->826->830->985->995,995->1000,RESULTS/COMBINED_ALL_METHODS/results_all_methods_parameter_sensitivity_spot_level.csv
PSO,N1000_C8_I1,N1000_C8_I1.dat,n_1000/N1000_C8_I1.dat,final_case,N1000,C8,Alpha 0.20,objective_weight_alpha,0.2,1000,3252,50,1456,143,0.1,143,988,1000,0.1,0.5,20.5,988,1000,0.1,0.5,20.5,0.1,TRUE,solved,995,1,995_S001,near,1,0.19300000000000023,0.001563,0.002861,0.12,0.024,0.026861,0.22142400000000023,0.19300000000000023,0.12,0.026861,0.22142400000000023,17.46,17.042544000000003,149924.558,988->877->874->865->857->856->851->813->810->805->786->762->776->757->755->725->715->711->723->705->696->691->697->689->687->695->681->674->667->659->657->636->609->599->592->588->576->574->586->568->575->564->560->549->547->545->543->540->538->561->548->542->534->539->526->525->527->508->501->476->469->463->467->450->436->430->408->393->387->372->375->371->362->361->356->350->365->353->348->346->349->334->337->331->329->324->321->309->298->296->289->284->266->262->259->254->235->233->232->244->230->229->219->217->228->210->206->410->404->196->193->390->383->183->178->174->341->333->326->318->316->163->162->175->169->153->147->132->251->241->239->108->79->57->52->51->60->80->65->74->66->56->69->91->84->46->35->23->21->1->9->10->11->15->18->12->24->19->28->22->30->34->54->29->49->85->111->119->114->122->123->125->133->134->181->143->146->156->166->167->158->170->173->185->197->204->202->260->263->275->288->290->293->306->317->358->363->379->384->394->407->396->397->401->406->398->403->413->440->449->455->460->468->471->482->497->517->518->537->546->551->553->555->562->569->570->573->593->600->602->615->628->637->642->658->668->694->700->713->721->734->745->748->749->753->763->764->766->783->793->816->822->821->826->830->985->995,995->1000,RESULTS/PSO/log_pso_spot.csv
ACO,N1000_C9_I1,N1000_C9_I1.dat,n_1000/N1000_C9_I1.dat,final_case,N1000,C9,Cmax 15.0,parking_budget_cmax,15.0,1000,3252,50,1456,143,0.1,143,988,1000,0.9,0.5,15.0,988,1000,0.9,0.5,15.0,0.9,TRUE,solved,985,93,985_S002,near,1,0.14570000000000008,0.002077,0.004301,0.1733,0.0347,0.039001,0.18677800000000008,0.14570000000000008,0.1733,0.039001,0.18677800000000008,12.58,11.344012000000005,70440.873,988->877->874->865->857->856->851->813->810->812->805->786->762->761->757->755->725->715->711->723->705->696->691->697->689->687->681->674->667->659->657->636->609->599->592->588->576->574->586->568->575->564->560->549->547->545->543->540->538->561->548->542->534->539->526->525->527->508->501->476->469->463->467->450->436->430->408->393->387->372->375->371->362->373->356->350->353->348->346->349->334->337->331->329->324->321->309->298->296->289->284->266->262->259->254->235->233->232->230->229->217->228->210->206->209->201->198->196->193->190->183->178->174->168->164->163->162->155->169->153->147->132->130->120->117->112->105->96->88->50->48->47->43->42->41->40->56->38->55->37->31->25->36->46->35->23->21->1->5->6->10->11->15->24->19->28->22->30->34->54->53->89->49->85->100->119->114->122->123->125->133->134->143->146->156->166->158->173->185->197->204->202->260->265->263->275->288->290->293->306->317->358->363->379->384->394->407->396->397->401->406->398->403->413->440->449->455->460->468->471->482->497->517->518->537->546->551->553->555->562->569->570->573->593->600->602->615->628->637->642->658->668->694->700->713->721->734->745->748->749->753->763->764->766->783->793->816->821->826->830->985,985->1000,RESULTS/ACO/log_aco_spot.csv
GA,N1000_C9_I1,N1000_C9_I1.dat,n_1000/N1000_C9_I1.dat,final_case,N1000,C9,Cmax 15.0,parking_budget_cmax,15.0,1000,3252,50,1456,143,0.1,143,988,1000,0.9,0.5,15.0,988,1000,0.9,0.5,15.0,0.9,TRUE,solved,985,93,985_S002,near,1,0.2057000000000001,0.002077,0.004301,0.1733,0.0347,0.039001,0.2467780000000001,0.2057000000000001,0.1733,0.039001,0.2467780000000001,12.58,14.584012000000007,94251.528,988->877->874->865->857->856->851->813->810->805->786->762->776->757->755->741->725->715->711->723->705->696->691->697->689->687->681->674->667->661->659->657->636->609->599->592->588->576->574->586->568->575->564->560->549->547->545->543->540->566->561->548->542->530->534->539->526->525->522->527->519->501->476->469->463->467->450->437->436->430->422->415->408->393->387->381->372->375->371->362->361->356->350->353->365->348->346->349->334->337->331->329->324->321->309->298->296->299->289->284->266->262->259->254->458->464->456->457->451->441->438->425->424->420->418->409->198->196->390->383->380->339->338->164->163->162->175->169->153->137->246->242->251->138->130->120->92->52->51->50->60->48->65->74->66->56->69->25->31->102->171->182->9->10->11->14->7->3->4->8->15->24->19->28->20->22->30->33->45->27->34->54->29->49->98->67->85->100->119->114->129->122->123->125->133->134->181->191->184->194->189->216->187->177->167->158->173->185->197->199->192->204->202->260->265->263->268->275->288->290->293->297->306->317->358->363->379->384->402->394->407->396->397->401->406->398->399->403->413->440->454->449->455->460->461->462->471->482->495->497->517->518->536->537->546->551->553->554->555->562->569->570->573->593->600->602->615->628->637->642->658->668->694->700->713->721->734->745->748->749->753->763->765->764->766->783->793->816->821->826->830->978->985,985->1000,RESULTS/GA/log_ga_spot.csv
Optimization,N1000_C9_I1,N1000_C9_I1.dat,n_1000/N1000_C9_I1.dat,final_case,N1000,C9,Cmax 15.0,parking_budget_cmax,15.0,1000,3252,50,1456,143,0.1,143,988,1000,0.9,0.5,15.0,988,1000,0.9,0.5,15.0,0.9,TRUE,inferred_from_previous_exact_lot_solution,985,92,985_S001,near,1,0.2057000000000001,0.001669,0.003309,0.1733,0.0347,0.038009,0.2453780000000001,0.2057000000000001,0.1733,0.038009,0.2453780000000001,12.48,14.498412000000007,94251.528,988->877->874->865->857->856->851->813->810->805->786->762->776->757->755->741->725->715->711->723->705->696->691->697->689->687->681->674->667->661->659->657->636->609->599->592->588->576->574->586->568->575->564->560->549->547->545->543->540->566->561->548->542->530->534->539->526->525->522->527->519->501->476->469->463->467->450->437->436->430->422->415->408->393->387->381->372->375->371->362->361->356->350->353->365->348->346->349->334->337->331->329->324->321->309->298->296->299->289->284->266->262->259->254->458->464->456->457->451->441->438->425->424->420->418->409->198->196->390->383->380->339->338->164->163->162->175->169->153->137->246->242->251->138->130->120->92->52->51->50->60->48->65->74->66->56->69->25->31->102->171->182->9->10->11->14->7->3->4->8->15->24->19->28->20->22->30->33->45->27->34->54->29->49->98->67->85->100->119->114->129->122->123->125->133->134->181->191->184->194->189->216->187->177->167->158->173->185->197->199->192->204->202->260->265->263->268->275->288->290->293->297->306->317->358->363->379->384->402->394->407->396->397->401->406->398->399->403->413->440->454->449->455->460->461->462->471->482->495->497->517->518->536->537->546->551->553->554->555->562->569->570->573->593->600->602->615->628->637->642->658->668->694->700->713->721->734->745->748->749->753->763->765->764->766->783->793->816->821->826->830->978->985,985->1000,RESULTS/COMBINED_ALL_METHODS/results_all_methods_parameter_sensitivity_spot_level.csv
PSO,N1000_C9_I1,N1000_C9_I1.dat,n_1000/N1000_C9_I1.dat,final_case,N1000,C9,Cmax 15.0,parking_budget_cmax,15.0,1000,3252,50,1456,143,0.1,143,988,1000,0.9,0.5,15.0,988,1000,0.9,0.5,15.0,0.9,TRUE,solved,985,92,985_S001,near,1,0.22640000000000005,0.001597,0.003238,0.1733,0.0347,0.037938,0.26593500000000003,0.22640000000000005,0.1733,0.037938,0.26593500000000003,12.51,15.611490000000002,251500.381,988->877->874->865->861->857->856->851->813->810->812->805->786->762->776->757->755->741->725->715->711->723->705->696->691->697->689->687->695->681->674->667->659->657->636->609->599->592->588->576->574->586->568->575->564->560->549->547->545->543->540->538->561->532->542->534->539->526->525->527->508->501->476->469->463->450->437->436->430->415->408->393->387->372->375->371->362->361->356->350->365->348->346->366->349->334->337->331->329->324->321->309->298->299->296->289->284->266->262->485->479->475->458->464->456->235->233->232->244->230->425->424->420->210->206->209->201->198->196->392->390->383->385->380->178->338->164->163->316->318->301->278->277->272->246->243->132->138->130->120->92->52->61->73->264->255->74->65->80->42->41->40->78->77->69->179->176->182->9->5->1->2->3->4->8->12->24->19->28->22->30->26->32->45->27->34->54->29->89->98->121->85->100->119->114->122->123->125->133->152->134->143->146->156->166->158->173->185->197->199->204->202->260->263->275->288->290->293->306->317->358->363->379->384->402->394->407->396->397->401->406->398->403->413->440->449->455->460->461->462->471->482->497->517->518->537->546->551->553->554->555->562->569->570->573->593->600->602->615->628->637->642->658->668->694->700->713->721->734->745->748->749->753->763->764->766->783->793->791->815->816->821->826->830->976->978->985,985->1000,RESULTS/PSO/log_pso_spot.csv
ACO,N1500_C10_I1,N1500_C10_I1.dat,n_1500/N1500_C10_I1.dat,final_case,N1500,C10,15.0-30.0,parking_cost_range,15.0-30.0,1500,4728,75,2274,228,0.1,228,1492,1500,0.9,0.5,20.5,1492,1500,0.9,0.5,20.5,0.9,TRUE,solved,1463,446,1463_S001,near,1,0.16950000000000007,0.001608,0.003325,0.1857,0.0371,0.040425,0.21153300000000008,0.16950000000000007,0.1857,0.040425,0.21153300000000008,18.89,13.311782000000004,119122.832,1492->1490->1298->1290->1281->1274->1270->1279->1262->1257->1254->1234->1219->1206->1228->1203->1194->1197->1177->1170->1153->1152->1149->1142->1134->1130->1125->1117->1113->1129->1111->1099->1089->1075->1069->1065->1064->1063->1051->1042->1039->1050->1037->1036->1027->1006->988->981->969->929->924->917->912->907->904->903->896->892->905->888->885->878->877->874->865->857->856->851->813->810->812->805->786->762->761->757->755->741->725->715->711->723->705->696->691->697->689->687->681->674->667->659->657->636->609->599->592->588->576->574->586->568->575->564->560->549->547->545->543->540->538->561->548->542->534->539->526->525->527->508->501->476->469->463->467->450->436->430->415->408->393->387->372->371->362->373->356->350->353->348->346->344->334->337->331->329->324->321->309->298->296->289->284->266->262->259->254->235->233->232->230->229->217->228->210->206->209->201->198->196->193->190->183->178->174->168->164->163->162->155->169->153->117->115->79->57->52->51->74->62->59->55->37->31->25->36->46->35->23->21->1->5->6->10->11->15->24->19->28->22->30->34->54->53->89->49->85->111->119->114->122->123->125->133->134->181->143->146->156->166->158->173->185->192->204->202->260->263->275->288->290->293->306->317->358->363->379->384->394->407->396->397->401->406->398->403->413->440->449->455->460->468->471->482->497->517->518->537->546->551->553->555->562->569->570->573->593->600->602->615->628->637->642->658->668->694->700->713->721->734->745->748->749->753->763->765->764->766->783->784->791->815->816->821->826->830->839->842->849->852->860->864->866->867->870->880->882->889->887->893->894->910->933->944->946->948->976->978->985->991->995->1017->1024->1031->1071->1077->1079->1091->1100->1110->1120->1122->1139->1167->1168->1173->1175->1189->1192->1204->1182->1184->1193->1205->1210->1223->1229->1230->1241->1232->1237->1242->1244->1251->1269->1453->1462->1463,1463->1500,RESULTS/ACO/log_aco_spot.csv
GA,N1500_C10_I1,N1500_C10_I1.dat,n_1500/N1500_C10_I1.dat,final_case,N1500,C10,15.0-30.0,parking_cost_range,15.0-30.0,1500,4728,75,2274,228,0.1,228,1492,1500,0.9,0.5,20.5,1492,1500,0.9,0.5,20.5,0.9,TRUE,solved,1463,448,1463_S003,near,1,0.23630000000000043,0.002418,0.005231,0.1857,0.0371,0.042331,0.28104900000000044,0.23630000000000043,0.1857,0.042331,0.28104900000000044,19.14,17.090646000000024,164589.496,1492->1490->1298->1290->1281->1274->1270->1279->1277->1262->1257->1254->1252->1219->1206->1228->1212->1203->1194->1197->1183->1177->1170->1153->1152->1149->1142->1134->1130->1125->1117->1113->1129->1111->1099->1089->1075->1069->1065->1064->1063->1051->1055->1042->1039->1050->1037->1036->1027->1006->988->981->969->929->924->917->912->904->903->896->892->905->888->885->878->877->874->865->857->856->851->813->810->805->786->762->776->757->755->741->725->715->711->708->705->696->691->697->689->687->681->674->667->659->669->657->636->609->599->592->588->576->574->586->568->575->564->560->549->547->545->543->540->538->566->561->548->542->530->534->539->526->525->527->519->501->476->469->463->467->450->436->430->415->408->393->387->381->372->371->362->373->356->350->353->365->348->635->626->625->606->608->616->603->614->612->594->331->329->324->321->314->493->509->514->523->535->298->299->296->289->284->266->262->259->254->235->233->458->464->456->457->451->206->209->201->198->409->410->404->392->390->383->380->370->178->174->168->164->163->175->169->153->147->110->115->117->120->90->60->51->74->75->86->91->9->10->3->4->8->12->24->19->20->32->30->22->26->33->45->27->34->54->29->89->98->94->121->85->100->119->114->129->122->123->125->133->134->181->143->146->189->216->156->166->167->177->187->195->211->212->227->185->192->204->202->260->265->263->268->275->288->290->293->297->306->317->358->363->379->384->394->407->396->397->401->406->398->403->413->440->449->453->455->460->468->462->471->482->497->517->518->537->546->551->553->554->555->562->569->570->573->593->600->602->615->628->637->642->658->668->694->700->713->721->734->745->748->749->753->763->765->764->766->783->793->791->815->816->822->821->826->830->839->842->854->849->852->860->864->876->866->867->870->880->882->887->893->894->910->933->944->946->948->956->976->978->985->991->995->1017->1024->1031->1068->1071->1077->1079->1091->1092->1100->1110->1120->1122->1139->1167->1168->1181->1175->1189->1192->1204->1182->1184->1193->1205->1210->1223->1229->1230->1241->1232->1237->1242->1244->1251->1269->1463,1463->1500,RESULTS/GA/log_ga_spot.csv
Optimization,N1500_C10_I1,N1500_C10_I1.dat,n_1500/N1500_C10_I1.dat,final_case,N1500,C10,15.0-30.0,parking_cost_range,15.0-30.0,1500,4728,75,2274,228,0.1,228,1492,1500,0.9,0.5,20.5,1492,1500,0.9,0.5,20.5,0.9,TRUE,inferred_from_previous_exact_lot_solution,1463,446,1463_S001,near,1,0.22870000000000026,0.001641,0.003358,0.1857,0.0371,0.040458,0.2707990000000003,0.22870000000000026,0.1857,0.040458,0.2707990000000003,18.92,16.515146000000016,922374.668,1492->1490->1298->1290->1281->1274->1270->1279->1262->1257->1254->1234->1231->1219->1206->1212->1228->1203->1194->1197->1177->1170->1153->1152->1149->1142->1134->1130->1125->1117->1113->1129->1111->1099->1089->1075->1069->1065->1064->1063->1051->1042->1039->1050->1037->1036->1027->1006->988->981->969->961->929->924->917->912->907->904->903->896->892->905->888->885->878->877->874->865->857->856->851->813->810->812->805->786->762->761->757->755->725->715->711->723->705->696->691->697->689->687->681->674->667->659->669->657->636->609->599->592->588->576->574->586->568->575->581->564->560->549->547->545->543->540->566->561->532->542->534->539->526->524->522->508->501->476->469->463->450->436->430->415->408->393->387->372->371->362->373->356->350->365->348->635->626->366->344->334->337->331->329->324->321->314->493->289->284->266->262->259->254->456->457->441->206->209->410->409->198->196->193->190->183->370->178->174->168->164->163->175->169->153->137->132->138->319->311->41->40->59->55->75->86->91->9->5->2->3->4->8->12->24->19->28->22->26->33->45->27->34->54->53->89->98->67->85->100->119->114->129->122->123->125->133->134->181->143->191->184->189->216->187->195->211->170->173->185->197->204->202->260->263->268->275->288->290->293->306->317->358->363->379->384->394->407->396->397->401->406->398->403->413->440->449->453->455->460->468->461->462->471->482->495->497->517->518->536->537->546->551->553->555->562->569->570->573->593->600->602->615->628->637->642->658->668->694->700->713->721->734->745->748->749->753->763->764->766->783->784->791->815->816->821->826->830->839->842->854->849->852->860->864->866->867->870->880->882->887->893->894->910->933->944->946->948->976->978->985->991->995->1017->1024->1031->1068->1071->1077->1079->1091->1100->1110->1120->1122->1139->1167->1168->1173->1175->1189->1192->1191->1199->1204->1182->1184->1193->1205->1210->1223->1229->1230->1241->1232->1237->1242->1244->1251->1269->1463,1463->1500,RESULTS/COMBINED_ALL_METHODS/results_all_methods_parameter_sensitivity_spot_level.csv
PSO,N1500_C10_I1,N1500_C10_I1.dat,n_1500/N1500_C10_I1.dat,final_case,N1500,C10,15.0-30.0,parking_cost_range,15.0-30.0,1500,4728,75,2274,228,0.1,228,1492,1500,0.9,0.5,20.5,1492,1500,0.9,0.5,20.5,0.9,TRUE,solved,1463,446,1463_S001,near,1,0.22870000000000026,0.001608,0.003325,0.1857,0.0371,0.040425,0.2707330000000003,0.22870000000000026,0.1857,0.040425,0.2707330000000003,18.89,16.50858200000002,856455.111,1492->1490->1298->1290->1281->1274->1270->1279->1262->1257->1254->1234->1231->1219->1206->1212->1228->1203->1194->1197->1177->1170->1153->1152->1149->1142->1134->1130->1125->1117->1113->1129->1111->1099->1089->1075->1069->1065->1064->1063->1051->1042->1039->1050->1037->1036->1027->1006->988->981->969->961->929->924->917->912->907->904->903->896->892->905->888->885->878->877->874->865->857->856->851->813->810->812->805->786->762->761->757->755->725->715->711->723->705->696->691->697->689->687->681->674->667->659->669->657->636->609->599->592->588->576->574->586->568->575->581->564->560->549->547->545->543->540->566->561->532->542->534->539->526->524->522->508->501->476->469->463->450->436->430->415->408->393->387->372->371->362->373->356->350->365->348->635->626->366->344->334->337->331->329->324->321->314->493->289->284->266->262->259->254->456->457->441->206->209->410->409->198->196->193->190->183->370->178->174->168->164->163->175->169->153->137->132->138->319->311->41->40->59->55->75->86->91->9->5->2->3->4->8->12->24->19->28->22->26->33->45->27->34->54->53->89->98->67->85->100->119->114->129->122->123->125->133->134->181->143->191->184->189->216->187->195->211->170->173->185->197->204->202->260->263->268->275->288->290->293->306->317->358->363->379->384->394->407->396->397->401->406->398->403->413->440->449->453->455->460->468->461->462->471->482->495->497->517->518->536->537->546->551->553->555->562->569->570->573->593->600->602->615->628->637->642->658->668->694->700->713->721->734->745->748->749->753->763->764->766->783->784->791->815->816->821->826->830->839->842->854->849->852->860->864->866->867->870->880->882->887->893->894->910->933->944->946->948->976->978->985->991->995->1017->1024->1031->1068->1071->1077->1079->1091->1100->1110->1120->1122->1139->1167->1168->1173->1175->1189->1192->1191->1199->1204->1182->1184->1193->1205->1210->1223->1229->1230->1241->1232->1237->1242->1244->1251->1269->1463,1463->1500,RESULTS/PSO/log_pso_spot.csv
ACO,N1500_C1_I1,N1500_C1_I1.dat,n_1500/N1500_C1_I1.dat,final_case,N1500,C1,Baseline,baseline,Baseline,1500,4728,75,2274,228,0.1,228,1492,1500,0.9,0.5,20.5,1492,1500,0.9,0.5,20.5,0.9,TRUE,solved,1499,359,1499_S003,near,1,0.17000000000000007,0.002647,0.005266,0.12,0.024,0.029266,0.20191300000000006,0.17000000000000007,0.12,0.029266,0.20191300000000006,15.58,12.461302000000003,22803.059,1492->1490->1298->1290->1281->1274->1270->1279->1262->1257->1254->1234->1219->1206->1228->1203->1194->1197->1177->1170->1153->1152->1149->1142->1134->1130->1125->1117->1113->1129->1111->1099->1089->1075->1069->1065->1064->1063->1051->1042->1039->1050->1037->1036->1027->1006->988->981->969->929->924->917->912->907->904->903->896->892->905->888->885->878->877->874->865->857->856->851->813->810->812->805->786->762->761->757->755->741->725->715->711->723->705->696->691->697->689->687->681->674->667->659->657->636->609->599->592->588->576->574->586->568->575->564->560->549->547->545->543->540->538->561->548->542->534->539->526->525->527->508->501->476->469->463->467->450->436->430->415->408->393->387->372->371->362->373->356->350->353->348->346->344->334->337->331->329->324->321->309->298->296->289->284->266->262->259->254->235->233->232->230->229->217->228->210->206->209->201->198->196->193->190->183->178->174->168->164->163->162->155->169->153->117->115->79->57->52->51->74->62->59->55->37->31->25->36->46->35->23->21->1->5->6->10->11->15->24->19->28->22->30->34->54->53->89->49->85->111->119->114->122->123->125->133->134->181->143->146->156->166->158->173->185->197->204->202->260->263->275->288->290->293->306->317->358->363->379->384->394->407->396->397->401->406->398->403->413->440->449->455->460->468->471->482->497->517->518->537->546->551->553->555->562->569->570->573->593->600->602->615->628->637->642->658->668->694->700->713->721->734->745->748->749->753->763->765->764->766->783->784->791->815->816->821->826->830->839->842->849->852->860->864->866->867->870->880->882->889->887->893->894->910->933->944->946->948->976->978->985->991->995->1017->1024->1031->1071->1077->1079->1091->1100->1110->1120->1122->1139->1167->1168->1173->1175->1178->1192->1204->1182->1184->1193->1205->1210->1223->1229->1230->1241->1232->1237->1242->1244->1251->1269->1499,1499->1500,RESULTS/ACO/log_aco_spot.csv
GA,N1500_C1_I1,N1500_C1_I1.dat,n_1500/N1500_C1_I1.dat,final_case,N1500,C1,Baseline,baseline,Baseline,1500,4728,75,2274,228,0.1,228,1492,1500,0.9,0.5,20.5,1492,1500,0.9,0.5,20.5,0.9,TRUE,solved,1497,383,1497_S001,near,1,0.2197000000000004,0.001593,0.002949,0.1288,0.0258,0.028749,0.25004200000000043,0.2197000000000004,0.1288,0.028749,0.25004200000000043,15.37,15.039268000000023,56776.866,1492->1298->1290->1281->1274->1270->1279->1277->1262->1257->1254->1234->1252->1219->1206->1228->1203->1194->1197->1177->1170->1153->1152->1149->1142->1134->1130->1125->1117->1113->1129->1111->1099->1089->1075->1069->1065->1064->1063->1051->1042->1039->1050->1037->1036->1027->1006->988->981->969->929->924->917->912->907->904->903->896->892->905->888->885->878->877->874->865->857->856->851->813->810->812->805->786->762->776->757->755->741->725->715->711->723->708->705->696->691->697->698->689->687->695->681->674->667->659->657->636->609->599->592->588->576->574->586->568->575->564->560->549->547->545->543->540->538->561->532->542->534->530->539->526->525->524->522->508->519->501->476->469->463->450->437->436->430->415->408->393->387->381->372->371->362->361->356->350->365->348->346->349->334->337->331->329->324->321->309->298->299->289->284->266->485->479->475->458->464->456->457->441->206->209->201->198->409->404->392->390->383->385->380->339->338->341->333->326->318->301->292->153->117->115->79->88->83->73->116->126->127->71->70->80->104->25->36->46->35->21->63->68->91->9->1->2->3->7->16->14->11->4->17->15->8->12->18->24->19->28->26->30->34->54->53->89->98->67->85->100->119->114->122->123->125->133->134->181->143->146->156->166->177->167->158->170->173->212->224->231->192->199->204->202->260->263->268->275->288->290->293->297->306->317->358->363->379->384->394->407->396->397->401->406->398->399->403->413->440->449->453->455->460->461->462->471->482->497->517->518->537->546->551->553->555->562->569->570->573->593->600->602->615->628->637->642->658->668->694->700->713->721->734->745->748->749->753->763->764->766->783->793->791->815->816->821->826->830->839->854->842->849->852->860->864->866->867->870->880->882->887->893->894->910->933->944->946->948->976->978->985->991->995->1011->1017->1024->1031->1068->1071->1077->1079->1091->1092->1100->1110->1120->1122->1139->1167->1168->1181->1175->1189->1178->1192->1204->1180->1182->1184->1193->1205->1210->1223->1229->1230->1241->1232->1237->1242->1244->1251->1269->1453->1462->1463->1481->1497,1497->1500,RESULTS/GA/log_ga_spot.csv
Optimization,N1500_C1_I1,N1500_C1_I1.dat,n_1500/N1500_C1_I1.dat,final_case,N1500,C1,Baseline,baseline,Baseline,1500,4728,75,2274,228,0.1,228,1492,1500,0.9,0.5,20.5,1492,1500,0.9,0.5,20.5,0.9,TRUE,inferred_from_previous_exact_lot_solution,1499,357,1499_S001,near,1,0.2246000000000004,0.001572,0.00287,0.12,0.024,0.02687,0.2530420000000004,0.2246000000000004,0.12,0.02687,0.2530420000000004,15.32,15.196268000000023,983375.029,1492->1298->1290->1281->1274->1270->1279->1262->1257->1254->1234->1231->1219->1206->1212->1228->1203->1194->1197->1177->1170->1153->1152->1149->1142->1134->1130->1125->1117->1113->1129->1111->1099->1089->1075->1069->1065->1064->1063->1051->1042->1039->1050->1037->1036->1027->1006->988->981->969->929->924->917->912->904->903->896->892->905->888->885->878->877->874->865->857->856->851->813->810->812->805->786->762->761->757->755->725->715->711->723->705->696->691->697->698->689->687->681->674->667->659->669->657->636->609->599->592->588->576->574->586->568->575->564->581->560->549->547->545->543->540->538->561->532->542->534->539->526->525->527->519->501->476->469->463->450->439->437->436->430->415->408->393->387->372->371->362->361->356->350->365->348->346->344->366->349->334->337->331->329->324->321->309->298->299->289->500->259->254->235->233->441->451->206->209->410->409->198->196->193->190->183->370->178->174->168->164->341->333->326->318->316->292->153->117->105->110->92->90->97->99->83->73->116->101->82->104->36->68->63->23->35->21->1->5->6->10->11->14->15->24->19->28->26->33->45->27->34->54->53->29->49->85->111->119->114->122->123->125->133->152->134->181->143->194->189->146->156->187->177->167->158->173->185->192->204->202->260->265->263->268->275->288->290->293->306->317->358->363->379->384->394->407->396->397->401->406->398->403->413->440->449->453->455->460->468->471->482->497->517->518->536->537->546->551->553->554->555->562->569->570->573->593->600->602->615->628->637->642->658->668->694->700->709->713->721->734->745->748->749->753->763->765->764->766->783->784->791->815->816->821->826->830->839->854->849->852->860->864->866->867->870->880->882->889->887->893->894->910->933->944->946->948->976->978->985->991->995->1017->1024->1031->1068->1071->1077->1079->1091->1100->1110->1120->1122->1139->1167->1168->1173->1175->1189->1192->1191->1199->1204->1182->1184->1193->1205->1210->1223->1229->1230->1241->1232->1237->1242->1244->1251->1269->1499,1499->1500,RESULTS/COMBINED_ALL_METHODS/results_all_methods_parameter_sensitivity_spot_level.csv
PSO,N1500_C1_I1,N1500_C1_I1.dat,n_1500/N1500_C1_I1.dat,final_case,N1500,C1,Baseline,baseline,Baseline,1500,4728,75,2274,228,0.1,228,1492,1500,0.9,0.5,20.5,1492,1500,0.9,0.5,20.5,0.9,TRUE,solved,1499,357,1499_S001,near,1,0.20790000000000033,0.001572,0.00287,0.12,0.024,0.02687,0.23634200000000033,0.20790000000000033,0.12,0.02687,0.23634200000000033,15.32,14.294468000000018,157649.072,1492->1490->1298->1290->1281->1274->1270->1279->1262->1257->1254->1234->1231->1219->1206->1212->1228->1203->1194->1197->1177->1170->1153->1152->1149->1142->1134->1130->1125->1117->1113->1129->1111->1099->1089->1075->1069->1065->1064->1063->1051->1042->1039->1050->1037->1036->1027->1006->988->981->969->929->924->917->912->904->903->896->892->905->888->885->878->877->874->865->857->856->851->813->810->805->786->762->761->757->755->741->725->715->711->723->705->696->691->697->689->687->681->674->667->659->657->636->609->599->592->588->576->574->586->568->575->581->560->549->547->545->543->540->538->561->532->542->534->539->526->524->522->508->501->476->469->463->450->436->430->408->393->387->372->371->362->373->356->350->365->348->346->344->334->337->331->329->324->321->314->493->289->284->266->262->259->254->456->457->441->206->209->410->198->196->193->190->183->370->339->338->341->333->326->318->301->292->153->147->110->105->108->57->52->70->103->102->58->46->35->21->1->2->3->4->8->12->24->19->28->22->26->33->27->34->54->53->29->49->85->100->119->114->129->122->123->125->133->134->181->143->146->156->166->158->170->173->185->197->204->202->260->263->275->288->290->293->306->317->358->363->379->384->394->407->396->397->401->406->398->403->413->440->449->455->460->468->471->482->497->517->518->537->546->551->553->555->562->569->570->573->593->600->602->615->628->637->642->658->668->694->700->713->721->734->745->748->749->753->763->764->766->783->784->791->815->816->821->826->830->839->842->849->852->860->864->866->867->870->880->882->887->893->894->910->933->944->946->948->976->978->985->991->995->1017->1024->1031->1068->1071->1077->1079->1091->1100->1110->1120->1122->1139->1167->1168->1173->1175->1189->1192->1191->1199->1204->1182->1184->1193->1205->1210->1223->1229->1230->1241->1232->1237->1242->1244->1251->1269->1499,1499->1500,RESULTS/PSO/log_pso_spot.csv
ACO,N1500_C2_I1,N1500_C2_I1.dat,n_1500/N1500_C2_I1.dat,final_case,N1500,C2,Dense,edge_density,Dense,1500,5226,75,2274,228,0.1,228,1492,1500,0.9,0.5,20.5,1492,1500,0.9,0.5,20.5,0.9,TRUE,solved,1499,357,1499_S001,near,1,0.14190000000000005,0.001512,0.00281,0.12,0.024,0.02681,0.17022200000000007,0.14190000000000005,0.12,0.02681,0.17022200000000007,15.31,10.722988000000004,74715.343,1492->1490->1298->1290->1281->1274->1270->1042->1039->1050->1037->1036->1027->1006->715->711->508->501->476->469->463->467->450->436->430->415->408->393->387->372->371->362->373->356->350->353->348->346->344->334->337->331->329->324->321->309->298->296->289->284->266->262->120->90->50->48->47->43->42->41->40->56->195->482->497->517->518->537->546->766->783->784->791->815->816->1079->1091->1100->1110->1120->1122->1139->1167->1168->1390->1403->1417->1434->1428->1453->1462->1463->1481->1497->1499,1499->1500,RESULTS/ACO/log_aco_spot.csv
GA,N1500_C2_I1,N1500_C2_I1.dat,n_1500/N1500_C2_I1.dat,final_case,N1500,C2,Dense,edge_density,Dense,1500,5226,75,2274,228,0.1,228,1492,1500,0.9,0.5,20.5,1492,1500,0.9,0.5,20.5,0.9,TRUE,solved,1463,446,1463_S001,near,1,0.18240000000000006,0.001608,0.003325,0.1857,0.0371,0.040425,0.22443300000000005,0.18240000000000006,0.1857,0.040425,0.22443300000000005,9.68,13.087382000000003,149222.023,1492->1490->1488->1254->1257->1262->1279->1270->1274->1281->1290->1063->1051->1055->1042->1039->1050->1037->1036->1027->1006->988->981->969->961->929->924->917->912->904->903->896->892->669->659->661->667->674->836->868->422->415->408->393->387->381->424->425->105->57->52->70->65->127->136->187->195->482->497->517->518->536->537->546->766->783->793->784->791->815->816->1079->1091->1100->1110->1120->1116->1122->1139->1381->1382->1387->1390->1403->1417->1408->1269->1497->1499->1481->1463,1463->1500,RESULTS/GA/log_ga_spot.csv
Optimization,N1500_C2_I1,N1500_C2_I1.dat,n_1500/N1500_C2_I1.dat,final_case,N1500,C2,Dense,edge_density,Dense,1500,5226,75,2274,228,0.1,228,1492,1500,0.9,0.5,20.5,1492,1500,0.9,0.5,20.5,0.9,TRUE,inferred_from_previous_exact_lot_solution,1499,357,1499_S001,near,1,0.18090000000000003,0.001572,0.00287,0.12,0.024,0.02687,0.20934200000000003,0.18090000000000003,0.12,0.02687,0.20934200000000003,15.32,12.836468000000002,738543.551,1492->1298->1486->1479->1231->1234->1252->1254->1257->1262->1279->1270->1042->1039->1050->1037->1036->1027->1006->715->711->508->501->516->509->493->491->487->266->262->120->90->88->76->73->126->127->177->187->195->482->495->497->517->518->537->546->551->783->793->791->815->816->1079->1091->1100->1110->1120->1116->1122->1139->1167->1168->1390->1269->1497->1499,1499->1500,RESULTS/COMBINED_ALL_METHODS/results_all_methods_parameter_sensitivity_spot_level.csv
PSO,N1500_C2_I1,N1500_C2_I1.dat,n_1500/N1500_C2_I1.dat,final_case,N1500,C2,Dense,edge_density,Dense,1500,5226,75,2274,228,0.1,228,1492,1500,0.9,0.5,20.5,1492,1500,0.9,0.5,20.5,0.9,TRUE,solved,1499,357,1499_S001,near,1,0.18090000000000003,0.001512,0.00281,0.12,0.024,0.02681,0.20922200000000005,0.18090000000000003,0.12,0.02681,0.20922200000000005,15.31,12.828988000000003,907595.432,1492->1298->1486->1479->1231->1234->1252->1254->1257->1262->1279->1270->1042->1039->1050->1037->1036->1027->1006->715->711->508->501->516->509->493->491->487->266->262->120->90->88->76->73->126->127->177->187->195->482->495->497->517->518->537->546->551->783->793->791->815->816->1079->1091->1100->1110->1120->1116->1122->1139->1167->1168->1390->1269->1497->1499,1499->1500,RESULTS/PSO/log_pso_spot.csv
ACO,N1500_C3_I1,N1500_C3_I1.dat,n_1500/N1500_C3_I1.dat,final_case,N1500,C3,Higher supply,parking_supply,Higher,1500,4878,150,4498,450,0.1,450,1492,1500,0.9,0.5,20.5,1492,1500,0.9,0.5,20.5,0.9,TRUE,solved,1499,359,1499_S003,near,1,0.17000000000000007,0.00256,0.005178,0.12,0.024,0.029178000000000003,0.20173800000000008,0.17000000000000007,0.12,0.029178000000000003,0.20173800000000008,15.6,12.453852000000005,132067.76,1492->1490->1298->1290->1281->1274->1270->1279->1262->1257->1254->1234->1219->1206->1228->1203->1194->1197->1177->1170->1153->1152->1149->1142->1134->1130->1125->1117->1113->1129->1111->1099->1089->1075->1069->1065->1064->1063->1051->1042->1039->1050->1037->1036->1027->1006->988->981->969->929->924->917->912->907->904->903->896->892->905->888->885->878->877->874->865->857->856->851->813->810->812->805->786->762->761->757->755->741->725->715->711->723->705->696->691->697->689->687->681->674->667->659->657->636->609->599->592->588->576->574->586->568->575->564->560->549->547->545->543->540->538->561->548->542->534->539->526->525->527->508->501->476->469->463->467->450->436->430->415->408->393->387->372->371->362->373->356->350->353->348->346->344->334->337->331->329->324->321->309->298->296->289->284->266->262->259->254->235->233->232->230->229->217->228->210->206->209->201->198->196->193->190->183->178->174->168->164->163->162->155->169->153->117->115->79->57->52->51->74->62->59->55->37->31->25->36->46->35->23->21->1->5->6->10->11->15->24->19->28->22->30->34->54->53->89->49->85->111->119->114->122->123->125->133->134->181->143->146->156->166->158->173->185->197->204->202->260->263->275->288->290->293->306->317->358->363->379->384->394->407->396->397->401->406->398->403->413->440->449->455->460->468->471->482->497->517->518->537->546->551->553->555->562->569->570->573->593->600->602->615->628->637->642->658->668->694->700->713->721->734->745->748->749->753->763->765->764->766->783->784->791->815->816->821->826->830->839->842->849->852->860->864->866->867->870->880->882->889->887->893->894->910->933->944->946->948->976->978->985->991->995->1017->1024->1031->1071->1077->1079->1091->1100->1110->1120->1122->1139->1167->1168->1173->1175->1178->1192->1204->1182->1184->1193->1205->1210->1223->1229->1230->1241->1232->1237->1242->1244->1251->1269->1499,1499->1500,RESULTS/ACO/log_aco_spot.csv
GA,N1500_C3_I1,N1500_C3_I1.dat,n_1500/N1500_C3_I1.dat,final_case,N1500,C3,Higher supply,parking_supply,Higher,1500,4878,150,4498,450,0.1,450,1492,1500,0.9,0.5,20.5,1492,1500,0.9,0.5,20.5,0.9,TRUE,solved,1499,358,1499_S002,near,1,0.2671000000000006,0.002017,0.003976,0.12,0.024,0.027976,0.2970930000000006,0.2671000000000006,0.12,0.027976,0.2970930000000006,15.46,17.589022000000035,211706.029,1492->1488->1495->1479->1486->1298->1290->1281->1274->1270->1279->1262->1257->1254->1234->1231->1219->1206->1212->1228->1203->1194->1197->1183->1177->1170->1153->1152->1149->1142->1134->1130->1125->1117->1113->1129->1111->1099->1089->1075->1069->1065->1064->1063->1051->1042->1039->1050->1037->1036->1027->1006->988->981->969->961->929->924->917->912->907->904->903->896->892->905->888->885->878->877->874->865->861->857->856->851->813->810->805->786->762->776->761->757->755->741->725->715->711->723->705->696->691->697->698->689->687->681->674->667->661->659->657->636->609->599->592->588->576->574->586->568->575->581->560->549->547->545->543->540->566->561->548->532->542->530->539->526->524->525->527->522->508->519->501->476->469->463->467->450->439->437->436->430->408->393->387->381->372->371->362->361->356->350->365->348->346->344->366->349->625->606->608->616->603->614->612->594->587->329->324->321->558->552->521->520->514->516->509->493->284->266->492->487->485->479->475->458->464->456->457->441->438->206->420->418->409->198->196->193->190->183->385->380->339->338->341->333->164->163->175->172->169->153->147->272->132->138->319->311->305->303->42->47->295->276->41->101->82->104->36->46->145->23->21->1->9->10->13->14->16->17->4->8->12->24->19->28->22->30->34->54->53->89->49->85->111->100->119->114->122->123->125->133->152->134->181->191->184->194->189->216->223->211->158->173->185->227->231->197->199->204->202->260->263->275->288->290->293->306->317->358->363->379->384->402->394->407->396->397->401->406->398->403->413->440->454->449->455->460->461->462->471->482->495->497->517->518->537->546->551->553->554->555->562->569->570->573->593->600->602->615->628->637->642->658->668->694->700->709->713->721->734->745->748->749->753->763->765->764->766->783->793->791->815->816->821->826->830->839->854->849->852->860->864->876->866->867->870->880->882->889->887->893->894->910->933->944->946->948->976->978->985->991->995->1017->1024->1031->1068->1071->1077->1079->1091->1100->1110->1120->1116->1122->1139->1167->1168->1181->1173->1175->1178->1189->1191->1199->1204->1182->1184->1193->1205->1210->1223->1229->1230->1241->1232->1237->1242->1244->1251->1269->1408->1434->1428->1453->1462->1463->1481->1497->1499,1499->1500,RESULTS/GA/log_ga_spot.csv
Optimization,N1500_C3_I1,N1500_C3_I1.dat,n_1500/N1500_C3_I1.dat,final_case,N1500,C3,Higher supply,parking_supply,Higher,1500,4878,150,4498,450,0.1,450,1492,1500,0.9,0.5,20.5,1492,1500,0.9,0.5,20.5,0.9,TRUE,inferred_from_previous_exact_lot_solution,1499,357,1499_S001,near,1,0.2671000000000006,0.001572,0.00287,0.12,0.024,0.02687,0.29554200000000064,0.2671000000000006,0.12,0.02687,0.29554200000000064,15.32,17.491268000000034,211706.029,1492->1488->1495->1479->1486->1298->1290->1281->1274->1270->1279->1262->1257->1254->1234->1231->1219->1206->1212->1228->1203->1194->1197->1183->1177->1170->1153->1152->1149->1142->1134->1130->1125->1117->1113->1129->1111->1099->1089->1075->1069->1065->1064->1063->1051->1042->1039->1050->1037->1036->1027->1006->988->981->969->961->929->924->917->912->907->904->903->896->892->905->888->885->878->877->874->865->861->857->856->851->813->810->805->786->762->776->761->757->755->741->725->715->711->723->705->696->691->697->698->689->687->681->674->667->661->659->657->636->609->599->592->588->576->574->586->568->575->581->560->549->547->545->543->540->566->561->548->532->542->530->539->526->524->525->527->522->508->519->501->476->469->463->467->450->439->437->436->430->408->393->387->381->372->371->362->361->356->350->365->348->346->344->366->349->625->606->608->616->603->614->612->594->587->329->324->321->558->552->521->520->514->516->509->493->284->266->492->487->485->479->475->458->464->456->457->441->438->206->420->418->409->198->196->193->190->183->385->380->339->338->341->333->164->163->175->172->169->153->147->272->132->138->319->311->305->303->42->47->295->276->41->101->82->104->36->46->145->23->21->1->9->10->13->14->16->17->4->8->12->24->19->28->22->30->34->54->53->89->49->85->111->100->119->114->122->123->125->133->152->134->181->191->184->194->189->216->223->211->158->173->185->227->231->197->199->204->202->260->263->275->288->290->293->306->317->358->363->379->384->402->394->407->396->397->401->406->398->403->413->440->454->449->455->460->461->462->471->482->495->497->517->518->537->546->551->553->554->555->562->569->570->573->593->600->602->615->628->637->642->658->668->694->700->709->713->721->734->745->748->749->753->763->765->764->766->783->793->791->815->816->821->826->830->839->854->849->852->860->864->876->866->867->870->880->882->889->887->893->894->910->933->944->946->948->976->978->985->991->995->1017->1024->1031->1068->1071->1077->1079->1091->1100->1110->1120->1116->1122->1139->1167->1168->1181->1173->1175->1178->1189->1191->1199->1204->1182->1184->1193->1205->1210->1223->1229->1230->1241->1232->1237->1242->1244->1251->1269->1408->1434->1428->1453->1462->1463->1481->1497->1499,1499->1500,RESULTS/COMBINED_ALL_METHODS/results_all_methods_parameter_sensitivity_spot_level.csv
PSO,N1500_C3_I1,N1500_C3_I1.dat,n_1500/N1500_C3_I1.dat,final_case,N1500,C3,Higher supply,parking_supply,Higher,1500,4878,150,4498,450,0.1,450,1492,1500,0.9,0.5,20.5,1492,1500,0.9,0.5,20.5,0.9,TRUE,solved,1497,383,1497_S001,near,1,0.7376000000000001,0.001562,0.002917,0.1288,0.0258,0.028717,0.7678790000000001,0.7376000000000001,0.1288,0.028717,0.7678790000000001,15.38,43.003466,890633.307,1492->1298->1290->1281->1274->1270->1279->1262->1257->1254->1252->1219->1206->1212->1203->1194->1197->1177->1170->1153->1152->1149->1142->1134->1130->1125->1117->1113->1129->1111->1099->1089->1075->1069->1065->1064->1063->1051->1042->1039->1050->1037->1036->1027->1006->988->981->969->961->929->924->917->912->904->903->896->892->905->888->885->878->877->874->865->861->857->856->851->818->813->810->812->805->786->762->761->757->755->741->725->715->711->723->705->696->691->697->689->687->681->674->667->661->659->657->636->609->599->592->588->576->574->586->568->575->564->581->560->549->547->545->543->540->538->561->548->532->542->534->539->526->524->522->508->501->476->469->463->450->436->430->422->415->408->393->387->372->371->362->361->356->350->353->348->346->349->334->337->331->329->324->321->552->520->514->523->535->298->299->289->284->266->262->259->254->235->233->232->230->229->217->228->210->206->418->409->198->196->193->392->390->383->380->183->178->339->338->335->333->326->316->301->292->153->147->110->112->96->124->118->95->87->99->83->73->116->39->56->44->77->69->68->63->21->1->9->5->6->13->14->11->4->8->12->24->19->28->20->32->30->34->54->53->29->49->85->100->119->114->122->123->125->133->152->134->181->143->194->189->216->187->195->211->170->173->185->197->204->202->260->263->268->275->288->290->293->297->306->317->358->363->379->384->394->407->396->397->401->406->398->403->413->440->449->453->455->460->468->462->471->482->497->517->518->536->537->1500->1497,1497->1500,RESULTS/PSO/log_pso_spot.csv
ACO,N1500_C4_I1,N1500_C4_I1.dat,n_1500/N1500_C4_I1.dat,final_case,N1500,C4,1.00 km,maximum_walking_distance,1.0,1500,4728,75,2274,228,0.1,228,1492,1500,0.9,1.0,20.5,1492,1500,0.9,1.0,20.5,0.9,TRUE,solved,1499,359,1499_S003,near,1,0.17000000000000007,0.002457,0.004497,0.12,0.024,0.028497,0.20095400000000005,0.17000000000000007,0.12,0.028497,0.20095400000000005,15.67,12.418516000000004,111117.662,1492->1490->1298->1290->1281->1274->1270->1279->1262->1257->1254->1234->1219->1206->1228->1203->1194->1197->1177->1170->1153->1152->1149->1142->1134->1130->1125->1117->1113->1129->1111->1099->1089->1075->1069->1065->1064->1063->1051->1042->1039->1050->1037->1036->1027->1006->988->981->969->929->924->917->912->907->904->903->896->892->905->888->885->878->877->874->865->857->856->851->813->810->812->805->786->762->761->757->755->741->725->715->711->723->705->696->691->697->689->687->681->674->667->659->657->636->609->599->592->588->576->574->586->568->575->564->560->549->547->545->543->540->538->561->548->542->534->539->526->525->527->508->501->476->469->463->467->450->436->430->415->408->393->387->372->371->362->373->356->350->353->348->346->344->334->337->331->329->324->321->309->298->296->289->284->266->262->259->254->235->233->232->230->229->217->228->210->206->209->201->198->196->193->190->183->178->174->168->164->163->162->155->169->153->117->115->79->57->52->51->74->62->59->55->37->31->25->36->46->35->23->21->1->5->6->10->11->15->24->19->28->22->30->34->54->53->89->49->85->111->119->114->122->123->125->133->134->181->143->146->156->166->158->173->185->197->204->202->260->263->275->288->290->293->306->317->358->363->379->384->394->407->396->397->401->406->398->403->413->440->449->455->460->468->471->482->497->517->518->537->546->551->553->555->562->569->570->573->593->600->602->615->628->637->642->658->668->694->700->713->721->734->745->748->749->753->763->765->764->766->783->784->791->815->816->821->826->830->839->842->849->852->860->864->866->867->870->880->882->889->887->893->894->910->933->944->946->948->976->978->985->991->995->1017->1024->1031->1071->1077->1079->1091->1100->1110->1120->1122->1139->1167->1168->1173->1175->1178->1192->1204->1182->1184->1193->1205->1210->1223->1229->1230->1241->1232->1237->1242->1244->1251->1269->1499,1499->1500,RESULTS/ACO/log_aco_spot.csv
GA,N1500_C4_I1,N1500_C4_I1.dat,n_1500/N1500_C4_I1.dat,final_case,N1500,C4,1.00 km,maximum_walking_distance,1.0,1500,4728,75,2274,228,0.1,228,1492,1500,0.9,1.0,20.5,1492,1500,0.9,1.0,20.5,0.9,TRUE,solved,1497,384,1497_S002,near,1,0.24230000000000043,0.00178,0.003098,0.1288,0.0258,0.028898,0.27297800000000044,0.24230000000000043,0.1288,0.028898,0.27297800000000044,15.55,16.295812000000026,423419.086,1492->1298->1290->1281->1274->1270->1279->1262->1257->1254->1252->1219->1206->1228->1203->1194->1197->1183->1177->1170->1153->1152->1149->1142->1134->1130->1125->1117->1113->1129->1111->1099->1089->1075->1069->1065->1064->1063->1051->1055->1042->1039->1050->1037->1036->1027->1006->988->981->969->929->924->917->912->904->903->896->892->905->888->885->878->877->874->865->857->856->851->813->810->812->805->786->762->761->757->755->725->715->711->708->705->696->691->697->698->689->687->681->674->667->659->657->636->609->599->592->588->576->574->586->568->575->564->560->549->547->545->543->540->566->561->532->548->542->534->539->526->524->522->527->519->501->476->469->463->467->450->437->436->430->415->408->393->387->381->372->375->371->362->373->361->356->350->365->348->346->344->334->337->331->329->324->321->314->493->284->266->262->259->254->235->233->232->464->466->456->457->451->441->438->206->418->409->404->198->196->193->190->183->385->380->370->339->338->341->335->333->164->163->162->175->169->153->147->272->132->107->92->90->109->87->99->93->83->73->71->80->65->62->66->39->38->55->75->86->84->91->9->1->5->6->10->11->4->3->7->16->14->15->24->19->20->32->30->34->54->53->89->49->67->98->94->121->85->111->119->114->129->122->123->125->133->134->181->143->146->156->187->177->167->158->211->212->224->227->185->192->199->197->204->202->260->263->275->288->290->293->306->317->358->363->379->384->402->394->407->396->397->401->406->398->403->413->440->454->449->455->460->461->462->468->471->482->497->517->518->537->546->551->553->555->562->569->570->573->593->600->602->615->628->637->642->658->668->694->700->713->721->734->745->748->749->753->763->765->764->766->783->784->791->815->816->822->821->826->830->839->842->854->849->852->860->864->866->875->867->870->880->882->889->887->893->894->910->933->944->946->948->976->978->985->991->995->1011->1017->1024->1031->1068->1071->1077->1079->1091->1092->1100->1110->1120->1116->1122->1139->1167->1168->1181->1175->1178->1192->1199->1204->1182->1184->1193->1205->1210->1223->1229->1230->1241->1232->1237->1242->1244->1251->1269->1403->1417->1408->1434->1428->1453->1462->1463->1481->1497,1497->1500,RESULTS/GA/log_ga_spot.csv
Optimization,N1500_C4_I1,N1500_C4_I1.dat,n_1500/N1500_C4_I1.dat,final_case,N1500,C4,1.00 km,maximum_walking_distance,1.0,1500,4728,75,2274,228,0.1,228,1492,1500,0.9,1.0,20.5,1492,1500,0.9,1.0,20.5,0.9,TRUE,inferred_from_previous_exact_lot_solution,1497,383,1497_S001,near,1,0.24230000000000043,0.00149,0.002433,0.1288,0.0258,0.028233,0.2720230000000004,0.24230000000000043,0.1288,0.028233,0.2720230000000004,15.44,16.233242000000022,423419.086,1492->1298->1290->1281->1274->1270->1279->1262->1257->1254->1252->1219->1206->1228->1203->1194->1197->1183->1177->1170->1153->1152->1149->1142->1134->1130->1125->1117->1113->1129->1111->1099->1089->1075->1069->1065->1064->1063->1051->1055->1042->1039->1050->1037->1036->1027->1006->988->981->969->929->924->917->912->904->903->896->892->905->888->885->878->877->874->865->857->856->851->813->810->812->805->786->762->761->757->755->725->715->711->708->705->696->691->697->698->689->687->681->674->667->659->657->636->609->599->592->588->576->574->586->568->575->564->560->549->547->545->543->540->566->561->532->548->542->534->539->526->524->522->527->519->501->476->469->463->467->450->437->436->430->415->408->393->387->381->372->375->371->362->373->361->356->350->365->348->346->344->334->337->331->329->324->321->314->493->284->266->262->259->254->235->233->232->464->466->456->457->451->441->438->206->418->409->404->198->196->193->190->183->385->380->370->339->338->341->335->333->164->163->162->175->169->153->147->272->132->107->92->90->109->87->99->93->83->73->71->80->65->62->66->39->38->55->75->86->84->91->9->1->5->6->10->11->4->3->7->16->14->15->24->19->20->32->30->34->54->53->89->49->67->98->94->121->85->111->119->114->129->122->123->125->133->134->181->143->146->156->187->177->167->158->211->212->224->227->185->192->199->197->204->202->260->263->275->288->290->293->306->317->358->363->379->384->402->394->407->396->397->401->406->398->403->413->440->454->449->455->460->461->462->468->471->482->497->517->518->537->546->551->553->555->562->569->570->573->593->600->602->615->628->637->642->658->668->694->700->713->721->734->745->748->749->753->763->765->764->766->783->784->791->815->816->822->821->826->830->839->842->854->849->852->860->864->866->875->867->870->880->882->889->887->893->894->910->933->944->946->948->976->978->985->991->995->1011->1017->1024->1031->1068->1071->1077->1079->1091->1092->1100->1110->1120->1116->1122->1139->1167->1168->1181->1175->1178->1192->1199->1204->1182->1184->1193->1205->1210->1223->1229->1230->1241->1232->1237->1242->1244->1251->1269->1403->1417->1408->1434->1428->1453->1462->1463->1481->1497,1497->1500,RESULTS/COMBINED_ALL_METHODS/results_all_methods_parameter_sensitivity_spot_level.csv
PSO,N1500_C4_I1,N1500_C4_I1.dat,n_1500/N1500_C4_I1.dat,final_case,N1500,C4,1.00 km,maximum_walking_distance,1.0,1500,4728,75,2274,228,0.1,228,1492,1500,0.9,1.0,20.5,1492,1500,0.9,1.0,20.5,0.9,TRUE,solved,1499,357,1499_S001,near,1,0.2460000000000005,0.001416,0.00233,0.12,0.024,0.02633,0.2737460000000005,0.2460000000000005,0.12,0.02633,0.2737460000000005,15.37,16.319284000000025,626375.409,1492->1298->1290->1281->1274->1270->1279->1262->1257->1254->1234->1219->1206->1212->1203->1194->1197->1177->1170->1153->1152->1149->1142->1134->1130->1125->1117->1113->1129->1111->1099->1089->1075->1069->1065->1064->1063->1051->1042->1039->1050->1037->1036->1027->1006->988->981->969->929->924->917->912->904->903->896->892->905->888->885->878->877->874->865->861->857->856->851->813->810->812->805->786->762->761->757->755->741->725->715->711->723->705->696->691->697->689->687->695->681->674->667->659->657->636->609->599->592->588->576->574->586->568->575->564->581->560->549->547->545->543->540->538->561->548->542->534->539->526->525->527->519->501->476->469->463->467->450->436->430->415->408->393->387->372->371->362->361->356->350->353->365->348->346->349->334->337->331->329->324->321->314->493->289->500->259->254->235->233->232->244->230->229->420->206->418->409->198->196->392->193->190->183->178->174->168->164->333->326->162->172->155->316->292->278->153->147->110->92->90->88->76->73->116->101->82->104->31->37->72->77->69->68->63->46->35->21->1->2->3->4->8->12->24->19->28->22->30->33->45->27->34->54->53->89->49->85->111->119->114->122->123->125->133->152->134->181->143->146->156->216->223->211->212->173->185->197->204->202->260->263->268->275->288->290->293->306->317->358->363->379->384->394->407->396->397->401->406->398->403->413->440->449->453->455->460->461->462->471->482->495->497->517->518->536->537->546->551->553->555->562->569->570->573->593->600->602->615->628->637->642->658->668->694->700->713->721->734->745->748->749->753->763->764->766->783->793->791->815->816->821->826->830->839->854->849->852->860->864->866->875->867->870->880->882->887->893->894->910->933->944->946->948->976->978->985->991->995->1017->1024->1031->1071->1077->1079->1091->1092->1100->1110->1120->1116->1122->1139->1167->1168->1181->1175->1178->1192->1199->1204->1182->1184->1193->1205->1210->1223->1229->1230->1241->1232->1237->1242->1244->1251->1269->1499,1499->1500,RESULTS/PSO/log_pso_spot.csv
ACO,N1500_C5_I1,N1500_C5_I1.dat,n_1500/N1500_C5_I1.dat,final_case,N1500,C5,Medium traffic,traffic_level,Medium,1500,4728,75,2274,228,0.1,228,1492,1500,0.9,0.5,20.5,1492,1500,0.9,0.5,20.5,0.9,TRUE,solved,1463,446,1463_S001,near,1,0.23820000000000024,0.001608,0.003325,0.1857,0.0371,0.040425,0.28023300000000023,0.23820000000000024,0.1857,0.040425,0.28023300000000023,9.68,16.100582000000013,113117.048,1492->1490->1298->1290->1281->1274->1270->1279->1262->1257->1254->1252->1219->1206->1228->1203->1194->1197->1183->1177->1170->1153->1152->1149->1142->1134->1130->1125->1117->1113->1129->1111->1099->1089->1075->1069->1065->1064->1063->1051->1042->1039->1050->1037->1036->1027->1006->988->981->969->929->924->917->912->907->904->903->896->892->905->888->885->878->877->874->865->857->856->851->818->813->810->812->805->786->762->761->757->755->725->715->711->708->705->696->691->697->689->687->681->674->667->659->657->636->609->599->592->588->576->574->586->568->575->564->560->549->547->545->543->540->538->561->532->542->534->539->526->525->527->508->501->476->469->463->450->437->436->430->408->393->387->372->375->371->362->373->356->350->353->348->346->344->334->337->331->329->324->321->309->298->299->289->284->266->262->259->254->235->233->232->230->229->217->228->210->206->209->201->198->196->193->190->183->178->174->168->164->163->175->169->153->117->105->96->92->90->60->48->47->42->41->40->56->39->38->55->37->31->25->36->46->35->23->21->1->5->6->13->14->15->24->19->28->22->30->34->54->53->89->49->85->111->119->114->122->123->125->133->134->181->143->146->156->166->158->173->185->192->204->202->260->263->275->288->290->293->306->317->358->363->379->384->394->407->396->397->401->406->398->403->413->440->449->455->460->468->462->471->482->497->517->518->536->537->546->551->553->555->562->569->570->573->593->600->602->615->628->637->642->658->668->694->700->713->721->734->745->748->749->753->763->764->766->783->784->791->815->816->821->826->830->839->842->849->852->860->864->866->867->870->880->882->889->887->893->894->910->933->944->946->948->976->978->985->991->995->1017->1024->1031->1071->1077->1079->1091->1100->1110->1120->1122->1139->1167->1168->1173->1175->1178->1192->1204->1182->1184->1193->1205->1210->1223->1229->1230->1241->1232->1237->1242->1244->1251->1269->1417->1434->1428->1453->1462->1463,1463->1500,RESULTS/ACO/log_aco_spot.csv
GA,N1500_C5_I1,N1500_C5_I1.dat,n_1500/N1500_C5_I1.dat,final_case,N1500,C5,Medium traffic,traffic_level,Medium,1500,4728,75,2274,228,0.1,228,1492,1500,0.9,0.5,20.5,1492,1500,0.9,0.5,20.5,0.9,TRUE,solved,1499,357,1499_S001,near,1,0.34330000000000027,0.001512,0.00281,0.12,0.024,0.02681,0.3716220000000003,0.34330000000000027,0.12,0.02681,0.3716220000000003,15.31,21.598588000000014,215721.994,1492->1490->1298->1290->1281->1274->1270->1279->1262->1257->1254->1234->1219->1206->1212->1228->1203->1194->1197->1177->1170->1153->1152->1149->1142->1134->1130->1125->1117->1113->1129->1111->1105->1099->1089->1075->1069->1065->1064->1063->1051->1055->1042->1039->1050->1037->1036->1027->1006->988->981->969->961->929->924->917->912->904->903->896->892->905->888->885->878->877->874->865->857->856->851->813->810->805->786->762->761->776->757->755->725->715->711->723->705->696->691->697->698->689->687->681->674->667->659->657->636->609->599->592->588->576->574->586->568->575->581->560->549->547->545->543->540->538->561->548->542->534->539->526->525->527->522->508->501->476->469->463->450->437->436->430->408->393->387->381->372->375->371->362->361->356->350->353->348->635->626->625->606->616->603->614->612->594->587->577->559->558->552->520->514->509->493->284->266->262->259->254->235->457->441->451->206->418->409->198->196->392->193->190->183->370->339->338->163->175->169->153->137->132->138->319->311->41->40->66->103->104->25->36->46->35->21->1->5->6->2->3->10->11->15->18->24->19->20->26->30->22->32->33->27->34->54->29->49->121->94->98->67->85->111->100->119->114->129->122->123->125->133->134->181->191->184->189->146->156->166->158->173->185->197->204->202->260->265->263->275->288->290->293->297->306->317->358->363->379->384->402->394->407->396->397->401->406->398->403->413->440->449->455->460->461->462->471->482->495->497->517->518->537->546->551->553->554->555->562->569->570->573->593->600->602->615->628->637->642->658->668->694->700->709->713->721->734->745->748->749->753->763->764->766->783->784->791->815->816->822->821->826->830->839->842->854->849->852->860->864->876->866->875->867->870->880->882->887->893->894->910->933->944->946->948->976->978->985->991->995->1017->1024->1031->1071->1077->1079->1091->1092->1100->1110->1120->1116->1122->1139->1167->1168->1181->1173->1175->1189->1192->1180->1182->1184->1193->1205->1210->1223->1229->1230->1241->1232->1237->1242->1244->1251->1269->1428->1453->1462->1463->1481->1497->1499,1499->1500,RESULTS/GA/log_ga_spot.csv
Optimization,N1500_C5_I1,N1500_C5_I1.dat,n_1500/N1500_C5_I1.dat,final_case,N1500,C5,Medium traffic,traffic_level,Medium,1500,4728,75,2274,228,0.1,228,1492,1500,0.9,0.5,20.5,1492,1500,0.9,0.5,20.5,0.9,TRUE,inferred_from_previous_exact_lot_solution,1434,638,1434_S001,near,1,0.30840000000000023,0.001811,0.004248,0.298,0.0596,0.063848,0.37405900000000025,0.30840000000000023,0.298,0.063848,0.37405900000000025,9.68,21.16718600000001,1067337.607,1492->1490->1298->1290->1281->1274->1270->1279->1262->1257->1254->1252->1219->1206->1212->1228->1203->1194->1197->1177->1170->1153->1152->1149->1142->1134->1130->1125->1117->1113->1129->1111->1099->1089->1075->1069->1065->1064->1063->1051->1055->1042->1039->1050->1037->1036->1027->1006->988->981->969->929->924->917->912->907->904->903->896->892->905->888->885->878->877->874->865->857->856->851->813->810->805->786->762->761->757->755->741->725->715->711->723->705->696->691->697->689->687->681->674->667->659->657->636->609->599->592->588->576->574->586->568->575->564->560->549->547->545->543->540->538->561->548->542->534->539->526->525->524->522->508->501->476->469->463->450->439->437->436->430->422->415->408->393->387->381->372->371->362->361->356->350->353->348->346->349->334->337->331->329->594->587->577->559->324->321->309->298->296->299->289->500->259->254->235->233->232->230->229->219->217->228->210->206->209->201->198->196->193->190->183->178->339->338->335->333->326->316->292->153->147->110->105->96->107->118->95->87->97->99->83->73->116->101->82->150->145->23->21->1->2->3->4->8->15->24->19->20->26->33->27->34->54->53->89->49->85->111->119->114->122->123->125->133->134->181->143->146->216->156->166->158->170->211->212->227->185->197->204->202->260->265->263->275->288->290->293->306->317->358->363->379->384->394->407->396->397->401->406->398->403->413->440->454->449->455->460->468->462->471->482->495->497->517->518->537->546->551->553->554->555->562->569->570->573->593->600->602->615->628->637->642->658->668->694->700->713->721->734->745->748->749->753->763->764->766->783->784->791->815->816->821->826->830->839->854->849->852->860->864->866->875->867->870->880->882->889->887->893->894->910->933->944->946->948->976->978->985->991->995->1017->1024->1031->1071->1077->1079->1091->1100->1110->1120->1116->1122->1139->1167->1168->1173->1175->1178->1192->1180->1182->1184->1193->1205->1210->1223->1229->1230->1241->1232->1237->1242->1244->1251->1269->1426->1434,1434->1500,RESULTS/COMBINED_ALL_METHODS/results_all_methods_parameter_sensitivity_spot_level.csv
PSO,N1500_C5_I1,N1500_C5_I1.dat,n_1500/N1500_C5_I1.dat,final_case,N1500,C5,Medium traffic,traffic_level,Medium,1500,4728,75,2274,228,0.1,228,1492,1500,0.9,0.5,20.5,1492,1500,0.9,0.5,20.5,0.9,TRUE,solved,1434,638,1434_S001,near,1,0.30840000000000023,0.001766,0.004204,0.298,0.0596,0.063804,0.37397000000000025,0.30840000000000023,0.298,0.063804,0.37397000000000025,9.68,21.162380000000017,1038217.69,1492->1490->1298->1290->1281->1274->1270->1279->1262->1257->1254->1252->1219->1206->1212->1228->1203->1194->1197->1177->1170->1153->1152->1149->1142->1134->1130->1125->1117->1113->1129->1111->1099->1089->1075->1069->1065->1064->1063->1051->1055->1042->1039->1050->1037->1036->1027->1006->988->981->969->929->924->917->912->907->904->903->896->892->905->888->885->878->877->874->865->857->856->851->813->810->805->786->762->761->757->755->741->725->715->711->723->705->696->691->697->689->687->681->674->667->659->657->636->609->599->592->588->576->574->586->568->575->564->560->549->547->545->543->540->538->561->548->542->534->539->526->525->524->522->508->501->476->469->463->450->439->437->436->430->422->415->408->393->387->381->372->371->362->361->356->350->353->348->346->349->334->337->331->329->594->587->577->559->324->321->309->298->296->299->289->500->259->254->235->233->232->230->229->219->217->228->210->206->209->201->198->196->193->190->183->178->339->338->335->333->326->316->292->153->147->110->105->96->107->118->95->87->97->99->83->73->116->101->82->150->145->23->21->1->2->3->4->8->15->24->19->20->26->33->27->34->54->53->89->49->85->111->119->114->122->123->125->133->134->181->143->146->216->156->166->158->170->211->212->227->185->197->204->202->260->265->263->275->288->290->293->306->317->358->363->379->384->394->407->396->397->401->406->398->403->413->440->454->449->455->460->468->462->471->482->495->497->517->518->537->546->551->553->554->555->562->569->570->573->593->600->602->615->628->637->642->658->668->694->700->713->721->734->745->748->749->753->763->764->766->783->784->791->815->816->821->826->830->839->854->849->852->860->864->866->875->867->870->880->882->889->887->893->894->910->933->944->946->948->976->978->985->991->995->1017->1024->1031->1071->1077->1079->1091->1100->1110->1120->1116->1122->1139->1167->1168->1173->1175->1178->1192->1180->1182->1184->1193->1205->1210->1223->1229->1230->1241->1232->1237->1242->1244->1251->1269->1426->1434,1434->1500,RESULTS/PSO/log_pso_spot.csv
ACO,N1500_C6_I1,N1500_C6_I1.dat,n_1500/N1500_C6_I1.dat,final_case,N1500,C6,High traffic,traffic_level,High,1500,4728,75,2274,228,0.1,228,1492,1500,0.9,0.5,20.5,1492,1500,0.9,0.5,20.5,0.9,TRUE,solved,1463,446,1463_S001,near,1,0.5037000000000003,0.001608,0.003325,0.1857,0.0371,0.040425,0.5457330000000004,0.5037000000000003,0.1857,0.040425,0.5457330000000004,9.68,30.43758200000002,120192.246,1492->1488->1495->1479->1298->1290->1281->1274->1270->1279->1262->1257->1254->1234->1219->1206->1212->1203->1194->1197->1177->1170->1153->1152->1149->1142->1134->1130->1125->1117->1113->1129->1111->1105->1099->1089->1075->1069->1065->1064->1063->1051->1042->1039->1050->1037->1036->1027->1006->988->981->969->929->924->917->912->907->904->903->896->892->905->888->885->878->877->874->865->857->856->851->818->813->810->812->805->786->762->761->757->755->725->715->711->723->705->696->691->697->698->689->687->681->674->667->659->657->636->609->599->592->588->576->574->586->568->575->564->560->549->547->545->543->540->538->561->548->542->530->539->526->525->527->508->501->476->469->463->450->436->430->415->408->393->387->372->371->362->373->356->350->353->348->346->344->334->337->331->329->324->321->309->298->299->289->284->266->262->259->254->235->233->232->244->230->229->217->228->210->206->209->201->198->196->193->190->183->178->174->168->164->163->175->169->153->147->110->92->90->50->48->47->42->41->81->77->69->68->63->21->1->9->10->13->14->15->24->19->28->22->30->34->54->29->49->85->100->119->114->122->123->125->133->134->181->143->146->156->166->158->173->185->197->204->202->260->263->275->288->290->293->306->317->358->363->379->384->394->407->396->397->401->406->398->403->413->440->449->455->460->468->471->482->495->497->517->518->536->537->546->551->553->555->562->569->570->573->593->600->602->615->628->637->642->658->668->694->700->709->713->721->734->745->748->749->753->763->764->766->783->784->791->815->816->821->826->830->839->854->849->852->860->864->866->867->870->880->882->889->887->893->894->910->933->944->946->956->976->978->985->991->995->1017->1024->1031->1071->1077->1079->1091->1100->1110->1120->1116->1122->1139->1167->1168->1173->1175->1189->1192->1204->1182->1184->1193->1205->1210->1223->1229->1230->1241->1232->1237->1242->1244->1251->1269->1403->1417->1434->1428->1453->1462->1463,1463->1500,RESULTS/ACO/log_aco_spot.csv
GA,N1500_C6_I1,N1500_C6_I1.dat,n_1500/N1500_C6_I1.dat,final_case,N1500,C6,High traffic,traffic_level,High,1500,4728,75,2274,228,0.1,228,1492,1500,0.9,0.5,20.5,1492,1500,0.9,0.5,20.5,0.9,TRUE,solved,1463,446,1463_S001,near,1,0.8819,0.001608,0.003325,0.1857,0.0371,0.040425,0.9239330000000001,0.8819,0.1857,0.040425,0.9239330000000001,9.68,50.860382,353622.49,1492->1298->1290->1281->1274->1270->1279->1277->1262->1257->1254->1234->1231->1219->1206->1212->1203->1194->1197->1183->1177->1170->1153->1152->1149->1142->1134->1130->1125->1117->1113->1129->1111->1099->1089->1075->1069->1065->1064->1063->1051->1042->1039->1050->1037->1036->1027->1006->988->981->969->961->929->924->917->912->904->903->896->892->905->888->885->878->877->874->865->857->856->851->813->810->812->805->786->762->776->761->757->755->725->715->711->708->705->696->691->697->689->687->681->674->667->659->669->657->636->609->599->592->588->576->574->586->568->575->581->560->549->547->545->543->540->538->561->548->532->542->534->539->526->525->527->522->508->501->476->469->463->450->436->430->422->415->408->393->387->381->372->371->362->373->361->356->350->365->348->346->344->349->625->606->608->616->603->614->612->594->587->577->559->558->552->520->514->509->493->289->500->487->485->479->475->458->464->456->457->441->206->209->201->198->196->193->190->183->178->174->370->339->338->335->333->326->318->301->292->278->277->147->137->132->130->138->319->311->303->300->255->62->66->56->44->77->145->35->21->1->5->6->10->13->14->11->4->8->12->18->17->15->24->19->28->22->32->26->30->34->54->53->89->49->85->111->119->114->122->123->125->133->134->181->191->143->146->156->166->158->170->173->185->227->231->197->199->204->202->260->265->263->268->275->288->290->293->297->306->317->358->363->379->384->402->394->407->396->397->401->406->398->399->403->413->440->454->449->453->455->460->468->471->482->495->497->517->518->536->537->546->551->553->555->562->569->570->573->593->600->602->615->628->637->642->658->668->694->700->713->721->734->745->748->749->753->763->765->764->766->783->784->793->791->815->816->821->826->830->839->842->849->852->860->864->876->866->875->867->870->880->882->889->887->893->894->910->933->944->946->956->976->978->985->991->995->1500->1499->1497->1481->1463,1463->1500,RESULTS/GA/log_ga_spot.csv
Optimization,N1500_C6_I1,N1500_C6_I1.dat,n_1500/N1500_C6_I1.dat,final_case,N1500,C6,High traffic,traffic_level,High,1500,4728,75,2274,228,0.1,228,1492,1500,0.9,0.5,20.5,1492,1500,0.9,0.5,20.5,0.9,TRUE,inferred_from_previous_exact_lot_solution,1403,697,1403_S001,near,1,0.6711999999999999,0.001873,0.004448,0.3197,0.0639,0.06834799999999999,0.7414209999999999,0.6711999999999999,0.3197,0.06834799999999999,0.7414209999999999,17.04,41.740733999999996,696412.032,1492->1488->1298->1290->1281->1274->1270->1279->1262->1257->1254->1252->1219->1206->1228->1203->1194->1197->1177->1170->1153->1152->1149->1142->1134->1130->1125->1117->1113->1129->1111->1105->1099->1089->1075->1069->1065->1064->1063->1051->1042->1039->1050->1037->1036->1027->1006->988->981->969->929->924->917->912->907->904->903->896->892->905->888->885->878->877->874->865->861->857->856->851->813->810->812->805->786->762->761->757->755->725->715->711->708->705->696->691->697->689->687->681->674->667->659->669->657->636->609->599->592->588->576->574->586->568->575->564->560->549->547->545->543->540->538->561->548->542->530->539->526->525->527->519->501->476->469->463->450->436->430->408->393->387->372->371->362->361->356->350->353->348->346->344->349->334->337->331->329->324->577->559->558->552->521->314->309->298->299->289->500->259->254->235->457->451->206->210->420->418->409->404->392->193->190->183->178->174->168->164->163->175->169->153->147->110->92->90->88->83->73->116->65->62->59->55->37->31->69->68->36->46->35->21->1->2->3->4->17->18->24->19->28->22->30->34->54->53->89->98->121->85->100->119->114->122->123->125->133->134->181->143->146->216->223->211->212->173->185->197->204->202->260->263->275->288->290->293->306->317->358->363->379->384->394->407->396->397->401->406->398->403->413->440->449->455->460->468->462->471->482->497->517->518->536->537->546->551->553->554->555->562->569->570->573->593->600->602->615->628->637->642->658->668->694->700->713->721->734->745->748->749->753->763->765->764->766->783->784->791->815->816->821->826->830->839->854->849->852->860->864->866->875->867->870->880->882->889->887->893->894->910->933->944->946->948->956->976->978->985->991->995->1017->1024->1031->1071->1077->1079->1091->1100->1110->1120->1116->1122->1139->1167->1168->1181->1175->1189->1192->1199->1204->1182->1184->1193->1205->1210->1223->1229->1230->1241->1232->1237->1242->1244->1251->1269->1403,1403->1500,RESULTS/COMBINED_ALL_METHODS/results_all_methods_parameter_sensitivity_spot_level.csv
PSO,N1500_C6_I1,N1500_C6_I1.dat,n_1500/N1500_C6_I1.dat,final_case,N1500,C6,High traffic,traffic_level,High,1500,4728,75,2274,228,0.1,228,1492,1500,0.9,0.5,20.5,1492,1500,0.9,0.5,20.5,0.9,TRUE,solved,1403,700,1403_S004,near,1,0.6711999999999999,0.003008,0.007755,0.3197,0.0639,0.071655,0.7458629999999999,0.6711999999999999,0.3197,0.071655,0.7458629999999999,17.39,42.015601999999994,438396.822,1492->1488->1298->1290->1281->1274->1270->1279->1262->1257->1254->1252->1219->1206->1228->1203->1194->1197->1177->1170->1153->1152->1149->1142->1134->1130->1125->1117->1113->1129->1111->1105->1099->1089->1075->1069->1065->1064->1063->1051->1042->1039->1050->1037->1036->1027->1006->988->981->969->929->924->917->912->907->904->903->896->892->905->888->885->878->877->874->865->861->857->856->851->813->810->812->805->786->762->761->757->755->725->715->711->708->705->696->691->697->689->687->681->674->667->659->669->657->636->609->599->592->588->576->574->586->568->575->564->560->549->547->545->543->540->538->561->548->542->530->539->526->525->527->519->501->476->469->463->450->436->430->408->393->387->372->371->362->361->356->350->353->348->346->344->349->334->337->331->329->324->577->559->558->552->521->314->309->298->299->289->500->259->254->235->457->451->206->210->420->418->409->404->392->193->190->183->178->174->168->164->163->175->169->153->147->110->92->90->88->83->73->116->65->62->59->55->37->31->69->68->36->46->35->21->1->2->3->4->17->18->24->19->28->22->30->34->54->53->89->98->121->85->100->119->114->122->123->125->133->134->181->143->146->216->223->211->212->173->185->197->204->202->260->263->275->288->290->293->306->317->358->363->379->384->394->407->396->397->401->406->398->403->413->440->449->455->460->468->462->471->482->497->517->518->536->537->546->551->553->554->555->562->569->570->573->593->600->602->615->628->637->642->658->668->694->700->713->721->734->745->748->749->753->763->765->764->766->783->784->791->815->816->821->826->830->839->854->849->852->860->864->866->875->867->870->880->882->889->887->893->894->910->933->944->946->948->956->976->978->985->991->995->1017->1024->1031->1071->1077->1079->1091->1100->1110->1120->1116->1122->1139->1167->1168->1181->1175->1189->1192->1199->1204->1182->1184->1193->1205->1210->1223->1229->1230->1241->1232->1237->1242->1244->1251->1269->1403,1403->1500,RESULTS/PSO/log_pso_spot.csv
ACO,N1500_C7_I1,N1500_C7_I1.dat,n_1500/N1500_C7_I1.dat,final_case,N1500,C7,Alpha 0.80,objective_weight_alpha,0.8,1500,4728,75,2274,228,0.1,228,1492,1500,0.9,0.5,20.5,1492,1500,0.9,0.5,20.5,0.9,TRUE,solved,1499,359,1499_S003,near,1,0.17000000000000007,0.00256,0.005178,0.12,0.024,0.029178000000000003,0.20173800000000008,0.17000000000000007,0.12,0.029178000000000003,0.20173800000000008,15.6,12.453852000000005,117514.12,1492->1490->1298->1290->1281->1274->1270->1279->1262->1257->1254->1234->1219->1206->1228->1203->1194->1197->1177->1170->1153->1152->1149->1142->1134->1130->1125->1117->1113->1129->1111->1099->1089->1075->1069->1065->1064->1063->1051->1042->1039->1050->1037->1036->1027->1006->988->981->969->929->924->917->912->907->904->903->896->892->905->888->885->878->877->874->865->857->856->851->813->810->812->805->786->762->761->757->755->741->725->715->711->723->705->696->691->697->689->687->681->674->667->659->657->636->609->599->592->588->576->574->586->568->575->564->560->549->547->545->543->540->538->561->548->542->534->539->526->525->527->508->501->476->469->463->467->450->436->430->415->408->393->387->372->371->362->373->356->350->353->348->346->344->334->337->331->329->324->321->309->298->296->289->284->266->262->259->254->235->233->232->230->229->217->228->210->206->209->201->198->196->193->190->183->178->174->168->164->163->162->155->169->153->117->115->79->57->52->51->74->62->59->55->37->31->25->36->46->35->23->21->1->5->6->10->11->15->24->19->28->22->30->34->54->53->89->49->85->111->119->114->122->123->125->133->134->181->143->146->156->166->158->173->185->197->204->202->260->263->275->288->290->293->306->317->358->363->379->384->394->407->396->397->401->406->398->403->413->440->449->455->460->468->471->482->497->517->518->537->546->551->553->555->562->569->570->573->593->600->602->615->628->637->642->658->668->694->700->713->721->734->745->748->749->753->763->765->764->766->783->784->791->815->816->821->826->830->839->842->849->852->860->864->866->867->870->880->882->889->887->893->894->910->933->944->946->948->976->978->985->991->995->1017->1024->1031->1071->1077->1079->1091->1100->1110->1120->1122->1139->1167->1168->1173->1175->1178->1192->1204->1182->1184->1193->1205->1210->1223->1229->1230->1241->1232->1237->1242->1244->1251->1269->1499,1499->1500,RESULTS/ACO/log_aco_spot.csv
GA,N1500_C7_I1,N1500_C7_I1.dat,n_1500/N1500_C7_I1.dat,final_case,N1500,C7,Alpha 0.80,objective_weight_alpha,0.8,1500,4728,75,2274,228,0.1,228,1492,1500,0.9,0.5,20.5,1492,1500,0.9,0.5,20.5,0.9,TRUE,solved,1463,446,1463_S001,near,1,0.24930000000000044,0.001608,0.003325,0.1857,0.0371,0.040425,0.29133300000000045,0.24930000000000044,0.1857,0.040425,0.29133300000000045,9.68,16.699982000000023,405538.912,1492->1488->1298->1290->1281->1274->1270->1279->1262->1257->1254->1234->1219->1206->1212->1203->1194->1197->1183->1177->1170->1153->1152->1149->1142->1134->1130->1125->1117->1113->1129->1111->1099->1089->1075->1069->1065->1064->1063->1051->1042->1039->1050->1037->1036->1027->1006->988->981->969->961->929->924->917->912->904->903->896->892->905->888->885->878->877->874->865->861->857->856->851->813->810->812->805->786->762->761->776->757->755->741->725->715->711->708->723->705->696->691->697->698->689->687->681->674->667->659->657->636->609->599->592->588->576->574->586->568->575->581->560->549->547->545->543->540->538->561->548->542->530->534->539->526->524->522->527->519->508->501->476->469->463->467->450->436->430->422->415->408->393->387->381->372->371->362->361->356->350->365->353->633->635->626->625->349->366->344->334->337->331->329->324->321->309->298->296->289->284->493->491->487->492->500->259->254->456->457->441->206->420->418->409->404->392->390->383->190->183->370->339->338->335->333->326->318->301->316->172->162->163->175->169->153->137->132->138->319->311->303->315->255->38->55->75->86->84->58->46->35->23->63->68->36->25->69->77->72->91->9->5->6->13->14->15->24->19->28->22->30->34->54->53->89->49->121->85->100->111->119->114->129->122->123->125->133->134->181->143->146->156->166->167->158->170->173->212->224->227->231->197->199->192->204->202->260->263->268->275->288->290->293->306->317->358->363->379->384->394->407->396->397->401->406->398->399->403->413->440->449->455->460->461->462->471->482->497->517->518->536->537->546->551->553->555->562->569->570->573->593->600->602->615->628->637->642->658->668->694->700->709->713->721->734->745->748->749->753->763->765->764->766->783->793->791->815->816->822->821->826->830->839->842->849->852->860->864->876->866->867->870->880->882->887->893->894->910->933->944->946->948->976->978->985->991->995->1011->1017->1024->1031->1068->1071->1077->1079->1091->1092->1100->1110->1120->1122->1139->1167->1168->1173->1181->1175->1189->1191->1199->1204->1180->1182->1184->1193->1205->1210->1223->1229->1230->1241->1232->1237->1242->1244->1251->1269->1463,1463->1500,RESULTS/GA/log_ga_spot.csv
Optimization,N1500_C7_I1,N1500_C7_I1.dat,n_1500/N1500_C7_I1.dat,final_case,N1500,C7,Alpha 0.80,objective_weight_alpha,0.8,1500,4728,75,2274,228,0.1,228,1492,1500,0.9,0.5,20.5,1492,1500,0.9,0.5,20.5,0.9,TRUE,inferred_from_previous_exact_lot_solution,1499,357,1499_S001,near,1,0.2246000000000004,0.001572,0.00287,0.12,0.024,0.02687,0.2530420000000004,0.2246000000000004,0.12,0.02687,0.2530420000000004,15.32,15.196268000000023,793896.697,1492->1298->1290->1281->1274->1270->1279->1262->1257->1254->1234->1231->1219->1206->1212->1228->1203->1194->1197->1177->1170->1153->1152->1149->1142->1134->1130->1125->1117->1113->1129->1111->1099->1089->1075->1069->1065->1064->1063->1051->1042->1039->1050->1037->1036->1027->1006->988->981->969->929->924->917->912->904->903->896->892->905->888->885->878->877->874->865->857->856->851->813->810->812->805->786->762->761->757->755->725->715->711->723->705->696->691->697->698->689->687->681->674->667->659->669->657->636->609->599->592->588->576->574->586->568->575->564->581->560->549->547->545->543->540->538->561->532->542->534->539->526->525->527->519->501->476->469->463->450->439->437->436->430->415->408->393->387->372->371->362->361->356->350->365->348->346->344->366->349->334->337->331->329->324->321->309->298->299->289->500->259->254->235->233->441->451->206->209->410->409->198->196->193->190->183->370->178->174->168->164->341->333->326->318->316->292->153->117->105->110->92->90->97->99->83->73->116->101->82->104->36->68->63->23->35->21->1->5->6->10->11->14->15->24->19->28->26->33->45->27->34->54->53->29->49->85->111->119->114->122->123->125->133->152->134->181->143->194->189->146->156->187->177->167->158->173->185->192->204->202->260->265->263->268->275->288->290->293->306->317->358->363->379->384->394->407->396->397->401->406->398->403->413->440->449->453->455->460->468->471->482->497->517->518->536->537->546->551->553->554->555->562->569->570->573->593->600->602->615->628->637->642->658->668->694->700->709->713->721->734->745->748->749->753->763->765->764->766->783->784->791->815->816->821->826->830->839->854->849->852->860->864->866->867->870->880->882->889->887->893->894->910->933->944->946->948->976->978->985->991->995->1017->1024->1031->1068->1071->1077->1079->1091->1100->1110->1120->1122->1139->1167->1168->1173->1175->1189->1192->1191->1199->1204->1182->1184->1193->1205->1210->1223->1229->1230->1241->1232->1237->1242->1244->1251->1269->1499,1499->1500,RESULTS/COMBINED_ALL_METHODS/results_all_methods_parameter_sensitivity_spot_level.csv
PSO,N1500_C7_I1,N1500_C7_I1.dat,n_1500/N1500_C7_I1.dat,final_case,N1500,C7,Alpha 0.80,objective_weight_alpha,0.8,1500,4728,75,2274,228,0.1,228,1492,1500,0.9,0.5,20.5,1492,1500,0.9,0.5,20.5,0.9,TRUE,solved,1499,357,1499_S001,near,1,0.2246000000000004,0.001512,0.00281,0.12,0.024,0.02681,0.2529220000000004,0.2246000000000004,0.12,0.02681,0.2529220000000004,15.31,15.188788000000024,703559.263,1492->1298->1290->1281->1274->1270->1279->1262->1257->1254->1234->1231->1219->1206->1212->1228->1203->1194->1197->1177->1170->1153->1152->1149->1142->1134->1130->1125->1117->1113->1129->1111->1099->1089->1075->1069->1065->1064->1063->1051->1042->1039->1050->1037->1036->1027->1006->988->981->969->929->924->917->912->904->903->896->892->905->888->885->878->877->874->865->857->856->851->813->810->812->805->786->762->761->757->755->725->715->711->723->705->696->691->697->698->689->687->681->674->667->659->669->657->636->609->599->592->588->576->574->586->568->575->564->581->560->549->547->545->543->540->538->561->532->542->534->539->526->525->527->519->501->476->469->463->450->439->437->436->430->415->408->393->387->372->371->362->361->356->350->365->348->346->344->366->349->334->337->331->329->324->321->309->298->299->289->500->259->254->235->233->441->451->206->209->410->409->198->196->193->190->183->370->178->174->168->164->341->333->326->318->316->292->153->117->105->110->92->90->97->99->83->73->116->101->82->104->36->68->63->23->35->21->1->5->6->10->11->14->15->24->19->28->26->33->45->27->34->54->53->29->49->85->111->119->114->122->123->125->133->152->134->181->143->194->189->146->156->187->177->167->158->173->185->192->204->202->260->265->263->268->275->288->290->293->306->317->358->363->379->384->394->407->396->397->401->406->398->403->413->440->449->453->455->460->468->471->482->497->517->518->536->537->546->551->553->554->555->562->569->570->573->593->600->602->615->628->637->642->658->668->694->700->709->713->721->734->745->748->749->753->763->765->764->766->783->784->791->815->816->821->826->830->839->854->849->852->860->864->866->867->870->880->882->889->887->893->894->910->933->944->946->948->976->978->985->991->995->1017->1024->1031->1068->1071->1077->1079->1091->1100->1110->1120->1122->1139->1167->1168->1173->1175->1189->1192->1191->1199->1204->1182->1184->1193->1205->1210->1223->1229->1230->1241->1232->1237->1242->1244->1251->1269->1499,1499->1500,RESULTS/PSO/log_pso_spot.csv
ACO,N1500_C8_I1,N1500_C8_I1.dat,n_1500/N1500_C8_I1.dat,final_case,N1500,C8,Alpha 0.20,objective_weight_alpha,0.2,1500,4728,75,2274,228,0.1,228,1492,1500,0.1,0.5,20.5,1492,1500,0.1,0.5,20.5,0.1,TRUE,solved,1499,358,1499_S002,near,1,0.17000000000000007,0.002017,0.003976,0.12,0.024,0.027976,0.19999300000000006,0.17000000000000007,0.12,0.027976,0.19999300000000006,15.46,15.113958000000002,117078.691,1492->1490->1298->1290->1281->1274->1270->1279->1262->1257->1254->1234->1219->1206->1228->1203->1194->1197->1177->1170->1153->1152->1149->1142->1134->1130->1125->1117->1113->1129->1111->1099->1089->1075->1069->1065->1064->1063->1051->1042->1039->1050->1037->1036->1027->1006->988->981->969->929->924->917->912->907->904->903->896->892->905->888->885->878->877->874->865->857->856->851->813->810->812->805->786->762->761->757->755->741->725->715->711->723->705->696->691->697->689->687->681->674->667->659->657->636->609->599->592->588->576->574->586->568->575->564->560->549->547->545->543->540->538->561->548->542->534->539->526->525->527->508->501->476->469->463->467->450->436->430->415->408->393->387->372->371->362->373->356->350->353->348->346->344->334->337->331->329->324->321->309->298->296->289->284->266->262->259->254->235->233->232->230->229->217->228->210->206->209->201->198->196->193->190->183->178->174->168->164->163->162->155->169->153->117->115->79->57->52->51->74->62->59->55->37->31->25->36->46->35->23->21->1->5->6->10->11->15->24->19->28->22->30->34->54->53->89->49->85->111->119->114->122->123->125->133->134->181->143->146->156->166->158->173->185->197->204->202->260->263->275->288->290->293->306->317->358->363->379->384->394->407->396->397->401->406->398->403->413->440->449->455->460->468->471->482->497->517->518->537->546->551->553->555->562->569->570->573->593->600->602->615->628->637->642->658->668->694->700->713->721->734->745->748->749->753->763->765->764->766->783->784->791->815->816->821->826->830->839->842->849->852->860->864->866->867->870->880->882->889->887->893->894->910->933->944->946->948->976->978->985->991->995->1017->1024->1031->1071->1077->1079->1091->1100->1110->1120->1122->1139->1167->1168->1173->1175->1178->1192->1204->1182->1184->1193->1205->1210->1223->1229->1230->1241->1232->1237->1242->1244->1251->1269->1499,1499->1500,RESULTS/ACO/log_aco_spot.csv
GA,N1500_C8_I1,N1500_C8_I1.dat,n_1500/N1500_C8_I1.dat,final_case,N1500,C8,Alpha 0.20,objective_weight_alpha,0.2,1500,4728,75,2274,228,0.1,228,1492,1500,0.1,0.5,20.5,1492,1500,0.1,0.5,20.5,0.1,TRUE,solved,1463,446,1463_S001,near,1,0.24930000000000044,0.001608,0.003325,0.1857,0.0371,0.040425,0.29133300000000045,0.24930000000000044,0.1857,0.040425,0.29133300000000045,9.68,10.459998000000002,400411.515,1492->1488->1298->1290->1281->1274->1270->1279->1262->1257->1254->1234->1219->1206->1212->1203->1194->1197->1183->1177->1170->1153->1152->1149->1142->1134->1130->1125->1117->1113->1129->1111->1099->1089->1075->1069->1065->1064->1063->1051->1042->1039->1050->1037->1036->1027->1006->988->981->969->961->929->924->917->912->904->903->896->892->905->888->885->878->877->874->865->861->857->856->851->813->810->812->805->786->762->761->776->757->755->741->725->715->711->708->723->705->696->691->697->698->689->687->681->674->667->659->657->636->609->599->592->588->576->574->586->568->575->581->560->549->547->545->543->540->538->561->548->542->530->534->539->526->524->522->527->519->508->501->476->469->463->467->450->436->430->422->415->408->393->387->381->372->371->362->361->356->350->365->353->633->635->626->625->349->366->344->334->337->331->329->324->321->309->298->296->289->284->493->491->487->492->500->259->254->456->457->441->206->420->418->409->404->392->390->383->190->183->370->339->338->335->333->326->318->301->316->172->162->163->175->169->153->137->132->138->319->311->303->315->255->38->55->75->86->84->58->46->35->23->63->68->36->25->69->77->72->91->9->5->6->13->14->15->24->19->28->22->30->34->54->53->89->49->121->85->100->111->119->114->129->122->123->125->133->134->181->143->146->156->166->167->158->170->173->212->224->227->231->197->199->192->204->202->260->263->268->275->288->290->293->306->317->358->363->379->384->394->407->396->397->401->406->398->399->403->413->440->449->455->460->461->462->471->482->497->517->518->536->537->546->551->553->555->562->569->570->573->593->600->602->615->628->637->642->658->668->694->700->709->713->721->734->745->748->749->753->763->765->764->766->783->793->791->815->816->822->821->826->830->839->842->849->852->860->864->876->866->867->870->880->882->887->893->894->910->933->944->946->948->976->978->985->991->995->1011->1017->1024->1031->1068->1071->1077->1079->1091->1092->1100->1110->1120->1122->1139->1167->1168->1173->1181->1175->1189->1191->1199->1204->1180->1182->1184->1193->1205->1210->1223->1229->1230->1241->1232->1237->1242->1244->1251->1269->1463,1463->1500,RESULTS/GA/log_ga_spot.csv
Optimization,N1500_C8_I1,N1500_C8_I1.dat,n_1500/N1500_C8_I1.dat,final_case,N1500,C8,Alpha 0.20,objective_weight_alpha,0.2,1500,4728,75,2274,228,0.1,228,1492,1500,0.1,0.5,20.5,1492,1500,0.1,0.5,20.5,0.1,TRUE,inferred_from_previous_exact_lot_solution,1499,357,1499_S001,near,1,0.2246000000000004,0.001572,0.00287,0.12,0.024,0.02687,0.2530420000000004,0.2246000000000004,0.12,0.02687,0.2530420000000004,15.32,15.306252000000002,957798.769,1492->1298->1290->1281->1274->1270->1279->1262->1257->1254->1234->1231->1219->1206->1212->1228->1203->1194->1197->1177->1170->1153->1152->1149->1142->1134->1130->1125->1117->1113->1129->1111->1099->1089->1075->1069->1065->1064->1063->1051->1042->1039->1050->1037->1036->1027->1006->988->981->969->929->924->917->912->904->903->896->892->905->888->885->878->877->874->865->857->856->851->813->810->812->805->786->762->761->757->755->725->715->711->723->705->696->691->697->698->689->687->681->674->667->659->669->657->636->609->599->592->588->576->574->586->568->575->564->581->560->549->547->545->543->540->538->561->532->542->534->539->526->525->527->519->501->476->469->463->450->439->437->436->430->415->408->393->387->372->371->362->361->356->350->365->348->346->344->366->349->334->337->331->329->324->321->309->298->299->289->500->259->254->235->233->441->451->206->209->410->409->198->196->193->190->183->370->178->174->168->164->341->333->326->318->316->292->153->117->105->110->92->90->97->99->83->73->116->101->82->104->36->68->63->23->35->21->1->5->6->10->11->14->15->24->19->28->26->33->45->27->34->54->53->29->49->85->111->119->114->122->123->125->133->152->134->181->143->194->189->146->156->187->177->167->158->173->185->192->204->202->260->265->263->268->275->288->290->293->306->317->358->363->379->384->394->407->396->397->401->406->398->403->413->440->449->453->455->460->468->471->482->497->517->518->536->537->546->551->553->554->555->562->569->570->573->593->600->602->615->628->637->642->658->668->694->700->709->713->721->734->745->748->749->753->763->765->764->766->783->784->791->815->816->821->826->830->839->854->849->852->860->864->866->867->870->880->882->889->887->893->894->910->933->944->946->948->976->978->985->991->995->1017->1024->1031->1068->1071->1077->1079->1091->1100->1110->1120->1122->1139->1167->1168->1173->1175->1189->1192->1191->1199->1204->1182->1184->1193->1205->1210->1223->1229->1230->1241->1232->1237->1242->1244->1251->1269->1499,1499->1500,RESULTS/COMBINED_ALL_METHODS/results_all_methods_parameter_sensitivity_spot_level.csv
PSO,N1500_C8_I1,N1500_C8_I1.dat,n_1500/N1500_C8_I1.dat,final_case,N1500,C8,Alpha 0.20,objective_weight_alpha,0.2,1500,4728,75,2274,228,0.1,228,1492,1500,0.1,0.5,20.5,1492,1500,0.1,0.5,20.5,0.1,TRUE,solved,1499,357,1499_S001,near,1,0.2246000000000004,0.001512,0.00281,0.12,0.024,0.02681,0.2529220000000004,0.2246000000000004,0.12,0.02681,0.2529220000000004,15.31,15.296532000000003,974420.249,1492->1298->1290->1281->1274->1270->1279->1262->1257->1254->1234->1231->1219->1206->1212->1228->1203->1194->1197->1177->1170->1153->1152->1149->1142->1134->1130->1125->1117->1113->1129->1111->1099->1089->1075->1069->1065->1064->1063->1051->1042->1039->1050->1037->1036->1027->1006->988->981->969->929->924->917->912->904->903->896->892->905->888->885->878->877->874->865->857->856->851->813->810->812->805->786->762->761->757->755->725->715->711->723->705->696->691->697->698->689->687->681->674->667->659->669->657->636->609->599->592->588->576->574->586->568->575->564->581->560->549->547->545->543->540->538->561->532->542->534->539->526->525->527->519->501->476->469->463->450->439->437->436->430->415->408->393->387->372->371->362->361->356->350->365->348->346->344->366->349->334->337->331->329->324->321->309->298->299->289->500->259->254->235->233->441->451->206->209->410->409->198->196->193->190->183->370->178->174->168->164->341->333->326->318->316->292->153->117->105->110->92->90->97->99->83->73->116->101->82->104->36->68->63->23->35->21->1->5->6->10->11->14->15->24->19->28->26->33->45->27->34->54->53->29->49->85->111->119->114->122->123->125->133->152->134->181->143->194->189->146->156->187->177->167->158->173->185->192->204->202->260->265->263->268->275->288->290->293->306->317->358->363->379->384->394->407->396->397->401->406->398->403->413->440->449->453->455->460->468->471->482->497->517->518->536->537->546->551->553->554->555->562->569->570->573->593->600->602->615->628->637->642->658->668->694->700->709->713->721->734->745->748->749->753->763->765->764->766->783->784->791->815->816->821->826->830->839->854->849->852->860->864->866->867->870->880->882->889->887->893->894->910->933->944->946->948->976->978->985->991->995->1017->1024->1031->1068->1071->1077->1079->1091->1100->1110->1120->1122->1139->1167->1168->1173->1175->1189->1192->1191->1199->1204->1182->1184->1193->1205->1210->1223->1229->1230->1241->1232->1237->1242->1244->1251->1269->1499,1499->1500,RESULTS/PSO/log_pso_spot.csv
ACO,N1500_C9_I1,N1500_C9_I1.dat,n_1500/N1500_C9_I1.dat,final_case,N1500,C9,Cmax 15.0,parking_budget_cmax,15.0,1500,4728,75,2274,228,0.1,228,1492,1500,0.9,0.5,15.0,1492,1500,0.9,0.5,15.0,0.9,TRUE,solved,1362,136,1362_S001,near,1,0.16660000000000003,0.002059,0.005408,0.4404,0.0881,0.093508,0.26216700000000004,0.16660000000000003,0.4404,0.093508,0.26216700000000004,8.22,14.979018000000002,7429.301,1492->1490->1298->1290->1281->1274->1270->1279->1262->1257->1254->1234->1219->1206->1228->1203->1194->1197->1177->1170->1153->1152->1149->1142->1134->1130->1125->1117->1113->1129->1111->1099->1089->1075->1069->1065->1064->1063->1051->1042->1039->1050->1037->1036->1027->1006->988->981->969->929->924->917->912->907->904->903->896->892->905->888->885->878->877->874->865->857->856->851->813->810->812->805->786->762->761->757->755->741->725->715->711->723->705->696->691->697->689->687->681->674->667->659->657->636->609->599->592->588->576->574->586->568->575->564->560->549->547->545->543->540->538->561->548->542->534->539->526->525->527->508->501->476->469->463->467->450->436->430->415->408->393->387->372->371->362->373->356->350->353->348->346->344->334->337->331->329->324->321->309->298->296->289->284->266->262->259->254->235->233->232->230->229->217->228->210->206->209->201->198->196->193->190->183->178->174->168->164->163->162->155->169->153->117->115->79->57->52->51->74->62->59->55->37->31->25->36->46->35->23->21->1->5->6->10->11->15->24->19->28->22->30->34->54->53->89->49->85->111->119->114->122->123->125->133->134->181->143->146->156->166->158->173->185->192->204->202->260->263->275->288->290->293->306->317->358->363->379->384->394->407->396->397->401->406->398->403->413->440->449->455->460->468->471->482->497->517->518->537->546->551->553->555->562->569->570->573->593->600->602->615->628->637->642->658->668->694->700->713->721->734->745->748->749->753->763->765->764->766->783->784->791->815->816->821->826->830->839->842->849->852->860->864->866->867->870->880->882->889->887->893->894->910->933->944->946->948->976->978->985->991->995->1017->1024->1031->1071->1077->1079->1091->1100->1110->1120->1122->1139->1167->1168->1173->1175->1178->1192->1204->1182->1184->1193->1205->1210->1223->1229->1230->1241->1232->1237->1242->1244->1251->1269->1275->1278->1296->1322->1330->1348->1364->1353->1358->1361->1362,1362->1500,RESULTS/ACO/log_aco_spot.csv
GA,N1500_C9_I1,N1500_C9_I1.dat,n_1500/N1500_C9_I1.dat,final_case,N1500,C9,Cmax 15.0,parking_budget_cmax,15.0,1500,4728,75,2274,228,0.1,228,1492,1500,0.9,0.5,15.0,1492,1500,0.9,0.5,15.0,0.9,TRUE,solved,1463,447,1463_S002,near,1,0.23100000000000043,0.002028,0.004293,0.1857,0.0371,0.041393,0.2744210000000004,0.23100000000000043,0.1857,0.041393,0.2744210000000004,9.76,15.794734000000023,313448.588,1492->1488->1495->1479->1298->1290->1281->1274->1270->1279->1262->1257->1254->1234->1219->1206->1212->1203->1194->1197->1183->1177->1170->1153->1152->1149->1142->1134->1130->1125->1117->1113->1129->1111->1105->1099->1089->1075->1069->1065->1064->1063->1051->1042->1039->1050->1037->1036->1027->1006->988->981->969->961->929->924->917->912->904->903->896->892->905->888->885->878->877->874->865->861->857->856->851->813->810->812->805->786->762->776->761->757->755->725->715->711->708->705->696->691->697->698->689->687->695->681->674->667->661->659->657->636->609->599->592->588->576->574->586->568->575->581->560->549->547->545->543->540->538->561->548->532->542->534->539->526->524->525->527->519->508->501->476->469->463->450->439->437->436->430->415->408->393->387->372->371->362->373->356->350->365->348->346->344->349->334->337->331->329->324->321->314->309->298->296->289->500->259->262->475->458->466->456->457->451->206->210->420->418->409->404->392->193->190->183->178->174->370->380->339->338->335->333->326->318->316->292->153->137->105->110->92->90->60->61->71->70->80->116->101->82->78->77->44->75->86->91->9->1->5->6->10->3->4->8->15->18->24->19->28->22->30->33->45->27->34->54->53->89->49->67->85->111->119->114->129->122->123->125->133->134->181->143->146->216->223->195->166->177->167->158->170->173->185->197->199->204->202->260->265->263->275->288->290->293->306->317->358->363->379->384->394->407->396->397->401->406->398->403->413->440->449->455->460->468->462->471->482->495->497->517->518->536->537->546->551->553->555->562->569->570->573->593->600->602->615->628->637->642->658->668->694->700->713->721->734->745->748->749->753->763->764->766->783->784->791->815->816->821->826->830->839->842->849->852->860->864->876->866->867->870->880->882->887->893->894->910->933->944->946->948->976->978->985->991->995->1017->1024->1031->1071->1077->1079->1091->1100->1110->1120->1122->1139->1167->1168->1181->1173->1175->1189->1191->1192->1204->1182->1184->1193->1205->1210->1223->1229->1230->1241->1232->1237->1242->1244->1251->1269->1499->1481->1463,1463->1500,RESULTS/GA/log_ga_spot.csv
Optimization,N1500_C9_I1,N1500_C9_I1.dat,n_1500/N1500_C9_I1.dat,final_case,N1500,C9,Cmax 15.0,parking_budget_cmax,15.0,1500,4728,75,2274,228,0.1,228,1492,1500,0.9,0.5,15.0,1492,1500,0.9,0.5,15.0,0.9,TRUE,inferred_from_previous_exact_lot_solution,1463,446,1463_S001,near,1,0.2199000000000004,0.001641,0.003358,0.1857,0.0371,0.040458,0.2619990000000004,0.2199000000000004,0.1857,0.040458,0.2619990000000004,9.71,15.118946000000024,616437.311,1492->1298->1290->1281->1274->1270->1279->1277->1262->1257->1254->1252->1219->1206->1228->1203->1194->1197->1183->1177->1170->1153->1152->1149->1142->1134->1130->1125->1117->1113->1129->1111->1099->1089->1075->1069->1065->1064->1063->1051->1055->1042->1039->1050->1037->1036->1027->1006->988->981->969->929->924->917->912->907->904->903->896->892->905->888->885->878->877->874->865->857->856->851->813->810->805->786->762->761->757->755->741->725->715->711->723->705->696->691->697->689->687->695->681->674->667->659->669->657->636->609->599->592->588->576->574->586->568->575->581->560->549->547->545->543->540->538->561->548->542->534->539->526->525->527->508->501->476->469->463->450->437->436->430->415->408->393->387->372->371->362->373->356->350->365->348->635->626->625->606->616->603->614->612->594->329->324->321->309->298->296->299->289->500->262->475->458->464->232->244->230->229->219->217->228->210->206->209->201->198->196->193->190->183->370->380->339->338->335->341->333->326->318->316->301->278->169->153->117->112->79->57->52->51->60->48->64->59->55->37->31->69->68->91->9->10->13->14->15->24->19->20->26->32->45->27->34->54->53->89->98->121->85->100->119->114->122->123->125->133->152->134->181->143->146->216->187->195->211->170->173->185->197->204->202->260->263->275->288->290->293->306->317->358->363->379->384->394->407->396->397->401->406->398->403->413->440->449->455->460->468->471->482->497->517->518->537->546->551->553->555->562->569->570->573->593->600->602->615->628->637->642->658->668->694->700->709->713->721->734->745->748->749->753->763->764->766->783->793->791->815->816->821->826->830->839->854->849->852->860->864->866->875->867->870->880->882->889->887->893->894->910->933->944->946->948->976->978->985->991->995->1011->1017->1024->1031->1068->1071->1077->1079->1091->1100->1110->1120->1116->1122->1139->1167->1168->1173->1175->1189->1192->1191->1199->1204->1182->1184->1193->1205->1210->1223->1229->1230->1241->1232->1237->1242->1244->1251->1269->1463,1463->1500,RESULTS/COMBINED_ALL_METHODS/results_all_methods_parameter_sensitivity_spot_level.csv
PSO,N1500_C9_I1,N1500_C9_I1.dat,n_1500/N1500_C9_I1.dat,final_case,N1500,C9,Cmax 15.0,parking_budget_cmax,15.0,1500,4728,75,2274,228,0.1,228,1492,1500,0.9,0.5,15.0,1492,1500,0.9,0.5,15.0,0.9,TRUE,solved,1463,446,1463_S001,near,1,0.2199000000000004,0.001608,0.003325,0.1857,0.0371,0.040425,0.2619330000000004,0.2199000000000004,0.1857,0.040425,0.2619330000000004,9.68,15.112382000000023,696075.699,1492->1298->1290->1281->1274->1270->1279->1277->1262->1257->1254->1252->1219->1206->1228->1203->1194->1197->1183->1177->1170->1153->1152->1149->1142->1134->1130->1125->1117->1113->1129->1111->1099->1089->1075->1069->1065->1064->1063->1051->1055->1042->1039->1050->1037->1036->1027->1006->988->981->969->929->924->917->912->907->904->903->896->892->905->888->885->878->877->874->865->857->856->851->813->810->805->786->762->761->757->755->741->725->715->711->723->705->696->691->697->689->687->695->681->674->667->659->669->657->636->609->599->592->588->576->574->586->568->575->581->560->549->547->545->543->540->538->561->548->542->534->539->526->525->527->508->501->476->469->463->450->437->436->430->415->408->393->387->372->371->362->373->356->350->365->348->635->626->625->606->616->603->614->612->594->329->324->321->309->298->296->299->289->500->262->475->458->464->232->244->230->229->219->217->228->210->206->209->201->198->196->193->190->183->370->380->339->338->335->341->333->326->318->316->301->278->169->153->117->112->79->57->52->51->60->48->64->59->55->37->31->69->68->91->9->10->13->14->15->24->19->20->26->32->45->27->34->54->53->89->98->121->85->100->119->114->122->123->125->133->152->134->181->143->146->216->187->195->211->170->173->185->197->204->202->260->263->275->288->290->293->306->317->358->363->379->384->394->407->396->397->401->406->398->403->413->440->449->455->460->468->471->482->497->517->518->537->546->551->553->555->562->569->570->573->593->600->602->615->628->637->642->658->668->694->700->709->713->721->734->745->748->749->753->763->764->766->783->793->791->815->816->821->826->830->839->854->849->852->860->864->866->875->867->870->880->882->889->887->893->894->910->933->944->946->948->976->978->985->991->995->1011->1017->1024->1031->1068->1071->1077->1079->1091->1100->1110->1120->1116->1122->1139->1167->1168->1173->1175->1189->1192->1191->1199->1204->1182->1184->1193->1205->1210->1223->1229->1230->1241->1232->1237->1242->1244->1251->1269->1463,1463->1500,RESULTS/PSO/log_pso_spot.csv
ACO,N2000_C10_I1,N2000_C10_I1.dat,n_2000/N2000_C10_I1.dat,final_case,N2000,C10,15.0-30.0,parking_cost_range,15.0-30.0,2000,6198,100,2979,299,0.1,299,1968,2000,0.9,0.5,20.5,1968,2000,0.9,0.5,20.5,0.9,TRUE,solved,1982,514,1982_S001,near,1,0.18700000000000017,0.00162,0.003289,0.178,0.0356,0.038889,0.22750900000000018,0.18700000000000017,0.178,0.038889,0.22750900000000018,14.71,13.75648600000001,11493.198,1968->1955->1807->1789->1788->1781->1779->1774->1784->1780->1778->1766->1764->1740->1736->1735->1731->1718->1713->1707->1693->1681->1677->1672->1665->1664->1655->1649->1643->1637->1628->1610->1587->1579->1552->1550->1548->1530->1537->1525->1492->1490->1488->1495->1479->1486->1471->1465->1460->1430->1423->1406->1401->1391->1384->1380->1374->1373->1369->1359->1355->1344->1311->1301->1310->1298->1290->1281->1274->1270->1279->1277->1262->1257->1254->1252->1234->1219->1206->1228->1212->1203->1194->1197->1177->1170->1153->1152->1149->1142->1134->1130->1125->1117->1113->1129->1111->1099->1089->1075->1069->1065->1064->1063->1051->1042->1039->1050->1037->1036->1027->1006->988->981->969->929->924->917->912->904->903->896->892->905->888->885->878->877->874->865->861->857->856->851->818->813->810->812->805->786->762->776->757->755->725->715->711->708->705->696->691->697->698->689->687->681->674->667->659->657->636->609->599->592->588->576->574->586->568->575->564->560->549->547->545->543->540->538->561->548->542->534->539->526->525->527->508->501->476->469->463->467->450->436->430->415->408->393->387->372->375->371->362->373->356->350->365->348->346->344->334->337->331->329->324->321->309->298->296->289->284->266->262->259->254->235->233->232->230->229->217->228->210->206->209->201->198->196->193->190->183->178->174->168->164->163->162->155->169->108->105->51->50->48->47->43->42->77->69->68->63->21->1->9->10->11->15->24->19->28->22->30->34->54->53->89->49->85->100->119->114->122->123->125->133->134->181->143->146->156->166->158->173->185->197->204->202->260->263->275->288->290->293->306->317->358->363->379->384->394->407->396->397->401->406->398->403->413->440->449->455->460->468->462->471->482->497->517->518->537->546->551->553->555->562->569->570->573->593->600->602->615->628->637->642->658->668->694->700->713->721->734->745->748->749->753->763->765->764->766->783->784->791->815->816->821->826->830->839->842->849->852->860->864->866->867->870->880->882->889->887->893->894->910->933->944->946->948->976->978->985->991->995->1017->1024->1031->1071->1077->1079->1091->1100->1110->1120->1122->1139->1167->1168->1181->1175->1189->1192->1204->1182->1184->1193->1205->1210->1223->1229->1230->1241->1232->1237->1242->1244->1251->1269->1275->1278->1296->1322->1330->1348->1364->1353->1358->1361->1362->1368->1379->1381->1387->1390->1403->1417->1434->1428->1453->1462->1463->1481->1497->1500->1502->1503->1508->1510->1512->1531->1518->1528->1540->1542->1554->1555->1568->1576->1582->1583->1594->1586->1588->1599->1618->1593->1601->1604->1607->1616->1620->1633->1641->1680->1688->1719->1739->1751->1982,1982->2000,RESULTS/ACO/log_aco_spot.csv
GA,N2000_C10_I1,N2000_C10_I1.dat,n_2000/N2000_C10_I1.dat,final_case,N2000,C10,15.0-30.0,parking_cost_range,15.0-30.0,2000,6198,100,2979,299,0.1,299,1968,2000,0.9,0.5,20.5,1968,2000,0.9,0.5,20.5,0.9,TRUE,solved,1986,479,1986_S001,near,1,0.26720000000000055,0.001662,0.003274,0.1692,0.0338,0.037073999999999996,0.30593600000000054,0.26720000000000055,0.1692,0.037073999999999996,0.30593600000000054,16.7,18.190544000000028,679848.145,1968->1807->1789->1788->1806->1781->1779->1774->1784->1771->1780->1778->1767->1764->1763->1740->1736->1735->1731->1718->1713->1707->1697->1693->1681->1677->1687->1672->1665->1673->1664->1655->1649->1640->1643->1637->1628->1610->1587->1579->1552->1550->1548->1547->1530->1537->1525->1524->1492->1490->1488->1495->1479->1486->1471->1469->1465->1460->1430->1423->1401->1391->1384->1386->1380->1374->1373->1369->1359->1355->1344->1311->1301->1310->1298->1290->1281->1274->1270->1279->1262->1257->1254->1252->1234->1231->1219->1206->1212->1228->1203->1194->1197->1183->1177->1170->1153->1152->1149->1142->1134->1130->1125->1117->1113->1129->1111->1105->1099->1089->1075->1069->1065->1064->1063->1051->1055->1042->1039->1050->1037->1036->1027->1006->988->981->969->961->929->924->917->912->904->903->896->892->905->888->885->878->877->874->865->861->857->856->851->818->813->810->812->805->786->762->761->757->755->741->725->715->711->708->723->705->696->691->697->689->687->681->674->667->661->659->669->657->636->609->599->592->588->576->574->586->568->575->581->564->560->549->547->545->543->540->566->561->548->532->542->534->539->526->525->527->508->501->476->469->463->467->450->439->437->436->430->408->393->706->690->680->372->375->371->362->361->356->350->365->348->346->587->329->521->520->314->491->487->485->266->262->259->254->235->233->232->244->424->206->209->410->409->198->392->390->383->380->339->338->341->335->168->164->163->162->172->112->110->105->52->61->65->116->101->182->9->10->11->15->24->19->28->22->26->33->32->45->27->34->54->53->89->98->94->121->85->100->119->114->122->123->125->133->134->181->191->184->194->189->216->146->156->166->195->177->167->158->173->170->211->212->224->185->192->204->202->260->263->275->288->290->293->297->306->317->358->363->379->384->402->394->407->396->397->401->406->398->403->413->440->449->453->455->460->461->468->462->471->482->495->497->517->518->536->537->546->551->553->554->555->562->569->570->573->593->600->602->615->628->637->642->658->668->694->700->713->721->734->745->748->749->753->763->764->766->783->784->791->815->816->821->826->830->839->854->849->852->860->864->866->875->867->870->880->882->889->887->893->894->910->933->944->946->948->956->976->978->985->991->995->1017->1024->1031->1071->1077->1079->1091->1092->1100->1110->1120->1116->1122->1139->1167->1168->1173->1175->1178->1192->1180->1182->1184->1193->1205->1210->1223->1229->1230->1241->1232->1237->1242->1244->1251->1269->1275->1278->1296->1322->1330->1348->1364->1353->1358->1366->1362->1368->1385->1379->1381->1387->1390->1403->1417->1408->1426->1434->1428->1453->1462->1463->1481->1497->1500->1502->1503->1508->1510->1512->1521->1522->1518->1528->1540->1542->1554->1555->1568->1576->1582->1583->1594->1586->1588->1590->1600->1599->1618->1593->1601->1595->1607->1616->1620->1630->1633->1641->1680->1688->1719->1739->1751->1986,1986->2000,RESULTS/GA/log_ga_spot.csv
Optimization,N2000_C10_I1,N2000_C10_I1.dat,n_2000/N2000_C10_I1.dat,final_case,N2000,C10,15.0-30.0,parking_cost_range,15.0-30.0,2000,6198,100,2979,299,0.1,299,1968,2000,0.9,0.5,20.5,1968,2000,0.9,0.5,20.5,0.9,TRUE,inferred_from_previous_exact_lot_solution,1986,479,1986_S001,near,1,0.26720000000000055,0.001634,0.003246,0.1692,0.0338,0.037045999999999996,0.3058800000000006,0.26720000000000055,0.1692,0.037045999999999996,0.3058800000000006,16.73,18.19052000000003,679848.145,1968->1807->1789->1788->1806->1781->1779->1774->1784->1771->1780->1778->1767->1764->1763->1740->1736->1735->1731->1718->1713->1707->1697->1693->1681->1677->1687->1672->1665->1673->1664->1655->1649->1640->1643->1637->1628->1610->1587->1579->1552->1550->1548->1547->1530->1537->1525->1524->1492->1490->1488->1495->1479->1486->1471->1469->1465->1460->1430->1423->1401->1391->1384->1386->1380->1374->1373->1369->1359->1355->1344->1311->1301->1310->1298->1290->1281->1274->1270->1279->1262->1257->1254->1252->1234->1231->1219->1206->1212->1228->1203->1194->1197->1183->1177->1170->1153->1152->1149->1142->1134->1130->1125->1117->1113->1129->1111->1105->1099->1089->1075->1069->1065->1064->1063->1051->1055->1042->1039->1050->1037->1036->1027->1006->988->981->969->961->929->924->917->912->904->903->896->892->905->888->885->878->877->874->865->861->857->856->851->818->813->810->812->805->786->762->761->757->755->741->725->715->711->708->723->705->696->691->697->689->687->681->674->667->661->659->669->657->636->609->599->592->588->576->574->586->568->575->581->564->560->549->547->545->543->540->566->561->548->532->542->534->539->526->525->527->508->501->476->469->463->467->450->439->437->436->430->408->393->706->690->680->372->375->371->362->361->356->350->365->348->346->587->329->521->520->314->491->487->485->266->262->259->254->235->233->232->244->424->206->209->410->409->198->392->390->383->380->339->338->341->335->168->164->163->162->172->112->110->105->52->61->65->116->101->182->9->10->11->15->24->19->28->22->26->33->32->45->27->34->54->53->89->98->94->121->85->100->119->114->122->123->125->133->134->181->191->184->194->189->216->146->156->166->195->177->167->158->173->170->211->212->224->185->192->204->202->260->263->275->288->290->293->297->306->317->358->363->379->384->402->394->407->396->397->401->406->398->403->413->440->449->453->455->460->461->468->462->471->482->495->497->517->518->536->537->546->551->553->554->555->562->569->570->573->593->600->602->615->628->637->642->658->668->694->700->713->721->734->745->748->749->753->763->764->766->783->784->791->815->816->821->826->830->839->854->849->852->860->864->866->875->867->870->880->882->889->887->893->894->910->933->944->946->948->956->976->978->985->991->995->1017->1024->1031->1071->1077->1079->1091->1092->1100->1110->1120->1116->1122->1139->1167->1168->1173->1175->1178->1192->1180->1182->1184->1193->1205->1210->1223->1229->1230->1241->1232->1237->1242->1244->1251->1269->1275->1278->1296->1322->1330->1348->1364->1353->1358->1366->1362->1368->1385->1379->1381->1387->1390->1403->1417->1408->1426->1434->1428->1453->1462->1463->1481->1497->1500->1502->1503->1508->1510->1512->1521->1522->1518->1528->1540->1542->1554->1555->1568->1576->1582->1583->1594->1586->1588->1590->1600->1599->1618->1593->1601->1595->1607->1616->1620->1630->1633->1641->1680->1688->1719->1739->1751->1986,1986->2000,RESULTS/COMBINED_ALL_METHODS/results_all_methods_parameter_sensitivity_spot_level.csv
PSO,N2000_C10_I1,N2000_C10_I1.dat,n_2000/N2000_C10_I1.dat,final_case,N2000,C10,15.0-30.0,parking_cost_range,15.0-30.0,2000,6198,100,2979,299,0.1,299,1968,2000,0.9,0.5,20.5,1968,2000,0.9,0.5,20.5,0.9,TRUE,solved,1982,514,1982_S001,near,1,0.27490000000000053,0.00162,0.003289,0.178,0.0356,0.038889,0.31540900000000055,0.27490000000000053,0.178,0.038889,0.31540900000000055,14.71,18.503086000000028,875515.351,1968->1955->1807->1789->1788->1781->1779->1774->1771->1780->1778->1766->1764->1740->1736->1735->1731->1718->1713->1707->1693->1681->1677->1687->1672->1665->1664->1655->1649->1643->1637->1628->1610->1587->1579->1552->1550->1548->1547->1530->1537->1525->1492->1490->1488->1495->1479->1486->1471->1469->1465->1460->1430->1423->1406->1401->1391->1384->1380->1374->1373->1369->1359->1355->1344->1311->1301->1310->1298->1290->1281->1274->1270->1279->1262->1257->1254->1252->1219->1206->1212->1203->1194->1197->1177->1170->1153->1152->1149->1142->1134->1130->1125->1117->1113->1129->1111->1099->1089->1075->1069->1065->1064->1063->1051->1042->1039->1050->1037->1036->1027->1006->988->981->969->929->924->917->912->904->903->896->892->905->888->885->878->877->874->865->857->856->851->818->813->810->805->786->762->761->757->755->741->725->715->711->708->705->696->691->697->689->687->681->674->667->659->657->636->609->599->592->588->576->574->586->568->575->581->560->549->547->545->543->540->538->566->561->532->542->534->539->526->524->522->508->519->501->476->469->463->450->436->430->408->712->706->690->680->663->677->688->375->371->362->646->638->644->373->356->350->365->348->346->344->349->334->558->314->321->521->520->514->523->298->500->259->254->235->233->438->425->206->209->201->198->196->392->390->383->380->370->178->174->168->164->163->130->90->83->97->93->273->74->66->101->157->188->200->247->249->252->221->17->4->8->15->24->19->20->32->30->34->54->53->89->49->85->100->119->114->122->123->125->133->134->181->191->184->189->216->187->177->167->158->173->185->192->204->202->260->263->275->288->290->293->297->306->317->358->363->379->384->394->407->396->397->401->406->398->403->413->440->449->453->455->460->468->471->482->495->497->517->518->536->537->546->551->553->555->562->569->570->573->593->600->602->615->628->637->642->658->668->694->700->713->721->734->745->748->749->753->763->765->764->766->783->784->793->791->815->816->821->826->830->839->842->849->852->860->864->866->867->870->880->882->889->887->893->894->910->933->944->946->948->976->978->985->991->995->1011->1017->1024->1031->1071->1077->1079->1091->1092->1100->1110->1120->1122->1139->1167->1168->1181->1175->1178->1192->1204->1182->1184->1193->1205->1210->1223->1229->1230->1241->1232->1237->1242->1244->1251->1269->1275->1278->1296->1322->1330->1348->1364->1353->1358->1361->1362->1368->1379->1382->1387->1390->1403->1417->1408->1426->1428->1453->1462->1463->1481->1497->1500->1502->1503->1508->1510->1512->1531->1518->1528->1540->1542->1554->1555->1568->1576->1582->1583->1594->1586->1590->1600->1618->1593->1601->1604->1607->1616->1620->1630->1633->1641->1680->1688->1719->1739->1751->1982,1982->2000,RESULTS/PSO/log_pso_spot.csv
ACO,N2000_C1_I1,N2000_C1_I1.dat,n_2000/N2000_C1_I1.dat,final_case,N2000,C1,Baseline,baseline,Baseline,2000,6198,100,2979,299,0.1,299,1968,2000,0.9,0.5,20.5,1968,2000,0.9,0.5,20.5,0.9,TRUE,solved,1982,514,1982_S001,near,1,0.18700000000000017,0.00164,0.003309,0.178,0.0356,0.038909,0.22754900000000017,0.18700000000000017,0.178,0.038909,0.22754900000000017,6.45,12.932646000000009,40307.181,1968->1955->1807->1789->1788->1781->1779->1774->1784->1780->1778->1766->1764->1740->1736->1735->1731->1718->1713->1707->1693->1681->1677->1672->1665->1664->1655->1649->1643->1637->1628->1610->1587->1579->1552->1550->1548->1530->1537->1525->1492->1490->1488->1495->1479->1486->1471->1465->1460->1430->1423->1406->1401->1391->1384->1380->1374->1373->1369->1359->1355->1344->1311->1301->1310->1298->1290->1281->1274->1270->1279->1277->1262->1257->1254->1252->1234->1219->1206->1228->1212->1203->1194->1197->1177->1170->1153->1152->1149->1142->1134->1130->1125->1117->1113->1129->1111->1099->1089->1075->1069->1065->1064->1063->1051->1042->1039->1050->1037->1036->1027->1006->988->981->969->929->924->917->912->904->903->896->892->905->888->885->878->877->874->865->861->857->856->851->818->813->810->812->805->786->762->776->757->755->725->715->711->708->705->696->691->697->698->689->687->681->674->667->659->657->636->609->599->592->588->576->574->586->568->575->564->560->549->547->545->543->540->538->561->548->542->534->539->526->525->527->508->501->476->469->463->467->450->436->430->415->408->393->387->372->375->371->362->373->356->350->365->348->346->344->334->337->331->329->324->321->309->298->296->289->284->266->262->259->254->235->233->232->230->229->217->228->210->206->209->201->198->196->193->190->183->178->174->168->164->163->162->155->169->108->105->51->50->48->47->43->42->77->69->68->63->21->1->9->10->11->15->24->19->28->22->30->34->54->53->89->49->85->100->119->114->122->123->125->133->134->181->143->146->156->166->158->173->185->197->204->202->260->263->275->288->290->293->306->317->358->363->379->384->394->407->396->397->401->406->398->403->413->440->449->455->460->468->462->471->482->497->517->518->537->546->551->553->555->562->569->570->573->593->600->602->615->628->637->642->658->668->694->700->713->721->734->745->748->749->753->763->765->764->766->783->784->791->815->816->821->826->830->839->842->849->852->860->864->866->867->870->880->882->889->887->893->894->910->933->944->946->948->976->978->985->991->995->1017->1024->1031->1071->1077->1079->1091->1100->1110->1120->1122->1139->1167->1168->1181->1175->1189->1192->1204->1182->1184->1193->1205->1210->1223->1229->1230->1241->1232->1237->1242->1244->1251->1269->1275->1278->1296->1322->1330->1348->1364->1353->1358->1361->1362->1368->1379->1381->1387->1390->1403->1417->1434->1428->1453->1462->1463->1481->1497->1500->1502->1503->1508->1510->1512->1531->1518->1528->1540->1542->1554->1555->1568->1576->1582->1583->1594->1586->1588->1599->1618->1593->1601->1604->1607->1616->1620->1633->1641->1680->1688->1719->1739->1751->1982,1982->2000,RESULTS/ACO/log_aco_spot.csv
GA,N2000_C1_I1,N2000_C1_I1.dat,n_2000/N2000_C1_I1.dat,final_case,N2000,C1,Baseline,baseline,Baseline,2000,6198,100,2979,299,0.1,299,1968,2000,0.9,0.5,20.5,1968,2000,0.9,0.5,20.5,0.9,TRUE,solved,1978,534,1978_S001,near,1,0.27400000000000074,0.001668,0.003459,0.197,0.0394,0.042858999999999994,0.3185270000000007,0.27400000000000074,0.197,0.042858999999999994,0.3185270000000007,19.98,19.19845800000004,77096.162,1968->1807->1789->1788->1781->1779->1774->1784->1771->1780->1778->1766->1767->1764->1740->1736->1735->1731->1718->1713->1707->1693->1681->1677->1702->1687->1672->1665->1664->1655->1649->1643->1637->1628->1625->1610->1587->1579->1552->1550->1548->1530->1537->1525->1492->1490->1488->1495->1479->1486->1471->1465->1460->1430->1423->1401->1391->1384->1386->1380->1374->1373->1369->1359->1355->1344->1311->1301->1310->1298->1290->1281->1274->1270->1279->1262->1257->1254->1252->1219->1206->1228->1212->1203->1194->1197->1183->1177->1170->1153->1152->1149->1142->1134->1130->1125->1117->1113->1129->1111->1105->1099->1089->1075->1069->1065->1064->1063->1051->1042->1039->1050->1037->1036->1027->1006->988->981->969->961->929->924->917->912->907->904->903->896->892->905->888->885->878->877->874->865->857->856->851->813->810->812->805->786->762->761->757->755->741->725->715->711->708->723->705->696->691->697->698->689->687->681->674->667->661->659->657->636->609->599->592->588->576->574->586->568->575->564->560->549->547->545->543->540->538->561->548->542->530->534->539->526->525->527->522->508->501->476->469->463->467->450->437->436->430->415->408->393->387->381->372->375->371->362->660->646->644->638->641->361->356->350->353->348->635->626->608->616->603->346->344->558->324->321->314->491->493->509->299->289->284->266->262->458->464->232->233->438->441->206->210->410->404->392->390->383->385->380->370->178->174->168->164->163->130->120->105->110->117->57->52->61->65->70->106->220->221->15->24->19->28->20->32->33->30->34->54->53->29->49->98->94->67->85->100->119->114->129->122->123->125->133->152->134->181->191->143->194->189->216->187->177->195->223->211->170->158->173->185->197->199->204->202->260->263->268->275->288->290->293->297->306->317->358->363->379->384->394->407->396->397->401->406->398->403->413->440->449->453->455->460->468->462->471->482->495->497->517->518->536->537->546->551->553->555->562->569->570->573->593->600->602->615->628->637->642->658->668->694->700->713->721->734->745->748->749->753->763->764->766->783->793->791->815->816->821->826->830->839->854->849->852->860->864->876->866->867->870->880->882->889->887->893->894->910->933->944->946->948->976->978->985->991->995->1017->1024->1031->1068->1071->1077->1079->1091->1100->1110->1120->1116->1122->1139->1167->1168->1173->1175->1178->1192->1199->1204->1180->1182->1184->1193->1205->1210->1223->1229->1230->1241->1232->1237->1242->1244->1251->1269->1275->1278->1296->1322->1330->1348->1364->1353->1358->1361->1366->1362->1368->1379->1382->1381->1387->1390->1403->1417->1434->1428->1453->1462->1463->1481->1497->1499->1500->1502->1503->1508->1510->1512->1521->1531->1522->1518->1528->1540->1542->1554->1555->1568->1576->1582->1583->1594->1586->1588->1590->1600->1599->1618->1593->1601->1604->1607->1616->1620->1633->1641->1680->1688->1719->1739->1751->1969->1980->1978,1978->2000,RESULTS/GA/log_ga_spot.csv
Optimization,N2000_C1_I1,N2000_C1_I1.dat,n_2000/N2000_C1_I1.dat,final_case,N2000,C1,Baseline,baseline,Baseline,2000,6198,100,2979,299,0.1,299,1968,2000,0.9,0.5,20.5,1968,2000,0.9,0.5,20.5,0.9,TRUE,inferred_from_previous_exact_lot_solution,1982,514,1982_S001,near,1,0.26320000000000066,0.00164,0.003309,0.178,0.0356,0.038909,0.3037490000000006,0.26320000000000066,0.178,0.038909,0.3037490000000006,6.45,17.047446000000036,623800.291,1968->1807->1789->1788->1806->1781->1779->1774->1784->1780->1778->1766->1764->1740->1736->1735->1731->1718->1713->1707->1693->1689->1681->1677->1687->1672->1665->1673->1664->1655->1649->1640->1643->1637->1628->1610->1587->1579->1552->1550->1548->1547->1530->1537->1525->1524->1492->1490->1488->1495->1479->1486->1471->1465->1460->1430->1423->1406->1401->1391->1384->1386->1380->1374->1373->1369->1359->1355->1344->1311->1301->1310->1298->1290->1281->1274->1270->1279->1262->1257->1254->1252->1219->1206->1228->1203->1194->1197->1183->1177->1170->1153->1152->1149->1142->1134->1130->1125->1117->1113->1129->1111->1099->1089->1075->1069->1065->1064->1063->1051->1042->1039->1050->1037->1036->1027->1006->988->981->969->929->924->917->912->907->904->903->896->892->905->888->885->878->877->874->865->857->856->851->818->813->810->812->805->786->762->776->757->755->741->725->715->711->708->723->705->696->691->697->689->687->695->681->674->667->661->659->657->636->609->599->592->588->576->574->586->568->575->581->564->560->549->547->545->543->540->566->561->548->542->534->539->526->525->527->522->508->519->501->476->469->463->467->450->439->437->436->430->415->408->393->706->690->387->381->372->375->371->362->373->361->356->350->353->365->348->346->349->366->344->334->337->331->521->321->309->298->296->289->284->491->487->485->479->475->458->464->456->457->451->441->438->233->232->244->230->229->219->217->228->210->410->198->392->193->196->390->383->380->370->174->168->164->163->130->120->117->110->142->124->105->52->61->65->126->127->106->220->16->11->15->24->19->28->22->26->33->27->45->32->30->34->54->53->89->49->67->85->111->119->114->122->123->125->133->152->134->181->191->143->146->156->166->167->177->195->223->211->212->227->224->185->192->204->202->260->263->275->288->290->293->306->317->358->363->379->384->402->394->407->396->397->401->406->398->399->403->413->440->454->449->455->460->468->462->471->482->497->517->518->537->546->551->553->554->555->562->569->570->573->593->600->602->615->628->637->642->658->668->694->700->713->721->734->745->748->749->753->763->764->766->783->793->791->815->816->822->821->826->830->839->842->849->852->860->864->876->866->875->867->870->880->882->887->893->894->910->933->944->946->948->976->978->985->991->995->1017->1024->1031->1068->1071->1077->1079->1091->1100->1110->1120->1122->1139->1167->1168->1173->1175->1189->1191->1192->1180->1204->1182->1184->1193->1205->1210->1223->1229->1230->1241->1232->1237->1242->1244->1251->1269->1275->1278->1296->1322->1330->1348->1364->1353->1358->1361->1362->1368->1379->1381->1382->1387->1390->1403->1417->1434->1428->1453->1462->1463->1481->1497->1499->1500->1502->1503->1508->1510->1512->1531->1518->1528->1540->1542->1554->1555->1568->1576->1582->1583->1594->1586->1588->1590->1600->1618->1593->1601->1604->1595->1607->1616->1620->1633->1641->1680->1688->1719->1739->1751->1951->1969->1980->1978->1982,1982->2000,RESULTS/COMBINED_ALL_METHODS/results_all_methods_parameter_sensitivity_spot_level.csv
PSO,N2000_C1_I1,N2000_C1_I1.dat,n_2000/N2000_C1_I1.dat,final_case,N2000,C1,Baseline,baseline,Baseline,2000,6198,100,2979,299,0.1,299,1968,2000,0.9,0.5,20.5,1968,2000,0.9,0.5,20.5,0.9,TRUE,solved,1982,514,1982_S001,near,1,0.26230000000000037,0.00164,0.003309,0.178,0.0356,0.038909,0.30284900000000037,0.26230000000000037,0.178,0.038909,0.30284900000000037,6.45,16.99884600000002,451366.862,1968->1807->1789->1788->1806->1781->1779->1774->1771->1780->1778->1766->1764->1740->1736->1735->1731->1718->1713->1707->1693->1681->1677->1687->1672->1665->1664->1655->1649->1643->1637->1628->1610->1587->1579->1552->1550->1548->1530->1537->1525->1492->1490->1488->1495->1479->1486->1471->1469->1465->1460->1430->1423->1406->1401->1391->1384->1386->1380->1374->1373->1369->1359->1355->1344->1311->1301->1310->1298->1290->1281->1274->1270->1279->1277->1262->1257->1254->1252->1219->1206->1228->1212->1203->1194->1197->1183->1177->1170->1153->1152->1149->1142->1134->1130->1125->1117->1113->1129->1111->1099->1089->1075->1069->1065->1064->1063->1051->1055->1042->1039->1050->1037->1036->1027->1006->988->981->969->929->924->917->912->904->903->896->892->905->888->885->878->877->874->865->857->856->851->818->813->810->805->786->762->761->757->755->725->715->711->708->723->705->696->691->697->689->687->681->674->667->659->657->636->609->599->592->588->576->574->586->568->575->581->560->549->547->545->543->540->538->566->561->532->542->534->539->526->524->522->508->501->476->469->463->450->436->430->408->393->706->690->680->663->677->688->375->371->362->646->638->644->373->356->350->353->348->346->344->334->558->324->321->314->491->284->266->262->259->254->235->457->206->209->410->201->198->196->193->190->183->370->380->339->338->164->163->175->172->112->110->105->51->50->61->65->70->106->220->11->4->8->12->24->19->20->26->30->34->54->53->89->49->67->85->100->119->114->122->123->125->133->134->181->191->184->189->216->187->177->166->158->170->211->212->224->185->192->204->202->260->263->275->288->290->293->297->306->317->358->363->379->384->394->407->396->397->401->406->398->403->413->440->449->455->460->468->462->471->482->495->497->517->518->536->537->546->551->553->555->562->569->570->573->593->600->602->615->628->637->642->658->668->694->700->713->721->734->745->748->749->753->763->764->766->783->793->791->815->816->822->821->826->830->839->842->849->852->860->864->866->867->870->880->882->887->893->894->910->933->944->946->948->976->978->985->991->995->1011->1017->1024->1031->1071->1077->1079->1091->1092->1100->1110->1120->1122->1139->1167->1168->1181->1175->1178->1189->1191->1192->1204->1182->1184->1193->1205->1210->1223->1229->1230->1241->1232->1237->1242->1244->1251->1269->1275->1278->1296->1322->1330->1348->1364->1353->1358->1366->1362->1368->1385->1379->1382->1387->1390->1403->1417->1408->1426->1428->1453->1462->1463->1481->1497->1500->1502->1503->1508->1510->1512->1521->1522->1518->1528->1540->1542->1554->1555->1568->1576->1582->1583->1594->1586->1590->1600->1618->1593->1601->1595->1607->1616->1620->1633->1641->1680->1688->1719->1739->1751->1986->1982,1982->2000,RESULTS/PSO/log_pso_spot.csv
ACO,N2000_C2_I1,N2000_C2_I1.dat,n_2000/N2000_C2_I1.dat,final_case,N2000,C2,Dense,edge_density,Dense,2000,6864,100,2979,299,0.1,299,1968,2000,0.9,0.5,20.5,1968,2000,0.9,0.5,20.5,0.9,TRUE,solved,1982,514,1982_S001,near,1,0.1535,0.00162,0.003289,0.178,0.0356,0.038889,0.19400900000000001,0.1535,0.178,0.038889,0.19400900000000001,6.46,11.122486000000002,9525.919,1968->1955->1807->1789->1788->1488->1495->1479->1486->1471->1465->1460->1152->1149->1142->1134->1130->1125->1117->1113->1129->1111->1099->1089->1075->1069->1065->1064->1063->1051->1042->1039->1050->1037->1036->1027->1006->988->981->969->929->924->917->912->904->903->896->892->905->888->575->564->560->549->547->545->543->540->538->561->548->542->534->259->254->235->233->232->230->229->217->50->48->47->43->42->41->40->56->38->265->263->275->288->290->293->306->317->358->363->379->384->394->407->396->397->401->406->398->403->413->440->449->455->460->468->753->763->765->764->766->783->784->791->815->816->821->826->830->839->842->849->852->860->1184->1502->1782->1785->1818->1821->1823->1824->1857->1861->1871->1890->1907->1906->1940->1941->1951->1969->1980->1978->1982,1982->2000,RESULTS/ACO/log_aco_spot.csv
GA,N2000_C2_I1,N2000_C2_I1.dat,n_2000/N2000_C2_I1.dat,final_case,N2000,C2,Dense,edge_density,Dense,2000,6864,100,2979,299,0.1,299,1968,2000,0.9,0.5,20.5,1968,2000,0.9,0.5,20.5,0.9,TRUE,solved,1969,594,1969_S002,near,1,0.19589999999999996,0.002009,0.004491,0.2185,0.0437,0.048191000000000005,0.24609999999999999,0.19589999999999996,0.2185,0.048191000000000005,0.24609999999999999,12.78,14.5674,497159.443,1968->1902->1895->1900->1894->1893->1882->1872->1864->1869->1863->1860->1841->1840->1832->1827->1826->1814->1813->1807->1789->1788->1781->1779->1774->1771->1780->1778->1767->1766->1764->1740->1736->1735->1731->1718->1713->1386->1384->1391->1130->1125->1117->1113->1129->1111->1099->786->762->761->757->755->725->715->711->708->705->696->691->697->698->689->687->695->681->674->667->661->659->669->657->636->609->599->592->663->372->381->680->209->83->76->167->166->156->216->189->518->517->497->482->471->462->468->460->455->748->749->753->763->765->764->766->783->1110->1120->1122->1139->1167->1168->1173->1181->1175->1178->1192->1204->1182->1184->1502->1782->1791->1785->1818->1821->1823->1824->1857->1859->1877->1861->1871->1875->1890->1907->1751->1940->1941->1951->1969,1969->2000,RESULTS/GA/log_ga_spot.csv
Optimization,N2000_C2_I1,N2000_C2_I1.dat,n_2000/N2000_C2_I1.dat,final_case,N2000,C2,Dense,edge_density,Dense,2000,6864,100,2979,299,0.1,299,1968,2000,0.9,0.5,20.5,1968,2000,0.9,0.5,20.5,0.9,TRUE,inferred_from_previous_exact_lot_solution,1991,418,1991_S001,near,1,0.19200000000000003,0.001539,0.002895,0.1288,0.0258,0.028695,0.22223400000000004,0.19200000000000003,0.1288,0.028695,0.22223400000000004,19.57,13.957636,397042.716,1968->1807->1789->1788->1488->1495->1479->1486->1471->1465->1460->1430->1423->1406->1401->1391->1130->1134->1457->1144->1163->1150->1132->1123->1102->1101->1096->1087->1086->609->599->592->663->372->387->393->408->430->436->206->210->228->60->76->167->158->166->156->146->189->518->517->497->766->783->784->791->1116->1122->1139->1167->1168->1181->1175->1178->1192->1204->1182->1184->1502->1503->1791->1785->1818->1834->1821->1823->1824->1857->1859->1861->1871->1875->1890->1907->1906->1940->1941->1951->1969->1980->1978->1982->1987->1991,1991->2000,RESULTS/COMBINED_ALL_METHODS/results_all_methods_parameter_sensitivity_spot_level.csv
PSO,N2000_C2_I1,N2000_C2_I1.dat,n_2000/N2000_C2_I1.dat,final_case,N2000,C2,Dense,edge_density,Dense,2000,6864,100,2979,299,0.1,299,1968,2000,0.9,0.5,20.5,1968,2000,0.9,0.5,20.5,0.9,TRUE,solved,1991,418,1991_S001,near,1,0.19200000000000003,0.001549,0.002905,0.1288,0.0258,0.028705,0.22225400000000003,0.19200000000000003,0.1288,0.028705,0.22225400000000003,19.61,13.962716,397042.716,1968->1807->1789->1788->1488->1495->1479->1486->1471->1465->1460->1430->1423->1406->1401->1391->1130->1134->1457->1144->1163->1150->1132->1123->1102->1101->1096->1087->1086->609->599->592->663->372->387->393->408->430->436->206->210->228->60->76->167->158->166->156->146->189->518->517->497->766->783->784->791->1116->1122->1139->1167->1168->1181->1175->1178->1192->1204->1182->1184->1502->1503->1791->1785->1818->1834->1821->1823->1824->1857->1859->1861->1871->1875->1890->1907->1906->1940->1941->1951->1969->1980->1978->1982->1987->1991,1991->2000,RESULTS/PSO/log_pso_spot.csv
ACO,N2000_C3_I1,N2000_C3_I1.dat,n_2000/N2000_C3_I1.dat,final_case,N2000,C3,Higher supply,parking_supply,Higher,2000,6392,197,5883,591,0.1,591,1968,2000,0.9,0.5,20.5,1968,2000,0.9,0.5,20.5,0.9,TRUE,solved,1982,514,1982_S001,near,1,0.18700000000000017,0.00162,0.003289,0.178,0.0356,0.038889,0.22750900000000018,0.18700000000000017,0.178,0.038889,0.22750900000000018,6.46,12.93148600000001,12034.862,1968->1955->1807->1789->1788->1781->1779->1774->1784->1780->1778->1766->1764->1740->1736->1735->1731->1718->1713->1707->1693->1681->1677->1672->1665->1664->1655->1649->1643->1637->1628->1610->1587->1579->1552->1550->1548->1530->1537->1525->1492->1490->1488->1495->1479->1486->1471->1465->1460->1430->1423->1406->1401->1391->1384->1380->1374->1373->1369->1359->1355->1344->1311->1301->1310->1298->1290->1281->1274->1270->1279->1277->1262->1257->1254->1252->1234->1219->1206->1228->1212->1203->1194->1197->1177->1170->1153->1152->1149->1142->1134->1130->1125->1117->1113->1129->1111->1099->1089->1075->1069->1065->1064->1063->1051->1042->1039->1050->1037->1036->1027->1006->988->981->969->929->924->917->912->904->903->896->892->905->888->885->878->877->874->865->861->857->856->851->818->813->810->812->805->786->762->776->757->755->725->715->711->708->705->696->691->697->698->689->687->681->674->667->659->657->636->609->599->592->588->576->574->586->568->575->564->560->549->547->545->543->540->538->561->548->542->534->539->526->525->527->508->501->476->469->463->467->450->436->430->415->408->393->387->372->375->371->362->373->356->350->365->348->346->344->334->337->331->329->324->321->309->298->296->289->284->266->262->259->254->235->233->232->230->229->217->228->210->206->209->201->198->196->193->190->183->178->174->168->164->163->162->155->169->108->105->51->50->48->47->43->42->77->69->68->63->21->1->9->10->11->15->24->19->28->22->30->34->54->53->89->49->85->100->119->114->122->123->125->133->134->181->143->146->156->166->158->173->185->197->204->202->260->263->275->288->290->293->306->317->358->363->379->384->394->407->396->397->401->406->398->403->413->440->449->455->460->468->462->471->482->497->517->518->537->546->551->553->555->562->569->570->573->593->600->602->615->628->637->642->658->668->694->700->713->721->734->745->748->749->753->763->765->764->766->783->784->791->815->816->821->826->830->839->842->849->852->860->864->866->867->870->880->882->889->887->893->894->910->933->944->946->948->976->978->985->991->995->1017->1024->1031->1071->1077->1079->1091->1100->1110->1120->1122->1139->1167->1168->1181->1175->1189->1192->1204->1182->1184->1193->1205->1210->1223->1229->1230->1241->1232->1237->1242->1244->1251->1269->1275->1278->1296->1322->1330->1348->1364->1353->1358->1361->1362->1368->1379->1381->1387->1390->1403->1417->1434->1428->1453->1462->1463->1481->1497->1500->1502->1503->1508->1510->1512->1531->1518->1528->1540->1542->1554->1555->1568->1576->1582->1583->1594->1586->1588->1599->1618->1593->1601->1604->1607->1616->1620->1633->1641->1680->1688->1719->1739->1751->1982,1982->2000,RESULTS/ACO/log_aco_spot.csv
GA,N2000_C3_I1,N2000_C3_I1.dat,n_2000/N2000_C3_I1.dat,final_case,N2000,C3,Higher supply,parking_supply,Higher,2000,6392,197,5883,591,0.1,591,1968,2000,0.9,0.5,20.5,1968,2000,0.9,0.5,20.5,0.9,TRUE,solved,1986,480,1986_S002,near,1,0.8239000000000001,0.002054,0.00421,0.1692,0.0338,0.038009999999999995,0.8639640000000001,0.8239000000000001,0.1692,0.038009999999999995,0.8639640000000001,8.54,47.508056,580863.694,1968->1955->1902->1900->1894->1893->1882->1872->1864->1869->1863->1860->1841->1840->1832->1827->1826->1814->1813->1807->1789->1806->1781->1779->1774->1771->1784->1780->1778->1766->1767->1764->1740->1736->1735->1731->1718->1713->1707->1693->1689->1681->1677->1672->1665->1673->1664->1655->1649->1643->1637->1628->1625->1610->1587->1579->1552->1550->1548->1547->1530->1537->1525->1492->1490->1488->1495->1479->1486->1471->1465->1460->1430->1423->1401->1391->1384->1380->1374->1373->1369->1359->1355->1344->1311->1301->1310->1298->1290->1281->1274->1270->1279->1277->1262->1257->1254->1252->1234->1231->1219->1206->1228->1203->1194->1197->1183->1177->1170->1153->1152->1149->1142->1134->1130->1125->1117->1113->1129->1111->1099->1089->1075->1069->1065->1064->1063->1051->1055->1042->1039->1050->1037->1036->1027->1006->988->981->969->961->929->924->917->912->907->904->903->896->892->905->888->885->878->877->874->865->861->857->856->851->813->810->812->805->786->762->776->757->755->741->725->715->711->708->723->705->696->691->697->698->689->687->681->674->667->659->669->657->636->609->599->592->588->576->574->586->568->575->581->564->560->549->547->545->543->540->538->561->548->532->542->534->539->526->525->524->522->508->519->501->476->469->463->467->450->436->430->422->415->408->393->387->372->375->371->362->361->356->631->633->635->626->608->616->344->334->337->331->329->324->321->309->314->509->516->529->535->514->523->298->500->259->254->235->233->438->206->410->201->198->196->193->190->183->370->339->178->174->168->164->163->130->90->92->87->99->83->76->126->38->103->179->6->2->7->14->15->18->24->19->28->22->30->32->45->27->34->54->53->29->89->98->94->121->85->100->119->114->129->122->123->125->133->134->181->191->184->189->194->143->146->216->187->177->167->158->170->211->212->224->185->197->204->202->260->265->263->268->275->288->290->293->306->317->358->363->379->384->394->407->396->397->401->406->398->403->413->440->454->449->453->455->460->461->462->471->482->497->517->518->536->537->546->551->553->554->555->562->569->570->573->593->600->602->615->628->637->642->658->668->694->700->709->713->721->734->745->748->749->2000->1986,1986->2000,RESULTS/GA/log_ga_spot.csv
Optimization,N2000_C3_I1,N2000_C3_I1.dat,n_2000/N2000_C3_I1.dat,final_case,N2000,C3,Higher supply,parking_supply,Higher,2000,6392,197,5883,591,0.1,591,1968,2000,0.9,0.5,20.5,1968,2000,0.9,0.5,20.5,0.9,TRUE,inferred_from_previous_exact_lot_solution,1982,514,1982_S001,near,1,0.8178000000000002,0.00164,0.003309,0.178,0.0356,0.038909,0.8583490000000001,0.8178000000000002,0.178,0.038909,0.8583490000000001,6.45,46.99584600000001,565108.044,1968->1955->1807->1789->1788->1781->1779->1774->1771->1780->1778->1766->1764->1740->1736->1735->1731->1718->1713->1707->1693->1681->1677->1672->1665->1664->1655->1649->1643->1637->1628->1610->1587->1579->1552->1550->1548->1530->1537->1525->1524->1492->1490->1488->1495->1479->1486->1471->1469->1465->1460->1430->1423->1406->1401->1391->1384->1380->1374->1373->1369->1359->1355->1344->1311->1301->1310->1298->1290->1281->1274->1270->1279->1262->1257->1254->1252->1234->1219->1206->1212->1203->1194->1197->1177->1170->1153->1152->1149->1142->1134->1130->1125->1117->1113->1129->1111->1099->1089->1075->1069->1065->1064->1063->1051->1042->1039->1050->1037->1036->1027->1006->988->981->969->929->924->917->912->907->904->903->896->892->905->888->885->878->877->874->865->857->856->851->818->813->810->812->805->786->762->761->757->755->725->715->711->708->705->696->691->697->698->689->687->681->674->667->659->657->636->609->599->592->588->576->574->586->568->575->581->560->549->547->545->543->540->538->566->561->548->542->534->539->526->525->527->508->501->476->469->463->467->450->437->436->430->408->393->706->690->680->372->663->677->660->646->638->373->626->608->616->603->334->558->314->309->298->296->289->284->266->262->259->254->457->206->410->409->198->196->193->190->183->370->339->338->341->335->168->164->163->162->120->79->88->73->71->70->106->35->63->23->21->1->5->6->10->13->14->16->17->18->24->19->20->32->33->30->34->54->29->49->85->100->119->114->122->123->125->133->134->181->143->146->156->166->167->158->173->185->192->199->204->202->260->263->268->275->288->290->293->306->317->358->363->379->384->394->407->396->397->401->406->398->403->413->440->449->455->460->468->471->482->497->517->518->536->537->546->551->553->555->562->569->570->573->593->600->602->615->628->637->642->658->668->694->700->713->721->734->745->748->749->753->2000->1982,1982->2000,RESULTS/COMBINED_ALL_METHODS/results_all_methods_parameter_sensitivity_spot_level.csv
PSO,N2000_C3_I1,N2000_C3_I1.dat,n_2000/N2000_C3_I1.dat,final_case,N2000,C3,Higher supply,parking_supply,Higher,2000,6392,197,5883,591,0.1,591,1968,2000,0.9,0.5,20.5,1968,2000,0.9,0.5,20.5,0.9,TRUE,solved,1982,514,1982_S001,near,1,0.8178000000000002,0.00162,0.003289,0.178,0.0356,0.038889,0.8583090000000001,0.8178000000000002,0.178,0.038889,0.8583090000000001,6.46,46.99468600000001,565108.044,1968->1955->1807->1789->1788->1781->1779->1774->1771->1780->1778->1766->1764->1740->1736->1735->1731->1718->1713->1707->1693->1681->1677->1672->1665->1664->1655->1649->1643->1637->1628->1610->1587->1579->1552->1550->1548->1530->1537->1525->1524->1492->1490->1488->1495->1479->1486->1471->1469->1465->1460->1430->1423->1406->1401->1391->1384->1380->1374->1373->1369->1359->1355->1344->1311->1301->1310->1298->1290->1281->1274->1270->1279->1262->1257->1254->1252->1234->1219->1206->1212->1203->1194->1197->1177->1170->1153->1152->1149->1142->1134->1130->1125->1117->1113->1129->1111->1099->1089->1075->1069->1065->1064->1063->1051->1042->1039->1050->1037->1036->1027->1006->988->981->969->929->924->917->912->907->904->903->896->892->905->888->885->878->877->874->865->857->856->851->818->813->810->812->805->786->762->761->757->755->725->715->711->708->705->696->691->697->698->689->687->681->674->667->659->657->636->609->599->592->588->576->574->586->568->575->581->560->549->547->545->543->540->538->566->561->548->542->534->539->526->525->527->508->501->476->469->463->467->450->437->436->430->408->393->706->690->680->372->663->677->660->646->638->373->626->608->616->603->334->558->314->309->298->296->289->284->266->262->259->254->457->206->410->409->198->196->193->190->183->370->339->338->341->335->168->164->163->162->120->79->88->73->71->70->106->35->63->23->21->1->5->6->10->13->14->16->17->18->24->19->20->32->33->30->34->54->29->49->85->100->119->114->122->123->125->133->134->181->143->146->156->166->167->158->173->185->192->199->204->202->260->263->268->275->288->290->293->306->317->358->363->379->384->394->407->396->397->401->406->398->403->413->440->449->455->460->468->471->482->497->517->518->536->537->546->551->553->555->562->569->570->573->593->600->602->615->628->637->642->658->668->694->700->713->721->734->745->748->749->753->2000->1982,1982->2000,RESULTS/PSO/log_pso_spot.csv
ACO,N2000_C4_I1,N2000_C4_I1.dat,n_2000/N2000_C4_I1.dat,final_case,N2000,C4,1.00 km,maximum_walking_distance,1.0,2000,6198,100,2979,299,0.1,299,1968,2000,0.9,1.0,20.5,1968,2000,0.9,1.0,20.5,0.9,TRUE,solved,1982,514,1982_S001,near,1,0.18700000000000017,0.001477,0.002577,0.178,0.0356,0.038177,0.2266540000000002,0.18700000000000017,0.178,0.038177,0.2266540000000002,6.56,12.89531600000001,9603.523,1968->1955->1807->1789->1788->1781->1779->1774->1784->1780->1778->1766->1764->1740->1736->1735->1731->1718->1713->1707->1693->1681->1677->1672->1665->1664->1655->1649->1643->1637->1628->1610->1587->1579->1552->1550->1548->1530->1537->1525->1492->1490->1488->1495->1479->1486->1471->1465->1460->1430->1423->1406->1401->1391->1384->1380->1374->1373->1369->1359->1355->1344->1311->1301->1310->1298->1290->1281->1274->1270->1279->1277->1262->1257->1254->1252->1234->1219->1206->1228->1212->1203->1194->1197->1177->1170->1153->1152->1149->1142->1134->1130->1125->1117->1113->1129->1111->1099->1089->1075->1069->1065->1064->1063->1051->1042->1039->1050->1037->1036->1027->1006->988->981->969->929->924->917->912->904->903->896->892->905->888->885->878->877->874->865->861->857->856->851->818->813->810->812->805->786->762->776->757->755->725->715->711->708->705->696->691->697->698->689->687->681->674->667->659->657->636->609->599->592->588->576->574->586->568->575->564->560->549->547->545->543->540->538->561->548->542->534->539->526->525->527->508->501->476->469->463->467->450->436->430->415->408->393->387->372->375->371->362->373->356->350->365->348->346->344->334->337->331->329->324->321->309->298->296->289->284->266->262->259->254->235->233->232->230->229->217->228->210->206->209->201->198->196->193->190->183->178->174->168->164->163->162->155->169->108->105->51->50->48->47->43->42->77->69->68->63->21->1->9->10->11->15->24->19->28->22->30->34->54->53->89->49->85->100->119->114->122->123->125->133->134->181->143->146->156->166->158->173->185->197->204->202->260->263->275->288->290->293->306->317->358->363->379->384->394->407->396->397->401->406->398->403->413->440->449->455->460->468->462->471->482->497->517->518->537->546->551->553->555->562->569->570->573->593->600->602->615->628->637->642->658->668->694->700->713->721->734->745->748->749->753->763->765->764->766->783->784->791->815->816->821->826->830->839->842->849->852->860->864->866->867->870->880->882->889->887->893->894->910->933->944->946->948->976->978->985->991->995->1017->1024->1031->1071->1077->1079->1091->1100->1110->1120->1122->1139->1167->1168->1181->1175->1189->1192->1204->1182->1184->1193->1205->1210->1223->1229->1230->1241->1232->1237->1242->1244->1251->1269->1275->1278->1296->1322->1330->1348->1364->1353->1358->1361->1362->1368->1379->1381->1387->1390->1403->1417->1434->1428->1453->1462->1463->1481->1497->1500->1502->1503->1508->1510->1512->1531->1518->1528->1540->1542->1554->1555->1568->1576->1582->1583->1594->1586->1588->1599->1618->1593->1601->1604->1607->1616->1620->1633->1641->1680->1688->1719->1739->1751->1982,1982->2000,RESULTS/ACO/log_aco_spot.csv
GA,N2000_C4_I1,N2000_C4_I1.dat,n_2000/N2000_C4_I1.dat,final_case,N2000,C4,1.00 km,maximum_walking_distance,1.0,2000,6198,100,2979,299,0.1,299,1968,2000,0.9,1.0,20.5,1968,2000,0.9,1.0,20.5,0.9,TRUE,solved,1982,515,1982_S002,near,1,0.27610000000000073,0.002153,0.004055,0.178,0.0356,0.039654999999999996,0.31790800000000075,0.27610000000000073,0.178,0.039654999999999996,0.31790800000000075,6.69,17.836032000000042,669117.061,1968->1955->1807->1789->1806->1781->1779->1774->1771->1780->1778->1766->1764->1763->1740->1736->1735->1731->1718->1713->1707->1693->1681->1677->1687->1672->1665->1673->1664->1655->1649->1643->1637->1628->1610->1587->1579->1552->1550->1548->1547->1530->1537->1525->1524->1492->1490->1488->1495->1479->1486->1471->1469->1465->1460->1430->1423->1401->1391->1384->1380->1374->1373->1369->1359->1355->1344->1311->1301->1310->1298->1290->1281->1274->1270->1279->1277->1262->1257->1254->1252->1234->1231->1219->1206->1228->1203->1194->1197->1183->1177->1170->1153->1152->1149->1142->1134->1130->1125->1117->1113->1129->1111->1105->1099->1089->1075->1069->1065->1064->1063->1051->1055->1042->1039->1050->1037->1036->1027->1006->988->981->969->929->924->917->912->907->904->903->896->892->905->888->885->878->877->874->865->857->856->851->818->813->810->805->786->762->761->757->755->741->725->715->711->708->705->696->691->697->689->687->681->674->667->661->659->669->657->636->609->599->592->588->576->574->586->568->575->564->581->560->549->547->545->543->540->566->538->561->532->548->542->534->539->526->524->522->527->519->501->476->469->463->450->436->430->408->393->387->372->375->371->362->660->646->644->373->356->626->635->348->346->349->558->552->520->514->309->298->299->500->262->259->254->457->206->410->209->201->198->404->392->196->193->190->183->385->380->339->338->164->163->175->172->155->117->57->52->51->50->283->273->267->62->59->56->38->55->44->104->102->221->15->24->19->28->20->32->30->34->54->29->53->89->49->85->111->100->119->114->129->122->123->125->133->152->134->181->191->184->189->216->156->166->177->167->158->170->173->185->192->204->202->260->265->263->268->275->288->290->293->306->317->358->363->379->384->402->394->407->396->397->401->406->398->403->413->440->449->455->460->468->461->462->471->482->497->517->518->537->546->551->553->554->555->562->569->570->573->593->600->602->615->628->637->642->658->668->694->700->713->721->734->745->748->749->753->763->764->766->783->793->784->791->815->816->822->821->826->830->839->842->849->852->860->864->866->875->867->870->880->882->889->887->893->894->910->933->944->946->948->976->978->985->991->995->1017->1024->1031->1068->1071->1077->1079->1091->1092->1100->1110->1120->1116->1122->1139->1167->1168->1181->1173->1175->1178->1192->1204->1180->1182->1184->1193->1205->1210->1223->1229->1230->1241->1232->1237->1242->1244->1251->1269->1275->1278->1296->1322->1330->1348->1364->1353->1358->1366->1362->1368->1379->1382->1387->1390->1403->1417->1434->1428->1453->1462->1463->1481->1497->1500->1502->1503->1508->1510->1512->1531->1522->1518->1528->1540->1542->1554->1555->1568->1576->1582->1583->1594->1586->1590->1600->1599->1618->1593->1601->1595->1607->1616->1620->1630->1633->1641->1680->1688->1719->1739->1751->1982,1982->2000,RESULTS/GA/log_ga_spot.csv
Optimization,N2000_C4_I1,N2000_C4_I1.dat,n_2000/N2000_C4_I1.dat,final_case,N2000,C4,1.00 km,maximum_walking_distance,1.0,2000,6198,100,2979,299,0.1,299,1968,2000,0.9,1.0,20.5,1968,2000,0.9,1.0,20.5,0.9,TRUE,inferred_from_previous_exact_lot_solution,1941,666,1941_S001,near,1,0.25490000000000035,0.001516,0.002865,0.2561,0.0512,0.054065,0.31048100000000034,0.25490000000000035,0.2561,0.054065,0.31048100000000034,8.6,17.62597400000002,520216.83,1968->1807->1789->1788->1781->1779->1774->1784->1780->1778->1767->1764->1740->1736->1735->1731->1718->1713->1707->1693->1681->1677->1672->1665->1673->1664->1655->1649->1643->1637->1628->1610->1587->1579->1552->1550->1548->1530->1537->1525->1492->1490->1488->1495->1479->1486->1471->1469->1465->1460->1430->1423->1401->1391->1384->1380->1374->1373->1369->1359->1355->1344->1311->1301->1310->1298->1290->1281->1274->1270->1279->1277->1262->1257->1254->1252->1219->1206->1212->1203->1194->1197->1177->1170->1153->1152->1149->1142->1134->1130->1125->1117->1113->1129->1111->1105->1099->1089->1075->1069->1065->1064->1063->1051->1042->1039->1050->1037->1036->1027->1006->988->981->969->961->929->924->917->912->907->904->903->896->892->905->888->885->878->877->874->865->857->856->851->813->810->805->786->762->761->757->755->741->725->715->711->708->705->696->691->697->689->687->681->674->667->661->659->669->657->636->609->599->592->588->576->574->586->568->575->581->560->549->547->545->543->540->538->561->548->542->534->539->526->525->527->508->501->476->469->463->450->437->436->430->422->415->408->393->387->381->680->372->375->371->362->361->638->373->356->350->353->348->346->344->334->603->614->612->337->331->329->324->321->309->298->299->289->284->266->487->492->485->479->475->458->466->262->259->254->235->233->232->244->230->229->217->228->210->206->209->201->198->196->193->190->183->178->174->168->164->163->162->120->117->112->110->142->124->118->95->87->99->83->76->73->48->47->42->77->72->41->62->101->182->5->1->9->10->11->4->8->15->24->19->28->22->30->33->45->27->34->54->53->89->49->85->111->119->114->122->123->125->133->152->134->181->143->146->189->216->223->166->177->167->158->170->173->185->197->204->202->260->265->263->275->288->290->293->297->306->317->358->363->379->384->394->407->396->397->401->406->398->403->413->440->449->453->455->460->461->462->471->482->497->517->518->536->537->546->551->553->555->562->569->570->573->593->600->602->615->628->637->642->658->668->694->700->713->721->734->745->748->749->753->763->764->766->783->793->791->815->816->822->821->826->830->839->842->849->852->860->864->866->867->870->880->882->887->893->894->910->933->944->946->948->976->978->985->991->995->1017->1024->1031->1071->1077->1079->1091->1100->1110->1120->1122->1139->1167->1168->1181->1175->1189->1191->1199->1204->1182->1184->1193->1205->1210->1223->1229->1230->1241->1232->1237->1242->1244->1251->1269->1275->1278->1296->1322->1330->1348->1364->1353->1358->1361->1362->1368->1379->1382->1387->1390->1403->1417->1434->1428->1453->1462->1463->1481->1497->1500->1502->1503->1508->1510->1512->1531->1518->1528->1540->1542->1554->1555->1568->1576->1582->1583->1594->1586->1588->1590->1599->1618->1593->1601->1604->1595->1607->1616->1620->1630->1633->1641->1680->1688->1719->1739->1751->1941,1941->2000,RESULTS/COMBINED_ALL_METHODS/results_all_methods_parameter_sensitivity_spot_level.csv
PSO,N2000_C4_I1,N2000_C4_I1.dat,n_2000/N2000_C4_I1.dat,final_case,N2000,C4,1.00 km,maximum_walking_distance,1.0,2000,6198,100,2979,299,0.1,299,1968,2000,0.9,1.0,20.5,1968,2000,0.9,1.0,20.5,0.9,TRUE,solved,1941,666,1941_S001,near,1,0.25490000000000035,0.001538,0.002887,0.2561,0.0512,0.054087,0.31052500000000033,0.25490000000000035,0.2561,0.054087,0.31052500000000033,8.63,17.63135000000002,520216.83,1968->1807->1789->1788->1781->1779->1774->1784->1780->1778->1767->1764->1740->1736->1735->1731->1718->1713->1707->1693->1681->1677->1672->1665->1673->1664->1655->1649->1643->1637->1628->1610->1587->1579->1552->1550->1548->1530->1537->1525->1492->1490->1488->1495->1479->1486->1471->1469->1465->1460->1430->1423->1401->1391->1384->1380->1374->1373->1369->1359->1355->1344->1311->1301->1310->1298->1290->1281->1274->1270->1279->1277->1262->1257->1254->1252->1219->1206->1212->1203->1194->1197->1177->1170->1153->1152->1149->1142->1134->1130->1125->1117->1113->1129->1111->1105->1099->1089->1075->1069->1065->1064->1063->1051->1042->1039->1050->1037->1036->1027->1006->988->981->969->961->929->924->917->912->907->904->903->896->892->905->888->885->878->877->874->865->857->856->851->813->810->805->786->762->761->757->755->741->725->715->711->708->705->696->691->697->689->687->681->674->667->661->659->669->657->636->609->599->592->588->576->574->586->568->575->581->560->549->547->545->543->540->538->561->548->542->534->539->526->525->527->508->501->476->469->463->450->437->436->430->422->415->408->393->387->381->680->372->375->371->362->361->638->373->356->350->353->348->346->344->334->603->614->612->337->331->329->324->321->309->298->299->289->284->266->487->492->485->479->475->458->466->262->259->254->235->233->232->244->230->229->217->228->210->206->209->201->198->196->193->190->183->178->174->168->164->163->162->120->117->112->110->142->124->118->95->87->99->83->76->73->48->47->42->77->72->41->62->101->182->5->1->9->10->11->4->8->15->24->19->28->22->30->33->45->27->34->54->53->89->49->85->111->119->114->122->123->125->133->152->134->181->143->146->189->216->223->166->177->167->158->170->173->185->197->204->202->260->265->263->275->288->290->293->297->306->317->358->363->379->384->394->407->396->397->401->406->398->403->413->440->449->453->455->460->461->462->471->482->497->517->518->536->537->546->551->553->555->562->569->570->573->593->600->602->615->628->637->642->658->668->694->700->713->721->734->745->748->749->753->763->764->766->783->793->791->815->816->822->821->826->830->839->842->849->852->860->864->866->867->870->880->882->887->893->894->910->933->944->946->948->976->978->985->991->995->1017->1024->1031->1071->1077->1079->1091->1100->1110->1120->1122->1139->1167->1168->1181->1175->1189->1191->1199->1204->1182->1184->1193->1205->1210->1223->1229->1230->1241->1232->1237->1242->1244->1251->1269->1275->1278->1296->1322->1330->1348->1364->1353->1358->1361->1362->1368->1379->1382->1387->1390->1403->1417->1434->1428->1453->1462->1463->1481->1497->1500->1502->1503->1508->1510->1512->1531->1518->1528->1540->1542->1554->1555->1568->1576->1582->1583->1594->1586->1588->1590->1599->1618->1593->1601->1604->1595->1607->1616->1620->1630->1633->1641->1680->1688->1719->1739->1751->1941,1941->2000,RESULTS/PSO/log_pso_spot.csv
ACO,N2000_C5_I1,N2000_C5_I1.dat,n_2000/N2000_C5_I1.dat,final_case,N2000,C5,Medium traffic,traffic_level,Medium,2000,6198,100,2979,299,0.1,299,1968,2000,0.9,0.5,20.5,1968,2000,0.9,0.5,20.5,0.9,TRUE,solved,1982,514,1982_S001,near,1,0.2661000000000004,0.00162,0.003289,0.178,0.0356,0.038889,0.3066090000000004,0.2661000000000004,0.178,0.038889,0.3066090000000004,6.46,17.20288600000002,10228.14,1968->1955->1807->1789->1788->1781->1779->1774->1784->1780->1778->1767->1764->1740->1736->1735->1731->1718->1713->1707->1693->1681->1677->1672->1665->1673->1664->1655->1649->1643->1637->1628->1625->1610->1587->1579->1552->1550->1548->1530->1537->1525->1492->1490->1488->1495->1479->1486->1471->1465->1460->1430->1423->1406->1401->1391->1384->1380->1374->1373->1369->1359->1355->1344->1311->1301->1310->1298->1290->1281->1274->1270->1279->1262->1257->1254->1252->1234->1219->1206->1212->1203->1194->1197->1177->1170->1153->1152->1149->1142->1134->1130->1125->1117->1113->1129->1111->1099->1089->1075->1069->1065->1064->1063->1051->1042->1039->1050->1037->1036->1027->1006->988->981->969->929->924->917->912->904->903->896->892->905->888->885->878->877->874->865->861->857->856->851->813->810->805->786->762->761->757->755->725->715->711->708->705->696->691->697->689->687->681->674->667->659->657->636->609->599->592->588->576->574->586->568->575->564->560->549->547->545->543->540->538->561->548->542->534->539->526->525->527->508->501->476->469->463->467->450->436->430->408->393->387->372->375->371->362->373->356->350->353->348->346->344->334->337->331->329->324->321->309->298->296->289->284->266->262->259->254->235->233->232->230->229->217->228->210->206->209->201->198->196->193->190->183->178->174->168->164->163->130->120->79->57->52->51->50->48->47->43->42->41->40->56->38->55->37->31->25->36->46->35->23->21->1->5->6->10->11->15->24->19->28->22->30->34->54->53->89->49->85->100->119->114->122->123->125->133->134->181->143->146->156->166->158->173->185->192->204->202->260->263->275->288->290->293->306->317->358->363->379->384->394->407->396->397->401->406->398->403->413->440->449->453->455->460->468->471->482->497->517->518->536->537->546->551->553->555->562->569->570->573->593->600->602->615->628->637->642->658->668->694->700->713->721->734->745->748->749->753->763->765->764->766->783->784->791->815->816->821->826->830->839->842->849->852->860->864->866->867->870->880->882->889->887->893->894->910->933->944->946->956->976->978->985->991->995->1017->1024->1031->1071->1077->1079->1091->1100->1110->1120->1116->1122->1139->1167->1168->1181->1175->1178->1192->1204->1182->1184->1193->1205->1210->1223->1229->1230->1241->1232->1237->1242->1244->1251->1269->1275->1278->1296->1322->1330->1348->1364->1353->1358->1361->1362->1368->1379->1381->1387->1390->1403->1417->1434->1428->1453->1462->1463->1481->1497->1500->1502->1503->1508->1510->1512->1531->1518->1528->1540->1542->1554->1555->1568->1576->1582->1583->1594->1586->1590->1600->1618->1593->1601->1604->1607->1616->1620->1630->1633->1641->1680->1688->1719->1739->1751->1978->1982,1982->2000,RESULTS/ACO/log_aco_spot.csv
GA,N2000_C5_I1,N2000_C5_I1.dat,n_2000/N2000_C5_I1.dat,final_case,N2000,C5,Medium traffic,traffic_level,Medium,2000,6198,100,2979,299,0.1,299,1968,2000,0.9,0.5,20.5,1968,2000,0.9,0.5,20.5,0.9,TRUE,solved,1986,481,1986_S003,near,1,0.40480000000000077,0.002361,0.005061,0.1692,0.0338,0.038861,0.44602200000000075,0.40480000000000077,0.1692,0.038861,0.44602200000000075,8.6,24.94518800000004,597399.928,1968->1807->1789->1788->1781->1779->1774->1771->1784->1780->1778->1767->1764->1763->1740->1736->1735->1731->1718->1713->1707->1693->1681->1677->1672->1665->1664->1655->1649->1643->1637->1628->1610->1587->1579->1552->1550->1548->1530->1537->1525->1492->1490->1488->1495->1479->1486->1471->1465->1460->1430->1423->1401->1391->1384->1380->1374->1373->1369->1359->1355->1344->1311->1301->1310->1298->1290->1281->1274->1270->1279->1262->1257->1254->1252->1234->1231->1219->1206->1228->1203->1194->1197->1177->1170->1153->1152->1149->1142->1134->1130->1125->1117->1113->1129->1111->1099->1089->1075->1069->1065->1064->1063->1051->1055->1042->1039->1050->1037->1036->1027->1006->988->981->969->961->929->924->917->912->907->904->903->896->892->905->888->885->878->877->874->865->857->856->851->818->813->810->812->805->786->762->761->776->757->755->741->725->715->711->708->723->705->696->691->697->689->687->681->674->667->659->669->657->636->609->599->592->588->576->574->586->568->575->564->560->549->547->545->543->540->566->561->532->542->530->534->539->526->524->522->527->519->501->476->469->463->467->450->437->436->430->408->393->387->381->680->663->688->677->660->362->373->356->350->353->365->348->635->626->625->606->366->349->344->334->337->331->594->587->329->324->321->309->298->299->289->284->491->487->485->479->262->259->254->235->233->232->230->424->425->438->441->451->206->209->201->198->196->392->193->190->183->178->339->338->341->335->333->326->318->301->155->172->175->115->105->51->52->61->65->62->101->182->1->2->5->9->10->13->14->15->8->12->24->19->28->22->26->33->32->45->27->34->54->53->29->89->98->94->67->85->111->119->114->122->123->125->133->152->134->181->191->184->189->194->143->146->216->223->166->158->167->177->187->195->211->170->173->212->227->192->197->204->202->260->263->275->288->290->293->306->317->358->363->379->384->402->394->407->396->397->401->406->398->403->413->440->449->455->460->468->461->462->471->482->495->497->517->518->537->546->551->553->555->562->569->570->573->593->600->602->615->628->637->642->658->668->694->700->709->713->721->734->745->748->749->753->763->764->766->783->793->784->791->815->816->822->821->826->830->839->854->842->849->852->860->864->876->866->867->870->880->882->887->893->894->910->933->944->946->956->948->976->978->985->991->995->1017->1024->1031->1068->1071->1077->1079->1091->1100->1110->1120->1122->1139->1167->1168->1181->1173->1175->1178->1192->1199->1204->1180->1182->1184->1193->1205->1210->1223->1229->1230->1241->1232->1237->1242->1244->1251->1269->1275->1278->1296->1322->1330->1348->1364->1353->1358->1366->1362->1368->1385->1379->1381->1387->1390->1403->1417->1434->1426->1428->1453->1462->1463->1481->1497->1500->1502->1503->1508->1510->1512->1521->1522->1531->1518->1528->1540->1542->1554->1555->1568->1576->1582->1583->1594->1586->1588->1599->1618->1593->1601->1595->1607->1616->1620->1630->1633->1641->1680->1688->1719->1739->1751->1940->1941->1951->1969->1980->1978->1982->1986,1986->2000,RESULTS/GA/log_ga_spot.csv
Optimization,N2000_C5_I1,N2000_C5_I1.dat,n_2000/N2000_C5_I1.dat,final_case,N2000,C5,Medium traffic,traffic_level,Medium,2000,6198,100,2979,299,0.1,299,1968,2000,0.9,0.5,20.5,1968,2000,0.9,0.5,20.5,0.9,TRUE,inferred_from_previous_exact_lot_solution,1986,479,1986_S001,near,1,0.40480000000000077,0.001634,0.003246,0.1692,0.0338,0.037045999999999996,0.44348000000000076,0.40480000000000077,0.1692,0.037045999999999996,0.44348000000000076,8.48,24.79592000000004,597399.928,1968->1807->1789->1788->1781->1779->1774->1771->1784->1780->1778->1767->1764->1763->1740->1736->1735->1731->1718->1713->1707->1693->1681->1677->1672->1665->1664->1655->1649->1643->1637->1628->1610->1587->1579->1552->1550->1548->1530->1537->1525->1492->1490->1488->1495->1479->1486->1471->1465->1460->1430->1423->1401->1391->1384->1380->1374->1373->1369->1359->1355->1344->1311->1301->1310->1298->1290->1281->1274->1270->1279->1262->1257->1254->1252->1234->1231->1219->1206->1228->1203->1194->1197->1177->1170->1153->1152->1149->1142->1134->1130->1125->1117->1113->1129->1111->1099->1089->1075->1069->1065->1064->1063->1051->1055->1042->1039->1050->1037->1036->1027->1006->988->981->969->961->929->924->917->912->907->904->903->896->892->905->888->885->878->877->874->865->857->856->851->818->813->810->812->805->786->762->761->776->757->755->741->725->715->711->708->723->705->696->691->697->689->687->681->674->667->659->669->657->636->609->599->592->588->576->574->586->568->575->564->560->549->547->545->543->540->566->561->532->542->530->534->539->526->524->522->527->519->501->476->469->463->467->450->437->436->430->408->393->387->381->680->663->688->677->660->362->373->356->350->353->365->348->635->626->625->606->366->349->344->334->337->331->594->587->329->324->321->309->298->299->289->284->491->487->485->479->262->259->254->235->233->232->230->424->425->438->441->451->206->209->201->198->196->392->193->190->183->178->339->338->341->335->333->326->318->301->155->172->175->115->105->51->52->61->65->62->101->182->1->2->5->9->10->13->14->15->8->12->24->19->28->22->26->33->32->45->27->34->54->53->29->89->98->94->67->85->111->119->114->122->123->125->133->152->134->181->191->184->189->194->143->146->216->223->166->158->167->177->187->195->211->170->173->212->227->192->197->204->202->260->263->275->288->290->293->306->317->358->363->379->384->402->394->407->396->397->401->406->398->403->413->440->449->455->460->468->461->462->471->482->495->497->517->518->537->546->551->553->555->562->569->570->573->593->600->602->615->628->637->642->658->668->694->700->709->713->721->734->745->748->749->753->763->764->766->783->793->784->791->815->816->822->821->826->830->839->854->842->849->852->860->864->876->866->867->870->880->882->887->893->894->910->933->944->946->956->948->976->978->985->991->995->1017->1024->1031->1068->1071->1077->1079->1091->1100->1110->1120->1122->1139->1167->1168->1181->1173->1175->1178->1192->1199->1204->1180->1182->1184->1193->1205->1210->1223->1229->1230->1241->1232->1237->1242->1244->1251->1269->1275->1278->1296->1322->1330->1348->1364->1353->1358->1366->1362->1368->1385->1379->1381->1387->1390->1403->1417->1434->1426->1428->1453->1462->1463->1481->1497->1500->1502->1503->1508->1510->1512->1521->1522->1531->1518->1528->1540->1542->1554->1555->1568->1576->1582->1583->1594->1586->1588->1599->1618->1593->1601->1595->1607->1616->1620->1630->1633->1641->1680->1688->1719->1739->1751->1940->1941->1951->1969->1980->1978->1982->1986,1986->2000,RESULTS/COMBINED_ALL_METHODS/results_all_methods_parameter_sensitivity_spot_level.csv
PSO,N2000_C5_I1,N2000_C5_I1.dat,n_2000/N2000_C5_I1.dat,final_case,N2000,C5,Medium traffic,traffic_level,Medium,2000,6198,100,2979,299,0.1,299,1968,2000,0.9,0.5,20.5,1968,2000,0.9,0.5,20.5,0.9,TRUE,solved,1982,514,1982_S001,near,1,0.7043000000000004,0.00162,0.003289,0.178,0.0356,0.038889,0.7448090000000003,0.7043000000000004,0.178,0.038889,0.7448090000000003,6.46,40.86568600000002,862220.849,1968->1902->1895->1894->1893->1882->1872->1864->1869->1863->1860->1841->1840->1832->1827->1826->1814->1813->1807->1789->1788->1781->1779->1774->1771->1780->1778->1767->1764->1740->1736->1735->1731->1718->1713->1707->1693->1681->1677->1702->1687->1672->1665->1673->1664->1655->1649->1640->1643->1637->1628->1625->1610->1587->1579->1552->1550->1548->1530->1537->1525->1524->1492->1490->1488->1495->1479->1486->1471->1465->1460->1430->1423->1401->1391->1384->1380->1374->1373->1369->1359->1355->1344->1311->1301->1310->1298->1290->1281->1274->1270->1279->1262->1257->1254->1252->1219->1206->1212->1203->1194->1197->1183->1177->1170->1153->1152->1149->1142->1134->1130->1125->1117->1113->1129->1111->1099->1089->1075->1069->1065->1064->1063->1051->1042->1039->1050->1037->1036->1027->1006->988->981->969->929->924->917->912->907->904->903->896->892->905->888->885->878->877->874->865->857->856->851->813->810->805->786->762->776->757->755->741->725->715->711->708->705->696->691->697->698->689->687->695->681->674->667->659->657->636->609->599->592->588->576->574->586->568->575->581->560->549->547->545->543->540->538->561->532->542->534->539->526->525->524->522->508->519->501->476->469->463->450->439->437->436->430->408->393->387->372->375->371->677->660->646->638->361->356->350->626->348->346->587->329->577->559->314->309->298->296->289->493->491->487->485->479->475->458->464->456->457->206->209->410->404->198->196->390->383->380->339->338->335->333->326->318->162->120->79->88->73->71->43->42->81->77->75->176->182->5->6->10->13->14->15->24->19->28->22->30->34->54->29->49->85->100->119->114->122->123->125->133->134->181->143->194->189->216->223->211->212->224->231->227->192->204->202->260->265->263->275->288->290->293->306->317->358->363->379->384->402->394->407->396->397->401->406->398->403->413->440->449->453->455->460->461->462->471->482->497->517->518->536->537->546->551->553->555->562->569->570->573->593->600->602->615->628->637->642->658->668->694->700->713->721->734->745->748->749->753->763->764->766->783->784->791->815->816->821->826->830->839->842->849->852->860->864->866->875->867->870->880->882->889->887->893->894->910->933->944->946->956->976->978->985->991->995->1011->1017->1024->1031->1071->1077->1079->1091->1100->1110->1120->1122->1139->1167->1168->1181->1175->1189->1191->1199->1204->1182->1184->1193->1205->1210->1223->1229->1230->1241->1232->1237->1242->1244->1251->1269->1275->1278->1296->1322->1330->1348->1364->2000->1986->1982,1982->2000,RESULTS/PSO/log_pso_spot.csv
ACO,N2000_C6_I1,N2000_C6_I1.dat,n_2000/N2000_C6_I1.dat,final_case,N2000,C6,High traffic,traffic_level,High,2000,6198,100,2979,299,0.1,299,1968,2000,0.9,0.5,20.5,1968,2000,0.9,0.5,20.5,0.9,TRUE,solved,1982,514,1982_S001,near,1,0.5618000000000004,0.00162,0.003289,0.178,0.0356,0.038889,0.6023090000000003,0.5618000000000004,0.178,0.038889,0.6023090000000003,6.46,33.17068600000002,10400.955,1968->1955->1807->1789->1788->1781->1779->1774->1771->1780->1778->1766->1764->1740->1736->1735->1731->1718->1713->1707->1693->1681->1677->1672->1665->1673->1664->1655->1649->1640->1643->1637->1628->1610->1587->1579->1552->1550->1548->1547->1530->1537->1525->1492->1490->1488->1495->1479->1486->1471->1465->1460->1430->1423->1406->1401->1391->1384->1380->1374->1373->1369->1359->1355->1344->1311->1301->1310->1298->1290->1281->1274->1270->1279->1262->1257->1254->1252->1234->1219->1206->1228->1212->1203->1194->1197->1183->1177->1170->1153->1152->1149->1142->1134->1130->1125->1117->1113->1129->1111->1099->1089->1075->1069->1065->1064->1063->1051->1042->1039->1050->1037->1036->1027->1006->988->981->969->929->924->917->912->904->903->896->892->905->888->885->878->877->874->865->857->856->851->813->810->812->805->786->762->761->757->755->741->725->715->711->708->705->696->691->697->698->689->687->681->674->667->659->657->636->609->599->592->588->576->574->586->568->575->564->560->549->547->545->543->540->566->561->548->542->534->539->526->525->527->519->501->476->469->463->450->436->430->408->393->387->372->375->371->362->361->356->350->353->348->346->349->334->337->331->329->324->321->314->309->298->296->289->284->266->262->259->254->235->233->232->230->229->217->228->210->206->209->201->198->196->193->190->183->178->174->168->164->163->162->175->172->112->110->105->51->50->48->47->42->41->40->56->38->55->37->31->25->36->46->35->23->21->1->2->3->4->8->12->24->19->28->22->30->34->54->53->89->49->85->100->119->114->122->123->125->133->134->181->143->146->156->166->158->173->185->197->204->202->260->263->268->275->288->290->293->306->317->358->363->379->384->394->407->396->397->401->406->398->403->413->440->449->453->455->460->461->462->471->482->497->517->518->537->546->551->553->555->562->569->570->573->593->600->602->615->628->637->642->658->668->694->700->713->721->734->745->748->749->753->763->764->766->783->784->791->815->816->821->826->830->839->854->849->852->860->864->866->867->870->880->882->887->893->894->910->933->944->946->948->976->978->985->991->995->1017->1024->1031->1071->1077->1079->1091->1100->1110->1120->1122->1139->1167->1168->1181->1175->1189->1192->1180->1182->1184->1193->1205->1210->1223->1229->1230->1241->1232->1237->1242->1244->1251->1269->1275->1278->1296->1322->1330->1348->1364->1353->1358->1361->1362->1368->1379->1381->1387->1390->1403->1417->1434->1426->1428->1453->1462->1463->1481->1497->1500->1502->1503->1508->1510->1512->1531->1518->1528->1540->1542->1554->1555->1568->1576->1582->1583->1594->1586->1588->1599->1618->1593->1601->1595->1607->1616->1620->1630->1633->1641->1680->1688->1719->1739->1751->1980->1978->1982,1982->2000,RESULTS/ACO/log_aco_spot.csv
GA,N2000_C6_I1,N2000_C6_I1.dat,n_2000/N2000_C6_I1.dat,final_case,N2000,C6,High traffic,traffic_level,High,2000,6198,100,2979,299,0.1,299,1968,2000,0.9,0.5,20.5,1968,2000,0.9,0.5,20.5,0.9,TRUE,solved,1941,666,1941_S001,near,1,1.1105000000000003,0.001743,0.003911,0.2561,0.0512,0.055111,1.1673540000000002,1.1105000000000003,0.2561,0.055111,1.1673540000000002,8.49,63.886116000000015,683911.406,1968->1955->1807->1789->1806->1781->1779->1774->1784->1771->1780->1778->1766->1764->1740->1736->1735->1731->1718->1713->1707->1693->1689->1681->1677->1672->1665->1664->1655->1649->1640->1643->1637->1628->1610->1587->1579->1552->1550->1548->1530->1537->1525->1524->1492->1490->1488->1495->1479->1486->1471->1465->1460->1430->1423->1406->1401->1391->1384->1386->1380->1374->1373->1369->1359->1355->1344->1311->1301->1310->1298->1290->1281->1274->1270->1279->1262->1257->1254->1252->1219->1206->1212->1228->1203->1194->1197->1177->1170->1153->1152->1149->1142->1134->1130->1125->1117->1113->1129->1111->1105->1099->1089->1075->1069->1065->1064->1063->1051->1042->1039->1050->1037->1036->1027->1006->988->981->969->961->929->924->917->912->907->904->903->896->892->905->888->885->878->877->874->865->861->857->856->851->813->810->812->805->786->762->776->761->757->755->741->725->715->711->708->705->696->691->697->698->689->687->681->674->667->661->659->669->657->636->609->599->592->588->576->574->586->568->575->581->560->549->547->545->543->540->538->566->561->532->542->530->539->526->525->527->522->508->519->501->476->469->463->467->450->437->436->430->415->408->393->387->381->680->663->677->375->371->362->361->356->350->365->348->346->349->558->314->509->299->500->259->254->235->457->451->441->206->209->410->404->392->390->196->193->190->183->370->380->339->338->335->168->164->163->175->172->112->110->105->52->61->65->62->59->82->171->182->9->10->11->15->8->12->18->24->19->28->20->32->30->33->27->34->54->53->29->49->67->85->100->119->114->122->123->125->133->134->181->191->184->194->143->146->156->187->177->167->166->223->211->173->185->197->204->202->260->263->268->275->288->290->293->306->317->358->363->379->384->394->407->396->397->401->406->398->399->403->413->440->449->453->455->460->468->471->482->495->497->517->518->536->537->546->551->553->555->562->569->570->573->593->600->602->615->628->637->642->658->668->694->700->709->713->721->734->745->748->749->753->763->764->766->783->793->791->815->816->821->826->830->839->854->849->852->860->864->876->866->867->870->880->882->887->893->894->910->933->944->946->948->976->978->985->991->995->1011->1017->1024->1031->1068->1071->1077->1079->1091->1100->1110->1120->1116->1122->1139->1167->1168->1173->1175->1178->1192->1204->1180->1182->1184->1193->1205->1210->1223->1229->1230->1241->1232->1237->1242->1244->1251->1269->1275->1278->1296->1322->1330->1348->1364->2000->1978->1980->1969->1951->1941,1941->2000,RESULTS/GA/log_ga_spot.csv
Optimization,N2000_C6_I1,N2000_C6_I1.dat,n_2000/N2000_C6_I1.dat,final_case,N2000,C6,High traffic,traffic_level,High,2000,6198,100,2979,299,0.1,299,1968,2000,0.9,0.5,20.5,1968,2000,0.9,0.5,20.5,0.9,TRUE,inferred_from_previous_exact_lot_solution,1982,514,1982_S001,near,1,1.0054,0.00164,0.003309,0.178,0.0356,0.038909,1.0459490000000002,1.0054,0.178,0.038909,1.0459490000000002,6.45,57.126246000000016,649422.085,1968->1955->1807->1789->1788->1781->1779->1774->1771->1780->1778->1766->1764->1740->1736->1735->1731->1718->1713->1707->1693->1681->1677->1672->1665->1673->1664->1655->1649->1643->1637->1628->1610->1587->1579->1552->1550->1548->1530->1537->1525->1492->1490->1488->1495->1479->1486->1471->1465->1460->1430->1423->1406->1401->1391->1384->1380->1374->1373->1369->1359->1355->1344->1311->1301->1310->1298->1290->1281->1274->1270->1279->1262->1257->1254->1252->1219->1206->1212->1203->1194->1197->1177->1170->1153->1152->1149->1142->1134->1130->1125->1117->1113->1129->1111->1099->1089->1075->1069->1065->1064->1063->1051->1042->1039->1050->1037->1036->1027->1006->988->981->969->961->929->924->917->912->904->903->896->892->905->888->885->878->877->874->865->861->857->856->851->818->813->810->812->805->786->762->761->757->755->725->715->711->708->723->705->696->691->697->689->687->695->681->674->667->659->657->636->609->599->592->588->576->574->586->568->575->581->560->549->547->545->543->540->566->561->548->542->534->539->526->525->527->519->501->476->469->463->450->436->430->408->393->387->372->663->688->375->371->362->373->626->608->606->366->349->558->552->520->514->523->509->493->491->487->485->479->475->458->466->464->232->230->229->420->418->409->410->209->201->198->196->193->190->183->178->174->168->164->163->130->90->88->73->48->47->43->82->101->182->5->9->10->11->16->17->18->24->19->20->32->45->27->34->54->53->89->49->67->85->100->119->114->122->123->125->133->134->181->191->184->189->216->223->166->158->173->212->227->192->197->199->204->202->260->263->268->275->288->290->293->306->317->358->363->379->384->394->407->396->397->401->406->398->403->413->440->449->453->455->460->461->462->471->482->497->517->518->537->546->551->553->554->555->562->569->570->573->593->600->602->615->628->637->642->658->668->694->700->713->721->734->745->748->749->753->763->764->766->783->784->791->815->816->821->826->830->839->854->849->852->860->864->866->867->870->880->882->889->887->893->894->910->933->944->946->956->976->978->985->991->995->1011->1017->1024->1031->1068->1071->1077->1079->1091->1100->1110->1120->1122->1139->1167->1168->1173->1175->1189->1192->1180->1182->1184->1193->1205->1210->1223->1229->1230->1241->1232->1237->1242->1244->1251->1269->1275->1278->1296->1322->1330->1348->1364->1353->1358->1361->1362->1368->2000->1987->1982,1982->2000,RESULTS/COMBINED_ALL_METHODS/results_all_methods_parameter_sensitivity_spot_level.csv
PSO,N2000_C6_I1,N2000_C6_I1.dat,n_2000/N2000_C6_I1.dat,final_case,N2000,C6,High traffic,traffic_level,High,2000,6198,100,2979,299,0.1,299,1968,2000,0.9,0.5,20.5,1968,2000,0.9,0.5,20.5,0.9,TRUE,solved,1982,514,1982_S001,near,1,1.0054,0.00162,0.003289,0.178,0.0356,0.038889,1.045909,1.0054,0.178,0.038889,1.045909,6.46,57.125086,649422.085,1968->1955->1807->1789->1788->1781->1779->1774->1771->1780->1778->1766->1764->1740->1736->1735->1731->1718->1713->1707->1693->1681->1677->1672->1665->1673->1664->1655->1649->1643->1637->1628->1610->1587->1579->1552->1550->1548->1530->1537->1525->1492->1490->1488->1495->1479->1486->1471->1465->1460->1430->1423->1406->1401->1391->1384->1380->1374->1373->1369->1359->1355->1344->1311->1301->1310->1298->1290->1281->1274->1270->1279->1262->1257->1254->1252->1219->1206->1212->1203->1194->1197->1177->1170->1153->1152->1149->1142->1134->1130->1125->1117->1113->1129->1111->1099->1089->1075->1069->1065->1064->1063->1051->1042->1039->1050->1037->1036->1027->1006->988->981->969->961->929->924->917->912->904->903->896->892->905->888->885->878->877->874->865->861->857->856->851->818->813->810->812->805->786->762->761->757->755->725->715->711->708->723->705->696->691->697->689->687->695->681->674->667->659->657->636->609->599->592->588->576->574->586->568->575->581->560->549->547->545->543->540->566->561->548->542->534->539->526->525->527->519->501->476->469->463->450->436->430->408->393->387->372->663->688->375->371->362->373->626->608->606->366->349->558->552->520->514->523->509->493->491->487->485->479->475->458->466->464->232->230->229->420->418->409->410->209->201->198->196->193->190->183->178->174->168->164->163->130->90->88->73->48->47->43->82->101->182->5->9->10->11->16->17->18->24->19->20->32->45->27->34->54->53->89->49->67->85->100->119->114->122->123->125->133->134->181->191->184->189->216->223->166->158->173->212->227->192->197->199->204->202->260->263->268->275->288->290->293->306->317->358->363->379->384->394->407->396->397->401->406->398->403->413->440->449->453->455->460->461->462->471->482->497->517->518->537->546->551->553->554->555->562->569->570->573->593->600->602->615->628->637->642->658->668->694->700->713->721->734->745->748->749->753->763->764->766->783->784->791->815->816->821->826->830->839->854->849->852->860->864->866->867->870->880->882->889->887->893->894->910->933->944->946->956->976->978->985->991->995->1011->1017->1024->1031->1068->1071->1077->1079->1091->1100->1110->1120->1122->1139->1167->1168->1173->1175->1189->1192->1180->1182->1184->1193->1205->1210->1223->1229->1230->1241->1232->1237->1242->1244->1251->1269->1275->1278->1296->1322->1330->1348->1364->1353->1358->1361->1362->1368->2000->1987->1982,1982->2000,RESULTS/PSO/log_pso_spot.csv
ACO,N2000_C7_I1,N2000_C7_I1.dat,n_2000/N2000_C7_I1.dat,final_case,N2000,C7,Alpha 0.80,objective_weight_alpha,0.8,2000,6198,100,2979,299,0.1,299,1968,2000,0.9,0.5,20.5,1968,2000,0.9,0.5,20.5,0.9,TRUE,solved,1982,514,1982_S001,near,1,0.18700000000000017,0.00162,0.003289,0.178,0.0356,0.038889,0.22750900000000018,0.18700000000000017,0.178,0.038889,0.22750900000000018,6.46,12.93148600000001,9839.455,1968->1955->1807->1789->1788->1781->1779->1774->1784->1780->1778->1766->1764->1740->1736->1735->1731->1718->1713->1707->1693->1681->1677->1672->1665->1664->1655->1649->1643->1637->1628->1610->1587->1579->1552->1550->1548->1530->1537->1525->1492->1490->1488->1495->1479->1486->1471->1465->1460->1430->1423->1406->1401->1391->1384->1380->1374->1373->1369->1359->1355->1344->1311->1301->1310->1298->1290->1281->1274->1270->1279->1277->1262->1257->1254->1252->1234->1219->1206->1228->1212->1203->1194->1197->1177->1170->1153->1152->1149->1142->1134->1130->1125->1117->1113->1129->1111->1099->1089->1075->1069->1065->1064->1063->1051->1042->1039->1050->1037->1036->1027->1006->988->981->969->929->924->917->912->904->903->896->892->905->888->885->878->877->874->865->861->857->856->851->818->813->810->812->805->786->762->776->757->755->725->715->711->708->705->696->691->697->698->689->687->681->674->667->659->657->636->609->599->592->588->576->574->586->568->575->564->560->549->547->545->543->540->538->561->548->542->534->539->526->525->527->508->501->476->469->463->467->450->436->430->415->408->393->387->372->375->371->362->373->356->350->365->348->346->344->334->337->331->329->324->321->309->298->296->289->284->266->262->259->254->235->233->232->230->229->217->228->210->206->209->201->198->196->193->190->183->178->174->168->164->163->162->155->169->108->105->51->50->48->47->43->42->77->69->68->63->21->1->9->10->11->15->24->19->28->22->30->34->54->53->89->49->85->100->119->114->122->123->125->133->134->181->143->146->156->166->158->173->185->197->204->202->260->263->275->288->290->293->306->317->358->363->379->384->394->407->396->397->401->406->398->403->413->440->449->455->460->468->462->471->482->497->517->518->537->546->551->553->555->562->569->570->573->593->600->602->615->628->637->642->658->668->694->700->713->721->734->745->748->749->753->763->765->764->766->783->784->791->815->816->821->826->830->839->842->849->852->860->864->866->867->870->880->882->889->887->893->894->910->933->944->946->948->976->978->985->991->995->1017->1024->1031->1071->1077->1079->1091->1100->1110->1120->1122->1139->1167->1168->1181->1175->1189->1192->1204->1182->1184->1193->1205->1210->1223->1229->1230->1241->1232->1237->1242->1244->1251->1269->1275->1278->1296->1322->1330->1348->1364->1353->1358->1361->1362->1368->1379->1381->1387->1390->1403->1417->1434->1428->1453->1462->1463->1481->1497->1500->1502->1503->1508->1510->1512->1531->1518->1528->1540->1542->1554->1555->1568->1576->1582->1583->1594->1586->1588->1599->1618->1593->1601->1604->1607->1616->1620->1633->1641->1680->1688->1719->1739->1751->1982,1982->2000,RESULTS/ACO/log_aco_spot.csv
GA,N2000_C7_I1,N2000_C7_I1.dat,n_2000/N2000_C7_I1.dat,final_case,N2000,C7,Alpha 0.80,objective_weight_alpha,0.8,2000,6198,100,2979,299,0.1,299,1968,2000,0.9,0.5,20.5,1968,2000,0.9,0.5,20.5,0.9,TRUE,solved,1982,514,1982_S001,near,1,0.26320000000000066,0.00162,0.003289,0.178,0.0356,0.038889,0.3037090000000007,0.26320000000000066,0.178,0.038889,0.3037090000000007,6.46,17.046286000000038,619516.951,1968->1807->1789->1788->1806->1781->1779->1774->1784->1780->1778->1766->1764->1740->1736->1735->1731->1718->1713->1707->1693->1689->1681->1677->1687->1672->1665->1673->1664->1655->1649->1640->1643->1637->1628->1610->1587->1579->1552->1550->1548->1547->1530->1537->1525->1524->1492->1490->1488->1495->1479->1486->1471->1465->1460->1430->1423->1406->1401->1391->1384->1386->1380->1374->1373->1369->1359->1355->1344->1311->1301->1310->1298->1290->1281->1274->1270->1279->1262->1257->1254->1252->1219->1206->1228->1203->1194->1197->1183->1177->1170->1153->1152->1149->1142->1134->1130->1125->1117->1113->1129->1111->1099->1089->1075->1069->1065->1064->1063->1051->1042->1039->1050->1037->1036->1027->1006->988->981->969->929->924->917->912->907->904->903->896->892->905->888->885->878->877->874->865->857->856->851->818->813->810->812->805->786->762->776->757->755->741->725->715->711->708->723->705->696->691->697->689->687->695->681->674->667->661->659->657->636->609->599->592->588->576->574->586->568->575->581->564->560->549->547->545->543->540->566->561->548->542->534->539->526->525->527->522->508->519->501->476->469->463->467->450->439->437->436->430->415->408->393->706->690->387->381->372->375->371->362->373->361->356->350->353->365->348->346->349->366->344->334->337->331->521->321->309->298->296->289->284->491->487->485->479->475->458->464->456->457->451->441->438->233->232->244->230->229->219->217->228->210->410->198->392->193->196->390->383->380->370->174->168->164->163->130->120->117->110->142->124->105->52->61->65->126->127->106->220->16->11->15->24->19->28->22->26->33->27->45->32->30->34->54->53->89->49->67->85->111->119->114->122->123->125->133->152->134->181->191->143->146->156->166->167->177->195->223->211->212->227->224->185->192->204->202->260->263->275->288->290->293->306->317->358->363->379->384->402->394->407->396->397->401->406->398->399->403->413->440->454->449->455->460->468->462->471->482->497->517->518->537->546->551->553->554->555->562->569->570->573->593->600->602->615->628->637->642->658->668->694->700->713->721->734->745->748->749->753->763->764->766->783->793->791->815->816->822->821->826->830->839->842->849->852->860->864->876->866->875->867->870->880->882->887->893->894->910->933->944->946->948->976->978->985->991->995->1017->1024->1031->1068->1071->1077->1079->1091->1100->1110->1120->1122->1139->1167->1168->1173->1175->1189->1191->1192->1180->1204->1182->1184->1193->1205->1210->1223->1229->1230->1241->1232->1237->1242->1244->1251->1269->1275->1278->1296->1322->1330->1348->1364->1353->1358->1361->1362->1368->1379->1381->1382->1387->1390->1403->1417->1434->1428->1453->1462->1463->1481->1497->1499->1500->1502->1503->1508->1510->1512->1531->1518->1528->1540->1542->1554->1555->1568->1576->1582->1583->1594->1586->1588->1590->1600->1618->1593->1601->1604->1595->1607->1616->1620->1633->1641->1680->1688->1719->1739->1751->1951->1969->1980->1978->1982,1982->2000,RESULTS/GA/log_ga_spot.csv
Optimization,N2000_C7_I1,N2000_C7_I1.dat,n_2000/N2000_C7_I1.dat,final_case,N2000,C7,Alpha 0.80,objective_weight_alpha,0.8,2000,6198,100,2979,299,0.1,299,1968,2000,0.9,0.5,20.5,1968,2000,0.9,0.5,20.5,0.9,TRUE,inferred_from_previous_exact_lot_solution,1982,514,1982_S001,near,1,0.26320000000000066,0.00164,0.003309,0.178,0.0356,0.038909,0.3037490000000006,0.26320000000000066,0.178,0.038909,0.3037490000000006,6.45,17.047446000000036,619516.951,1968->1807->1789->1788->1806->1781->1779->1774->1784->1780->1778->1766->1764->1740->1736->1735->1731->1718->1713->1707->1693->1689->1681->1677->1687->1672->1665->1673->1664->1655->1649->1640->1643->1637->1628->1610->1587->1579->1552->1550->1548->1547->1530->1537->1525->1524->1492->1490->1488->1495->1479->1486->1471->1465->1460->1430->1423->1406->1401->1391->1384->1386->1380->1374->1373->1369->1359->1355->1344->1311->1301->1310->1298->1290->1281->1274->1270->1279->1262->1257->1254->1252->1219->1206->1228->1203->1194->1197->1183->1177->1170->1153->1152->1149->1142->1134->1130->1125->1117->1113->1129->1111->1099->1089->1075->1069->1065->1064->1063->1051->1042->1039->1050->1037->1036->1027->1006->988->981->969->929->924->917->912->907->904->903->896->892->905->888->885->878->877->874->865->857->856->851->818->813->810->812->805->786->762->776->757->755->741->725->715->711->708->723->705->696->691->697->689->687->695->681->674->667->661->659->657->636->609->599->592->588->576->574->586->568->575->581->564->560->549->547->545->543->540->566->561->548->542->534->539->526->525->527->522->508->519->501->476->469->463->467->450->439->437->436->430->415->408->393->706->690->387->381->372->375->371->362->373->361->356->350->353->365->348->346->349->366->344->334->337->331->521->321->309->298->296->289->284->491->487->485->479->475->458->464->456->457->451->441->438->233->232->244->230->229->219->217->228->210->410->198->392->193->196->390->383->380->370->174->168->164->163->130->120->117->110->142->124->105->52->61->65->126->127->106->220->16->11->15->24->19->28->22->26->33->27->45->32->30->34->54->53->89->49->67->85->111->119->114->122->123->125->133->152->134->181->191->143->146->156->166->167->177->195->223->211->212->227->224->185->192->204->202->260->263->275->288->290->293->306->317->358->363->379->384->402->394->407->396->397->401->406->398->399->403->413->440->454->449->455->460->468->462->471->482->497->517->518->537->546->551->553->554->555->562->569->570->573->593->600->602->615->628->637->642->658->668->694->700->713->721->734->745->748->749->753->763->764->766->783->793->791->815->816->822->821->826->830->839->842->849->852->860->864->876->866->875->867->870->880->882->887->893->894->910->933->944->946->948->976->978->985->991->995->1017->1024->1031->1068->1071->1077->1079->1091->1100->1110->1120->1122->1139->1167->1168->1173->1175->1189->1191->1192->1180->1204->1182->1184->1193->1205->1210->1223->1229->1230->1241->1232->1237->1242->1244->1251->1269->1275->1278->1296->1322->1330->1348->1364->1353->1358->1361->1362->1368->1379->1381->1382->1387->1390->1403->1417->1434->1428->1453->1462->1463->1481->1497->1499->1500->1502->1503->1508->1510->1512->1531->1518->1528->1540->1542->1554->1555->1568->1576->1582->1583->1594->1586->1588->1590->1600->1618->1593->1601->1604->1595->1607->1616->1620->1633->1641->1680->1688->1719->1739->1751->1951->1969->1980->1978->1982,1982->2000,RESULTS/COMBINED_ALL_METHODS/results_all_methods_parameter_sensitivity_spot_level.csv
PSO,N2000_C7_I1,N2000_C7_I1.dat,n_2000/N2000_C7_I1.dat,final_case,N2000,C7,Alpha 0.80,objective_weight_alpha,0.8,2000,6198,100,2979,299,0.1,299,1968,2000,0.9,0.5,20.5,1968,2000,0.9,0.5,20.5,0.9,TRUE,solved,1982,514,1982_S001,near,1,0.2696000000000007,0.00162,0.003289,0.178,0.0356,0.038889,0.3101090000000007,0.2696000000000007,0.178,0.038889,0.3101090000000007,6.46,17.39188600000004,766930.175,1968->1955->1807->1789->1806->1781->1779->1774->1771->1780->1778->1766->1764->1763->1740->1736->1735->1731->1718->1713->1707->1693->1681->1677->1687->1672->1665->1673->1664->1655->1649->1643->1637->1628->1610->1587->1579->1552->1550->1548->1530->1537->1525->1492->1490->1488->1495->1479->1486->1471->1465->1460->1430->1423->1406->1401->1391->1384->1386->1380->1374->1373->1369->1359->1355->1344->1311->1301->1310->1298->1290->1281->1274->1270->1279->1262->1257->1254->1252->1219->1206->1212->1203->1194->1197->1183->1177->1170->1153->1152->1149->1142->1134->1130->1125->1117->1113->1129->1111->1099->1089->1075->1069->1065->1064->1063->1051->1055->1042->1039->1050->1037->1036->1027->1006->988->981->969->929->924->917->912->907->904->903->896->892->905->888->885->878->877->874->865->861->857->856->851->818->813->810->805->786->762->776->757->755->725->715->711->708->723->705->696->691->697->689->687->681->674->667->659->657->636->609->599->592->588->576->574->586->568->575->581->560->549->547->545->543->540->538->561->532->542->534->539->526->524->522->508->501->476->469->463->450->436->430->408->393->387->690->680->663->677->688->375->371->362->646->638->373->356->350->365->348->346->344->334->558->314->493->289->284->266->262->259->254->235->457->206->209->201->198->196->193->190->183->178->174->168->164->333->326->318->301->292->278->155->169->175->162->163->130->90->83->97->99->93->273->74->66->101->159->157->188->200->249->252->221->17->4->8->15->24->19->28->22->30->34->54->53->89->49->85->100->119->114->122->123->125->133->134->181->191->184->189->216->187->177->167->158->173->185->197->204->202->260->265->263->275->288->290->293->306->317->358->363->379->384->394->407->396->397->401->406->398->403->413->440->449->455->460->468->462->471->482->495->497->517->518->536->537->546->551->553->554->555->562->569->570->573->593->600->602->615->628->637->642->658->668->694->700->713->721->734->745->748->749->753->763->765->764->766->783->784->791->815->816->822->821->826->830->839->854->842->849->852->860->864->876->866->867->870->880->882->887->893->894->910->933->944->946->948->976->978->985->991->995->1017->1024->1031->1071->1077->1079->1091->1100->1110->1120->1122->1139->1167->1168->1181->1175->1178->1192->1204->1180->1182->1184->1193->1205->1210->1223->1229->1230->1241->1232->1237->1242->1244->1251->1269->1275->1278->1296->1322->1330->1348->1364->1353->1358->1361->1362->1368->1379->1382->1387->1390->1403->1417->1434->1428->1453->1462->1463->1481->1497->1500->1502->1503->1508->1510->1512->1531->1522->1518->1528->1540->1542->1554->1555->1568->1576->1582->1583->1594->1586->1588->1590->1600->1618->1593->1601->1595->1607->1616->1620->1630->1633->1641->1680->1688->1719->1739->1751->1982,1982->2000,RESULTS/PSO/log_pso_spot.csv
ACO,N2000_C8_I1,N2000_C8_I1.dat,n_2000/N2000_C8_I1.dat,final_case,N2000,C8,Alpha 0.20,objective_weight_alpha,0.2,2000,6198,100,2979,299,0.1,299,1968,2000,0.1,0.5,20.5,1968,2000,0.1,0.5,20.5,0.1,TRUE,solved,1982,514,1982_S001,near,1,0.18700000000000017,0.00162,0.003289,0.178,0.0356,0.038889,0.22750900000000018,0.18700000000000017,0.178,0.038889,0.22750900000000018,6.46,7.179054000000001,9776.617,1968->1955->1807->1789->1788->1781->1779->1774->1784->1780->1778->1766->1764->1740->1736->1735->1731->1718->1713->1707->1693->1681->1677->1672->1665->1664->1655->1649->1643->1637->1628->1610->1587->1579->1552->1550->1548->1530->1537->1525->1492->1490->1488->1495->1479->1486->1471->1465->1460->1430->1423->1406->1401->1391->1384->1380->1374->1373->1369->1359->1355->1344->1311->1301->1310->1298->1290->1281->1274->1270->1279->1277->1262->1257->1254->1252->1234->1219->1206->1228->1212->1203->1194->1197->1177->1170->1153->1152->1149->1142->1134->1130->1125->1117->1113->1129->1111->1099->1089->1075->1069->1065->1064->1063->1051->1042->1039->1050->1037->1036->1027->1006->988->981->969->929->924->917->912->904->903->896->892->905->888->885->878->877->874->865->861->857->856->851->818->813->810->812->805->786->762->776->757->755->725->715->711->708->705->696->691->697->698->689->687->681->674->667->659->657->636->609->599->592->588->576->574->586->568->575->564->560->549->547->545->543->540->538->561->548->542->534->539->526->525->527->508->501->476->469->463->467->450->436->430->415->408->393->387->372->375->371->362->373->356->350->365->348->346->344->334->337->331->329->324->321->309->298->296->289->284->266->262->259->254->235->233->232->230->229->217->228->210->206->209->201->198->196->193->190->183->178->174->168->164->163->162->155->169->108->105->51->50->48->47->43->42->77->69->68->63->21->1->9->10->11->15->24->19->28->22->30->34->54->53->89->49->85->100->119->114->122->123->125->133->134->181->143->146->156->166->158->173->185->197->204->202->260->263->275->288->290->293->306->317->358->363->379->384->394->407->396->397->401->406->398->403->413->440->449->455->460->468->462->471->482->497->517->518->537->546->551->553->555->562->569->570->573->593->600->602->615->628->637->642->658->668->694->700->713->721->734->745->748->749->753->763->765->764->766->783->784->791->815->816->821->826->830->839->842->849->852->860->864->866->867->870->880->882->889->887->893->894->910->933->944->946->948->976->978->985->991->995->1017->1024->1031->1071->1077->1079->1091->1100->1110->1120->1122->1139->1167->1168->1181->1175->1189->1192->1204->1182->1184->1193->1205->1210->1223->1229->1230->1241->1232->1237->1242->1244->1251->1269->1275->1278->1296->1322->1330->1348->1364->1353->1358->1361->1362->1368->1379->1381->1387->1390->1403->1417->1434->1428->1453->1462->1463->1481->1497->1500->1502->1503->1508->1510->1512->1531->1518->1528->1540->1542->1554->1555->1568->1576->1582->1583->1594->1586->1588->1599->1618->1593->1601->1604->1607->1616->1620->1633->1641->1680->1688->1719->1739->1751->1982,1982->2000,RESULTS/ACO/log_aco_spot.csv
GA,N2000_C8_I1,N2000_C8_I1.dat,n_2000/N2000_C8_I1.dat,final_case,N2000,C8,Alpha 0.20,objective_weight_alpha,0.2,2000,6198,100,2979,299,0.1,299,1968,2000,0.1,0.5,20.5,1968,2000,0.1,0.5,20.5,0.1,TRUE,solved,1982,514,1982_S001,near,1,0.26320000000000066,0.00162,0.003289,0.178,0.0356,0.038889,0.3037090000000007,0.26320000000000066,0.178,0.038889,0.3037090000000007,6.46,7.6362540000000045,199567.463,1968->1807->1789->1788->1806->1781->1779->1774->1784->1780->1778->1766->1764->1740->1736->1735->1731->1718->1713->1707->1693->1689->1681->1677->1687->1672->1665->1673->1664->1655->1649->1640->1643->1637->1628->1610->1587->1579->1552->1550->1548->1547->1530->1537->1525->1524->1492->1490->1488->1495->1479->1486->1471->1465->1460->1430->1423->1406->1401->1391->1384->1386->1380->1374->1373->1369->1359->1355->1344->1311->1301->1310->1298->1290->1281->1274->1270->1279->1262->1257->1254->1252->1219->1206->1228->1203->1194->1197->1183->1177->1170->1153->1152->1149->1142->1134->1130->1125->1117->1113->1129->1111->1099->1089->1075->1069->1065->1064->1063->1051->1042->1039->1050->1037->1036->1027->1006->988->981->969->929->924->917->912->907->904->903->896->892->905->888->885->878->877->874->865->857->856->851->818->813->810->812->805->786->762->776->757->755->741->725->715->711->708->723->705->696->691->697->689->687->695->681->674->667->661->659->657->636->609->599->592->588->576->574->586->568->575->581->564->560->549->547->545->543->540->566->561->548->542->534->539->526->525->527->522->508->519->501->476->469->463->467->450->439->437->436->430->415->408->393->706->690->387->381->372->375->371->362->373->361->356->350->353->365->348->346->349->366->344->334->337->331->521->321->309->298->296->289->284->491->487->485->479->475->458->464->456->457->451->441->438->233->232->244->230->229->219->217->228->210->410->198->392->193->196->390->383->380->370->174->168->164->163->130->120->117->110->142->124->105->52->61->65->126->127->106->220->16->11->15->24->19->28->22->26->33->27->45->32->30->34->54->53->89->49->67->85->111->119->114->122->123->125->133->152->134->181->191->143->146->156->166->167->177->195->223->211->212->227->224->185->192->204->202->260->263->275->288->290->293->306->317->358->363->379->384->402->394->407->396->397->401->406->398->399->403->413->440->454->449->455->460->468->462->471->482->497->517->518->537->546->551->553->554->555->562->569->570->573->593->600->602->615->628->637->642->658->668->694->700->713->721->734->745->748->749->753->763->764->766->783->793->791->815->816->822->821->826->830->839->842->849->852->860->864->876->866->875->867->870->880->882->887->893->894->910->933->944->946->948->976->978->985->991->995->1017->1024->1031->1068->1071->1077->1079->1091->1100->1110->1120->1122->1139->1167->1168->1173->1175->1189->1191->1192->1180->1204->1182->1184->1193->1205->1210->1223->1229->1230->1241->1232->1237->1242->1244->1251->1269->1275->1278->1296->1322->1330->1348->1364->1353->1358->1361->1362->1368->1379->1381->1382->1387->1390->1403->1417->1434->1428->1453->1462->1463->1481->1497->1499->1500->1502->1503->1508->1510->1512->1531->1518->1528->1540->1542->1554->1555->1568->1576->1582->1583->1594->1586->1588->1590->1600->1618->1593->1601->1604->1595->1607->1616->1620->1633->1641->1680->1688->1719->1739->1751->1951->1969->1980->1978->1982,1982->2000,RESULTS/GA/log_ga_spot.csv
Optimization,N2000_C8_I1,N2000_C8_I1.dat,n_2000/N2000_C8_I1.dat,final_case,N2000,C8,Alpha 0.20,objective_weight_alpha,0.2,2000,6198,100,2979,299,0.1,299,1968,2000,0.1,0.5,20.5,1968,2000,0.1,0.5,20.5,0.1,TRUE,inferred_from_previous_exact_lot_solution,1982,514,1982_S001,near,1,0.26320000000000066,0.00164,0.003309,0.178,0.0356,0.038909,0.3037490000000006,0.26320000000000066,0.178,0.038909,0.3037490000000006,6.45,7.627494000000005,199567.463,1968->1807->1789->1788->1806->1781->1779->1774->1784->1780->1778->1766->1764->1740->1736->1735->1731->1718->1713->1707->1693->1689->1681->1677->1687->1672->1665->1673->1664->1655->1649->1640->1643->1637->1628->1610->1587->1579->1552->1550->1548->1547->1530->1537->1525->1524->1492->1490->1488->1495->1479->1486->1471->1465->1460->1430->1423->1406->1401->1391->1384->1386->1380->1374->1373->1369->1359->1355->1344->1311->1301->1310->1298->1290->1281->1274->1270->1279->1262->1257->1254->1252->1219->1206->1228->1203->1194->1197->1183->1177->1170->1153->1152->1149->1142->1134->1130->1125->1117->1113->1129->1111->1099->1089->1075->1069->1065->1064->1063->1051->1042->1039->1050->1037->1036->1027->1006->988->981->969->929->924->917->912->907->904->903->896->892->905->888->885->878->877->874->865->857->856->851->818->813->810->812->805->786->762->776->757->755->741->725->715->711->708->723->705->696->691->697->689->687->695->681->674->667->661->659->657->636->609->599->592->588->576->574->586->568->575->581->564->560->549->547->545->543->540->566->561->548->542->534->539->526->525->527->522->508->519->501->476->469->463->467->450->439->437->436->430->415->408->393->706->690->387->381->372->375->371->362->373->361->356->350->353->365->348->346->349->366->344->334->337->331->521->321->309->298->296->289->284->491->487->485->479->475->458->464->456->457->451->441->438->233->232->244->230->229->219->217->228->210->410->198->392->193->196->390->383->380->370->174->168->164->163->130->120->117->110->142->124->105->52->61->65->126->127->106->220->16->11->15->24->19->28->22->26->33->27->45->32->30->34->54->53->89->49->67->85->111->119->114->122->123->125->133->152->134->181->191->143->146->156->166->167->177->195->223->211->212->227->224->185->192->204->202->260->263->275->288->290->293->306->317->358->363->379->384->402->394->407->396->397->401->406->398->399->403->413->440->454->449->455->460->468->462->471->482->497->517->518->537->546->551->553->554->555->562->569->570->573->593->600->602->615->628->637->642->658->668->694->700->713->721->734->745->748->749->753->763->764->766->783->793->791->815->816->822->821->826->830->839->842->849->852->860->864->876->866->875->867->870->880->882->887->893->894->910->933->944->946->948->976->978->985->991->995->1017->1024->1031->1068->1071->1077->1079->1091->1100->1110->1120->1122->1139->1167->1168->1173->1175->1189->1191->1192->1180->1204->1182->1184->1193->1205->1210->1223->1229->1230->1241->1232->1237->1242->1244->1251->1269->1275->1278->1296->1322->1330->1348->1364->1353->1358->1361->1362->1368->1379->1381->1382->1387->1390->1403->1417->1434->1428->1453->1462->1463->1481->1497->1499->1500->1502->1503->1508->1510->1512->1531->1518->1528->1540->1542->1554->1555->1568->1576->1582->1583->1594->1586->1588->1590->1600->1618->1593->1601->1604->1595->1607->1616->1620->1633->1641->1680->1688->1719->1739->1751->1951->1969->1980->1978->1982,1982->2000,RESULTS/COMBINED_ALL_METHODS/results_all_methods_parameter_sensitivity_spot_level.csv
PSO,N2000_C8_I1,N2000_C8_I1.dat,n_2000/N2000_C8_I1.dat,final_case,N2000,C8,Alpha 0.20,objective_weight_alpha,0.2,2000,6198,100,2979,299,0.1,299,1968,2000,0.1,0.5,20.5,1968,2000,0.1,0.5,20.5,0.1,TRUE,solved,1982,514,1982_S001,near,1,0.2696000000000007,0.00162,0.003289,0.178,0.0356,0.038889,0.3101090000000007,0.2696000000000007,0.178,0.038889,0.3101090000000007,6.46,7.674654000000004,758613.413,1968->1955->1807->1789->1806->1781->1779->1774->1771->1780->1778->1766->1764->1763->1740->1736->1735->1731->1718->1713->1707->1693->1681->1677->1687->1672->1665->1673->1664->1655->1649->1643->1637->1628->1610->1587->1579->1552->1550->1548->1530->1537->1525->1492->1490->1488->1495->1479->1486->1471->1465->1460->1430->1423->1406->1401->1391->1384->1386->1380->1374->1373->1369->1359->1355->1344->1311->1301->1310->1298->1290->1281->1274->1270->1279->1262->1257->1254->1252->1219->1206->1212->1203->1194->1197->1183->1177->1170->1153->1152->1149->1142->1134->1130->1125->1117->1113->1129->1111->1099->1089->1075->1069->1065->1064->1063->1051->1055->1042->1039->1050->1037->1036->1027->1006->988->981->969->929->924->917->912->907->904->903->896->892->905->888->885->878->877->874->865->861->857->856->851->818->813->810->805->786->762->776->757->755->725->715->711->708->723->705->696->691->697->689->687->681->674->667->659->657->636->609->599->592->588->576->574->586->568->575->581->560->549->547->545->543->540->538->561->532->542->534->539->526->524->522->508->501->476->469->463->450->436->430->408->393->387->690->680->663->677->688->375->371->362->646->638->373->356->350->365->348->346->344->334->558->314->493->289->284->266->262->259->254->235->457->206->209->201->198->196->193->190->183->178->174->168->164->333->326->318->301->292->278->155->169->175->162->163->130->90->83->97->99->93->273->74->66->101->159->157->188->200->249->252->221->17->4->8->15->24->19->28->22->30->34->54->53->89->49->85->100->119->114->122->123->125->133->134->181->191->184->189->216->187->177->167->158->173->185->197->204->202->260->265->263->275->288->290->293->306->317->358->363->379->384->394->407->396->397->401->406->398->403->413->440->449->455->460->468->462->471->482->495->497->517->518->536->537->546->551->553->554->555->562->569->570->573->593->600->602->615->628->637->642->658->668->694->700->713->721->734->745->748->749->753->763->765->764->766->783->784->791->815->816->822->821->826->830->839->854->842->849->852->860->864->876->866->867->870->880->882->887->893->894->910->933->944->946->948->976->978->985->991->995->1017->1024->1031->1071->1077->1079->1091->1100->1110->1120->1122->1139->1167->1168->1181->1175->1178->1192->1204->1180->1182->1184->1193->1205->1210->1223->1229->1230->1241->1232->1237->1242->1244->1251->1269->1275->1278->1296->1322->1330->1348->1364->1353->1358->1361->1362->1368->1379->1382->1387->1390->1403->1417->1434->1428->1453->1462->1463->1481->1497->1500->1502->1503->1508->1510->1512->1531->1522->1518->1528->1540->1542->1554->1555->1568->1576->1582->1583->1594->1586->1588->1590->1600->1618->1593->1601->1595->1607->1616->1620->1630->1633->1641->1680->1688->1719->1739->1751->1982,1982->2000,RESULTS/PSO/log_pso_spot.csv
ACO,N2000_C9_I1,N2000_C9_I1.dat,n_2000/N2000_C9_I1.dat,final_case,N2000,C9,Cmax 15.0,parking_budget_cmax,15.0,2000,6198,100,2979,299,0.1,299,1968,2000,0.9,0.5,15.0,1968,2000,0.9,0.5,15.0,0.9,TRUE,solved,1982,514,1982_S001,near,1,0.18700000000000017,0.00162,0.003289,0.178,0.0356,0.038889,0.22750900000000018,0.18700000000000017,0.178,0.038889,0.22750900000000018,6.46,12.93148600000001,9927.446,1968->1955->1807->1789->1788->1781->1779->1774->1784->1780->1778->1766->1764->1740->1736->1735->1731->1718->1713->1707->1693->1681->1677->1672->1665->1664->1655->1649->1643->1637->1628->1610->1587->1579->1552->1550->1548->1530->1537->1525->1492->1490->1488->1495->1479->1486->1471->1465->1460->1430->1423->1406->1401->1391->1384->1380->1374->1373->1369->1359->1355->1344->1311->1301->1310->1298->1290->1281->1274->1270->1279->1277->1262->1257->1254->1252->1234->1219->1206->1228->1212->1203->1194->1197->1177->1170->1153->1152->1149->1142->1134->1130->1125->1117->1113->1129->1111->1099->1089->1075->1069->1065->1064->1063->1051->1042->1039->1050->1037->1036->1027->1006->988->981->969->929->924->917->912->904->903->896->892->905->888->885->878->877->874->865->861->857->856->851->818->813->810->812->805->786->762->776->757->755->725->715->711->708->705->696->691->697->698->689->687->681->674->667->659->657->636->609->599->592->588->576->574->586->568->575->564->560->549->547->545->543->540->538->561->548->542->534->539->526->525->527->508->501->476->469->463->467->450->436->430->415->408->393->387->372->375->371->362->373->356->350->365->348->346->344->334->337->331->329->324->321->309->298->296->289->284->266->262->259->254->235->233->232->230->229->217->228->210->206->209->201->198->196->193->190->183->178->174->168->164->163->162->155->169->108->105->51->50->48->47->43->42->77->69->68->63->21->1->9->10->11->15->24->19->28->22->30->34->54->53->89->49->85->100->119->114->122->123->125->133->134->181->143->146->156->166->158->173->185->197->204->202->260->263->275->288->290->293->306->317->358->363->379->384->394->407->396->397->401->406->398->403->413->440->449->455->460->468->462->471->482->497->517->518->537->546->551->553->555->562->569->570->573->593->600->602->615->628->637->642->658->668->694->700->713->721->734->745->748->749->753->763->765->764->766->783->784->791->815->816->821->826->830->839->842->849->852->860->864->866->867->870->880->882->889->887->893->894->910->933->944->946->948->976->978->985->991->995->1017->1024->1031->1071->1077->1079->1091->1100->1110->1120->1122->1139->1167->1168->1181->1175->1189->1192->1204->1182->1184->1193->1205->1210->1223->1229->1230->1241->1232->1237->1242->1244->1251->1269->1275->1278->1296->1322->1330->1348->1364->1353->1358->1361->1362->1368->1379->1381->1387->1390->1403->1417->1434->1428->1453->1462->1463->1481->1497->1500->1502->1503->1508->1510->1512->1531->1518->1528->1540->1542->1554->1555->1568->1576->1582->1583->1594->1586->1588->1599->1618->1593->1601->1604->1607->1616->1620->1633->1641->1680->1688->1719->1739->1751->1982,1982->2000,RESULTS/ACO/log_aco_spot.csv
GA,N2000_C9_I1,N2000_C9_I1.dat,n_2000/N2000_C9_I1.dat,final_case,N2000,C9,Cmax 15.0,parking_budget_cmax,15.0,2000,6198,100,2979,299,0.1,299,1968,2000,0.9,0.5,15.0,1968,2000,0.9,0.5,15.0,0.9,TRUE,solved,1986,481,1986_S003,near,1,0.27770000000000056,0.002361,0.005061,0.1692,0.0338,0.038861,0.31892200000000054,0.27770000000000056,0.1692,0.038861,0.31892200000000054,8.6,18.081788000000028,231870.425,1968->1807->1789->1788->1781->1779->1774->1771->1784->1780->1778->1767->1764->1740->1736->1735->1731->1718->1713->1707->1697->1693->1681->1677->1702->1687->1672->1665->1664->1655->1649->1640->1643->1637->1628->1610->1587->1579->1552->1550->1548->1547->1530->1537->1525->1492->1490->1488->1495->1479->1486->1471->1465->1460->1430->1423->1401->1391->1384->1386->1380->1374->1373->1369->1359->1355->1344->1311->1301->1310->1298->1290->1281->1274->1270->1279->1262->1257->1254->1252->1219->1206->1228->1203->1194->1197->1183->1177->1170->1153->1152->1149->1142->1134->1130->1125->1117->1113->1129->1111->1099->1089->1075->1069->1065->1064->1063->1051->1042->1039->1050->1037->1036->1027->1006->988->981->969->961->929->924->917->912->904->903->896->892->905->888->885->878->877->874->865->857->856->851->818->813->810->812->805->786->762->776->761->757->755->725->715->711->708->705->696->691->697->689->687->695->681->674->667->661->659->657->636->609->599->592->588->576->574->586->568->575->564->581->560->549->547->545->543->540->538->566->561->548->532->542->530->534->539->526->524->525->527->519->508->501->476->469->463->450->436->430->408->393->387->690->680->663->688->677->660->646->638->361->356->626->608->616->603->614->337->558->552->520->514->309->298->500->259->254->235->233->232->244->424->420->229->217->228->210->410->404->392->193->190->183->178->339->338->164->163->175->115->117->120->130->138->147->137->364->357->354->323->42->81->102->221->17->18->24->19->20->28->22->30->33->45->27->34->54->29->89->98->94->67->85->111->119->114->122->123->125->133->152->134->181->191->143->194->189->216->156->166->158->173->170->211->212->227->185->192->199->204->202->260->265->263->268->275->288->290->293->306->317->358->363->379->384->394->407->396->397->401->406->398->399->403->413->440->454->449->453->455->460->468->471->482->497->517->518->537->546->551->553->554->555->562->569->570->573->593->600->602->615->628->637->642->658->668->694->700->709->713->721->734->745->748->749->753->763->764->766->783->793->784->791->815->816->821->826->830->839->842->854->849->852->860->864->876->866->867->870->880->882->887->893->894->910->933->944->946->948->976->978->985->991->995->1011->1017->1024->1031->1071->1077->1079->1091->1092->1100->1110->1120->1116->1122->1139->1167->1168->1181->1175->1189->1191->1192->1180->1204->1182->1184->1193->1205->1210->1223->1229->1230->1241->1232->1237->1242->1244->1251->1269->1275->1278->1296->1322->1330->1348->1364->1353->1358->1361->1362->1368->1385->1379->1382->1387->1390->1403->1417->1434->1426->1428->1453->1462->1463->1481->1497->1500->1502->1503->1508->1510->1512->1521->1522->1518->1528->1540->1542->1554->1555->1568->1576->1582->1583->1594->1586->1590->1600->1618->1593->1601->1595->1604->1607->1616->1620->1630->1633->1641->1680->1688->1719->1739->1751->1986,1986->2000,RESULTS/GA/log_ga_spot.csv
Optimization,N2000_C9_I1,N2000_C9_I1.dat,n_2000/N2000_C9_I1.dat,final_case,N2000,C9,Cmax 15.0,parking_budget_cmax,15.0,2000,6198,100,2979,299,0.1,299,1968,2000,0.9,0.5,15.0,1968,2000,0.9,0.5,15.0,0.9,TRUE,inferred_from_previous_exact_lot_solution,1982,514,1982_S001,near,1,0.26460000000000033,0.00164,0.003309,0.178,0.0356,0.038909,0.30514900000000034,0.26460000000000033,0.178,0.038909,0.30514900000000034,6.45,17.12304600000002,792093.444,1968->1955->1902->1900->1894->1893->1882->1872->1864->1869->1863->1860->1841->1840->1832->1827->1826->1814->1813->1807->1789->1788->1806->1781->1779->1774->1771->1780->1778->1766->1764->1740->1736->1735->1731->1718->1713->1707->1693->1681->1677->1672->1665->1664->1655->1649->1643->1637->1628->1610->1587->1579->1552->1550->1548->1547->1530->1537->1525->1492->1490->1488->1495->1479->1486->1471->1465->1460->1430->1423->1401->1391->1384->1380->1374->1373->1369->1359->1355->1344->1311->1301->1310->1298->1290->1281->1274->1270->1279->1262->1257->1254->1252->1219->1206->1212->1203->1194->1197->1183->1177->1170->1153->1152->1149->1142->1134->1130->1125->1117->1113->1129->1111->1099->1089->1075->1069->1065->1064->1063->1051->1042->1039->1050->1037->1036->1027->1006->988->981->969->929->924->917->912->904->903->896->892->905->888->885->878->877->874->865->857->856->851->813->810->805->786->762->776->761->757->755->741->725->715->711->708->723->705->696->691->697->689->687->681->674->667->659->657->636->609->599->592->588->576->574->586->568->575->564->560->549->547->545->543->540->566->561->532->542->534->539->526->525->527->519->508->501->476->469->463->450->436->430->408->712->706->393->387->381->372->663->677->660->646->638->644->373->626->348->346->344->334->337->331->329->324->321->309->298->500->284->266->487->485->479->475->458->464->456->457->206->209->201->198->196->392->193->190->183->178->370->380->339->338->164->163->130->90->83->97->99->283->40->66->101->182->9->10->11->4->8->12->24->19->28->22->30->34->54->53->89->49->85->100->119->114->122->123->125->133->134->181->143->146->216->187->177->167->158->173->185->192->204->202->260->263->275->288->290->293->297->306->317->358->363->379->384->394->407->396->397->401->406->398->403->413->440->449->455->460->461->462->471->482->497->517->518->536->537->546->551->553->555->562->569->570->573->593->600->602->615->628->637->642->658->668->694->700->713->721->734->745->748->749->753->763->764->766->783->784->791->815->816->821->826->830->839->842->849->852->860->864->866->867->870->880->882->887->893->894->910->933->944->946->948->976->978->985->991->995->1011->1017->1024->1031->1071->1077->1079->1091->1100->1110->1120->1122->1139->1167->1168->1181->1175->1178->1192->1204->1182->1184->1193->1205->1210->1223->1229->1230->1241->1232->1237->1242->1244->1251->1269->1275->1278->1296->1322->1330->1348->1364->1353->1358->1361->1362->1368->1385->1379->1382->1387->1390->1403->1417->1434->1428->1453->1462->1463->1481->1497->1500->1502->1503->1508->1510->1512->1531->1522->1518->1528->1540->1542->1554->1555->1568->1576->1582->1583->1594->1586->1590->1600->1618->1593->1601->1595->1607->1616->1620->1630->1633->1641->1680->1688->1719->1739->1751->1982,1982->2000,RESULTS/COMBINED_ALL_METHODS/results_all_methods_parameter_sensitivity_spot_level.csv
PSO,N2000_C9_I1,N2000_C9_I1.dat,n_2000/N2000_C9_I1.dat,final_case,N2000,C9,Cmax 15.0,parking_budget_cmax,15.0,2000,6198,100,2979,299,0.1,299,1968,2000,0.9,0.5,15.0,1968,2000,0.9,0.5,15.0,0.9,TRUE,solved,1982,514,1982_S001,near,1,0.26460000000000033,0.00162,0.003289,0.178,0.0356,0.038889,0.30510900000000035,0.26460000000000033,0.178,0.038889,0.30510900000000035,6.46,17.121886000000018,792093.444,1968->1955->1902->1900->1894->1893->1882->1872->1864->1869->1863->1860->1841->1840->1832->1827->1826->1814->1813->1807->1789->1788->1806->1781->1779->1774->1771->1780->1778->1766->1764->1740->1736->1735->1731->1718->1713->1707->1693->1681->1677->1672->1665->1664->1655->1649->1643->1637->1628->1610->1587->1579->1552->1550->1548->1547->1530->1537->1525->1492->1490->1488->1495->1479->1486->1471->1465->1460->1430->1423->1401->1391->1384->1380->1374->1373->1369->1359->1355->1344->1311->1301->1310->1298->1290->1281->1274->1270->1279->1262->1257->1254->1252->1219->1206->1212->1203->1194->1197->1183->1177->1170->1153->1152->1149->1142->1134->1130->1125->1117->1113->1129->1111->1099->1089->1075->1069->1065->1064->1063->1051->1042->1039->1050->1037->1036->1027->1006->988->981->969->929->924->917->912->904->903->896->892->905->888->885->878->877->874->865->857->856->851->813->810->805->786->762->776->761->757->755->741->725->715->711->708->723->705->696->691->697->689->687->681->674->667->659->657->636->609->599->592->588->576->574->586->568->575->564->560->549->547->545->543->540->566->561->532->542->534->539->526->525->527->519->508->501->476->469->463->450->436->430->408->712->706->393->387->381->372->663->677->660->646->638->644->373->626->348->346->344->334->337->331->329->324->321->309->298->500->284->266->487->485->479->475->458->464->456->457->206->209->201->198->196->392->193->190->183->178->370->380->339->338->164->163->130->90->83->97->99->283->40->66->101->182->9->10->11->4->8->12->24->19->28->22->30->34->54->53->89->49->85->100->119->114->122->123->125->133->134->181->143->146->216->187->177->167->158->173->185->192->204->202->260->263->275->288->290->293->297->306->317->358->363->379->384->394->407->396->397->401->406->398->403->413->440->449->455->460->461->462->471->482->497->517->518->536->537->546->551->553->555->562->569->570->573->593->600->602->615->628->637->642->658->668->694->700->713->721->734->745->748->749->753->763->764->766->783->784->791->815->816->821->826->830->839->842->849->852->860->864->866->867->870->880->882->887->893->894->910->933->944->946->948->976->978->985->991->995->1011->1017->1024->1031->1071->1077->1079->1091->1100->1110->1120->1122->1139->1167->1168->1181->1175->1178->1192->1204->1182->1184->1193->1205->1210->1223->1229->1230->1241->1232->1237->1242->1244->1251->1269->1275->1278->1296->1322->1330->1348->1364->1353->1358->1361->1362->1368->1385->1379->1382->1387->1390->1403->1417->1434->1428->1453->1462->1463->1481->1497->1500->1502->1503->1508->1510->1512->1531->1522->1518->1528->1540->1542->1554->1555->1568->1576->1582->1583->1594->1586->1590->1600->1618->1593->1601->1595->1607->1616->1620->1630->1633->1641->1680->1688->1719->1739->1751->1982,1982->2000,RESULTS/PSO/log_pso_spot.csv
ACO,N2055_C10_I1,N2055_C10_I1.dat,SUMO/N2055_C10_I1.dat,final_case,SUMO,C10,15.0-30.0,parking_cost_range,15.0-30.0,2055,5299,103,3055,308,0.1,308,1824,283,0.9,0.5,20.5,1824,283,0.9,0.5,20.5,0.9,TRUE,solved,1682,304,1682_S001,near,1,0.1691,0.001921,0.004941,0.389,0.0778,0.082741,0.253762,0.1691,0.389,0.082741,0.253762,15.27,15.230147999999998,812.164,1824->1969->193->2023->2008->2006->1233->157->2001->253->1232->1245->342->75->259->1847->1995->1844->1845->346->936->347->348->1996->1210->1115->343->1911->1800->344->959->1717->1243->1371->1909->897->500->1908->1687->135->1895->1517->1894->389->1893->386->1999->1900->1998->1935->1901->1981->1983->1902->1982->1903->194->1977->40->1904->2025->227->2011->270->501->1938->1958->1771->1957->1937->526->213->1956->471->1955->129->655->1954->1811->2027->1375->1797->2050->4->1113->124->2028->1951->2002->1635->1949->1619->50->1948->1107->47->1670->48->1672->1433->1682,1682->283,RESULTS/ACO/log_aco_spot.csv
GA,N2055_C10_I1,N2055_C10_I1.dat,SUMO/N2055_C10_I1.dat,final_case,SUMO,C10,15.0-30.0,parking_cost_range,15.0-30.0,2055,5299,103,3055,308,0.1,308,1824,283,0.9,0.5,20.5,1824,283,0.9,0.5,20.5,0.9,TRUE,solved,915,441,915_S001,near,1,0.22700000000000004,0.001625,0.003412,0.1965,0.0393,0.042712,0.27133700000000005,0.22700000000000004,0.1965,0.042712,0.27133700000000005,18.23,16.475198000000002,314790.141,1824->1969->193->2023->2008->2006->1233->157->155->1820->1972->684->450->498->496->495->2031->1749->962->1984->1756->2010->1979->1090->2009->206->207->540->468->208->1873->1997->1740->1083->1373->1203->1204->1863->1993->1742->2015->1082->426->926->1185->1179->1576->494->917->493->483->1084->484->1079->1078->1647->852->851->850->1285->1640->1463->1523->1644->799->1085->800->168->1679->6->5->1365->915,915->283,RESULTS/GA/log_ga_spot.csv
Optimization,N2055_C10_I1,N2055_C10_I1.dat,SUMO/N2055_C10_I1.dat,final_case,SUMO,C10,15.0-30.0,parking_cost_range,15.0-30.0,2055,5299,103,3055,308,0.1,308,1824,283,0.9,0.5,20.5,1824,283,0.9,0.5,20.5,0.9,TRUE,inferred_from_previous_exact_lot_solution,915,441,915_S001,near,1,0.22700000000000004,0.001623,0.003411,0.1965,0.0393,0.042711,0.2713340000000001,0.22700000000000004,0.1965,0.042711,0.2713340000000001,18.22,16.474036,314790.141,1824->1969->193->2023->2008->2006->1233->157->155->1820->1972->684->450->498->496->495->2031->1749->962->1984->1756->2010->1979->1090->2009->206->207->540->468->208->1873->1997->1740->1083->1373->1203->1204->1863->1993->1742->2015->1082->426->926->1185->1179->1576->494->917->493->483->1084->484->1079->1078->1647->852->851->850->1285->1640->1463->1523->1644->799->1085->800->168->1679->6->5->1365->915,915->283,RESULTS/COMBINED_ALL_METHODS/results_all_methods_parameter_sensitivity_spot_level.csv
PSO,N2055_C10_I1,N2055_C10_I1.dat,SUMO/N2055_C10_I1.dat,final_case,SUMO,C10,15.0-30.0,parking_cost_range,15.0-30.0,2055,5299,103,3055,308,0.1,308,1824,283,0.9,0.5,20.5,1824,283,0.9,0.5,20.5,0.9,TRUE,solved,62,209,62_S001,near,1,0.2077,0.001962,0.005141,0.4142,0.0828,0.08794099999999999,0.29760299999999995,0.2077,0.4142,0.08794099999999999,0.29760299999999995,19.4,18.010562,674822.201,1824->1969->193->2023->2008->2006->1233->157->2001->253->1232->1245->342->75->259->1847->1995->38->496->495->2031->299->1096->865->866->2010->1979->1090->2009->206->207->540->468->208->1873->1997->1874->1258->893->1266->892->1711->1875->891->1277->1273->1275->1270->1269->427->65->1313->637->1311->2013->1961->1172->1170->1962->636->802->803->804->1112->1087->800->168->1679->6->5->62,62->283,RESULTS/PSO/log_pso_spot.csv
ACO,N2055_C1_I1,N2055_C1_I1.dat,SUMO/N2055_C1_I1.dat,final_case,SUMO,C1,Baseline,baseline,Baseline,2055,5299,103,3055,308,0.1,308,1824,283,0.9,0.5,20.5,1824,283,0.9,0.5,20.5,0.9,TRUE,solved,1682,304,1682_S001,near,1,0.2735000000000001,0.001921,0.004941,0.389,0.0778,0.082741,0.3581620000000001,0.2735000000000001,0.389,0.082741,0.3581620000000001,7.01,20.041748000000005,2107.773,1824->1969->193->2023->2008->2006->1233->157->2001->253->1232->1245->342->75->259->1847->1995->1844->1845->346->936->347->348->1996->1210->1115->343->1911->1800->344->959->1717->1243->1371->1909->897->500->1908->1687->135->1895->1517->1894->389->1893->386->1999->1900->1998->1935->1901->1981->1983->1902->1982->1903->194->1977->40->1904->2025->227->2011->270->501->1938->1958->1771->1957->1937->526->213->1956->471->1955->129->655->1954->1811->2027->1808->1253->1601->138->775->774->2->773->771->3->1427->60->1967->801->1723->1724->1728->151->1673->489->82->1674->1675->1365->5->62->283->487->488->914->1682,1682->283,RESULTS/ACO/log_aco_spot.csv
GA,N2055_C1_I1,N2055_C1_I1.dat,SUMO/N2055_C1_I1.dat,final_case,SUMO,C1,Baseline,baseline,Baseline,2055,5299,103,3055,308,0.1,308,1824,283,0.9,0.5,20.5,1824,283,0.9,0.5,20.5,0.9,TRUE,solved,487,476,487_S001,near,1,0.21579999999999996,0.001421,0.00237,0.0655,0.0131,0.015470000000000001,0.23269099999999998,0.21579999999999996,0.0655,0.015470000000000001,0.23269099999999998,19.66,14.531313999999998,271926.368,1824->1969->193->2023->2008->2006->1233->157->155->1820->1972->497->496->495->2031->299->1096->865->866->2010->1979->1090->2009->206->207->540->468->208->1873->1997->1874->1258->893->1266->892->1711->1875->891->1277->1273->1275->1270->1267->1860->2014->1177->427->65->1313->1314->1312->2022->2013->1961->1172->1170->1962->636->802->1086->1087->800->168->1679->6->5->1365->915->487,487->283,RESULTS/GA/log_ga_spot.csv
Optimization,N2055_C1_I1,N2055_C1_I1.dat,SUMO/N2055_C1_I1.dat,final_case,SUMO,C1,Baseline,baseline,Baseline,2055,5299,103,3055,308,0.1,308,1824,283,0.9,0.5,20.5,1824,283,0.9,0.5,20.5,0.9,TRUE,inferred_from_previous_exact_lot_solution,487,476,487_S001,near,1,0.21579999999999996,0.00145,0.002399,0.0655,0.0131,0.015499,0.23274899999999998,0.21579999999999996,0.0655,0.015499,0.23274899999999998,19.66,14.534445999999999,271926.368,1824->1969->193->2023->2008->2006->1233->157->155->1820->1972->497->496->495->2031->299->1096->865->866->2010->1979->1090->2009->206->207->540->468->208->1873->1997->1874->1258->893->1266->892->1711->1875->891->1277->1273->1275->1270->1267->1860->2014->1177->427->65->1313->1314->1312->2022->2013->1961->1172->1170->1962->636->802->1086->1087->800->168->1679->6->5->1365->915->487,487->283,RESULTS/COMBINED_ALL_METHODS/results_all_methods_parameter_sensitivity_spot_level.csv
PSO,N2055_C1_I1,N2055_C1_I1.dat,SUMO/N2055_C1_I1.dat,final_case,SUMO,C1,Baseline,baseline,Baseline,2055,5299,103,3055,308,0.1,308,1824,283,0.9,0.5,20.5,1824,283,0.9,0.5,20.5,0.9,TRUE,solved,487,476,487_S001,near,1,0.2693999999999999,0.001421,0.00237,0.0655,0.0131,0.015470000000000001,0.2862909999999999,0.2693999999999999,0.0655,0.015470000000000001,0.2862909999999999,19.66,17.425713999999996,682177.402,1824->1969->1732->428->2004->2003->2000->27->2001->253->1232->1245->342->75->259->1847->1995->1846->567->1205->840->1212->839->1207->22->1220->23->932->931->2032->212->24->1134->1138->1132->1135->1130->1131->1153->1227->479->652->1292->533->663->1997->1740->1083->1373->1203->1204->1863->1993->1742->2015->1082->426->926->1185->2014->1576->1575->1177->427->65->1313->1314->1312->2022->2013->1961->1172->1170->1962->636->485->1645->90->799->101->1646->1422->1514->1648->1649->168->1679->6->5->1365->1675->1676->915->487,487->283,RESULTS/PSO/log_pso_spot.csv
ACO,N2055_C2_I1,N2055_C2_I1.dat,SUMO/N2055_C2_I1.dat,final_case,SUMO,C2,Dense,edge_density,Dense,2055,5983,103,3055,308,0.1,308,1824,283,0.9,0.5,20.5,1824,283,0.9,0.5,20.5,0.9,TRUE,solved,487,476,487_S001,near,1,0.16629999999999998,0.00145,0.002399,0.0655,0.0131,0.015499,0.183249,0.16629999999999998,0.0655,0.015499,0.183249,19.66,11.861445999999999,2418.383,1824->1969->193->2023->2008->2006->1233->157->1844->1845->346->936->347->348->1988->928->899->52->683->220->1999->1900->1998->1150->87->112->176->672->677->674->676->1643->127->1879->764->501->1938->1958->1771->1957->1937->526->213->1956->471->1955->129->655->1954->1811->2027->1808->1253->772->1377->1726->1724->1728->151->1673->489->488->487,487->283,RESULTS/ACO/log_aco_spot.csv
GA,N2055_C2_I1,N2055_C2_I1.dat,SUMO/N2055_C2_I1.dat,final_case,SUMO,C2,Dense,edge_density,Dense,2055,5983,103,3055,308,0.1,308,1824,283,0.9,0.5,20.5,1824,283,0.9,0.5,20.5,0.9,TRUE,solved,915,441,915_S001,near,1,0.19560000000000008,0.001623,0.003411,0.1965,0.0393,0.042711,0.2399340000000001,0.19560000000000008,0.1965,0.042711,0.2399340000000001,9.08,13.864436000000005,13668.38,1824->1969->193->2023->2008->2006->1233->157->1844->1845->346->936->347->167->1151->194->1977->40->1904->2025->227->2011->270->501->764->1879->127->1643->1852->2053->1620->476->1583->475->1518->775->774->2->2040->1099->1514->1648->1649->168->1679->6->5->1365->1675->1676->915,915->283,RESULTS/GA/log_ga_spot.csv
Optimization,N2055_C2_I1,N2055_C2_I1.dat,SUMO/N2055_C2_I1.dat,final_case,SUMO,C2,Dense,edge_density,Dense,2055,5983,103,3055,308,0.1,308,1824,283,0.9,0.5,20.5,1824,283,0.9,0.5,20.5,0.9,TRUE,inferred_from_previous_exact_lot_solution,487,476,487_S001,near,1,0.19560000000000005,0.00145,0.002399,0.0655,0.0131,0.015499,0.21254900000000007,0.19560000000000005,0.0655,0.015499,0.21254900000000007,19.66,13.443646000000003,652640.03,1824->1969->193->2023->453->156->1244->1980->1986->1798->1210->1115->1202->1116->1117->2018->500->1754->260->1988->928->899->52->683->53->1251->18->1151->194->1977->40->1904->2025->227->2011->270->1905->136->1775->526->213->1956->471->1955->129->655->1954->1811->2027->2026->798->1663->1940->1664->1978->49->1107->1674->82->489->488->487,487->283,RESULTS/COMBINED_ALL_METHODS/results_all_methods_parameter_sensitivity_spot_level.csv
PSO,N2055_C2_I1,N2055_C2_I1.dat,SUMO/N2055_C2_I1.dat,final_case,SUMO,C2,Dense,edge_density,Dense,2055,5983,103,3055,308,0.1,308,1824,283,0.9,0.5,20.5,1824,283,0.9,0.5,20.5,0.9,TRUE,solved,487,476,487_S001,near,1,0.19560000000000005,0.00145,0.002399,0.0655,0.0131,0.015499,0.21254900000000007,0.19560000000000005,0.0655,0.015499,0.21254900000000007,19.66,13.443646000000003,56518.358,1824->1969->193->2023->453->156->1244->1980->1986->1798->1210->1115->1202->1116->1117->2018->500->1754->260->1988->928->899->52->683->53->1251->18->1151->194->1977->40->1904->2025->227->2011->270->1905->136->1775->526->213->1956->471->1955->129->655->1954->1811->2027->2026->798->1663->1940->1664->1978->49->1107->1674->82->489->488->487,487->283,RESULTS/PSO/log_pso_spot.csv
ACO,N2055_C3_I1,N2055_C3_I1.dat,SUMO/N2055_C3_I1.dat,final_case,SUMO,C3,Higher supply,parking_supply,Higher,2055,5503,205,6078,611,0.1,611,1824,283,0.9,0.5,20.5,1824,283,0.9,0.5,20.5,0.9,TRUE,solved,1682,304,1682_S001,near,1,0.2735000000000001,0.001921,0.004941,0.389,0.0778,0.082741,0.3581620000000001,0.2735000000000001,0.389,0.082741,0.3581620000000001,7.01,20.041748000000005,2323.955,1824->1969->193->2023->2008->2006->1233->157->2001->253->1232->1245->342->75->259->1847->1995->1844->1845->346->936->347->348->1996->1210->1115->343->1911->1800->344->959->1717->1243->1371->1909->897->500->1908->1687->135->1895->1517->1894->389->1893->386->1999->1900->1998->1935->1901->1981->1983->1902->1982->1903->194->1977->40->1904->2025->227->2011->270->501->1938->1958->1771->1957->1937->526->213->1956->471->1955->129->655->1954->1811->2027->1808->1253->1601->138->775->774->2->773->771->3->1427->60->1967->801->1723->1724->1728->151->1673->489->82->1674->1675->1365->5->62->283->487->488->914->1682,1682->283,RESULTS/ACO/log_aco_spot.csv
GA,N2055_C3_I1,N2055_C3_I1.dat,SUMO/N2055_C3_I1.dat,final_case,SUMO,C3,Higher supply,parking_supply,Higher,2055,5503,205,6078,611,0.1,611,1824,283,0.9,0.5,20.5,1824,283,0.9,0.5,20.5,0.9,TRUE,solved,487,478,487_S003,near,1,0.21180000000000002,0.002337,0.004239,0.0655,0.0131,0.017339,0.23147600000000002,0.21180000000000002,0.0655,0.017339,0.23147600000000002,19.94,14.493704000000001,133624.897,1824->1969->193->2023->2008->2006->1233->157->155->1820->1972->497->496->495->2031->1749->962->1984->1756->2010->1979->1090->2009->206->207->540->468->208->1873->1997->1740->1083->1373->1203->2015->228->1744->1082->426->926->1185->2014->1177->427->65->1313->637->1311->2013->1961->1172->1170->1962->636->802->1086->1085->800->168->1679->6->5->1365->1675->1674->82->489->488->487,487->283,RESULTS/GA/log_ga_spot.csv
Optimization,N2055_C3_I1,N2055_C3_I1.dat,SUMO/N2055_C3_I1.dat,final_case,SUMO,C3,Higher supply,parking_supply,Higher,2055,5503,205,6078,611,0.1,611,1824,283,0.9,0.5,20.5,1824,283,0.9,0.5,20.5,0.9,TRUE,inferred_from_previous_exact_lot_solution,487,476,487_S001,near,1,0.21180000000000002,0.00145,0.002399,0.0655,0.0131,0.015499,0.22874900000000004,0.21180000000000002,0.0655,0.015499,0.22874900000000004,19.66,14.318446000000002,133624.897,1824->1969->193->2023->2008->2006->1233->157->155->1820->1972->497->496->495->2031->1749->962->1984->1756->2010->1979->1090->2009->206->207->540->468->208->1873->1997->1740->1083->1373->1203->2015->228->1744->1082->426->926->1185->2014->1177->427->65->1313->637->1311->2013->1961->1172->1170->1962->636->802->1086->1085->800->168->1679->6->5->1365->1675->1674->82->489->488->487,487->283,RESULTS/COMBINED_ALL_METHODS/results_all_methods_parameter_sensitivity_spot_level.csv
PSO,N2055_C3_I1,N2055_C3_I1.dat,SUMO/N2055_C3_I1.dat,final_case,SUMO,C3,Higher supply,parking_supply,Higher,2055,5503,205,6078,611,0.1,611,1824,283,0.9,0.5,20.5,1824,283,0.9,0.5,20.5,0.9,TRUE,solved,5,233,5_S001,near,1,0.2099000000000001,0.001969,0.005123,0.4099,0.082,0.087123,0.2989920000000001,0.2099000000000001,0.4099,0.087123,0.2989920000000001,12.36,17.381568000000005,690734.868,1824->1969->193->2023->2008->2006->1233->157->155->1820->1972->497->496->495->2031->1749->962->1984->961->1750->2019->609->2010->1979->1090->2009->206->207->540->468->208->1873->1997->1740->1083->1373->1203->1204->1863->1993->1742->2015->1082->426->926->1185->2014->1576->1575->1177->427->65->1313->637->1311->2013->1961->1172->1170->1962->636->802->803->804->1112->1087->800->168->1679->6->5,5->283,RESULTS/PSO/log_pso_spot.csv
ACO,N2055_C4_I1,N2055_C4_I1.dat,SUMO/N2055_C4_I1.dat,final_case,SUMO,C4,1.00 km,maximum_walking_distance,1.0,2055,5299,103,3055,308,0.1,308,1824,283,0.9,1.0,20.5,1824,283,0.9,1.0,20.5,0.9,TRUE,solved,1670,2760,1670_S001,near,1,0.1588,0.001938,0.004957,0.778,0.1556,0.16055699999999998,0.321295,0.1588,0.778,0.16055699999999998,0.321295,6.25,17.97493,3979.036,1824->1969->193->2023->2008->2006->1233->157->2001->253->1232->1245->342->75->259->1847->1995->1844->1845->346->936->347->348->1996->1210->1115->343->1911->1800->344->959->1717->1243->1371->1909->897->500->1908->1687->135->1895->1517->1894->389->1893->386->1999->1900->1998->1935->1901->1981->1983->1902->1982->1903->194->1977->40->1904->2025->227->2011->270->501->1938->1958->1771->1957->1937->526->213->1956->471->1955->129->655->1954->1811->2027->1375->1797->2050->4->1113->124->2028->1951->2002->1635->1949->1619->50->1948->1107->47->1670,1670->283,RESULTS/ACO/log_aco_spot.csv
GA,N2055_C4_I1,N2055_C4_I1.dat,SUMO/N2055_C4_I1.dat,final_case,SUMO,C4,1.00 km,maximum_walking_distance,1.0,2055,5299,103,3055,308,0.1,308,1824,283,0.9,1.0,20.5,1824,283,0.9,1.0,20.5,0.9,TRUE,solved,1678,158,1678_S001,near,1,0.20839999999999997,0.001739,0.003606,0.418,0.0836,0.08720599999999999,0.29734499999999997,0.20839999999999997,0.418,0.08720599999999999,0.29734499999999997,12.26,17.282629999999997,214411.551,1824->1969->193->2023->2008->2006->1233->157->155->1820->1972->497->496->495->2031->1749->962->1984->1756->2010->1979->1090->2009->206->207->540->468->208->1873->1997->1740->1083->1373->1203->2015->1082->426->926->1185->2014->1576->494->917->493->483->1084->484->1081->854->853->1280->1164->1165->1286->1282->1283->1284->1285->1640->1644->799->1085->800->168->1679->1505->1508->1678,1678->283,RESULTS/GA/log_ga_spot.csv
Optimization,N2055_C4_I1,N2055_C4_I1.dat,SUMO/N2055_C4_I1.dat,final_case,SUMO,C4,1.00 km,maximum_walking_distance,1.0,2055,5299,103,3055,308,0.1,308,1824,283,0.9,1.0,20.5,1824,283,0.9,1.0,20.5,0.9,TRUE,inferred_from_previous_exact_lot_solution,62,209,62_S001,near,1,0.20930000000000007,0.001662,0.003517,0.4142,0.0828,0.086317,0.29727900000000007,0.20930000000000007,0.4142,0.086317,0.29727900000000007,10.06,17.059066000000005,637731.967,1824->1969->193->2023->2008->2006->1233->157->155->1820->1972->497->496->495->2031->1749->962->1984->1756->2010->1979->1090->2009->206->207->540->468->208->1873->1997->1740->1083->1373->1203->2015->1082->426->926->1185->2014->1177->1575->1779->1176->492->1084->484->1079->1078->1647->852->851->850->1525->1542->1497->1646->1422->1514->1648->1649->168->1679->6->5->62,62->283,RESULTS/COMBINED_ALL_METHODS/results_all_methods_parameter_sensitivity_spot_level.csv
PSO,N2055_C4_I1,N2055_C4_I1.dat,SUMO/N2055_C4_I1.dat,final_case,SUMO,C4,1.00 km,maximum_walking_distance,1.0,2055,5299,103,3055,308,0.1,308,1824,283,0.9,1.0,20.5,1824,283,0.9,1.0,20.5,0.9,TRUE,solved,62,209,62_S001,near,1,0.20930000000000007,0.00163,0.003485,0.4142,0.0828,0.086285,0.29721500000000006,0.20930000000000007,0.4142,0.086285,0.29721500000000006,10.05,17.05461,637731.967,1824->1969->193->2023->2008->2006->1233->157->155->1820->1972->497->496->495->2031->1749->962->1984->1756->2010->1979->1090->2009->206->207->540->468->208->1873->1997->1740->1083->1373->1203->2015->1082->426->926->1185->2014->1177->1575->1779->1176->492->1084->484->1079->1078->1647->852->851->850->1525->1542->1497->1646->1422->1514->1648->1649->168->1679->6->5->62,62->283,RESULTS/PSO/log_pso_spot.csv
ACO,N2055_C5_I1,N2055_C5_I1.dat,SUMO/N2055_C5_I1.dat,final_case,SUMO,C5,Medium traffic,traffic_level,Medium,2055,5299,103,3055,308,0.1,308,1824,283,0.9,0.5,20.5,1824,283,0.9,0.5,20.5,0.9,TRUE,solved,1682,304,1682_S001,near,1,0.2106,0.001921,0.004941,0.389,0.0778,0.082741,0.295262,0.2106,0.389,0.082741,0.295262,7.01,16.645148000000002,2294.286,1824->1969->193->2023->2008->2006->1233->157->2001->253->1232->1245->342->75->259->1847->1995->1846->567->1971->1211->933->22->1220->23->932->1236->565->930->835->919->2035->2021->248->2037->2043->2044->1776->2051->2045->2042->1148->1151->86->160->161->162->163->478->83->235->477->1586->925->205->476->1583->475->1589->1590->1630->1252->474->963->490->1832->92->775->774->2->773->771->3->1427->60->1967->801->1723->1724->1728->151->1673->489->488->914->1682,1682->283,RESULTS/ACO/log_aco_spot.csv
GA,N2055_C5_I1,N2055_C5_I1.dat,SUMO/N2055_C5_I1.dat,final_case,SUMO,C5,Medium traffic,traffic_level,Medium,2055,5299,103,3055,308,0.1,308,1824,283,0.9,0.5,20.5,1824,283,0.9,0.5,20.5,0.9,TRUE,solved,5,234,5_S002,near,1,0.2551000000000001,0.002426,0.006412,0.4099,0.082,0.088412,0.3459380000000001,0.2551000000000001,0.4099,0.088412,0.3459380000000001,12.43,19.923652000000004,148750.559,1824->1969->193->2023->2008->2006->1233->157->155->1820->1972->497->496->495->2031->299->1096->865->866->2010->1979->1090->2009->206->207->540->468->208->1083->1373->1203->2015->1082->426->926->1185->2014->1177->427->65->1313->1314->1312->2022->1173->1171->1168->1166->1169->1099->2040->1100->636->802->803->804->1112->1087->800->168->1679->6->5,5->283,RESULTS/GA/log_ga_spot.csv
Optimization,N2055_C5_I1,N2055_C5_I1.dat,SUMO/N2055_C5_I1.dat,final_case,SUMO,C5,Medium traffic,traffic_level,Medium,2055,5299,103,3055,308,0.1,308,1824,283,0.9,0.5,20.5,1824,283,0.9,0.5,20.5,0.9,TRUE,inferred_from_previous_exact_lot_solution,62,209,62_S001,near,1,0.23460000000000006,0.001994,0.005173,0.4142,0.0828,0.087973,0.32456700000000005,0.23460000000000006,0.4142,0.087973,0.32456700000000005,9.83,18.509618000000003,702800.807,1824->1969->193->2023->2008->2006->1233->157->2001->253->1232->1245->342->153->156->1244->1980->352->1996->1201->950->564->836->835->919->2035->2021->248->2037->2043->1158->223->1157->1156->633->1421->909->660->659->658->657->1851->1877->1975->1821->14->1295->1297->637->1311->2013->1961->1172->1170->1171->1168->1166->1169->1099->2040->1100->636->485->1645->90->799->1085->800->168->1679->6->5->62,62->283,RESULTS/COMBINED_ALL_METHODS/results_all_methods_parameter_sensitivity_spot_level.csv
PSO,N2055_C5_I1,N2055_C5_I1.dat,SUMO/N2055_C5_I1.dat,final_case,SUMO,C5,Medium traffic,traffic_level,Medium,2055,5299,103,3055,308,0.1,308,1824,283,0.9,0.5,20.5,1824,283,0.9,0.5,20.5,0.9,TRUE,solved,62,209,62_S001,near,1,0.23460000000000006,0.001962,0.005141,0.4142,0.0828,0.08794099999999999,0.32450300000000004,0.23460000000000006,0.4142,0.08794099999999999,0.32450300000000004,9.82,18.505162000000002,702800.807,1824->1969->193->2023->2008->2006->1233->157->2001->253->1232->1245->342->153->156->1244->1980->352->1996->1201->950->564->836->835->919->2035->2021->248->2037->2043->1158->223->1157->1156->633->1421->909->660->659->658->657->1851->1877->1975->1821->14->1295->1297->637->1311->2013->1961->1172->1170->1171->1168->1166->1169->1099->2040->1100->636->485->1645->90->799->1085->800->168->1679->6->5->62,62->283,RESULTS/PSO/log_pso_spot.csv
ACO,N2055_C6_I1,N2055_C6_I1.dat,SUMO/N2055_C6_I1.dat,final_case,SUMO,C6,High traffic,traffic_level,High,2055,5299,103,3055,308,0.1,308,1824,283,0.9,0.5,20.5,1824,283,0.9,0.5,20.5,0.9,TRUE,solved,1682,304,1682_S001,near,1,0.46649999999999986,0.001921,0.004941,0.389,0.0778,0.082741,0.5511619999999998,0.46649999999999986,0.389,0.082741,0.5511619999999998,7.01,30.463747999999992,733.635,1824->1969->193->2023->2008->2006->1233->157->2001->253->1232->1245->342->75->259->1847->1995->1846->567->1971->1211->933->22->1220->23->1126->1123->1221->1125->1124->2032->212->24->2046->2041->2033->2034->920->948->1054->1156->633->1421->909->660->659->658->657->1276->1274->1269->427->65->1313->637->1311->2013->1961->1172->1170->1962->636->802->803->804->1112->1087->800->168->1679->6->5->1365->1675->1676->1677->488->914->1682,1682->283,RESULTS/ACO/log_aco_spot.csv
GA,N2055_C6_I1,N2055_C6_I1.dat,SUMO/N2055_C6_I1.dat,final_case,SUMO,C6,High traffic,traffic_level,High,2055,5299,103,3055,308,0.1,308,1824,283,0.9,0.5,20.5,1824,283,0.9,0.5,20.5,0.9,TRUE,solved,1678,159,1678_S002,near,1,0.4800999999999999,0.002549,0.006899,0.418,0.0836,0.090499,0.573148,0.4800999999999999,0.418,0.090499,0.573148,12.17,32.166992,102869.009,1824->1969->193->2023->2008->2006->1233->157->2001->253->1232->1245->342->75->259->1847->1995->1846->567->1971->1211->933->22->1220->23->932->931->2032->2036->2035->247->2033->2037->2043->1158->223->1157->923->633->1421->909->660->911->891->1277->1273->1275->1270->1267->1860->2014->1177->1575->1779->1176->492->1084->484->1081->1302->1080->1280->852->851->850->1525->1542->1497->1646->1422->1514->1648->1649->168->1679->1505->1508->1678,1678->283,RESULTS/GA/log_ga_spot.csv
Optimization,N2055_C6_I1,N2055_C6_I1.dat,SUMO/N2055_C6_I1.dat,final_case,SUMO,C6,High traffic,traffic_level,High,2055,5299,103,3055,308,0.1,308,1824,283,0.9,0.5,20.5,1824,283,0.9,0.5,20.5,0.9,TRUE,inferred_from_previous_exact_lot_solution,915,441,915_S001,near,1,0.48460000000000003,0.001623,0.003411,0.1965,0.0393,0.042711,0.528934,0.48460000000000003,0.1965,0.042711,0.528934,9.08,29.470436000000003,635115.467,1824->1969->193->2023->2008->2006->1233->157->2001->253->1232->1245->342->75->259->1847->1995->1846->567->1971->894->934->895->838->837->950->564->834->901->900->224->37->2044->2043->1158->223->1157->923->633->1421->909->660->659->658->657->1276->1274->1269->427->65->1313->1314->1312->2022->1173->1171->1168->1166->1169->1099->2040->1100->636->802->803->1300->1301->804->1112->1087->800->168->1679->6->5->1365->915,915->283,RESULTS/COMBINED_ALL_METHODS/results_all_methods_parameter_sensitivity_spot_level.csv
PSO,N2055_C6_I1,N2055_C6_I1.dat,SUMO/N2055_C6_I1.dat,final_case,SUMO,C6,High traffic,traffic_level,High,2055,5299,103,3055,308,0.1,308,1824,283,0.9,0.5,20.5,1824,283,0.9,0.5,20.5,0.9,TRUE,solved,915,441,915_S001,near,1,0.48460000000000003,0.001625,0.003412,0.1965,0.0393,0.042712,0.528937,0.48460000000000003,0.1965,0.042712,0.528937,9.09,29.471598,635115.467,1824->1969->193->2023->2008->2006->1233->157->2001->253->1232->1245->342->75->259->1847->1995->1846->567->1971->894->934->895->838->837->950->564->834->901->900->224->37->2044->2043->1158->223->1157->923->633->1421->909->660->659->658->657->1276->1274->1269->427->65->1313->1314->1312->2022->1173->1171->1168->1166->1169->1099->2040->1100->636->802->803->1300->1301->804->1112->1087->800->168->1679->6->5->1365->915,915->283,RESULTS/PSO/log_pso_spot.csv
ACO,N2055_C7_I1,N2055_C7_I1.dat,SUMO/N2055_C7_I1.dat,final_case,SUMO,C7,Alpha 0.80,objective_weight_alpha,0.8,2055,5299,103,3055,308,0.1,308,1824,283,0.9,0.5,20.5,1824,283,0.9,0.5,20.5,0.9,TRUE,solved,1682,304,1682_S001,near,1,0.2735000000000001,0.001921,0.004941,0.389,0.0778,0.082741,0.3581620000000001,0.2735000000000001,0.389,0.082741,0.3581620000000001,7.01,20.041748000000005,2091.861,1824->1969->193->2023->2008->2006->1233->157->2001->253->1232->1245->342->75->259->1847->1995->1844->1845->346->936->347->348->1996->1210->1115->343->1911->1800->344->959->1717->1243->1371->1909->897->500->1908->1687->135->1895->1517->1894->389->1893->386->1999->1900->1998->1935->1901->1981->1983->1902->1982->1903->194->1977->40->1904->2025->227->2011->270->501->1938->1958->1771->1957->1937->526->213->1956->471->1955->129->655->1954->1811->2027->1808->1253->1601->138->775->774->2->773->771->3->1427->60->1967->801->1723->1724->1728->151->1673->489->82->1674->1675->1365->5->62->283->487->488->914->1682,1682->283,RESULTS/ACO/log_aco_spot.csv
GA,N2055_C7_I1,N2055_C7_I1.dat,SUMO/N2055_C7_I1.dat,final_case,SUMO,C7,Alpha 0.80,objective_weight_alpha,0.8,2055,5299,103,3055,308,0.1,308,1824,283,0.9,0.5,20.5,1824,283,0.9,0.5,20.5,0.9,TRUE,solved,487,476,487_S001,near,1,0.21579999999999996,0.001421,0.00237,0.0655,0.0131,0.015470000000000001,0.23269099999999998,0.21579999999999996,0.0655,0.015470000000000001,0.23269099999999998,19.66,14.531313999999998,138614.79,1824->1969->193->2023->2008->2006->1233->157->155->1820->1972->497->496->495->2031->299->1096->865->866->2010->1979->1090->2009->206->207->540->468->208->1873->1997->1874->1258->893->1266->892->1711->1875->891->1277->1273->1275->1270->1267->1860->2014->1177->427->65->1313->1314->1312->2022->2013->1961->1172->1170->1962->636->802->1086->1087->800->168->1679->6->5->1365->915->487,487->283,RESULTS/GA/log_ga_spot.csv
Optimization,N2055_C7_I1,N2055_C7_I1.dat,SUMO/N2055_C7_I1.dat,final_case,SUMO,C7,Alpha 0.80,objective_weight_alpha,0.8,2055,5299,103,3055,308,0.1,308,1824,283,0.9,0.5,20.5,1824,283,0.9,0.5,20.5,0.9,TRUE,inferred_from_previous_exact_lot_solution,487,476,487_S001,near,1,0.21579999999999996,0.00145,0.002399,0.0655,0.0131,0.015499,0.23274899999999998,0.21579999999999996,0.0655,0.015499,0.23274899999999998,19.66,14.534445999999999,138614.79,1824->1969->193->2023->2008->2006->1233->157->155->1820->1972->497->496->495->2031->299->1096->865->866->2010->1979->1090->2009->206->207->540->468->208->1873->1997->1874->1258->893->1266->892->1711->1875->891->1277->1273->1275->1270->1267->1860->2014->1177->427->65->1313->1314->1312->2022->2013->1961->1172->1170->1962->636->802->1086->1087->800->168->1679->6->5->1365->915->487,487->283,RESULTS/COMBINED_ALL_METHODS/results_all_methods_parameter_sensitivity_spot_level.csv
PSO,N2055_C7_I1,N2055_C7_I1.dat,SUMO/N2055_C7_I1.dat,final_case,SUMO,C7,Alpha 0.80,objective_weight_alpha,0.8,2055,5299,103,3055,308,0.1,308,1824,283,0.9,0.5,20.5,1824,283,0.9,0.5,20.5,0.9,TRUE,solved,487,476,487_S001,near,1,0.2693999999999999,0.001421,0.00237,0.0655,0.0131,0.015470000000000001,0.2862909999999999,0.2693999999999999,0.0655,0.015470000000000001,0.2862909999999999,19.66,17.425713999999996,681495.231,1824->1969->1732->428->2004->2003->2000->27->2001->253->1232->1245->342->75->259->1847->1995->1846->567->1205->840->1212->839->1207->22->1220->23->932->931->2032->212->24->1134->1138->1132->1135->1130->1131->1153->1227->479->652->1292->533->663->1997->1740->1083->1373->1203->1204->1863->1993->1742->2015->1082->426->926->1185->2014->1576->1575->1177->427->65->1313->1314->1312->2022->2013->1961->1172->1170->1962->636->485->1645->90->799->101->1646->1422->1514->1648->1649->168->1679->6->5->1365->1675->1676->915->487,487->283,RESULTS/PSO/log_pso_spot.csv
ACO,N2055_C8_I1,N2055_C8_I1.dat,SUMO/N2055_C8_I1.dat,final_case,SUMO,C8,Alpha 0.20,objective_weight_alpha,0.2,2055,5299,103,3055,308,0.1,308,1824,283,0.1,0.5,20.5,1824,283,0.1,0.5,20.5,0.1,TRUE,solved,1682,304,1682_S001,near,1,0.2735000000000001,0.001921,0.004941,0.389,0.0778,0.082741,0.3581620000000001,0.2735000000000001,0.389,0.082741,0.3581620000000001,7.01,8.457972000000002,2094.367,1824->1969->193->2023->2008->2006->1233->157->2001->253->1232->1245->342->75->259->1847->1995->1844->1845->346->936->347->348->1996->1210->1115->343->1911->1800->344->959->1717->1243->1371->1909->897->500->1908->1687->135->1895->1517->1894->389->1893->386->1999->1900->1998->1935->1901->1981->1983->1902->1982->1903->194->1977->40->1904->2025->227->2011->270->501->1938->1958->1771->1957->1937->526->213->1956->471->1955->129->655->1954->1811->2027->1808->1253->1601->138->775->774->2->773->771->3->1427->60->1967->801->1723->1724->1728->151->1673->489->82->1674->1675->1365->5->62->283->487->488->914->1682,1682->283,RESULTS/ACO/log_aco_spot.csv
GA,N2055_C8_I1,N2055_C8_I1.dat,SUMO/N2055_C8_I1.dat,final_case,SUMO,C8,Alpha 0.20,objective_weight_alpha,0.2,2055,5299,103,3055,308,0.1,308,1824,283,0.1,0.5,20.5,1824,283,0.1,0.5,20.5,0.1,TRUE,solved,487,476,487_S001,near,1,0.21579999999999996,0.001421,0.00237,0.0655,0.0131,0.015470000000000001,0.23269099999999998,0.21579999999999996,0.0655,0.015470000000000001,0.23269099999999998,19.66,19.090145999999997,97270.551,1824->1969->193->2023->2008->2006->1233->157->155->1820->1972->497->496->495->2031->299->1096->865->866->2010->1979->1090->2009->206->207->540->468->208->1873->1997->1874->1258->893->1266->892->1711->1875->891->1277->1273->1275->1270->1267->1860->2014->1177->427->65->1313->1314->1312->2022->2013->1961->1172->1170->1962->636->802->1086->1087->800->168->1679->6->5->1365->915->487,487->283,RESULTS/GA/log_ga_spot.csv
Optimization,N2055_C8_I1,N2055_C8_I1.dat,SUMO/N2055_C8_I1.dat,final_case,SUMO,C8,Alpha 0.20,objective_weight_alpha,0.2,2055,5299,103,3055,308,0.1,308,1824,283,0.1,0.5,20.5,1824,283,0.1,0.5,20.5,0.1,TRUE,inferred_from_previous_exact_lot_solution,487,476,487_S001,near,1,0.21579999999999996,0.00145,0.002399,0.0655,0.0131,0.015499,0.23274899999999998,0.21579999999999996,0.0655,0.015499,0.23274899999999998,19.66,19.090494,97270.551,1824->1969->193->2023->2008->2006->1233->157->155->1820->1972->497->496->495->2031->299->1096->865->866->2010->1979->1090->2009->206->207->540->468->208->1873->1997->1874->1258->893->1266->892->1711->1875->891->1277->1273->1275->1270->1267->1860->2014->1177->427->65->1313->1314->1312->2022->2013->1961->1172->1170->1962->636->802->1086->1087->800->168->1679->6->5->1365->915->487,487->283,RESULTS/COMBINED_ALL_METHODS/results_all_methods_parameter_sensitivity_spot_level.csv
PSO,N2055_C8_I1,N2055_C8_I1.dat,SUMO/N2055_C8_I1.dat,final_case,SUMO,C8,Alpha 0.20,objective_weight_alpha,0.2,2055,5299,103,3055,308,0.1,308,1824,283,0.1,0.5,20.5,1824,283,0.1,0.5,20.5,0.1,TRUE,solved,487,476,487_S001,near,1,0.2693999999999999,0.001421,0.00237,0.0655,0.0131,0.015470000000000001,0.2862909999999999,0.2693999999999999,0.0655,0.015470000000000001,0.2862909999999999,19.66,19.411745999999997,681552.317,1824->1969->1732->428->2004->2003->2000->27->2001->253->1232->1245->342->75->259->1847->1995->1846->567->1205->840->1212->839->1207->22->1220->23->932->931->2032->212->24->1134->1138->1132->1135->1130->1131->1153->1227->479->652->1292->533->663->1997->1740->1083->1373->1203->1204->1863->1993->1742->2015->1082->426->926->1185->2014->1576->1575->1177->427->65->1313->1314->1312->2022->2013->1961->1172->1170->1962->636->485->1645->90->799->101->1646->1422->1514->1648->1649->168->1679->6->5->1365->1675->1676->915->487,487->283,RESULTS/PSO/log_pso_spot.csv
ACO,N2055_C9_I1,N2055_C9_I1.dat,SUMO/N2055_C9_I1.dat,final_case,SUMO,C9,Cmax 15.0,parking_budget_cmax,15.0,2055,5299,103,3055,308,0.1,308,1824,283,0.9,0.5,15.0,1824,283,0.9,0.5,15.0,0.9,TRUE,solved,1682,304,1682_S001,near,1,0.1691,0.001921,0.004941,0.389,0.0778,0.082741,0.253762,0.1691,0.389,0.082741,0.253762,7.01,14.404148,948.22,1824->1969->193->2023->2008->2006->1233->157->2001->253->1232->1245->342->75->259->1847->1995->1844->1845->346->936->347->348->1996->1210->1115->343->1911->1800->344->959->1717->1243->1371->1909->897->500->1908->1687->135->1895->1517->1894->389->1893->386->1999->1900->1998->1935->1901->1981->1983->1902->1982->1903->194->1977->40->1904->2025->227->2011->270->501->1938->1958->1771->1957->1937->526->213->1956->471->1955->129->655->1954->1811->2027->1375->1797->2050->4->1113->124->2028->1951->2002->1635->1949->1619->50->1948->1107->47->1670->48->1672->1433->1682,1682->283,RESULTS/ACO/log_aco_spot.csv
GA,N2055_C9_I1,N2055_C9_I1.dat,SUMO/N2055_C9_I1.dat,final_case,SUMO,C9,Cmax 15.0,parking_budget_cmax,15.0,2055,5299,103,3055,308,0.1,308,1824,283,0.9,0.5,15.0,1824,283,0.9,0.5,15.0,0.9,TRUE,solved,915,444,915_S004,near,1,0.20969999999999997,0.002791,0.00631,0.1965,0.0393,0.04561,0.25810099999999997,0.20969999999999997,0.1965,0.04561,0.25810099999999997,9.31,14.868453999999998,140298.383,1824->1969->193->2023->2008->2006->1233->157->155->1820->1972->497->496->495->2031->1749->962->1984->1756->2010->1979->1090->2009->206->207->540->468->208->1083->1373->1203->2015->228->1744->1082->426->926->1185->2014->1177->427->65->1313->1314->1312->2022->2013->1961->1172->1170->1962->636->802->1086->1085->800->168->1679->6->5->1365->915,915->283,RESULTS/GA/log_ga_spot.csv
Optimization,N2055_C9_I1,N2055_C9_I1.dat,SUMO/N2055_C9_I1.dat,final_case,SUMO,C9,Cmax 15.0,parking_budget_cmax,15.0,2055,5299,103,3055,308,0.1,308,1824,283,0.9,0.5,15.0,1824,283,0.9,0.5,15.0,0.9,TRUE,inferred_from_previous_exact_lot_solution,915,441,915_S001,near,1,0.19790000000000008,0.001623,0.003411,0.1965,0.0393,0.042711,0.2422340000000001,0.19790000000000008,0.1965,0.042711,0.2422340000000001,9.08,13.988636000000003,688286.049,1824->1969->193->2023->2008->2006->1233->157->2001->253->1232->1245->342->153->156->1244->1980->1986->2055->1910->343->1911->1800->344->959->1717->1243->1371->1909->897->500->2018->1988->928->929->1239->898->1240->899->52->683->53->1251->18->1151->86->160->161->162->163->478->83->235->477->1586->925->205->476->1620->2053->1852->1643->127->1879->764->501->1938->1958->1771->1957->1937->526->213->1956->471->1593->766->656->1985->1600->1810->2027->1808->1253->772->1377->1374->125->1427->60->1967->801->1723->1724->1728->151->1673->489->82->1674->1675->1365->915,915->283,RESULTS/COMBINED_ALL_METHODS/results_all_methods_parameter_sensitivity_spot_level.csv
PSO,N2055_C9_I1,N2055_C9_I1.dat,SUMO/N2055_C9_I1.dat,final_case,SUMO,C9,Cmax 15.0,parking_budget_cmax,15.0,2055,5299,103,3055,308,0.1,308,1824,283,0.9,0.5,15.0,1824,283,0.9,0.5,15.0,0.9,TRUE,solved,915,441,915_S001,near,1,0.19790000000000008,0.001625,0.003412,0.1965,0.0393,0.042712,0.24223700000000006,0.19790000000000008,0.1965,0.042712,0.24223700000000006,9.09,13.989798000000004,688286.049,1824->1969->193->2023->2008->2006->1233->157->2001->253->1232->1245->342->153->156->1244->1980->1986->2055->1910->343->1911->1800->344->959->1717->1243->1371->1909->897->500->2018->1988->928->929->1239->898->1240->899->52->683->53->1251->18->1151->86->160->161->162->163->478->83->235->477->1586->925->205->476->1620->2053->1852->1643->127->1879->764->501->1938->1958->1771->1957->1937->526->213->1956->471->1593->766->656->1985->1600->1810->2027->1808->1253->772->1377->1374->125->1427->60->1967->801->1723->1724->1728->151->1673->489->82->1674->1675->1365->915,915->283,RESULTS/PSO/log_pso_spot.csv
ACO,sumo_case,sumo_case.dat,SUMO/sumo_case.dat,final_case,SUMO,SUMO,Baseline,baseline,Baseline,2055,5299,103,3055,308,0.1,308,1824,283,0.5,0.5,20.41,1824,283,0.5,0.5,20.41,0.5,TRUE,solved,487,477,487_S002,near,1,0.1746,0.001904,0.00333,0.0655,0.0131,0.01643,0.192934,0.1746,0.0655,0.01643,0.192934,19.8,15.68802,63114.302,1824->1969->193->2023->2008->2006->1233->157->2001->253->1232->1245->342->75->259->1847->1995->1844->1845->346->936->347->348->1996->1210->1115->343->1911->1800->344->959->1717->1243->1371->1909->897->500->1908->1687->135->1895->1517->1894->389->1893->386->1999->1900->1998->1935->1901->1981->1983->1902->1982->1903->194->1977->40->1904->2025->227->2011->270->501->1938->1958->1771->1957->1937->526->213->1956->471->1955->129->655->1954->1811->2027->1808->1253->1601->138->775->774->2->773->771->3->1427->60->1967->801->1723->1724->1728->151->1673->489->488->1677->1676->915->487,487->283,RESULTS/ACO/log_aco_spot.csv
GA,sumo_case,sumo_case.dat,SUMO/sumo_case.dat,final_case,SUMO,SUMO,Baseline,baseline,Baseline,2055,5299,103,3055,308,0.1,308,1824,283,0.5,0.5,20.41,1824,283,0.5,0.5,20.41,0.5,TRUE,solved,487,476,487_S001,near,1,0.21579999999999996,0.001421,0.00237,0.0655,0.0131,0.015470000000000001,0.23269099999999998,0.21579999999999996,0.0655,0.015470000000000001,0.23269099999999998,19.66,16.81073,129139.694,1824->1969->193->2023->2008->2006->1233->157->155->1820->1972->497->496->495->2031->299->1096->865->866->2010->1979->1090->2009->206->207->540->468->208->1873->1997->1874->1258->893->1266->892->1711->1875->891->1277->1273->1275->1270->1267->1860->2014->1177->427->65->1313->1314->1312->2022->2013->1961->1172->1170->1962->636->802->1086->1087->800->168->1679->6->5->1365->915->487,487->283,RESULTS/GA/log_ga_spot.csv
Optimization,sumo_case,sumo_case.dat,SUMO/sumo_case.dat,final_case,SUMO,SUMO,Baseline,baseline,Baseline,2055,5299,103,3055,308,0.1,308,1824,283,0.5,0.5,20.41,1824,283,0.5,0.5,20.41,0.5,TRUE,inferred_from_previous_exact_lot_solution,487,476,487_S001,near,1,0.1746,0.00145,0.002399,0.0655,0.0131,0.015499,0.19154900000000002,0.1746,0.0655,0.015499,0.19154900000000002,19.66,15.57647,63114.302,1824->1969->193->2023->2008->2006->1233->157->2001->253->1232->1245->342->75->259->1847->1995->1844->1845->346->936->347->348->1996->1210->1115->343->1911->1800->344->959->1717->1243->1371->1909->897->500->1908->1687->135->1895->1517->1894->389->1893->386->1999->1900->1998->1935->1901->1981->1983->1902->1982->1903->194->1977->40->1904->2025->227->2011->270->501->1938->1958->1771->1957->1937->526->213->1956->471->1955->129->655->1954->1811->2027->1808->1253->1601->138->775->774->2->773->771->3->1427->60->1967->801->1723->1724->1728->151->1673->489->488->1677->1676->915->487,487->283,RESULTS/COMBINED_ALL_METHODS/results_all_methods_parameter_sensitivity_spot_level.csv
PSO,sumo_case,sumo_case.dat,SUMO/sumo_case.dat,final_case,SUMO,SUMO,Baseline,baseline,Baseline,2055,5299,103,3055,308,0.1,308,1824,283,0.5,0.5,20.41,1824,283,0.5,0.5,20.41,0.5,TRUE,solved,487,476,487_S001,near,1,0.2693999999999999,0.001421,0.00237,0.0655,0.0131,0.015470000000000001,0.2862909999999999,0.2693999999999999,0.0655,0.015470000000000001,0.2862909999999999,19.66,18.418729999999996,869544.119,1824->1969->1732->428->2004->2003->2000->27->2001->253->1232->1245->342->75->259->1847->1995->1846->567->1205->840->1212->839->1207->22->1220->23->932->931->2032->212->24->1134->1138->1132->1135->1130->1131->1153->1227->479->652->1292->533->663->1997->1740->1083->1373->1203->1204->1863->1993->1742->2015->1082->426->926->1185->2014->1576->1575->1177->427->65->1313->1314->1312->2022->2013->1961->1172->1170->1962->636->485->1645->90->799->101->1646->1422->1514->1648->1649->168->1679->6->5->1365->1675->1676->915->487,487->283,RESULTS/PSO/log_pso_spot.csv
ACO,N2500_C10_I1,N2500_C10_I1.dat,n_2500/N2500_C10_I1.dat,final_case,N2500,C10,15.0-30.0,parking_cost_range,15.0-30.0,2500,7696,125,3732,375,0.1,375,2491,2500,0.9,0.5,20.5,2491,2500,0.9,0.5,20.5,0.9,TRUE,solved,2476,340,2476_S001,near,1,0.2046000000000003,0.001553,0.003145,0.1661,0.0332,0.036345,0.24249800000000032,0.2046000000000003,0.1661,0.036345,0.24249800000000032,14.75,14.569892000000017,13889.021,2491->2341->2328->2326->2320->2317->2305->2300->2282->2268->2263->2256->2252->2251->2247->2244->2240->2226->2237->2220->2235->2218->2228->2214->2211->2202->2178->2156->2183->2170->2155->2154->2130->2109->2098->2085->2072->2082->2069->2046->2038->2033->2030->2044->2028->2014->1968->1955->1902->1895->1894->1893->1882->1872->1864->1869->1863->1860->1841->1840->1832->1827->1826->1814->1813->1807->1789->1788->1781->1779->1774->1784->1780->1778->1767->1764->1740->1736->1735->1731->1718->1713->1707->1693->1681->1677->1687->1672->1665->1673->1664->1655->1649->1643->1637->1628->1610->1587->1579->1552->1550->1548->1530->1537->1525->1492->1490->1488->1495->1479->1486->1471->1465->1460->1430->1423->1406->1401->1391->1384->1380->1374->1373->1369->1359->1355->1344->1311->1301->1310->1298->1290->1281->1274->1270->1279->1262->1257->1254->1252->1219->1206->1228->1212->1203->1194->1197->1177->1170->1153->1152->1149->1142->1134->1130->1125->1117->1113->1129->1111->1099->1089->1075->1069->1065->1064->1063->1051->1042->1039->1050->1037->1036->1027->1006->988->981->969->929->924->917->912->904->903->896->892->905->888->885->878->877->874->865->861->857->856->851->818->813->810->812->805->786->762->761->757->755->725->715->711->723->705->696->691->697->698->689->687->681->674->667->659->657->636->609->599->592->588->576->574->586->568->575->564->560->549->547->545->543->540->538->561->532->542->534->539->526->525->527->508->501->476->469->463->450->436->430->408->393->387->372->375->371->362->373->356->350->353->348->346->349->334->337->331->329->324->321->309->298->299->296->289->284->266->262->259->254->235->233->232->230->229->217->228->210->206->209->201->198->196->193->190->183->178->174->168->164->163->162->155->108->51->50->82->81->77->69->68->63->21->1->5->6->10->11->15->24->19->28->22->30->34->54->29->49->85->100->119->114->122->123->125->133->134->181->143->146->156->166->158->173->185->192->204->202->260->263->275->288->290->293->306->317->358->363->379->384->394->407->396->397->401->406->398->403->413->440->449->455->460->468->471->482->497->517->518->537->546->551->553->555->562->569->570->573->593->600->602->615->628->637->642->658->668->694->700->713->721->734->745->748->749->753->763->765->764->766->783->784->791->815->816->821->826->830->839->854->849->852->860->864->866->867->870->880->882->887->893->894->910->933->944->946->948->976->978->985->991->995->1017->1024->1031->1071->1077->1079->1091->1100->1110->1120->1122->1139->1167->1168->1181->1175->1178->1192->1204->1182->1184->1193->1205->1210->1223->1229->1230->1241->1232->1237->1242->1244->1251->1269->1275->1278->1296->1322->1330->1348->1364->1353->1358->1361->1362->1368->1379->1381->1387->1390->1403->1417->1434->1426->1428->1453->1462->1463->1481->1497->1500->1502->1503->1508->1510->1512->1531->1518->1528->1540->1542->1554->1555->1568->1576->1582->1583->1594->1586->1590->1600->1618->1593->1601->1604->1607->1616->1620->1633->1641->1680->1688->1719->1739->1751->1755->1757->1776->1777->1798->1782->1791->1785->1818->1821->1823->1824->1857->1859->1861->1871->1890->1907->1906->1940->1941->1951->1969->1980->1978->1982->1987->1991->2001->2002->2005->2013->2047->2059->2063->2071->2074->2077->2079->2099->2100->2116->2118->2121->2134->2137->2148->2158->2169->2171->2174->2181->2195->2186->2196->2204->2208->2212->2217->2229->2461->2466->2476,2476->2500,RESULTS/ACO/log_aco_spot.csv
GA,N2500_C10_I1,N2500_C10_I1.dat,n_2500/N2500_C10_I1.dat,final_case,N2500,C10,15.0-30.0,parking_cost_range,15.0-30.0,2500,7696,125,3732,375,0.1,375,2491,2500,0.9,0.5,20.5,2491,2500,0.9,0.5,20.5,0.9,TRUE,solved,2490,294,2490_S001,near,1,0.3037000000000009,0.001547,0.002941,0.1348,0.027,0.029941,0.33518800000000093,0.3037000000000009,0.1348,0.029941,0.33518800000000093,18.89,19.98915200000005,397608.862,2491->2341->2332->2328->2326->2320->2317->2305->2311->2300->2282->2268->2263->2256->2252->2251->2247->2244->2257->2240->2226->2237->2223->2220->2235->2218->2228->2211->2202->2187->2178->2156->2183->2170->2155->2154->2136->2130->2109->2098->2085->2072->2082->2069->2046->2038->2033->2030->2044->2028->2014->1968->1955->1902->1910->1894->1893->1882->1872->1864->1869->1863->1860->1841->1840->1832->1827->1826->1814->1813->1807->1789->1806->1781->1779->1774->1771->1784->1780->1778->1767->1764->1763->1740->1736->1735->1731->1718->1713->1707->1697->1693->1681->1677->1702->1687->1672->1665->1664->1655->1649->1643->1637->1628->1610->1587->1579->1552->1550->1548->1547->1530->1537->1525->1492->1490->1488->1495->1479->1486->1471->1465->1460->1430->1423->1406->1401->1391->1384->1380->1374->1373->1369->1359->1355->1344->1311->1301->1310->1298->1290->1281->1274->1270->1279->1262->1257->1254->1234->1219->1206->1212->1203->1194->1197->1177->1170->1153->1152->1149->1142->1134->1130->1125->1117->1113->1129->1111->1105->1099->1089->1075->1069->1065->1064->1063->1051->1042->1039->1050->1037->1036->1027->1006->988->981->969->961->929->924->917->912->907->904->903->896->892->905->888->885->878->877->874->865->861->857->856->851->813->810->812->805->786->762->776->757->755->741->725->715->711->723->705->696->691->697->698->689->687->681->674->667->659->657->636->609->599->592->588->576->574->586->568->575->564->560->549->547->545->543->540->538->561->548->542->534->539->526->524->522->508->501->476->469->463->450->436->726->720->714->712->706->690->680->373->660->362->626->366->344->558->314->493->509->523->535->298->299->289->296->500->487->492->485->479->475->458->466->456->457->441->451->206->209->201->198->196->390->383->380->370->339->338->164->326->318->301->153->147->137->92->90->88->79->57->52->61->60->50->48->64->305->303->43->116->74->106->221->15->18->12->24->19->20->26->33->30->34->54->53->89->49->121->94->67->85->111->119->114->129->122->123->125->133->134->181->143->194->184->189->146->156->166->167->158->173->212->224->227->231->192->204->202->260->265->263->268->275->288->290->293->306->317->358->363->379->384->402->394->407->396->397->401->406->398->403->413->440->454->449->455->460->468->462->471->482->495->497->517->518->536->537->546->551->553->554->555->562->569->570->573->593->600->602->615->628->637->642->658->668->694->700->709->713->721->734->745->748->749->753->763->765->764->766->783->784->793->791->815->816->822->821->826->830->839->854->842->849->852->860->864->876->866->867->870->880->882->887->893->894->910->933->944->946->956->976->978->985->991->995->1017->1024->1031->1068->1071->1077->1079->1091->1092->1100->1110->1120->1116->1122->1139->1167->1168->1181->1173->1175->1178->1189->1191->1199->1204->1182->1184->1193->1205->1210->1223->1229->1230->1241->1232->1237->1242->1244->1251->1269->1275->1278->1296->1322->1330->1348->1364->1353->1358->1361->1366->1362->1368->1385->1379->1382->1387->1390->1403->1417->1434->1426->1428->1453->1462->1463->1481->1497->1500->1502->1503->1508->1510->1512->1531->1522->1518->1528->1540->1542->1554->1555->1568->1576->1582->1583->1594->1586->1588->1599->1600->1618->1593->1601->1595->1607->1616->1620->1633->1641->1680->1688->1719->1739->1751->1755->1757->1776->1777->1798->1782->1791->1785->1818->1834->1821->1823->1824->1857->1861->1871->1875->1890->1907->1906->1940->1941->1951->1969->1980->1978->1982->1986->1987->1991->1992->2001->2002->2005->2013->2047->2049->2050->2059->2081->2096->2089->2110->2063->2071->2074->2077->2079->2099->2100->2116->2118->2121->2134->2137->2148->2158->2169->2171->2174->2181->2195->2186->2196->2207->2204->2208->2212->2217->2229->2441->2451->2452->2456->2473->2461->2466->2476->2485->2490,2490->2500,RESULTS/GA/log_ga_spot.csv
Optimization,N2500_C10_I1,N2500_C10_I1.dat,n_2500/N2500_C10_I1.dat,final_case,N2500,C10,15.0-30.0,parking_cost_range,15.0-30.0,2500,7696,125,3732,375,0.1,375,2491,2500,0.9,0.5,20.5,2491,2500,0.9,0.5,20.5,0.9,TRUE,inferred_from_previous_exact_lot_solution,2476,340,2476_S001,near,1,0.29940000000000067,0.001603,0.003195,0.1661,0.0332,0.036395,0.3373980000000007,0.29940000000000067,0.1661,0.036395,0.3373980000000007,14.76,19.695492000000037,1565198.781,2491->2487->2341->2340->2332->2328->2326->2320->2317->2305->2311->2300->2282->2268->2263->2256->2252->2251->2247->2257->2240->2226->2237->2220->2235->2236->2218->2228->2211->2202->2187->2178->2156->2170->2155->2154->2130->2109->2098->2085->2072->2078->2082->2069->2046->2038->2033->2030->2044->2028->2017->2014->1968->1955->1902->1900->1894->1893->1882->1872->1864->1869->1863->1860->1841->1840->1832->1827->1826->1814->1813->1807->1789->1788->1781->1779->1774->1784->1780->1778->1767->1764->1740->1736->1735->1731->1718->1713->1707->1693->1681->1677->1672->1665->1664->1655->1649->1643->1637->1628->1625->1610->1587->1579->1552->1550->1548->1530->1537->1525->1492->1490->1488->1495->1479->1486->1471->1469->1465->1460->1430->1423->1401->1391->1384->1380->1374->1373->1369->1359->1355->1344->1311->1301->1310->1298->1290->1281->1274->1270->1279->1262->1257->1254->1234->1219->1206->1212->1203->1194->1197->1183->1177->1170->1153->1152->1149->1142->1134->1130->1125->1117->1113->1129->1111->1099->1089->1075->1069->1065->1064->1063->1051->1042->1039->1050->1037->1036->1027->1006->988->981->969->929->924->917->912->904->903->896->892->905->888->885->878->877->874->865->861->857->856->851->818->813->810->805->786->762->776->761->757->755->741->725->715->711->723->705->696->691->697->689->687->695->681->674->667->659->657->636->609->599->592->588->576->574->586->568->575->564->560->549->547->545->543->540->566->561->548->542->530->539->526->525->524->522->508->519->501->476->469->463->731->744->467->450->436->430->408->714->712->706->387->688->373->644->638->641->631->623->365->348->346->616->344->558->314->493->491->487->492->485->479->475->458->464->456->457->206->209->201->198->196->193->190->183->178->174->168->164->326->316->292->301->278->147->137->107->83->97->136->214->188->249->252->256->222->369->226->237->253->20->32->45->27->34->54->29->49->85->100->119->114->129->122->123->125->133->134->181->143->146->156->216->223->211->212->173->185->192->204->202->260->265->263->275->288->290->293->306->317->358->363->379->384->394->407->396->397->401->406->398->403->413->440->449->453->455->460->461->462->471->482->495->497->517->518->537->546->551->553->555->562->569->570->573->593->600->602->615->628->637->642->658->668->694->700->713->721->734->745->748->749->753->763->764->766->783->784->791->815->816->822->821->826->830->839->854->849->852->860->864->866->867->870->880->882->887->893->894->910->933->944->946->948->976->978->985->991->995->1017->1024->1031->1071->1077->1079->1091->1100->1110->1120->1116->1122->1139->1167->1168->1181->1175->1189->1191->1199->1204->1180->1182->1184->1193->1205->1210->1223->1229->1230->1241->1232->1237->1242->1244->1251->1269->1275->1278->1296->1322->1330->1348->1364->1353->1358->1361->1362->1368->1379->1381->1387->1390->1403->1417->1408->1426->1428->1453->1462->1463->1481->1497->1499->1500->1502->1503->1508->1510->1512->1521->1522->1531->1518->1528->1540->1542->1554->1555->1568->1576->1582->1583->1594->1586->1588->1599->1618->1593->1601->1595->1607->1616->1620->1633->1641->1680->1688->1719->1739->1751->1755->1757->1776->1777->1798->1782->1791->1785->1818->1821->1823->1824->1857->1859->1861->1871->1890->1907->1906->1940->1941->1951->1969->1980->1978->1982->1986->1987->1991->1992->2002->2005->2013->2047->2049->2065->2081->2096->2110->2063->2071->2074->2077->2079->2099->2108->2100->2116->2118->2121->2134->2137->2148->2158->2169->2159->2174->2181->2186->2196->2204->2208->2212->2217->2229->2461->2466->2476,2476->2500,RESULTS/COMBINED_ALL_METHODS/results_all_methods_parameter_sensitivity_spot_level.csv
PSO,N2500_C10_I1,N2500_C10_I1.dat,n_2500/N2500_C10_I1.dat,final_case,N2500,C10,15.0-30.0,parking_cost_range,15.0-30.0,2500,7696,125,3732,375,0.1,375,2491,2500,0.9,0.5,20.5,2491,2500,0.9,0.5,20.5,0.9,TRUE,solved,2476,340,2476_S001,near,1,0.29940000000000067,0.001553,0.003145,0.1661,0.0332,0.036345,0.3372980000000007,0.29940000000000067,0.1661,0.036345,0.3372980000000007,14.75,19.689092000000038,1565198.781,2491->2487->2341->2340->2332->2328->2326->2320->2317->2305->2311->2300->2282->2268->2263->2256->2252->2251->2247->2257->2240->2226->2237->2220->2235->2236->2218->2228->2211->2202->2187->2178->2156->2170->2155->2154->2130->2109->2098->2085->2072->2078->2082->2069->2046->2038->2033->2030->2044->2028->2017->2014->1968->1955->1902->1900->1894->1893->1882->1872->1864->1869->1863->1860->1841->1840->1832->1827->1826->1814->1813->1807->1789->1788->1781->1779->1774->1784->1780->1778->1767->1764->1740->1736->1735->1731->1718->1713->1707->1693->1681->1677->1672->1665->1664->1655->1649->1643->1637->1628->1625->1610->1587->1579->1552->1550->1548->1530->1537->1525->1492->1490->1488->1495->1479->1486->1471->1469->1465->1460->1430->1423->1401->1391->1384->1380->1374->1373->1369->1359->1355->1344->1311->1301->1310->1298->1290->1281->1274->1270->1279->1262->1257->1254->1234->1219->1206->1212->1203->1194->1197->1183->1177->1170->1153->1152->1149->1142->1134->1130->1125->1117->1113->1129->1111->1099->1089->1075->1069->1065->1064->1063->1051->1042->1039->1050->1037->1036->1027->1006->988->981->969->929->924->917->912->904->903->896->892->905->888->885->878->877->874->865->861->857->856->851->818->813->810->805->786->762->776->761->757->755->741->725->715->711->723->705->696->691->697->689->687->695->681->674->667->659->657->636->609->599->592->588->576->574->586->568->575->564->560->549->547->545->543->540->566->561->548->542->530->539->526->525->524->522->508->519->501->476->469->463->731->744->467->450->436->430->408->714->712->706->387->688->373->644->638->641->631->623->365->348->346->616->344->558->314->493->491->487->492->485->479->475->458->464->456->457->206->209->201->198->196->193->190->183->178->174->168->164->326->316->292->301->278->147->137->107->83->97->136->214->188->249->252->256->222->369->226->237->253->20->32->45->27->34->54->29->49->85->100->119->114->129->122->123->125->133->134->181->143->146->156->216->223->211->212->173->185->192->204->202->260->265->263->275->288->290->293->306->317->358->363->379->384->394->407->396->397->401->406->398->403->413->440->449->453->455->460->461->462->471->482->495->497->517->518->537->546->551->553->555->562->569->570->573->593->600->602->615->628->637->642->658->668->694->700->713->721->734->745->748->749->753->763->764->766->783->784->791->815->816->822->821->826->830->839->854->849->852->860->864->866->867->870->880->882->887->893->894->910->933->944->946->948->976->978->985->991->995->1017->1024->1031->1071->1077->1079->1091->1100->1110->1120->1116->1122->1139->1167->1168->1181->1175->1189->1191->1199->1204->1180->1182->1184->1193->1205->1210->1223->1229->1230->1241->1232->1237->1242->1244->1251->1269->1275->1278->1296->1322->1330->1348->1364->1353->1358->1361->1362->1368->1379->1381->1387->1390->1403->1417->1408->1426->1428->1453->1462->1463->1481->1497->1499->1500->1502->1503->1508->1510->1512->1521->1522->1531->1518->1528->1540->1542->1554->1555->1568->1576->1582->1583->1594->1586->1588->1599->1618->1593->1601->1595->1607->1616->1620->1633->1641->1680->1688->1719->1739->1751->1755->1757->1776->1777->1798->1782->1791->1785->1818->1821->1823->1824->1857->1859->1861->1871->1890->1907->1906->1940->1941->1951->1969->1980->1978->1982->1986->1987->1991->1992->2002->2005->2013->2047->2049->2065->2081->2096->2110->2063->2071->2074->2077->2079->2099->2108->2100->2116->2118->2121->2134->2137->2148->2158->2169->2159->2174->2181->2186->2196->2204->2208->2212->2217->2229->2461->2466->2476,2476->2500,RESULTS/PSO/log_pso_spot.csv
ACO,N2500_C1_I1,N2500_C1_I1.dat,n_2500/N2500_C1_I1.dat,final_case,N2500,C1,Baseline,baseline,Baseline,2500,7696,125,3732,375,0.1,375,2491,2500,0.9,0.5,20.5,2491,2500,0.9,0.5,20.5,0.9,TRUE,solved,2476,340,2476_S001,near,1,0.2046000000000003,0.001603,0.003195,0.1661,0.0332,0.036395,0.2425980000000003,0.2046000000000003,0.1661,0.036395,0.2425980000000003,6.66,13.766292000000018,46942.792,2491->2341->2328->2326->2320->2317->2305->2300->2282->2268->2263->2256->2252->2251->2247->2244->2240->2226->2237->2220->2235->2218->2228->2214->2211->2202->2178->2156->2183->2170->2155->2154->2130->2109->2098->2085->2072->2082->2069->2046->2038->2033->2030->2044->2028->2014->1968->1955->1902->1895->1894->1893->1882->1872->1864->1869->1863->1860->1841->1840->1832->1827->1826->1814->1813->1807->1789->1788->1781->1779->1774->1784->1780->1778->1767->1764->1740->1736->1735->1731->1718->1713->1707->1693->1681->1677->1687->1672->1665->1673->1664->1655->1649->1643->1637->1628->1610->1587->1579->1552->1550->1548->1530->1537->1525->1492->1490->1488->1495->1479->1486->1471->1465->1460->1430->1423->1406->1401->1391->1384->1380->1374->1373->1369->1359->1355->1344->1311->1301->1310->1298->1290->1281->1274->1270->1279->1262->1257->1254->1252->1219->1206->1228->1212->1203->1194->1197->1177->1170->1153->1152->1149->1142->1134->1130->1125->1117->1113->1129->1111->1099->1089->1075->1069->1065->1064->1063->1051->1042->1039->1050->1037->1036->1027->1006->988->981->969->929->924->917->912->904->903->896->892->905->888->885->878->877->874->865->861->857->856->851->818->813->810->812->805->786->762->761->757->755->725->715->711->723->705->696->691->697->698->689->687->681->674->667->659->657->636->609->599->592->588->576->574->586->568->575->564->560->549->547->545->543->540->538->561->532->542->534->539->526->525->527->508->501->476->469->463->450->436->430->408->393->387->372->375->371->362->373->356->350->353->348->346->349->334->337->331->329->324->321->309->298->299->296->289->284->266->262->259->254->235->233->232->230->229->217->228->210->206->209->201->198->196->193->190->183->178->174->168->164->163->162->155->108->51->50->82->81->77->69->68->63->21->1->5->6->10->11->15->24->19->28->22->30->34->54->29->49->85->100->119->114->122->123->125->133->134->181->143->146->156->166->158->173->185->192->204->202->260->263->275->288->290->293->306->317->358->363->379->384->394->407->396->397->401->406->398->403->413->440->449->455->460->468->471->482->497->517->518->537->546->551->553->555->562->569->570->573->593->600->602->615->628->637->642->658->668->694->700->713->721->734->745->748->749->753->763->765->764->766->783->784->791->815->816->821->826->830->839->854->849->852->860->864->866->867->870->880->882->887->893->894->910->933->944->946->948->976->978->985->991->995->1017->1024->1031->1071->1077->1079->1091->1100->1110->1120->1122->1139->1167->1168->1181->1175->1178->1192->1204->1182->1184->1193->1205->1210->1223->1229->1230->1241->1232->1237->1242->1244->1251->1269->1275->1278->1296->1322->1330->1348->1364->1353->1358->1361->1362->1368->1379->1381->1387->1390->1403->1417->1434->1426->1428->1453->1462->1463->1481->1497->1500->1502->1503->1508->1510->1512->1531->1518->1528->1540->1542->1554->1555->1568->1576->1582->1583->1594->1586->1590->1600->1618->1593->1601->1604->1607->1616->1620->1633->1641->1680->1688->1719->1739->1751->1755->1757->1776->1777->1798->1782->1791->1785->1818->1821->1823->1824->1857->1859->1861->1871->1890->1907->1906->1940->1941->1951->1969->1980->1978->1982->1987->1991->2001->2002->2005->2013->2047->2059->2063->2071->2074->2077->2079->2099->2100->2116->2118->2121->2134->2137->2148->2158->2169->2171->2174->2181->2195->2186->2196->2204->2208->2212->2217->2229->2461->2466->2476,2476->2500,RESULTS/ACO/log_aco_spot.csv
GA,N2500_C1_I1,N2500_C1_I1.dat,n_2500/N2500_C1_I1.dat,final_case,N2500,C1,Baseline,baseline,Baseline,2500,7696,125,3732,375,0.1,375,2491,2500,0.9,0.5,20.5,2491,2500,0.9,0.5,20.5,0.9,TRUE,solved,2476,341,2476_S002,near,1,0.30910000000000065,0.002259,0.00477,0.1661,0.0332,0.037970000000000004,0.34932900000000067,0.30910000000000065,0.1661,0.037970000000000004,0.34932900000000067,6.76,19.539766000000036,121070.113,2491->2493->2484->2487->2341->2340->2332->2328->2326->2320->2317->2300->2282->2268->2263->2256->2252->2251->2247->2257->2240->2226->2237->2223->2220->2215->2235->2218->2228->2211->2202->2178->2156->2183->2155->2154->2130->2109->2098->2085->2072->2078->2069->2046->2038->2033->2030->2044->2028->2017->2014->1968->1955->1902->1910->1894->1893->1882->1872->1864->1869->1863->1860->1841->1840->1832->1827->1826->1814->1813->1807->1789->1806->1781->1779->1774->1771->1784->1780->1778->1766->1764->1740->1736->1735->1731->1718->1713->1707->1697->1693->1681->1677->1672->1665->1664->1655->1649->1640->1643->1637->1628->1610->1587->1579->1552->1550->1548->1547->1530->1537->1525->1524->1492->1490->1488->1495->1479->1486->1471->1465->1460->1430->1423->1406->1401->1391->1384->1386->1380->1374->1373->1369->1359->1355->1344->1311->1301->1310->1298->1290->1281->1274->1270->1279->1277->1262->1257->1254->1234->1231->1219->1206->1228->1203->1194->1197->1177->1170->1153->1152->1149->1142->1134->1130->1125->1117->1113->1129->1111->1099->1089->1075->1069->1065->1064->1063->1051->1055->1042->1039->1050->1037->1036->1027->1006->988->981->969->929->924->917->912->904->903->896->892->905->888->885->878->877->874->865->857->856->851->813->810->805->786->762->776->757->755->741->725->715->711->723->708->705->696->691->697->689->687->695->681->674->667->659->657->636->609->599->592->588->576->574->586->568->575->581->564->560->549->547->545->543->540->538->561->532->542->534->539->526->524->522->508->519->747->737->476->469->463->450->439->437->436->430->408->393->387->372->375->663->677->373->356->350->626->625->606->608->616->334->558->314->491->487->492->266->262->479->475->458->464->466->456->232->230->229->420->418->409->404->198->196->193->190->183->178->174->335->341->168->370->380->339->338->164->326->316->301->318->162->155->172->175->105->95->87->99->139->136->113->35->23->21->1->2->7->14->15->11->4->8->12->24->19->20->26->33->27->45->32->30->34->54->29->89->49->85->100->111->119->114->122->123->125->133->134->181->191->143->146->216->187->177->167->158->173->185->192->231->197->204->202->260->265->263->268->275->288->290->293->297->306->317->358->363->379->384->394->407->396->397->401->406->398->403->413->440->449->453->455->460->468->471->482->495->497->517->518->536->537->546->551->553->554->555->562->569->570->573->593->600->602->615->628->637->642->658->668->694->700->709->713->721->734->745->748->749->753->763->765->764->766->783->784->791->815->816->821->826->830->839->854->849->852->860->864->876->866->867->870->880->882->889->887->893->894->910->933->944->946->956->976->978->985->991->995->1011->1017->1024->1031->1068->1071->1077->1079->1091->1092->1100->1110->1120->1122->1139->1167->1168->1181->1173->1175->1178->1189->1192->1199->1204->1182->1184->1193->1205->1210->1223->1229->1230->1241->1232->1237->1242->1244->1251->1269->1275->1278->1296->1322->1330->1348->1364->1353->1358->1361->1366->1362->1368->1379->1382->1387->1390->1403->1417->1434->1428->1453->1462->1463->1481->1497->1500->1502->1503->1508->1510->1512->1521->1522->1518->1528->1540->1542->1554->1555->1568->1576->1582->1583->1594->1586->1590->1599->1600->1618->1593->1601->1595->1607->1616->1620->1630->1633->1641->1680->1688->1719->1739->1751->1755->1757->1776->1777->1794->1798->1782->1791->1785->1818->1834->1821->1823->1824->1857->1861->1871->1890->1907->1906->1940->1941->1951->1969->1980->1978->1982->1987->1991->1992->2002->2005->2013->2047->2049->2050->2059->2081->2089->2110->2063->2071->2074->2077->2079->2099->2108->2100->2116->2118->2121->2134->2137->2148->2158->2169->2159->2174->2181->2195->2186->2196->2207->2204->2208->2212->2217->2229->2490->2499->2485->2476,2476->2500,RESULTS/GA/log_ga_spot.csv
Optimization,N2500_C1_I1,N2500_C1_I1.dat,n_2500/N2500_C1_I1.dat,final_case,N2500,C1,Baseline,baseline,Baseline,2500,7696,125,3732,375,0.1,375,2491,2500,0.9,0.5,20.5,2491,2500,0.9,0.5,20.5,0.9,TRUE,inferred_from_previous_exact_lot_solution,2476,340,2476_S001,near,1,0.2943000000000008,0.001603,0.003195,0.1661,0.0332,0.036395,0.3322980000000008,0.2943000000000008,0.1661,0.036395,0.3322980000000008,6.66,18.610092000000044,497781.326,2491->2493->2487->2484->2481->2478->2468->2448->2443->2458->2442->2426->2412->2401->2400->2395->2379->2374->2370->2369->2385->2372->2358->2390->2380->2363->2353->2350->2347->2340->2332->2328->2326->2320->2317->2300->2282->2268->2263->2256->2252->2251->2247->2257->2240->2226->2237->2223->2220->2235->2218->2214->2211->2202->2187->2178->2156->2183->2155->2154->2130->2109->2098->2085->2072->2082->2069->2046->2038->2033->2030->2044->2028->2014->1968->1955->1902->1910->1894->1893->1882->1872->1864->1869->1863->1860->1841->1840->1832->1827->1826->1814->1813->1807->1789->1788->1806->1781->1779->1774->1771->1784->1780->1778->1766->1764->1763->1740->1736->1735->1731->1718->1713->1707->1697->1693->1681->1677->1687->1672->1665->1664->1655->1649->1640->1643->1637->1628->1610->1587->1579->1552->1550->1548->1547->1530->1537->1525->1524->1492->1490->1488->1495->1479->1486->1471->1469->1465->1460->1430->1423->1401->1391->1384->1386->1380->1374->1373->1369->1359->1355->1344->1311->1301->1310->1298->1290->1281->1274->1270->1279->1277->1262->1257->1254->1234->1231->1219->1206->1228->1203->1194->1197->1183->1177->1170->1153->1152->1149->1142->1134->1130->1125->1117->1113->1129->1111->1099->1089->1075->1069->1065->1064->1063->1051->1055->1042->1039->1050->1037->1036->1027->1006->988->981->969->929->924->917->912->907->904->903->896->892->905->888->885->878->877->874->865->861->857->856->851->813->810->805->786->762->776->757->755->741->725->715->711->708->705->696->691->697->698->689->687->695->681->674->667->659->657->636->609->599->592->588->576->574->586->568->575->564->581->560->549->547->545->543->540->566->538->561->548->542->534->539->526->524->522->527->525->772->747->737->733->469->463->450->439->437->436->430->415->408->393->387->372->375->371->677->373->356->350->626->625->349->558->314->491->266->262->259->254->235->233->232->230->229->219->217->228->210->410->404->409->418->206->209->201->198->196->193->190->183->380->370->168->341->333->326->316->301->292->278->277->272->246->117->115->120->79->70->65->116->215->179->10->11->15->24->19->20->32->33->27->34->54->29->89->49->85->100->111->119->114->122->123->125->133->134->181->143->191->184->189->216->156->166->177->167->158->173->185->192->199->204->202->260->265->263->268->275->288->290->293->297->306->317->358->363->379->384->394->407->396->397->401->406->398->403->413->440->449->453->455->460->468->471->482->497->517->518->536->537->546->551->553->554->555->562->569->570->573->593->600->602->615->628->637->642->658->668->694->700->713->721->734->745->748->749->753->763->765->764->766->783->784->791->815->816->822->821->826->830->839->842->849->852->860->864->876->866->867->870->880->882->889->887->893->894->910->933->944->946->956->976->978->985->991->995->1017->1024->1031->1068->1071->1077->1079->1091->1092->1100->1110->1120->1122->1139->1167->1168->1181->1175->1189->1191->1192->1204->1180->1182->1184->1193->1205->1210->1223->1229->1230->1241->1232->1237->1242->1244->1251->1269->1275->1278->1296->1322->1330->1348->1364->1353->1358->1366->1361->1362->1368->1379->1382->1381->1387->1390->1403->1417->1434->1428->1453->1462->1463->1481->1497->1500->1502->1503->1508->1510->1512->1521->1531->1518->1528->1540->1542->1554->1555->1568->1576->1582->1583->1594->1586->1590->1599->1600->1618->1593->1601->1595->1607->1616->1620->1630->1633->1641->1680->1688->1719->1739->1751->1755->1757->1776->1777->1794->1798->1782->1785->1818->1834->1821->1823->1824->1857->1859->1877->1861->1871->1890->1907->1906->1940->1941->1951->1969->1980->1978->1982->1987->1991->1992->2001->2002->2005->2013->2047->2049->2050->2059->2081->2096->2110->2063->2071->2074->2077->2079->2099->2100->2116->2118->2121->2134->2137->2148->2158->2169->2171->2159->2174->2181->2186->2196->2204->2208->2212->2217->2229->2490->2499->2485->2476,2476->2500,RESULTS/COMBINED_ALL_METHODS/results_all_methods_parameter_sensitivity_spot_level.csv
PSO,N2500_C1_I1,N2500_C1_I1.dat,n_2500/N2500_C1_I1.dat,final_case,N2500,C1,Baseline,baseline,Baseline,2500,7696,125,3732,375,0.1,375,2491,2500,0.9,0.5,20.5,2491,2500,0.9,0.5,20.5,0.9,TRUE,solved,2476,340,2476_S001,near,1,0.31290000000000084,0.001603,0.003195,0.1661,0.0332,0.036395,0.3508980000000009,0.31290000000000084,0.1661,0.036395,0.3508980000000009,6.66,19.614492000000048,1043678.527,2491->2341->2340->2332->2328->2326->2320->2317->2305->2300->2282->2268->2263->2256->2252->2251->2247->2244->2240->2226->2237->2220->2235->2236->2218->2228->2211->2202->2187->2178->2156->2183->2155->2154->2130->2109->2098->2085->2072->2078->2069->2046->2038->2033->2030->2044->2028->2014->1968->1955->1902->1895->1894->1893->1882->1872->1864->1869->1863->1860->1841->1840->1832->1827->1826->1814->1813->1807->1789->1806->1781->1779->1774->1784->1780->1778->1767->1764->1763->1740->1736->1735->1731->1718->1713->1707->1693->1689->1681->1677->1687->1672->1665->1664->1655->1649->1643->1637->1628->1610->1587->1579->1552->1550->1548->1530->1537->1525->1524->1492->1490->1488->1495->1479->1486->1471->1469->1465->1460->1430->1423->1401->1391->1384->1386->1380->1374->1373->1369->1359->1355->1344->1311->1301->1310->1298->1290->1281->1274->1270->1279->1262->1257->1254->1234->1219->1206->1212->1203->1194->1197->1177->1170->1153->1152->1149->1142->1134->1130->1125->1117->1113->1129->1111->1105->1099->1089->1075->1069->1065->1064->1063->1051->1055->1042->1039->1050->1037->1036->1027->1006->988->981->969->929->924->917->912->904->903->896->892->905->888->885->878->877->874->865->857->856->851->813->810->805->786->762->776->757->755->725->715->711->723->705->696->691->697->698->689->687->681->674->667->659->657->636->609->599->592->588->576->574->586->568->575->564->560->549->547->545->543->540->538->561->532->542->534->824->792->772->747->519->508->501->476->469->733->731->744->739->450->436->430->720->422->415->408->393->688->677->660->646->638->641->631->623->365->626->366->344->346->577->559->314->493->284->500->262->466->456->457->441->438->425->206->209->201->198->196->193->190->380->178->174->335->341->338->164->163->175->105->95->87->109->127->39->38->55->37->31->69->25->36->46->35->23->21->1->5->6->10->13->14->15->24->19->28->22->26->33->27->34->54->29->53->89->98->94->67->85->100->119->114->129->122->123->125->133->134->181->143->146->216->223->211->212->224->231->197->204->202->260->265->263->268->275->288->290->293->306->317->358->363->379->384->394->407->396->397->401->406->398->399->403->413->440->449->455->460->461->462->471->482->495->497->517->518->537->546->551->553->555->562->569->570->573->593->600->602->615->628->637->642->658->668->694->700->713->721->734->745->748->749->753->763->764->766->783->793->791->815->816->821->826->830->839->854->849->852->860->864->876->866->867->870->880->882->887->893->894->910->933->944->946->948->956->976->978->985->991->995->1017->1024->1031->1071->1077->1079->1091->1092->1100->1110->1120->1116->1122->1139->1167->1168->1181->1175->1178->1192->1204->1180->1182->1184->1193->1205->1210->1223->1229->1230->1241->1232->1237->1242->1244->1251->1269->1275->1278->1296->1322->1330->1348->1364->1353->1358->1361->1362->1368->1385->1379->1381->1387->1390->1403->1417->1434->1428->1453->1462->1463->1481->1497->1500->1502->1503->1508->1510->1512->1521->1531->1518->1528->1540->1542->1554->1555->1568->1576->1582->1583->1594->1586->1588->1599->1618->1593->1601->1604->1607->1616->1620->1633->1641->1680->1688->1719->1739->1751->1755->1757->1776->1777->1798->1782->1785->1818->1821->1823->1824->1857->1859->1861->1871->1875->1890->1907->1906->1940->1941->1951->1969->1980->1978->1982->1987->1991->1992->2001->2002->2005->2013->2047->2059->2063->2071->2074->2077->2079->2099->2100->2116->2118->2121->2134->2137->2148->2158->2169->2159->2174->2181->2186->2196->2204->2208->2212->2217->2229->2473->2461->2466->2476,2476->2500,RESULTS/PSO/log_pso_spot.csv
ACO,N2500_C2_I1,N2500_C2_I1.dat,n_2500/N2500_C2_I1.dat,final_case,N2500,C2,Dense,edge_density,Dense,2500,8528,125,3732,375,0.1,375,2491,2500,0.9,0.5,20.5,2491,2500,0.9,0.5,20.5,0.9,TRUE,solved,2490,294,2490_S001,near,1,0.16669999999999996,0.001557,0.002951,0.1348,0.027,0.029951,0.19820799999999997,0.16669999999999996,0.1348,0.029951,0.19820799999999997,9.13,11.616231999999998,7477.625,2491->2341->2332->1894->1893->1882->1872->1864->1869->1863->1860->1841->1840->1832->1827->1826->1814->1813->1807->1465->1460->1430->1423->1406->1401->1391->1384->1380->1374->1063->1051->1042->1039->1050->1037->681->687->689->362->373->356->350->353->348->346->138->88->189->216->223->569->570->573->893->894->910->933->944->946->948->976->978->985->991->995->1017->1390->1403->1417->1434->1426->1428->1453->1462->1463->1481->1497->1499->1821->1818->2186->2196->2204->2208->2212->2217->2229->2441->2452->2456->2473->2461->2466->2476->2485->2490,2490->2500,RESULTS/ACO/log_aco_spot.csv
GA,N2500_C2_I1,N2500_C2_I1.dat,n_2500/N2500_C2_I1.dat,final_case,N2500,C2,Dense,edge_density,Dense,2500,8528,125,3732,375,0.1,375,2491,2500,0.9,0.5,20.5,2491,2500,0.9,0.5,20.5,0.9,TRUE,solved,2441,547,2441_S001,near,1,0.24550000000000008,0.001751,0.004,0.2683,0.0537,0.0577,0.3049510000000001,0.24550000000000008,0.2683,0.0577,0.3049510000000001,7.61,17.228354000000003,83467.971,2491->2493->2487->2341->2340->2347->2350->2363->2380->2390->2358->2372->2369->2030->2033->2038->2046->2069->2078->2072->2085->2098->2109->2130->2154->2155->2170->2156->2178->2202->2211->2214->2218->1779->1774->1784->1780->1778->1767->1766->1764->1763->1740->1736->1735->1731->1718->1713->1707->1697->1693->1681->1689->1311->1301->1553->1224->1221->1209->1207->836->835->827->825->296->500->92->90->88->459->273->267->264->37->31->69->25->385->86->91->36->46->35->23->21->1->5->6->406->748->1092->1100->1110->1120->1122->1139->1167->1168->1173->1502->1500->1499->1821->1834->1818->2186->2195->2181->2174->2171->2169->2473->2460->2456->2452->2451->2441,2441->2500,RESULTS/GA/log_ga_spot.csv
Optimization,N2500_C2_I1,N2500_C2_I1.dat,n_2500/N2500_C2_I1.dat,final_case,N2500,C2,Dense,edge_density,Dense,2500,8528,125,3732,375,0.1,375,2491,2500,0.9,0.5,20.5,2491,2500,0.9,0.5,20.5,0.9,TRUE,inferred_from_previous_exact_lot_solution,2476,340,2476_S001,near,1,0.17579999999999996,0.001603,0.003195,0.1661,0.0332,0.036395,0.21379799999999993,0.17579999999999996,0.1661,0.036395,0.21379799999999993,6.66,12.211091999999997,499807.246,2491->2341->1895->1902->1955->1968->2014->2028->1673->1665->1672->1687->1677->1681->1689->1311->1027->1036->1037->681->687->689->362->373->172->105->95->87->97->204->602->615->628->637->642->658->668->694->700->713->721->734->745->748->1092->1100->1110->1462->1463->1481->1497->1499->1821->1818->2186->2485->2476,2476->2500,RESULTS/COMBINED_ALL_METHODS/results_all_methods_parameter_sensitivity_spot_level.csv
PSO,N2500_C2_I1,N2500_C2_I1.dat,n_2500/N2500_C2_I1.dat,final_case,N2500,C2,Dense,edge_density,Dense,2500,8528,125,3732,375,0.1,375,2491,2500,0.9,0.5,20.5,2491,2500,0.9,0.5,20.5,0.9,TRUE,solved,2476,340,2476_S001,near,1,0.17720000000000002,0.001603,0.003195,0.1661,0.0332,0.036395,0.215198,0.17720000000000002,0.1661,0.036395,0.215198,6.66,12.286692,262912.898,2491->2341->1895->1894->1893->1882->1872->1864->1869->1863->1860->1841->1840->1832->1827->1826->1814->1813->1807->1789->1788->1806->1781->1779->1774->1784->1780->1778->1767->1764->1763->1740->1736->1735->1731->1718->1369->1359->1355->1344->1311->1027->1036->1037->681->687->689->362->373->172->105->95->87->99->97->109->127->39->38->78->77->363->379->384->394->407->396->397->401->406->748->1092->1100->1110->1462->1463->1481->1497->1499->1821->1818->2186->2485->2476,2476->2500,RESULTS/PSO/log_pso_spot.csv
ACO,N2500_C3_I1,N2500_C3_I1.dat,n_2500/N2500_C3_I1.dat,final_case,N2500,C3,Higher supply,parking_supply,Higher,2500,7892,223,6689,670,0.1,670,2491,2500,0.9,0.5,20.5,2491,2500,0.9,0.5,20.5,0.9,TRUE,solved,2476,340,2476_S001,near,1,0.20720000000000036,0.001553,0.003145,0.1661,0.0332,0.036345,0.24509800000000037,0.20720000000000036,0.1661,0.036345,0.24509800000000037,6.65,13.90029200000002,15941.419,2491->2341->2328->2326->2320->2317->2305->2300->2282->2268->2263->2256->2252->2251->2247->2244->2240->2226->2237->2220->2235->2218->2228->2214->2211->2202->2178->2156->2183->2170->2155->2154->2130->2109->2098->2085->2072->2082->2069->2046->2038->2033->2030->2044->2028->2014->1968->1955->1902->1895->1894->1893->1882->1872->1864->1869->1863->1860->1841->1840->1832->1827->1826->1814->1813->1807->1789->1788->1781->1779->1774->1784->1780->1778->1767->1764->1740->1736->1735->1731->1718->1713->1707->1693->1681->1677->1687->1672->1665->1673->1664->1655->1649->1643->1637->1628->1610->1587->1579->1552->1550->1548->1530->1537->1525->1492->1490->1488->1495->1479->1486->1471->1465->1460->1430->1423->1406->1401->1391->1384->1380->1374->1373->1369->1359->1355->1344->1311->1301->1310->1298->1290->1281->1274->1270->1279->1262->1257->1254->1252->1219->1206->1228->1212->1203->1194->1197->1177->1170->1153->1152->1149->1142->1134->1130->1125->1117->1113->1129->1111->1099->1089->1075->1069->1065->1064->1063->1051->1042->1039->1050->1037->1036->1027->1006->988->981->969->929->924->917->912->904->903->896->892->905->888->885->878->877->874->865->861->857->856->851->818->813->810->812->805->786->762->761->757->755->725->715->711->723->705->696->691->697->698->689->687->681->674->667->659->657->636->609->599->592->588->576->574->586->568->575->564->560->549->547->545->543->540->538->561->532->542->534->539->526->525->527->508->501->476->469->463->450->437->436->430->408->393->387->372->375->371->362->373->356->350->353->348->346->349->334->337->331->329->324->321->309->298->299->296->289->284->266->262->259->254->235->233->232->230->229->217->228->210->206->209->201->198->196->193->190->183->178->174->168->164->163->162->155->108->51->50->82->81->77->69->68->63->21->1->5->6->10->11->15->24->19->28->22->30->34->54->29->49->85->100->119->114->122->123->125->133->134->181->143->146->156->166->158->173->185->192->204->202->260->263->275->288->290->293->306->317->358->363->379->384->394->407->396->397->401->406->398->403->413->440->449->455->460->468->471->482->497->517->518->537->546->551->553->555->562->569->570->573->593->600->602->615->628->637->642->658->668->694->700->713->721->734->745->748->749->753->763->765->764->766->783->784->791->815->816->821->826->830->839->854->849->852->860->864->866->867->870->880->882->887->893->894->910->933->944->946->948->976->978->985->991->995->1017->1024->1031->1071->1077->1079->1091->1100->1110->1120->1122->1139->1167->1168->1181->1175->1178->1192->1204->1182->1184->1193->1205->1210->1223->1229->1230->1241->1232->1237->1242->1244->1251->1269->1275->1278->1296->1322->1330->1348->1364->1353->1358->1361->1362->1368->1379->1381->1387->1390->1403->1417->1434->1426->1428->1453->1462->1463->1481->1497->1500->1502->1503->1508->1510->1512->1531->1518->1528->1540->1542->1554->1555->1568->1576->1582->1583->1594->1586->1590->1600->1618->1593->1601->1604->1607->1616->1620->1630->1633->1641->1680->1688->1719->1739->1751->1755->1757->1776->1777->1798->1782->1791->1785->1818->1821->1823->1824->1857->1859->1861->1871->1890->1907->1906->1940->1941->1951->1969->1980->1978->1982->1987->1991->2001->2002->2005->2013->2047->2059->2063->2071->2074->2077->2079->2099->2100->2116->2118->2121->2134->2137->2148->2158->2169->2171->2174->2181->2195->2186->2196->2204->2208->2212->2217->2229->2248->2262->2270->2295->2308->2312->2327->2334->2343->2351->2361->2365->2383->2371->2382->2388->2389->2394->2409->2405->2416->2417->2422->2425->2455->2430->2439->2441->2452->2456->2460->2473->2461->2466->2476,2476->2500,RESULTS/ACO/log_aco_spot.csv
GA,N2500_C3_I1,N2500_C3_I1.dat,n_2500/N2500_C3_I1.dat,final_case,N2500,C3,Higher supply,parking_supply,Higher,2500,7892,223,6689,670,0.1,670,2491,2500,0.9,0.5,20.5,2491,2500,0.9,0.5,20.5,0.9,TRUE,solved,2476,341,2476_S002,near,1,0.8549000000000004,0.002292,0.004803,0.1661,0.0332,0.038003,0.8951950000000004,0.8549000000000004,0.1661,0.038003,0.8951950000000004,6.75,49.01553000000002,265442.036,2491->2493->2341->2332->2328->2326->2320->2317->2300->2282->2268->2263->2256->2252->2251->2247->2257->2240->2226->2237->2223->2220->2215->2235->2218->2228->2211->2202->2187->2178->2156->2170->2183->2155->2154->2136->2130->2109->2098->2085->2072->2078->2082->2069->2046->2038->2033->2030->2044->2028->2017->2014->1968->1955->1902->1900->1894->1893->1882->1872->1864->1869->1863->1860->1841->1840->1832->1827->1826->1814->1813->1807->1789->1788->1806->1781->1779->1774->1771->1784->1780->1778->1767->1764->1740->1736->1735->1731->1718->1713->1707->1693->1689->1681->1677->1672->1665->1664->1655->1649->1640->1643->1637->1628->1625->1610->1587->1579->1552->1550->1548->1547->1530->1537->1525->1524->1492->1490->1488->1495->1479->1486->1471->1465->1460->1430->1423->1401->1391->1384->1386->1380->1374->1373->1369->1359->1355->1344->1311->1301->1310->1298->1290->1281->1274->1270->1279->1277->1262->1257->1254->1252->1219->1206->1212->1203->1194->1197->1177->1170->1153->1152->1149->1142->1134->1130->1125->1117->1113->1129->1111->1099->1089->1075->1069->1065->1064->1063->1051->1055->1042->1039->1050->1037->1036->1027->1006->988->981->969->961->929->924->917->912->904->903->896->892->905->888->885->878->877->874->865->861->857->856->851->813->810->812->805->786->762->776->757->755->741->725->715->711->723->705->696->691->697->698->689->687->695->681->674->667->659->657->636->609->599->592->588->576->574->586->568->575->581->560->549->547->545->543->540->566->561->548->542->530->539->526->525->524->522->527->519->501->476->469->463->733->731->739->727->437->439->450->436->430->408->393->387->381->372->375->371->362->626->625->606->616->608->366->344->558->314->491->266->487->500->262->475->458->466->464->456->457->441->438->233->232->230->229->219->420->217->228->210->206->418->409->404->198->196->392->390->383->385->183->339->370->168->164->163->175->105->108->51->52->115->110->118->95->87->136->214->188->249->252->256->222->359->12->24->19->28->22->26->33->27->34->54->53->89->98->94->121->85->111->100->119->114->129->122->123->125->133->152->134->181->143->194->184->189->216->146->156->166->177->187->195->211->212->173->185->192->197->204->202->260->265->263->268->275->288->290->293->306->317->358->363->379->384->394->407->396->397->401->406->398->403->413->440->449->455->460->461->462->471->482->495->497->517->518->536->537->546->551->553->554->555->562->569->570->573->593->600->602->615->628->637->642->658->668->694->700->713->721->734->745->748->749->753->763->764->766->783->793->791->815->816->821->826->830->839->842->849->852->860->864->876->866->867->870->880->882->889->887->893->894->910->933->944->946->956->976->978->985->991->995->1017->1024->1031->1068->1071->1077->1079->1091->1100->1110->1120->1122->1139->1167->1168->1173->1175->1178->1192->1180->2500->2499->2485->2476,2476->2500,RESULTS/GA/log_ga_spot.csv
Optimization,N2500_C3_I1,N2500_C3_I1.dat,n_2500/N2500_C3_I1.dat,final_case,N2500,C3,Higher supply,parking_supply,Higher,2500,7892,223,6689,670,0.1,670,2491,2500,0.9,0.5,20.5,2491,2500,0.9,0.5,20.5,0.9,TRUE,inferred_from_previous_exact_lot_solution,2476,340,2476_S001,near,1,0.8549000000000004,0.001603,0.003195,0.1661,0.0332,0.036395,0.8928980000000004,0.8549000000000004,0.1661,0.036395,0.8928980000000004,6.66,48.88249200000002,265442.036,2491->2493->2341->2332->2328->2326->2320->2317->2300->2282->2268->2263->2256->2252->2251->2247->2257->2240->2226->2237->2223->2220->2215->2235->2218->2228->2211->2202->2187->2178->2156->2170->2183->2155->2154->2136->2130->2109->2098->2085->2072->2078->2082->2069->2046->2038->2033->2030->2044->2028->2017->2014->1968->1955->1902->1900->1894->1893->1882->1872->1864->1869->1863->1860->1841->1840->1832->1827->1826->1814->1813->1807->1789->1788->1806->1781->1779->1774->1771->1784->1780->1778->1767->1764->1740->1736->1735->1731->1718->1713->1707->1693->1689->1681->1677->1672->1665->1664->1655->1649->1640->1643->1637->1628->1625->1610->1587->1579->1552->1550->1548->1547->1530->1537->1525->1524->1492->1490->1488->1495->1479->1486->1471->1465->1460->1430->1423->1401->1391->1384->1386->1380->1374->1373->1369->1359->1355->1344->1311->1301->1310->1298->1290->1281->1274->1270->1279->1277->1262->1257->1254->1252->1219->1206->1212->1203->1194->1197->1177->1170->1153->1152->1149->1142->1134->1130->1125->1117->1113->1129->1111->1099->1089->1075->1069->1065->1064->1063->1051->1055->1042->1039->1050->1037->1036->1027->1006->988->981->969->961->929->924->917->912->904->903->896->892->905->888->885->878->877->874->865->861->857->856->851->813->810->812->805->786->762->776->757->755->741->725->715->711->723->705->696->691->697->698->689->687->695->681->674->667->659->657->636->609->599->592->588->576->574->586->568->575->581->560->549->547->545->543->540->566->561->548->542->530->539->526->525->524->522->527->519->501->476->469->463->733->731->739->727->437->439->450->436->430->408->393->387->381->372->375->371->362->626->625->606->616->608->366->344->558->314->491->266->487->500->262->475->458->466->464->456->457->441->438->233->232->230->229->219->420->217->228->210->206->418->409->404->198->196->392->390->383->385->183->339->370->168->164->163->175->105->108->51->52->115->110->118->95->87->136->214->188->249->252->256->222->359->12->24->19->28->22->26->33->27->34->54->53->89->98->94->121->85->111->100->119->114->129->122->123->125->133->152->134->181->143->194->184->189->216->146->156->166->177->187->195->211->212->173->185->192->197->204->202->260->265->263->268->275->288->290->293->306->317->358->363->379->384->394->407->396->397->401->406->398->403->413->440->449->455->460->461->462->471->482->495->497->517->518->536->537->546->551->553->554->555->562->569->570->573->593->600->602->615->628->637->642->658->668->694->700->713->721->734->745->748->749->753->763->764->766->783->793->791->815->816->821->826->830->839->842->849->852->860->864->876->866->867->870->880->882->889->887->893->894->910->933->944->946->956->976->978->985->991->995->1017->1024->1031->1068->1071->1077->1079->1091->1100->1110->1120->1122->1139->1167->1168->1173->1175->1178->1192->1180->2500->2499->2485->2476,2476->2500,RESULTS/COMBINED_ALL_METHODS/results_all_methods_parameter_sensitivity_spot_level.csv
PSO,N2500_C3_I1,N2500_C3_I1.dat,n_2500/N2500_C3_I1.dat,final_case,N2500,C3,Higher supply,parking_supply,Higher,2500,7892,223,6689,670,0.1,670,2491,2500,0.9,0.5,20.5,2491,2500,0.9,0.5,20.5,0.9,TRUE,solved,2461,390,2461_S001,near,1,0.8727000000000003,0.001638,0.003419,0.1953,0.0391,0.042519,0.9168570000000003,0.8727000000000003,0.1953,0.042519,0.9168570000000003,7.48,50.25827800000001,830094.5,2491->2493->2341->2332->2328->2326->2320->2317->2300->2282->2268->2263->2256->2252->2251->2247->2257->2240->2226->2237->2220->2235->2236->2218->2214->2211->2202->2187->2178->2156->2183->2155->2154->2130->2109->2098->2085->2072->2082->2069->2046->2038->2033->2030->2044->2028->2014->1968->1955->1902->1895->1894->1893->1882->1872->1864->1869->1863->1860->1841->1840->1832->1827->1826->1814->1813->1807->1789->1788->1781->1779->1774->1784->1780->1778->1767->1764->1763->1740->1736->1735->1731->1718->1713->1707->1693->1681->1677->1687->1672->1665->1664->1655->1649->1643->1637->1628->1610->1587->1579->1552->1550->1548->1530->1537->1525->1492->1490->1488->1495->1479->1486->1471->1469->1465->1460->1430->1423->1401->1391->1384->1386->1380->1374->1373->1369->1359->1355->1344->1311->1301->1310->1298->1290->1281->1274->1270->1279->1262->1257->1254->1234->1219->1206->1228->1203->1194->1197->1183->1177->1170->1153->1152->1149->1142->1134->1130->1125->1117->1113->1129->1111->1099->1089->1075->1069->1065->1064->1063->1051->1042->1039->1050->1037->1036->1027->1006->988->981->969->929->924->917->912->904->903->896->892->905->888->885->878->877->874->865->861->857->856->851->813->810->805->786->762->761->757->755->725->715->711->708->705->696->691->697->698->689->687->681->674->667->659->657->636->609->599->592->588->576->574->586->568->575->564->560->549->547->545->543->540->538->561->532->542->534->792->772->747->519->501->476->469->463->731->744->739->727->726->430->408->393->688->373->361->626->365->348->346->594->331->521->520->514->516->509->493->491->487->492->500->262->259->254->235->233->232->230->229->217->228->210->206->209->201->198->409->404->392->390->383->385->380->178->174->335->338->164->163->162->155->108->51->52->57->80->65->116->215->182->248->253->20->26->33->27->34->54->29->49->67->94->121->85->100->119->114->122->123->125->133->134->181->143->146->156->187->195->211->212->173->185->197->204->202->260->263->275->288->290->293->306->317->358->363->379->384->394->407->396->397->401->406->398->403->413->440->449->455->460->468->471->482->497->517->518->537->546->551->553->554->555->562->569->570->573->593->600->602->615->628->637->642->658->668->694->700->713->721->734->745->748->749->753->763->764->766->783->793->791->815->816->821->826->830->839->842->849->852->860->864->866->867->870->880->882->889->887->893->894->910->933->944->946->948->976->978->985->991->995->1017->1024->1031->1071->1077->1079->1091->1100->1110->2500->2461,2461->2500,RESULTS/PSO/log_pso_spot.csv
ACO,N2500_C4_I1,N2500_C4_I1.dat,n_2500/N2500_C4_I1.dat,final_case,N2500,C4,1.00 km,maximum_walking_distance,1.0,2500,7696,125,3732,375,0.1,375,2491,2500,0.9,1.0,20.5,2491,2500,0.9,1.0,20.5,0.9,TRUE,solved,2476,340,2476_S001,near,1,0.2071000000000004,0.00142,0.002481,0.1661,0.0332,0.035681,0.2442010000000004,0.2071000000000004,0.1661,0.035681,0.2442010000000004,6.74,13.860854000000021,13489.923,2491->2341->2328->2326->2320->2317->2305->2300->2282->2268->2263->2256->2252->2251->2247->2244->2240->2226->2237->2220->2235->2218->2228->2214->2211->2202->2178->2156->2183->2170->2155->2154->2130->2109->2098->2085->2072->2082->2069->2046->2038->2033->2030->2044->2028->2014->1968->1955->1902->1895->1894->1893->1882->1872->1864->1869->1863->1860->1841->1840->1832->1827->1826->1814->1813->1807->1789->1788->1781->1779->1774->1784->1780->1778->1767->1764->1740->1736->1735->1731->1718->1713->1707->1693->1681->1677->1687->1672->1665->1673->1664->1655->1649->1643->1637->1628->1610->1587->1579->1552->1550->1548->1530->1537->1525->1492->1490->1488->1495->1479->1486->1471->1465->1460->1430->1423->1406->1401->1391->1384->1380->1374->1373->1369->1359->1355->1344->1311->1301->1310->1298->1290->1281->1274->1270->1279->1262->1257->1254->1252->1219->1206->1228->1212->1203->1194->1197->1177->1170->1153->1152->1149->1142->1134->1130->1125->1117->1113->1129->1111->1099->1089->1075->1069->1065->1064->1063->1051->1042->1039->1050->1037->1036->1027->1006->988->981->969->929->924->917->912->904->903->896->892->905->888->885->878->877->874->865->861->857->856->851->818->813->810->812->805->786->762->761->757->755->725->715->711->723->705->696->691->697->698->689->687->681->674->667->659->657->636->609->599->592->588->576->574->586->568->575->564->560->549->547->545->543->540->538->561->532->542->534->539->526->525->527->508->501->476->469->463->450->437->436->430->408->393->387->372->375->371->362->373->356->350->353->348->346->349->334->337->331->329->324->321->309->298->299->296->289->284->266->262->259->254->235->233->232->230->229->217->228->210->206->209->201->198->196->193->190->183->178->174->168->164->163->162->155->108->51->50->82->81->77->69->68->63->21->1->5->6->10->11->15->24->19->28->22->30->34->54->29->49->85->100->119->114->122->123->125->133->134->181->143->146->156->166->158->173->185->192->204->202->260->263->275->288->290->293->306->317->358->363->379->384->394->407->396->397->401->406->398->403->413->440->449->455->460->468->471->482->497->517->518->537->546->551->553->555->562->569->570->573->593->600->602->615->628->637->642->658->668->694->700->713->721->734->745->748->749->753->763->765->764->766->783->784->791->815->816->821->826->830->839->842->849->852->860->864->866->867->870->880->882->887->893->894->910->933->944->946->948->976->978->985->991->995->1017->1024->1031->1071->1077->1079->1091->1100->1110->1120->1122->1139->1167->1168->1181->1175->1178->1192->1204->1182->1184->1193->1205->1210->1223->1229->1230->1241->1232->1237->1242->1244->1251->1269->1275->1278->1296->1322->1330->1348->1364->1353->1358->1361->1362->1368->1379->1381->1387->1390->1403->1417->1434->1426->1428->1453->1462->1463->1481->1497->1500->1502->1503->1508->1510->1512->1531->1518->1528->1540->1542->1554->1555->1568->1576->1582->1583->1594->1586->1590->1600->1618->1593->1601->1604->1607->1616->1620->1630->1633->1641->1680->1688->1719->1739->1751->1755->1757->1776->1777->1798->1782->1791->1785->1818->1821->1823->1824->1857->1859->1861->1871->1890->1907->1906->1940->1941->1951->1969->1980->1978->1982->1987->1991->2001->2002->2005->2013->2047->2059->2063->2071->2074->2077->2079->2099->2100->2116->2118->2121->2134->2137->2148->2158->2169->2171->2174->2181->2195->2186->2196->2204->2208->2212->2217->2229->2248->2262->2270->2295->2308->2312->2327->2334->2343->2351->2361->2365->2383->2371->2382->2388->2389->2409->2405->2416->2417->2422->2425->2455->2430->2439->2441->2451->2452->2456->2473->2461->2466->2476,2476->2500,RESULTS/ACO/log_aco_spot.csv
GA,N2500_C4_I1,N2500_C4_I1.dat,n_2500/N2500_C4_I1.dat,final_case,N2500,C4,1.00 km,maximum_walking_distance,1.0,2500,7696,125,3732,375,0.1,375,2491,2500,0.9,1.0,20.5,2491,2500,0.9,1.0,20.5,0.9,TRUE,solved,2476,341,2476_S002,near,1,0.3384000000000012,0.002153,0.003965,0.1661,0.0332,0.037165000000000004,0.3777180000000012,0.3384000000000012,0.1661,0.037165000000000004,0.3777180000000012,6.84,21.080772000000067,307858.706,2491->2341->2332->2328->2326->2320->2317->2305->2311->2300->2282->2268->2263->2256->2252->2251->2247->2257->2240->2226->2237->2220->2215->2235->2218->2228->2211->2202->2178->2156->2183->2155->2154->2136->2130->2109->2098->2085->2072->2082->2078->2069->2046->2038->2033->2030->2044->2028->2014->1968->1955->1902->1895->1894->1893->1882->1872->1864->1869->1863->1860->1841->1840->1832->1827->1826->1814->1813->1807->1789->1788->1781->1779->1774->1771->1784->1780->1778->1767->1764->1763->1740->1736->1735->1731->1718->1713->1707->1697->1693->1689->1681->1677->1687->1672->1665->1673->1664->1655->1649->1640->1643->1637->1628->1625->1610->1587->1579->1552->1550->1548->1547->1530->1537->1525->1492->1490->1488->1495->1479->1486->1471->1465->1460->1430->1423->1401->1391->1384->1386->1380->1374->1373->1369->1359->1355->1344->1311->1301->1310->1298->1290->1281->1274->1270->1279->1262->1257->1254->1252->1219->1206->1228->1203->1194->1197->1183->1177->1170->1153->1152->1149->1142->1134->1130->1125->1117->1113->1129->1111->1099->1089->1075->1069->1065->1064->1063->1051->1042->1039->1050->1037->1036->1027->1006->988->981->969->961->929->924->917->912->904->903->896->892->905->888->885->878->877->874->865->861->857->856->851->818->813->810->812->805->786->762->776->757->755->741->725->715->711->723->705->696->691->697->689->687->695->681->674->667->659->657->636->609->599->592->588->576->574->586->568->575->581->560->549->547->545->543->540->538->561->532->542->530->534->539->526->524->522->508->501->476->737->733->731->744->739->732->439->437->436->430->408->393->688->375->633->631->641->356->626->625->346->587->577->324->516->299->298->500->259->254->457->451->206->209->201->198->196->390->392->193->190->183->178->174->168->164->326->318->162->175->105->172->169->153->301->316->292->278->277->272->130->138->147->137->107->124->112->110->118->95->87->97->99->109->127->56->44->75->102->78->182->248->245->250->258->367->32->20->28->22->26->33->27->34->54->53->89->98->121->94->67->49->85->100->119->114->122->123->125->133->152->134->181->191->184->189->216->223->195->166->177->167->158->170->173->212->224->231->197->199->192->204->202->260->263->275->288->290->293->297->306->317->358->363->379->384->394->407->396->397->401->406->398->399->403->413->440->449->455->460->468->471->482->495->497->517->518->537->546->551->553->554->555->562->569->570->573->593->600->602->615->628->637->642->658->668->694->700->713->721->734->745->748->749->753->763->765->764->766->783->793->791->815->816->821->826->830->839->854->842->849->852->860->864->876->866->867->870->880->882->889->887->893->894->910->933->944->946->956->976->978->985->991->995->1011->1017->1024->1031->1068->1071->1077->1079->1091->1092->1100->1110->1120->1116->1122->1139->1167->1168->1181->1173->1175->1178->1192->1204->1180->1182->1184->1193->1205->1210->1223->1229->1230->1241->1232->1237->1242->1244->1251->1269->1275->1278->1296->1322->1330->1348->1364->1353->1358->1361->1366->1362->1368->1379->1382->1381->1387->1390->1403->1417->1434->1426->1428->1453->1462->1463->1481->1497->1499->1500->1502->1503->1508->1510->1512->1521->1531->1518->1528->1540->1542->1554->1555->1568->1576->1582->1583->1594->1586->1588->1599->1600->1618->1593->1601->1595->1607->1616->1620->1633->1641->1680->1688->1719->1739->1751->1755->1757->1776->1777->1798->1782->1791->1785->1818->1834->1821->1823->1824->1857->1859->1861->1871->1890->1907->1906->1940->1941->1951->1969->1980->1978->1982->1986->1987->1991->2001->2002->2005->2013->2047->2050->2049->2065->2081->2089->2110->2063->2071->2074->2077->2079->2099->2100->2116->2118->2121->2134->2137->2148->2158->2169->2171->2159->2174->2181->2195->2186->2196->2207->2204->2208->2212->2217->2229->2490->2499->2485->2476,2476->2500,RESULTS/GA/log_ga_spot.csv
Optimization,N2500_C4_I1,N2500_C4_I1.dat,n_2500/N2500_C4_I1.dat,final_case,N2500,C4,1.00 km,maximum_walking_distance,1.0,2500,7696,125,3732,375,0.1,375,2491,2500,0.9,1.0,20.5,2491,2500,0.9,1.0,20.5,0.9,TRUE,inferred_from_previous_exact_lot_solution,2441,547,2441_S001,near,1,0.26270000000000043,0.001537,0.002926,0.2683,0.0537,0.056625999999999996,0.32086300000000045,0.26270000000000043,0.2683,0.056625999999999996,0.32086300000000045,7.76,18.102602000000026,1516671.289,2491->2341->2328->2326->2320->2317->2300->2282->2268->2263->2256->2252->2251->2247->2257->2240->2226->2237->2220->2215->2235->2236->2218->2228->2211->2202->2187->2178->2156->2183->2170->2155->2154->2136->2130->2109->2098->2085->2072->2082->2069->2046->2038->2033->2030->2044->2028->2014->1968->1955->1902->1895->1894->1893->1882->1872->1864->1869->1863->1860->1841->1840->1832->1827->1826->1814->1813->1807->1789->1788->1781->1779->1774->1784->1780->1778->1767->1764->1763->1740->1736->1735->1731->1718->1713->1707->1693->1681->1677->1672->1665->1664->1655->1649->1643->1637->1628->1610->1587->1579->1552->1550->1548->1530->1537->1525->1492->1490->1488->1495->1479->1486->1471->1465->1460->1430->1423->1401->1391->1384->1386->1380->1374->1373->1369->1359->1355->1344->1311->1301->1310->1298->1290->1281->1274->1270->1279->1262->1257->1254->1234->1219->1206->1228->1203->1194->1197->1177->1170->1153->1152->1149->1142->1134->1130->1125->1117->1113->1129->1111->1099->1089->1075->1069->1065->1064->1063->1051->1042->1039->1050->1037->1036->1027->1006->988->981->969->929->924->917->912->904->903->896->892->905->888->885->878->877->874->865->857->856->851->818->813->810->805->786->762->776->761->757->755->725->715->711->723->705->696->691->697->698->689->687->695->681->674->667->661->659->657->636->609->599->592->588->576->574->586->568->575->581->560->549->547->545->543->540->566->538->561->548->542->530->539->526->524->522->527->519->508->501->476->469->463->467->450->437->436->430->415->408->393->387->381->372->375->633->353->626->366->344->558->314->491->266->262->259->254->235->233->232->244->230->420->217->228->210->206->209->201->198->196->193->190->380->370->168->333->326->316->169->155->108->51->50->48->47->81->78->182->9->5->1->2->3->4->8->12->24->19->20->26->30->34->54->29->49->85->111->119->114->129->122->123->125->133->134->181->143->146->216->223->187->177->167->158->170->173->185->192->197->204->202->260->263->275->288->290->293->306->317->358->363->379->384->394->407->396->397->401->406->398->403->413->440->449->453->455->460->468->471->482->495->497->517->518->537->546->551->553->555->562->569->570->573->593->600->602->615->628->637->642->658->668->694->700->713->721->734->745->748->749->753->763->765->764->766->783->784->791->815->816->821->826->830->839->842->849->852->860->864->876->866->867->870->880->882->887->893->894->910->933->944->946->956->976->978->985->991->995->1011->1017->1024->1031->1071->1077->1079->1091->1100->1110->1120->1122->1139->1167->1168->1181->1175->1178->1192->1180->1182->1184->1193->1205->1210->1223->1229->1230->1241->1232->1237->1242->1244->1251->1269->1275->1278->1296->1322->1330->1348->1364->1353->1358->1361->1362->1368->1379->1381->1387->1390->1403->1417->1408->1434->1426->1428->1453->1462->1463->1481->1497->1500->1502->1503->1508->1510->1512->1521->1531->1518->1528->1540->1542->1554->1555->1568->1576->1582->1583->1594->1586->1590->1599->1618->1593->1601->1604->1607->1616->1620->1633->1641->1680->1688->1719->1739->1751->1755->1757->1776->1777->1798->1782->1791->1785->1818->1821->1823->1824->1857->1861->1871->1890->1907->1906->1940->1941->1951->1969->1980->1978->1982->1987->1991->1992->2001->2002->2005->2013->2047->2059->2063->2071->2074->2077->2079->2099->2100->2116->2118->2121->2134->2137->2148->2158->2169->2159->2174->2181->2186->2196->2204->2208->2212->2217->2229->2441,2441->2500,RESULTS/COMBINED_ALL_METHODS/results_all_methods_parameter_sensitivity_spot_level.csv
PSO,N2500_C4_I1,N2500_C4_I1.dat,n_2500/N2500_C4_I1.dat,final_case,N2500,C4,1.00 km,maximum_walking_distance,1.0,2500,7696,125,3732,375,0.1,375,2491,2500,0.9,1.0,20.5,2491,2500,0.9,1.0,20.5,0.9,TRUE,solved,2441,547,2441_S001,near,1,0.26270000000000043,0.00151,0.002899,0.2683,0.0537,0.056599,0.32080900000000045,0.26270000000000043,0.2683,0.056599,0.32080900000000045,7.76,18.099686000000023,1516671.289,2491->2341->2328->2326->2320->2317->2300->2282->2268->2263->2256->2252->2251->2247->2257->2240->2226->2237->2220->2215->2235->2236->2218->2228->2211->2202->2187->2178->2156->2183->2170->2155->2154->2136->2130->2109->2098->2085->2072->2082->2069->2046->2038->2033->2030->2044->2028->2014->1968->1955->1902->1895->1894->1893->1882->1872->1864->1869->1863->1860->1841->1840->1832->1827->1826->1814->1813->1807->1789->1788->1781->1779->1774->1784->1780->1778->1767->1764->1763->1740->1736->1735->1731->1718->1713->1707->1693->1681->1677->1672->1665->1664->1655->1649->1643->1637->1628->1610->1587->1579->1552->1550->1548->1530->1537->1525->1492->1490->1488->1495->1479->1486->1471->1465->1460->1430->1423->1401->1391->1384->1386->1380->1374->1373->1369->1359->1355->1344->1311->1301->1310->1298->1290->1281->1274->1270->1279->1262->1257->1254->1234->1219->1206->1228->1203->1194->1197->1177->1170->1153->1152->1149->1142->1134->1130->1125->1117->1113->1129->1111->1099->1089->1075->1069->1065->1064->1063->1051->1042->1039->1050->1037->1036->1027->1006->988->981->969->929->924->917->912->904->903->896->892->905->888->885->878->877->874->865->857->856->851->818->813->810->805->786->762->776->761->757->755->725->715->711->723->705->696->691->697->698->689->687->695->681->674->667->661->659->657->636->609->599->592->588->576->574->586->568->575->581->560->549->547->545->543->540->566->538->561->548->542->530->539->526->524->522->527->519->508->501->476->469->463->467->450->437->436->430->415->408->393->387->381->372->375->633->353->626->366->344->558->314->491->266->262->259->254->235->233->232->244->230->420->217->228->210->206->209->201->198->196->193->190->380->370->168->333->326->316->169->155->108->51->50->48->47->81->78->182->9->5->1->2->3->4->8->12->24->19->20->26->30->34->54->29->49->85->111->119->114->129->122->123->125->133->134->181->143->146->216->223->187->177->167->158->170->173->185->192->197->204->202->260->263->275->288->290->293->306->317->358->363->379->384->394->407->396->397->401->406->398->403->413->440->449->453->455->460->468->471->482->495->497->517->518->537->546->551->553->555->562->569->570->573->593->600->602->615->628->637->642->658->668->694->700->713->721->734->745->748->749->753->763->765->764->766->783->784->791->815->816->821->826->830->839->842->849->852->860->864->876->866->867->870->880->882->887->893->894->910->933->944->946->956->976->978->985->991->995->1011->1017->1024->1031->1071->1077->1079->1091->1100->1110->1120->1122->1139->1167->1168->1181->1175->1178->1192->1180->1182->1184->1193->1205->1210->1223->1229->1230->1241->1232->1237->1242->1244->1251->1269->1275->1278->1296->1322->1330->1348->1364->1353->1358->1361->1362->1368->1379->1381->1387->1390->1403->1417->1408->1434->1426->1428->1453->1462->1463->1481->1497->1500->1502->1503->1508->1510->1512->1521->1531->1518->1528->1540->1542->1554->1555->1568->1576->1582->1583->1594->1586->1590->1599->1618->1593->1601->1604->1607->1616->1620->1633->1641->1680->1688->1719->1739->1751->1755->1757->1776->1777->1798->1782->1791->1785->1818->1821->1823->1824->1857->1861->1871->1890->1907->1906->1940->1941->1951->1969->1980->1978->1982->1987->1991->1992->2001->2002->2005->2013->2047->2059->2063->2071->2074->2077->2079->2099->2100->2116->2118->2121->2134->2137->2148->2158->2169->2159->2174->2181->2186->2196->2204->2208->2212->2217->2229->2441,2441->2500,RESULTS/PSO/log_pso_spot.csv
ACO,N2500_C5_I1,N2500_C5_I1.dat,n_2500/N2500_C5_I1.dat,final_case,N2500,C5,Medium traffic,traffic_level,Medium,2500,7696,125,3732,375,0.1,375,2491,2500,0.9,0.5,20.5,2491,2500,0.9,0.5,20.5,0.9,TRUE,solved,2476,340,2476_S001,near,1,0.2899000000000005,0.001553,0.003145,0.1661,0.0332,0.036345,0.32779800000000053,0.2899000000000005,0.1661,0.036345,0.32779800000000053,6.65,18.36609200000003,14221.038,2491->2487->2484->2481->2478->2341->2328->2326->2320->2317->2305->2300->2282->2268->2263->2256->2252->2251->2247->2244->2240->2226->2237->2220->2235->2218->2214->2211->2202->2187->2178->2156->2183->2155->2154->2136->2130->2109->2098->2085->2072->2082->2069->2046->2038->2033->2030->2044->2028->2014->1968->1955->1902->1895->1894->1893->1882->1872->1864->1869->1863->1860->1841->1840->1832->1827->1826->1814->1813->1807->1789->1788->1781->1779->1774->1784->1780->1778->1767->1764->1740->1736->1735->1731->1718->1713->1707->1693->1681->1677->1672->1665->1664->1655->1649->1640->1643->1637->1628->1610->1587->1579->1552->1550->1548->1530->1537->1525->1492->1490->1488->1495->1479->1486->1471->1465->1460->1430->1423->1406->1401->1391->1384->1380->1374->1373->1369->1359->1355->1344->1311->1301->1310->1298->1290->1281->1274->1270->1279->1262->1257->1254->1252->1219->1206->1212->1203->1194->1197->1177->1170->1153->1152->1149->1142->1134->1130->1125->1117->1113->1129->1111->1099->1089->1075->1069->1065->1064->1063->1051->1042->1039->1050->1037->1036->1027->1006->988->981->969->961->929->924->917->912->907->904->903->896->892->905->888->885->878->877->874->865->857->856->851->818->813->810->812->805->786->762->761->757->755->741->725->715->711->723->705->696->691->697->698->689->687->681->674->667->659->657->636->609->599->592->588->576->574->586->568->575->564->560->549->547->545->543->540->538->561->532->542->534->539->526->525->527->508->501->476->469->463->467->450->437->436->430->415->408->393->387->372->375->371->362->373->356->350->353->348->346->344->349->334->337->331->329->324->321->309->298->296->289->284->266->262->259->254->235->233->232->230->229->217->228->210->206->209->201->198->196->193->190->183->178->174->168->164->163->175->172->105->96->60->48->47->77->69->68->63->21->1->5->6->10->11->15->24->19->28->22->30->34->54->53->89->49->85->100->119->114->129->122->123->125->133->134->181->143->146->156->166->158->170->173->185->197->204->202->260->265->263->275->288->290->293->306->317->358->363->379->384->394->407->396->397->401->406->398->403->413->440->449->455->460->461->462->471->482->497->517->518->537->546->551->553->555->562->569->570->573->593->600->602->615->628->637->642->658->668->694->700->713->721->734->745->748->749->753->763->765->764->766->783->784->791->815->816->821->826->830->839->842->849->852->860->864->866->867->870->880->882->887->893->894->910->933->944->946->956->976->978->985->991->995->1017->1024->1031->1071->1077->1079->1091->1100->1110->1120->1122->1139->1167->1168->1173->1175->1178->1192->1204->1182->1184->1193->1205->1210->1223->1229->1230->1241->1232->1237->1242->1244->1251->1269->1275->1278->1296->1322->1330->1348->1364->1353->1358->1361->1362->1368->1379->1381->1387->1390->1403->1417->1434->1428->1453->1462->1463->1481->1497->1500->1502->1503->1508->1510->1512->1531->1518->1528->1540->1542->1554->1555->1568->1576->1582->1583->1594->1586->1588->1599->1618->1593->1601->1604->1607->1616->1620->1633->1641->1680->1688->1719->1739->1751->1755->1757->1776->1777->1798->1782->1785->1818->1821->1823->1824->1857->1861->1871->1875->1890->1907->1906->1940->1941->1951->1969->1980->1978->1982->1987->1991->2001->2002->2005->2013->2047->2050->2059->2063->2071->2074->2077->2079->2099->2100->2116->2118->2121->2134->2137->2148->2158->2169->2159->2174->2181->2186->2196->2204->2208->2212->2217->2229->2455->2430->2439->2441->2452->2456->2473->2461->2466->2476,2476->2500,RESULTS/ACO/log_aco_spot.csv
GA,N2500_C5_I1,N2500_C5_I1.dat,n_2500/N2500_C5_I1.dat,final_case,N2500,C5,Medium traffic,traffic_level,Medium,2500,7696,125,3732,375,0.1,375,2491,2500,0.9,0.5,20.5,2491,2500,0.9,0.5,20.5,0.9,TRUE,solved,2476,340,2476_S001,near,1,0.7794000000000005,0.001553,0.003145,0.1661,0.0332,0.036345,0.8172980000000005,0.7794000000000005,0.1661,0.036345,0.8172980000000005,6.65,44.79909200000003,343529.063,2491->2493->2484->2481->2478->2468->2448->2443->2458->2442->2426->2412->2401->2400->2395->2404->2391->2379->2374->2370->2369->2372->2390->2380->2363->2353->2350->2347->2340->2332->2328->2326->2320->2317->2300->2282->2268->2263->2256->2252->2251->2247->2257->2240->2226->2237->2220->2235->2236->2218->2228->2211->2202->2178->2156->2170->2155->2154->2136->2130->2109->2098->2085->2072->2082->2078->2069->2046->2038->2033->2030->2044->2028->2017->2014->1968->1955->1902->1895->1894->1893->1882->1872->1864->1869->1863->1860->1841->1840->1832->1827->1826->1814->1813->1807->1789->1788->1781->1779->1774->1771->1784->1780->1778->1766->1767->1764->1763->1740->1736->1735->1731->1718->1713->1707->1697->1693->1681->1677->1702->1687->1672->1665->1673->1664->1655->1649->1640->1643->1637->1628->1625->1610->1587->1579->1552->1550->1548->1547->1530->1537->1525->1492->1490->1488->1495->1479->1486->1471->1465->1460->1430->1423->1406->1401->1391->1384->1380->1374->1373->1369->1359->1355->1344->1311->1301->1310->1298->1290->1281->1274->1270->1279->1262->1257->1254->1252->1219->1206->1212->1203->1194->1197->1183->1177->1170->1153->1152->1149->1142->1134->1130->1125->1117->1113->1129->1111->1099->1089->1075->1069->1065->1064->1063->1051->1055->1042->1039->1050->1037->1036->1027->1006->988->981->969->929->924->917->912->907->904->903->896->892->905->888->885->878->877->874->865->857->856->851->813->810->812->805->786->762->761->757->755->741->725->715->711->723->705->696->691->697->689->687->681->674->667->659->669->657->636->609->599->592->588->576->574->586->568->575->581->560->549->547->545->543->540->538->566->561->548->542->530->539->526->524->522->527->525->772->759->747->737->501->476->469->463->450->436->430->415->408->393->387->381->690->680->663->677->660->646->638->641->631->633->353->365->348->346->587->594->329->324->321->314->491->284->266->262->466->458->475->479->485->492->500->259->254->457->441->438->235->233->232->230->229->420->217->228->210->206->209->201->198->196->193->190->183->178->174->335->333->326->318->301->292->278->169->155->108->51->50->82->78->81->55->44->75->359->18->24->19->28->22->26->33->27->34->54->29->49->121->98->94->67->85->111->119->114->122->123->125->133->134->181->191->184->194->189->216->156->166->158->167->177->187->223->195->211->212->173->185->192->231->197->204->202->260->265->263->275->288->290->293->306->317->358->363->379->384->402->394->407->396->397->401->406->398->399->403->413->440->449->453->455->460->461->462->471->482->497->517->518->537->546->551->553->555->562->569->570->573->593->600->602->615->628->637->642->658->668->694->700->713->721->734->745->748->749->753->763->765->764->766->783->793->791->815->816->822->821->826->830->839->842->854->849->852->860->864->876->866->867->870->880->882->889->887->893->894->910->933->944->946->956->948->976->978->985->991->995->1011->1017->1024->1031->1071->1077->1079->1091->1100->1110->1120->1122->1139->1167->1168->1173->1175->1189->1178->1192->1199->1204->1182->1184->1193->1205->1210->1223->1229->1230->1241->1232->1237->1242->1244->1251->1269->1275->1278->1296->1322->1330->1348->1364->1353->1358->1366->1361->1362->1368->1385->1379->1381->1387->1390->1403->1417->1408->1426->1428->1453->1462->1463->1481->1497->1499->1500->1502->1503->1508->1510->1512->1521->1531->1518->1528->1540->1542->1554->1555->1568->1576->1582->1583->1594->1586->1588->1590->1599->1618->1593->1601->1595->1607->1616->1620->1633->1641->1680->2500->2499->2490->2485->2476,2476->2500,RESULTS/GA/log_ga_spot.csv
Optimization,N2500_C5_I1,N2500_C5_I1.dat,n_2500/N2500_C5_I1.dat,final_case,N2500,C5,Medium traffic,traffic_level,Medium,2500,7696,125,3732,375,0.1,375,2491,2500,0.9,0.5,20.5,2491,2500,0.9,0.5,20.5,0.9,TRUE,inferred_from_previous_exact_lot_solution,2382,101,2382_S001,near,1,0.3862000000000008,0.00205,0.005521,0.4593,0.0919,0.097421,0.4856710000000008,0.3862000000000008,0.4593,0.097421,0.4856710000000008,6.72,26.898234000000045,783652.463,2491->2493->2341->2332->2328->2326->2320->2317->2300->2282->2268->2263->2256->2252->2251->2247->2257->2240->2226->2237->2223->2220->2235->2236->2218->2214->2211->2202->2178->2156->2183->2155->2154->2136->2130->2109->2098->2085->2072->2082->2069->2046->2038->2033->2030->2044->2028->2014->1968->1955->1902->1895->1894->1893->1882->1872->1864->1869->1863->1860->1841->1840->1832->1827->1826->1814->1813->1807->1789->1788->1781->1779->1774->1784->1780->1778->1767->1764->1763->1740->1736->1735->1731->1718->1713->1707->1693->1681->1677->1672->1665->1664->1655->1649->1643->1637->1628->1625->1610->1587->1579->1552->1550->1548->1547->1530->1537->1525->1492->1490->1488->1495->1479->1486->1471->1465->1460->1430->1423->1401->1391->1384->1386->1380->1374->1373->1369->1359->1355->1344->1311->1301->1310->1298->1290->1281->1274->1270->1279->1277->1262->1257->1254->1252->1219->1206->1228->1203->1194->1197->1177->1170->1153->1152->1149->1142->1134->1130->1125->1117->1113->1129->1111->1099->1089->1075->1069->1065->1064->1063->1051->1042->1039->1050->1037->1036->1027->1006->988->981->969->929->924->917->912->904->903->896->892->905->888->885->878->877->874->865->857->856->851->813->810->812->805->786->762->776->757->755->725->715->711->708->705->696->691->697->698->689->687->681->674->667->659->657->636->609->599->592->588->576->574->586->568->575->564->560->549->547->545->543->540->538->561->532->542->534->530->539->526->525->527->508->501->476->469->463->467->731->739->727->726->430->408->393->387->372->375->633->635->348->346->344->558->321->314->491->266->262->464->456->457->206->209->201->198->404->392->193->190->183->178->174->168->164->163->162->172->105->96->107->83->99->109->127->39->44->75->179->13->14->15->24->19->20->32->45->33->30->34->54->53->29->49->85->111->119->114->122->123->125->133->134->181->143->191->184->189->216->156->166->158->173->212->227->185->192->204->202->260->263->275->288->290->293->306->317->358->363->379->384->394->407->396->397->401->406->398->399->403->413->440->454->449->455->460->468->471->482->497->517->518->537->546->551->553->554->555->562->569->570->573->593->600->602->615->628->637->642->658->668->694->700->713->721->734->745->748->749->753->763->764->766->783->784->791->815->816->821->826->830->839->842->849->852->860->864->866->875->867->870->880->882->887->893->894->910->933->944->946->956->976->978->985->991->995->1011->1017->1024->1031->1071->1077->1079->1091->1100->1110->1120->1122->1139->1167->1168->1173->1175->1189->1192->1204->1182->1184->1193->1205->1210->1223->1229->1230->1241->1232->1237->1242->1244->1251->1269->1275->1278->1296->1322->1330->1348->1364->1353->1358->1361->1362->1368->1379->1381->1387->1390->1403->1417->1434->1428->1453->1462->1463->1481->1497->1500->1502->1503->1508->1510->1512->1531->1518->1528->1540->1542->1554->1555->1568->1576->1582->1583->1594->1586->1588->1599->1618->1593->1601->1604->1607->1616->1620->1633->1641->1680->1688->1719->1739->1751->1755->1757->1776->1777->1798->1782->1785->1818->1821->1823->1824->1857->1859->1877->1861->1871->1875->1890->1907->1906->1940->1941->1951->1969->1980->1978->1982->1987->1991->2001->2002->2005->2013->2047->2059->2063->2071->2074->2077->2079->2099->2100->2116->2118->2121->2134->2137->2148->2158->2169->2159->2174->2181->2195->2186->2196->2207->2204->2208->2212->2217->2229->2405->2409->2394->2389->2388->2382,2382->2500,RESULTS/COMBINED_ALL_METHODS/results_all_methods_parameter_sensitivity_spot_level.csv
PSO,N2500_C5_I1,N2500_C5_I1.dat,n_2500/N2500_C5_I1.dat,final_case,N2500,C5,Medium traffic,traffic_level,Medium,2500,7696,125,3732,375,0.1,375,2491,2500,0.9,0.5,20.5,2491,2500,0.9,0.5,20.5,0.9,TRUE,solved,2382,101,2382_S001,near,1,0.3862000000000008,0.002064,0.005534,0.4593,0.0919,0.09743399999999999,0.48569800000000085,0.3862000000000008,0.4593,0.09743399999999999,0.48569800000000085,6.75,26.902692000000048,783652.463,2491->2493->2341->2332->2328->2326->2320->2317->2300->2282->2268->2263->2256->2252->2251->2247->2257->2240->2226->2237->2223->2220->2235->2236->2218->2214->2211->2202->2178->2156->2183->2155->2154->2136->2130->2109->2098->2085->2072->2082->2069->2046->2038->2033->2030->2044->2028->2014->1968->1955->1902->1895->1894->1893->1882->1872->1864->1869->1863->1860->1841->1840->1832->1827->1826->1814->1813->1807->1789->1788->1781->1779->1774->1784->1780->1778->1767->1764->1763->1740->1736->1735->1731->1718->1713->1707->1693->1681->1677->1672->1665->1664->1655->1649->1643->1637->1628->1625->1610->1587->1579->1552->1550->1548->1547->1530->1537->1525->1492->1490->1488->1495->1479->1486->1471->1465->1460->1430->1423->1401->1391->1384->1386->1380->1374->1373->1369->1359->1355->1344->1311->1301->1310->1298->1290->1281->1274->1270->1279->1277->1262->1257->1254->1252->1219->1206->1228->1203->1194->1197->1177->1170->1153->1152->1149->1142->1134->1130->1125->1117->1113->1129->1111->1099->1089->1075->1069->1065->1064->1063->1051->1042->1039->1050->1037->1036->1027->1006->988->981->969->929->924->917->912->904->903->896->892->905->888->885->878->877->874->865->857->856->851->813->810->812->805->786->762->776->757->755->725->715->711->708->705->696->691->697->698->689->687->681->674->667->659->657->636->609->599->592->588->576->574->586->568->575->564->560->549->547->545->543->540->538->561->532->542->534->530->539->526->525->527->508->501->476->469->463->467->731->739->727->726->430->408->393->387->372->375->633->635->348->346->344->558->321->314->491->266->262->464->456->457->206->209->201->198->404->392->193->190->183->178->174->168->164->163->162->172->105->96->107->83->99->109->127->39->44->75->179->13->14->15->24->19->20->32->45->33->30->34->54->53->29->49->85->111->119->114->122->123->125->133->134->181->143->191->184->189->216->156->166->158->173->212->227->185->192->204->202->260->263->275->288->290->293->306->317->358->363->379->384->394->407->396->397->401->406->398->399->403->413->440->454->449->455->460->468->471->482->497->517->518->537->546->551->553->554->555->562->569->570->573->593->600->602->615->628->637->642->658->668->694->700->713->721->734->745->748->749->753->763->764->766->783->784->791->815->816->821->826->830->839->842->849->852->860->864->866->875->867->870->880->882->887->893->894->910->933->944->946->956->976->978->985->991->995->1011->1017->1024->1031->1071->1077->1079->1091->1100->1110->1120->1122->1139->1167->1168->1173->1175->1189->1192->1204->1182->1184->1193->1205->1210->1223->1229->1230->1241->1232->1237->1242->1244->1251->1269->1275->1278->1296->1322->1330->1348->1364->1353->1358->1361->1362->1368->1379->1381->1387->1390->1403->1417->1434->1428->1453->1462->1463->1481->1497->1500->1502->1503->1508->1510->1512->1531->1518->1528->1540->1542->1554->1555->1568->1576->1582->1583->1594->1586->1588->1599->1618->1593->1601->1604->1607->1616->1620->1633->1641->1680->1688->1719->1739->1751->1755->1757->1776->1777->1798->1782->1785->1818->1821->1823->1824->1857->1859->1877->1861->1871->1875->1890->1907->1906->1940->1941->1951->1969->1980->1978->1982->1987->1991->2001->2002->2005->2013->2047->2059->2063->2071->2074->2077->2079->2099->2100->2116->2118->2121->2134->2137->2148->2158->2169->2159->2174->2181->2195->2186->2196->2207->2204->2208->2212->2217->2229->2405->2409->2394->2389->2388->2382,2382->2500,RESULTS/PSO/log_pso_spot.csv
ACO,N2500_C6_I1,N2500_C6_I1.dat,n_2500/N2500_C6_I1.dat,final_case,N2500,C6,High traffic,traffic_level,High,2500,7696,125,3732,375,0.1,375,2491,2500,0.9,0.5,20.5,2491,2500,0.9,0.5,20.5,0.9,TRUE,solved,2476,340,2476_S001,near,1,0.6246000000000014,0.001553,0.003145,0.1661,0.0332,0.036345,0.6624980000000014,0.6246000000000014,0.1661,0.036345,0.6624980000000014,6.65,36.43989200000007,14694.809,2491->2487->2341->2332->2328->2326->2320->2317->2300->2282->2268->2263->2256->2252->2251->2247->2257->2240->2226->2237->2220->2235->2218->2228->2211->2202->2187->2178->2156->2170->2155->2154->2130->2109->2098->2085->2072->2082->2069->2046->2038->2033->2030->2044->2028->2014->1968->1955->1902->1900->1894->1893->1882->1872->1864->1869->1863->1860->1841->1840->1832->1827->1826->1814->1813->1807->1789->1788->1781->1779->1774->1784->1780->1778->1767->1764->1740->1736->1735->1731->1718->1713->1707->1693->1689->1681->1677->1687->1672->1665->1673->1664->1655->1649->1643->1637->1628->1610->1587->1579->1552->1550->1548->1530->1537->1525->1524->1492->1490->1488->1495->1479->1486->1471->1465->1460->1430->1423->1401->1391->1384->1380->1374->1373->1369->1359->1355->1344->1311->1301->1310->1298->1290->1281->1274->1270->1279->1262->1257->1254->1234->1219->1206->1228->1203->1194->1197->1183->1177->1170->1153->1152->1149->1142->1134->1130->1125->1117->1113->1129->1111->1099->1089->1075->1069->1065->1064->1063->1051->1042->1039->1050->1037->1036->1027->1006->988->981->969->929->924->917->912->907->904->903->896->892->905->888->885->878->877->874->865->857->856->851->818->813->810->812->805->786->762->761->757->755->725->715->711->708->705->696->691->697->689->687->681->674->667->659->657->636->609->599->592->588->576->574->586->568->575->581->560->549->547->545->543->540->566->561->532->542->534->539->526->525->527->508->501->476->469->463->467->450->436->430->408->393->387->372->375->371->362->361->356->350->353->348->346->349->334->337->331->329->324->321->309->298->296->289->284->266->262->259->254->235->233->232->230->229->217->228->210->206->209->201->198->196->193->190->183->178->174->168->164->163->175->105->96->60->48->47->42->41->40->56->39->38->55->37->31->25->36->46->35->23->21->1->2->6->10->11->15->24->19->28->22->30->34->54->53->89->49->85->100->119->114->122->123->125->133->134->181->143->146->156->166->158->173->185->192->204->202->260->263->275->288->290->293->306->317->358->363->379->384->394->407->396->397->401->406->398->403->413->440->449->453->455->460->461->462->471->482->497->517->518->537->546->551->553->555->562->569->570->573->593->600->602->615->628->637->642->658->668->694->700->709->713->721->734->745->748->749->753->763->764->766->783->784->791->815->816->821->826->830->839->842->849->852->860->864->866->867->870->880->882->887->893->894->910->933->944->946->948->976->978->985->991->995->1017->1024->1031->1071->1077->1079->1091->1100->1110->1120->1122->1139->1167->1168->1173->1175->1178->1192->1204->1182->1184->1193->1205->1210->1223->1229->1230->1241->1232->1237->1242->1244->1251->1269->1275->1278->1296->1322->1330->1348->1364->1353->1358->1361->1362->1368->1385->1379->1381->1387->1390->1403->1417->1434->1428->1453->1462->1463->1481->1497->1500->1502->1503->1508->1510->1512->1531->1518->1528->1540->1542->1554->1555->1568->1576->1582->1583->1594->1586->1590->1600->1618->1593->1601->1604->1607->1616->1620->1633->1641->1680->1688->1719->1739->1751->1755->1757->1776->1777->1798->1782->1785->1818->1821->1823->1824->1857->1861->1871->1875->1890->1907->1906->1940->1941->1951->1969->1980->1978->1982->1987->1991->1992->2002->2005->2013->2047->2050->2059->2063->2071->2074->2077->2079->2099->2108->2100->2116->2118->2121->2134->2137->2148->2158->2169->2159->2174->2181->2186->2196->2204->2208->2212->2217->2229->2248->2262->2270->2295->2308->2312->2327->2343->2351->2368->2361->2365->2383->2371->2382->2388->2399->2389->2409->2405->2416->2417->2422->2425->2455->2430->2439->2441->2452->2456->2473->2461->2466->2476,2476->2500,RESULTS/ACO/log_aco_spot.csv
GA,N2500_C6_I1,N2500_C6_I1.dat,n_2500/N2500_C6_I1.dat,final_case,N2500,C6,High traffic,traffic_level,High,2500,7696,125,3732,375,0.1,375,2491,2500,0.9,0.5,20.5,2491,2500,0.9,0.5,20.5,0.9,TRUE,solved,2476,341,2476_S002,near,1,1.184000000000001,0.002292,0.004803,0.1661,0.0332,0.038003,1.224295000000001,1.184000000000001,0.1661,0.038003,1.224295000000001,6.75,66.78693000000005,362494.395,2491->2341->2332->2328->2326->2320->2317->2305->2311->2300->2282->2268->2263->2256->2252->2251->2247->2244->2257->2240->2226->2237->2223->2220->2235->2218->2228->2214->2211->2202->2178->2156->2183->2155->2154->2136->2130->2109->2098->2085->2072->2078->2082->2069->2046->2038->2033->2030->2044->2028->2014->1968->1955->1902->1895->1894->1893->1882->1872->1864->1869->1863->1860->1841->1840->1832->1827->1826->1814->1813->1807->1789->1788->1806->1781->1779->1774->1784->1780->1778->1766->1764->1763->1740->1736->1735->1731->1718->1713->1707->1697->1693->1689->1681->1677->1672->1665->1673->1664->1655->1649->1643->1637->1628->1610->1587->1579->1552->1550->1548->1547->1530->1537->1525->1492->1490->1488->1495->1479->1486->1471->1465->1460->1430->1423->1406->1401->1391->1384->1380->1374->1373->1369->1359->1355->1344->1311->1301->1310->1298->1290->1281->1274->1270->1279->1262->1257->1254->1252->1219->1206->1212->1203->1194->1197->1177->1170->1153->1152->1149->1142->1134->1130->1125->1117->1113->1129->1111->1105->1099->1089->1075->1069->1065->1064->1063->1051->1042->1039->1050->1037->1036->1027->1006->988->981->969->929->924->917->912->904->903->896->892->905->888->885->878->877->874->865->861->857->856->851->818->813->810->805->786->762->776->757->755->725->715->711->708->705->696->691->697->698->689->687->695->681->674->667->659->657->636->609->599->592->588->576->574->586->568->575->564->560->549->547->545->543->540->538->561->548->542->530->539->526->524->522->508->519->747->737->733->731->744->467->450->436->430->408->393->387->372->375->371->362->361->644->356->350->353->348->346->558->314->491->487->500->262->259->254->457->206->410->201->198->196->193->190->183->178->174->339->370->168->164->338->341->333->326->316->301->278->277->272->246->242->108->61->51->50->48->78->102->75->359->18->24->19->28->22->30->34->54->29->49->67->94->98->121->85->111->119->114->122->123->125->133->134->181->143->146->189->216->187->223->211->212->173->185->192->199->204->202->260->265->263->268->275->288->290->293->306->317->358->363->379->384->394->407->396->397->401->406->398->403->413->440->449->453->455->460->468->462->471->482->497->517->518->536->537->546->551->553->554->555->562->569->570->573->593->600->602->615->628->637->642->658->668->694->700->713->721->734->745->748->749->753->763->765->764->766->783->793->791->815->816->821->826->830->839->842->849->852->860->864->866->867->870->880->882->889->887->893->894->910->933->944->946->956->948->976->978->985->991->995->1017->1024->1031->1068->1071->1077->1079->1091->1100->1110->1120->1122->1139->1167->1168->1173->1181->1175->1189->1178->1192->1204->1180->1182->1184->1193->1205->1210->1223->1229->1230->1241->1232->1237->1242->1244->1251->1269->1275->1278->1296->1322->1330->1348->1364->1353->1358->1366->1362->1368->1379->1382->1387->1390->1403->1417->1408->1426->1428->1453->1462->1463->1481->1497->1500->1502->1503->1508->1510->1512->1531->1518->1528->1540->1542->1554->1555->1568->1576->1582->1583->1594->1586->1590->1600->1618->1593->1601->1604->1607->1616->1620->1630->1633->1641->2500->2499->2485->2476,2476->2500,RESULTS/GA/log_ga_spot.csv
Optimization,N2500_C6_I1,N2500_C6_I1.dat,n_2500/N2500_C6_I1.dat,final_case,N2500,C6,High traffic,traffic_level,High,2500,7696,125,3732,375,0.1,375,2491,2500,0.9,0.5,20.5,2491,2500,0.9,0.5,20.5,0.9,TRUE,inferred_from_previous_exact_lot_solution,2476,340,2476_S001,near,1,1.184000000000001,0.001603,0.003195,0.1661,0.0332,0.036395,1.221998000000001,1.184000000000001,0.1661,0.036395,1.221998000000001,6.66,66.65389200000006,362494.395,2491->2341->2332->2328->2326->2320->2317->2305->2311->2300->2282->2268->2263->2256->2252->2251->2247->2244->2257->2240->2226->2237->2223->2220->2235->2218->2228->2214->2211->2202->2178->2156->2183->2155->2154->2136->2130->2109->2098->2085->2072->2078->2082->2069->2046->2038->2033->2030->2044->2028->2014->1968->1955->1902->1895->1894->1893->1882->1872->1864->1869->1863->1860->1841->1840->1832->1827->1826->1814->1813->1807->1789->1788->1806->1781->1779->1774->1784->1780->1778->1766->1764->1763->1740->1736->1735->1731->1718->1713->1707->1697->1693->1689->1681->1677->1672->1665->1673->1664->1655->1649->1643->1637->1628->1610->1587->1579->1552->1550->1548->1547->1530->1537->1525->1492->1490->1488->1495->1479->1486->1471->1465->1460->1430->1423->1406->1401->1391->1384->1380->1374->1373->1369->1359->1355->1344->1311->1301->1310->1298->1290->1281->1274->1270->1279->1262->1257->1254->1252->1219->1206->1212->1203->1194->1197->1177->1170->1153->1152->1149->1142->1134->1130->1125->1117->1113->1129->1111->1105->1099->1089->1075->1069->1065->1064->1063->1051->1042->1039->1050->1037->1036->1027->1006->988->981->969->929->924->917->912->904->903->896->892->905->888->885->878->877->874->865->861->857->856->851->818->813->810->805->786->762->776->757->755->725->715->711->708->705->696->691->697->698->689->687->695->681->674->667->659->657->636->609->599->592->588->576->574->586->568->575->564->560->549->547->545->543->540->538->561->548->542->530->539->526->524->522->508->519->747->737->733->731->744->467->450->436->430->408->393->387->372->375->371->362->361->644->356->350->353->348->346->558->314->491->487->500->262->259->254->457->206->410->201->198->196->193->190->183->178->174->339->370->168->164->338->341->333->326->316->301->278->277->272->246->242->108->61->51->50->48->78->102->75->359->18->24->19->28->22->30->34->54->29->49->67->94->98->121->85->111->119->114->122->123->125->133->134->181->143->146->189->216->187->223->211->212->173->185->192->199->204->202->260->265->263->268->275->288->290->293->306->317->358->363->379->384->394->407->396->397->401->406->398->403->413->440->449->453->455->460->468->462->471->482->497->517->518->536->537->546->551->553->554->555->562->569->570->573->593->600->602->615->628->637->642->658->668->694->700->713->721->734->745->748->749->753->763->765->764->766->783->793->791->815->816->821->826->830->839->842->849->852->860->864->866->867->870->880->882->889->887->893->894->910->933->944->946->956->948->976->978->985->991->995->1017->1024->1031->1068->1071->1077->1079->1091->1100->1110->1120->1122->1139->1167->1168->1173->1181->1175->1189->1178->1192->1204->1180->1182->1184->1193->1205->1210->1223->1229->1230->1241->1232->1237->1242->1244->1251->1269->1275->1278->1296->1322->1330->1348->1364->1353->1358->1366->1362->1368->1379->1382->1387->1390->1403->1417->1408->1426->1428->1453->1462->1463->1481->1497->1500->1502->1503->1508->1510->1512->1531->1518->1528->1540->1542->1554->1555->1568->1576->1582->1583->1594->1586->1590->1600->1618->1593->1601->1604->1607->1616->1620->1630->1633->1641->2500->2499->2485->2476,2476->2500,RESULTS/COMBINED_ALL_METHODS/results_all_methods_parameter_sensitivity_spot_level.csv
PSO,N2500_C6_I1,N2500_C6_I1.dat,n_2500/N2500_C6_I1.dat,final_case,N2500,C6,High traffic,traffic_level,High,2500,7696,125,3732,375,0.1,375,2491,2500,0.9,0.5,20.5,2491,2500,0.9,0.5,20.5,0.9,TRUE,solved,2490,294,2490_S001,near,1,1.2076000000000005,0.001547,0.002941,0.1348,0.027,0.029941,1.2390880000000004,1.2076000000000005,0.1348,0.029941,1.2390880000000004,9.13,67.82375200000003,893343.336,2491->2487->2341->2328->2326->2320->2317->2300->2282->2268->2263->2256->2252->2251->2247->2257->2240->2226->2237->2220->2235->2236->2218->2228->2211->2202->2187->2178->2156->2170->2155->2154->2136->2130->2109->2098->2085->2072->2082->2069->2046->2038->2033->2030->2044->2028->2014->1968->1955->1902->1895->1894->1893->1882->1872->1864->1869->1863->1860->1841->1840->1832->1827->1826->1814->1813->1807->1789->1788->1781->1779->1774->1784->1780->1778->1767->1764->1740->1736->1735->1731->1718->1713->1707->1693->1681->1677->1687->1672->1665->1664->1655->1649->1643->1637->1628->1625->1610->1587->1579->1552->1550->1548->1530->1537->1525->1492->1490->1488->1495->1479->1486->1471->1465->1460->1430->1423->1401->1391->1384->1380->1374->1373->1369->1359->1355->1344->1311->1301->1310->1298->1290->1281->1274->1270->1279->1262->1257->1254->1234->1219->1206->1228->1203->1194->1197->1177->1170->1153->1152->1149->1142->1134->1130->1125->1117->1113->1129->1111->1105->1099->1089->1075->1069->1065->1064->1063->1051->1042->1039->1050->1037->1036->1027->1006->988->981->969->929->924->917->912->904->903->896->892->905->888->885->878->877->874->865->861->857->856->851->818->813->810->805->786->762->761->776->757->755->725->715->711->723->705->696->691->697->689->687->681->674->667->659->669->657->636->609->599->592->588->576->574->586->568->575->564->560->549->547->545->543->540->566->561->532->548->542->534->539->526->525->527->508->747->737->733->469->463->467->450->739->727->437->436->430->408->393->387->372->381->680->373->356->350->626->625->346->558->314->491->487->492->266->262->464->456->457->206->209->201->198->392->390->383->380->178->174->168->164->163->162->172->105->118->124->142->160->117->96->60->48->82->101->62->273->264->267->55->38->39->44->104->102->218->220->16->17->18->24->19->20->26->32->33->30->34->54->53->89->98->67->85->100->119->114->122->123->125->133->134->181->143->146->156->187->177->167->158->173->185->197->204->202->260->263->268->275->288->290->293->306->317->358->363->379->384->394->407->396->397->401->406->398->399->403->413->440->454->449->453->455->460->468->471->482->495->497->517->518->537->546->551->553->554->555->562->569->570->573->593->600->602->615->628->637->642->658->668->694->700->713->721->734->745->748->749->753->763->764->766->783->784->791->815->816->821->826->830->839->842->849->852->860->864->866->867->870->880->882->887->893->894->910->933->944->946->948->976->978->985->991->995->1017->1024->1031->1068->1071->1077->1079->1091->1092->1100->1110->1120->1122->1139->1167->1168->1173->1175->1178->1192->1204->1182->1184->1193->1205->1210->1223->1229->1230->1241->1232->1237->1242->1244->1251->1269->1275->1278->1296->1322->1330->1348->1364->1353->1358->1361->1362->1368->1379->1381->1387->1390->1403->1417->1434->1428->1453->1462->1463->1481->1497->1500->1502->1503->1508->1510->1512->1521->1531->1518->1528->1540->1542->1554->1555->1568->1576->1582->1583->1594->1586->1588->1599->1600->1618->1593->1601->1595->1607->1616->1620->1633->1641->2500->2499->2490,2490->2500,RESULTS/PSO/log_pso_spot.csv
ACO,N2500_C7_I1,N2500_C7_I1.dat,n_2500/N2500_C7_I1.dat,final_case,N2500,C7,Alpha 0.80,objective_weight_alpha,0.8,2500,7696,125,3732,375,0.1,375,2491,2500,0.9,0.5,20.5,2491,2500,0.9,0.5,20.5,0.9,TRUE,solved,2490,294,2490_S001,near,1,0.20780000000000035,0.001547,0.002941,0.1348,0.027,0.029941,0.23928800000000033,0.20780000000000035,0.1348,0.029941,0.23928800000000033,9.13,13.83455200000002,14093.537,2491->2341->2328->2326->2320->2317->2305->2300->2282->2268->2263->2256->2252->2251->2247->2244->2240->2226->2237->2220->2235->2218->2228->2214->2211->2202->2178->2156->2183->2170->2155->2154->2130->2109->2098->2085->2072->2082->2069->2046->2038->2033->2030->2044->2028->2014->1968->1955->1902->1895->1894->1893->1882->1872->1864->1869->1863->1860->1841->1840->1832->1827->1826->1814->1813->1807->1789->1788->1781->1779->1774->1784->1780->1778->1767->1764->1740->1736->1735->1731->1718->1713->1707->1693->1681->1677->1687->1672->1665->1673->1664->1655->1649->1643->1637->1628->1610->1587->1579->1552->1550->1548->1530->1537->1525->1492->1490->1488->1495->1479->1486->1471->1465->1460->1430->1423->1406->1401->1391->1384->1380->1374->1373->1369->1359->1355->1344->1311->1301->1310->1298->1290->1281->1274->1270->1279->1262->1257->1254->1252->1219->1206->1228->1212->1203->1194->1197->1177->1170->1153->1152->1149->1142->1134->1130->1125->1117->1113->1129->1111->1099->1089->1075->1069->1065->1064->1063->1051->1042->1039->1050->1037->1036->1027->1006->988->981->969->929->924->917->912->904->903->896->892->905->888->885->878->877->874->865->861->857->856->851->818->813->810->812->805->786->762->761->757->755->725->715->711->723->705->696->691->697->698->689->687->681->674->667->659->657->636->609->599->592->588->576->574->586->568->575->564->560->549->547->545->543->540->538->561->532->542->534->539->526->525->527->508->501->476->469->463->450->437->436->430->408->393->387->372->375->371->362->373->356->350->353->348->346->349->334->337->331->329->324->321->309->298->299->296->289->284->266->262->259->254->235->233->232->230->229->217->228->210->206->209->201->198->196->193->190->183->178->174->168->164->163->162->155->108->51->50->82->81->77->69->68->63->21->1->5->6->10->11->15->24->19->28->22->30->34->54->29->49->85->100->119->114->122->123->125->133->134->181->143->146->156->166->158->173->185->192->204->202->260->263->275->288->290->293->306->317->358->363->379->384->394->407->396->397->401->406->398->403->413->440->449->455->460->468->471->482->497->517->518->537->546->551->553->555->562->569->570->573->593->600->602->615->628->637->642->658->668->694->700->713->721->734->745->748->749->753->763->765->764->766->783->784->791->815->816->821->826->830->839->854->849->852->860->864->866->867->870->880->882->887->893->894->910->933->944->946->948->976->978->985->991->995->1017->1024->1031->1071->1077->1079->1091->1100->1110->1120->1122->1139->1167->1168->1181->1175->1178->1192->1204->1182->1184->1193->1205->1210->1223->1229->1230->1241->1232->1237->1242->1244->1251->1269->1275->1278->1296->1322->1330->1348->1364->1353->1358->1361->1362->1368->1379->1381->1387->1390->1403->1417->1434->1426->1428->1453->1462->1463->1481->1497->1500->1502->1503->1508->1510->1512->1531->1518->1528->1540->1542->1554->1555->1568->1576->1582->1583->1594->1586->1590->1600->1618->1593->1601->1604->1607->1616->1620->1630->1633->1641->1680->1688->1719->1739->1751->1755->1757->1776->1777->1798->1782->1791->1785->1818->1821->1823->1824->1857->1859->1861->1871->1890->1907->1906->1940->1941->1951->1969->1980->1978->1982->1987->1991->2001->2002->2005->2013->2047->2059->2063->2071->2074->2077->2079->2099->2100->2116->2118->2121->2134->2137->2148->2158->2169->2171->2174->2181->2195->2186->2196->2204->2208->2212->2217->2229->2248->2262->2270->2295->2308->2312->2327->2334->2343->2351->2361->2365->2383->2371->2382->2388->2389->2394->2409->2405->2416->2417->2422->2425->2455->2430->2439->2441->2452->2456->2460->2473->2461->2466->2476->2485->2490,2490->2500,RESULTS/ACO/log_aco_spot.csv
GA,N2500_C7_I1,N2500_C7_I1.dat,n_2500/N2500_C7_I1.dat,final_case,N2500,C7,Alpha 0.80,objective_weight_alpha,0.8,2500,7696,125,3732,375,0.1,375,2491,2500,0.9,0.5,20.5,2491,2500,0.9,0.5,20.5,0.9,TRUE,solved,2476,341,2476_S002,near,1,0.2943000000000008,0.002292,0.004803,0.1661,0.0332,0.038003,0.3345950000000008,0.2943000000000008,0.1661,0.038003,0.3345950000000008,6.75,18.743130000000043,394377.09,2491->2493->2487->2484->2481->2478->2468->2448->2443->2458->2442->2426->2412->2401->2400->2395->2379->2374->2370->2369->2385->2372->2358->2390->2380->2363->2353->2350->2347->2340->2332->2328->2326->2320->2317->2300->2282->2268->2263->2256->2252->2251->2247->2257->2240->2226->2237->2223->2220->2235->2218->2214->2211->2202->2187->2178->2156->2183->2155->2154->2130->2109->2098->2085->2072->2082->2069->2046->2038->2033->2030->2044->2028->2014->1968->1955->1902->1910->1894->1893->1882->1872->1864->1869->1863->1860->1841->1840->1832->1827->1826->1814->1813->1807->1789->1788->1806->1781->1779->1774->1771->1784->1780->1778->1766->1764->1763->1740->1736->1735->1731->1718->1713->1707->1697->1693->1681->1677->1687->1672->1665->1664->1655->1649->1640->1643->1637->1628->1610->1587->1579->1552->1550->1548->1547->1530->1537->1525->1524->1492->1490->1488->1495->1479->1486->1471->1469->1465->1460->1430->1423->1401->1391->1384->1386->1380->1374->1373->1369->1359->1355->1344->1311->1301->1310->1298->1290->1281->1274->1270->1279->1277->1262->1257->1254->1234->1231->1219->1206->1228->1203->1194->1197->1183->1177->1170->1153->1152->1149->1142->1134->1130->1125->1117->1113->1129->1111->1099->1089->1075->1069->1065->1064->1063->1051->1055->1042->1039->1050->1037->1036->1027->1006->988->981->969->929->924->917->912->907->904->903->896->892->905->888->885->878->877->874->865->861->857->856->851->813->810->805->786->762->776->757->755->741->725->715->711->708->705->696->691->697->698->689->687->695->681->674->667->659->657->636->609->599->592->588->576->574->586->568->575->564->581->560->549->547->545->543->540->566->538->561->548->542->534->539->526->524->522->527->525->772->747->737->733->469->463->450->439->437->436->430->415->408->393->387->372->375->371->677->373->356->350->626->625->349->558->314->491->266->262->259->254->235->233->232->230->229->219->217->228->210->410->404->409->418->206->209->201->198->196->193->190->183->380->370->168->341->333->326->316->301->292->278->277->272->246->117->115->120->79->70->65->116->215->179->10->11->15->24->19->20->32->33->27->34->54->29->89->49->85->100->111->119->114->122->123->125->133->134->181->143->191->184->189->216->156->166->177->167->158->173->185->192->199->204->202->260->265->263->268->275->288->290->293->297->306->317->358->363->379->384->394->407->396->397->401->406->398->403->413->440->449->453->455->460->468->471->482->497->517->518->536->537->546->551->553->554->555->562->569->570->573->593->600->602->615->628->637->642->658->668->694->700->713->721->734->745->748->749->753->763->765->764->766->783->784->791->815->816->822->821->826->830->839->842->849->852->860->864->876->866->867->870->880->882->889->887->893->894->910->933->944->946->956->976->978->985->991->995->1017->1024->1031->1068->1071->1077->1079->1091->1092->1100->1110->1120->1122->1139->1167->1168->1181->1175->1189->1191->1192->1204->1180->1182->1184->1193->1205->1210->1223->1229->1230->1241->1232->1237->1242->1244->1251->1269->1275->1278->1296->1322->1330->1348->1364->1353->1358->1366->1361->1362->1368->1379->1382->1381->1387->1390->1403->1417->1434->1428->1453->1462->1463->1481->1497->1500->1502->1503->1508->1510->1512->1521->1531->1518->1528->1540->1542->1554->1555->1568->1576->1582->1583->1594->1586->1590->1599->1600->1618->1593->1601->1595->1607->1616->1620->1630->1633->1641->1680->1688->1719->1739->1751->1755->1757->1776->1777->1794->1798->1782->1785->1818->1834->1821->1823->1824->1857->1859->1877->1861->1871->1890->1907->1906->1940->1941->1951->1969->1980->1978->1982->1987->1991->1992->2001->2002->2005->2013->2047->2049->2050->2059->2081->2096->2110->2063->2071->2074->2077->2079->2099->2100->2116->2118->2121->2134->2137->2148->2158->2169->2171->2159->2174->2181->2186->2196->2204->2208->2212->2217->2229->2490->2499->2485->2476,2476->2500,RESULTS/GA/log_ga_spot.csv
Optimization,N2500_C7_I1,N2500_C7_I1.dat,n_2500/N2500_C7_I1.dat,final_case,N2500,C7,Alpha 0.80,objective_weight_alpha,0.8,2500,7696,125,3732,375,0.1,375,2491,2500,0.9,0.5,20.5,2491,2500,0.9,0.5,20.5,0.9,TRUE,inferred_from_previous_exact_lot_solution,2476,340,2476_S001,near,1,0.2943000000000008,0.001603,0.003195,0.1661,0.0332,0.036395,0.3322980000000008,0.2943000000000008,0.1661,0.036395,0.3322980000000008,6.66,18.610092000000044,394377.09,2491->2493->2487->2484->2481->2478->2468->2448->2443->2458->2442->2426->2412->2401->2400->2395->2379->2374->2370->2369->2385->2372->2358->2390->2380->2363->2353->2350->2347->2340->2332->2328->2326->2320->2317->2300->2282->2268->2263->2256->2252->2251->2247->2257->2240->2226->2237->2223->2220->2235->2218->2214->2211->2202->2187->2178->2156->2183->2155->2154->2130->2109->2098->2085->2072->2082->2069->2046->2038->2033->2030->2044->2028->2014->1968->1955->1902->1910->1894->1893->1882->1872->1864->1869->1863->1860->1841->1840->1832->1827->1826->1814->1813->1807->1789->1788->1806->1781->1779->1774->1771->1784->1780->1778->1766->1764->1763->1740->1736->1735->1731->1718->1713->1707->1697->1693->1681->1677->1687->1672->1665->1664->1655->1649->1640->1643->1637->1628->1610->1587->1579->1552->1550->1548->1547->1530->1537->1525->1524->1492->1490->1488->1495->1479->1486->1471->1469->1465->1460->1430->1423->1401->1391->1384->1386->1380->1374->1373->1369->1359->1355->1344->1311->1301->1310->1298->1290->1281->1274->1270->1279->1277->1262->1257->1254->1234->1231->1219->1206->1228->1203->1194->1197->1183->1177->1170->1153->1152->1149->1142->1134->1130->1125->1117->1113->1129->1111->1099->1089->1075->1069->1065->1064->1063->1051->1055->1042->1039->1050->1037->1036->1027->1006->988->981->969->929->924->917->912->907->904->903->896->892->905->888->885->878->877->874->865->861->857->856->851->813->810->805->786->762->776->757->755->741->725->715->711->708->705->696->691->697->698->689->687->695->681->674->667->659->657->636->609->599->592->588->576->574->586->568->575->564->581->560->549->547->545->543->540->566->538->561->548->542->534->539->526->524->522->527->525->772->747->737->733->469->463->450->439->437->436->430->415->408->393->387->372->375->371->677->373->356->350->626->625->349->558->314->491->266->262->259->254->235->233->232->230->229->219->217->228->210->410->404->409->418->206->209->201->198->196->193->190->183->380->370->168->341->333->326->316->301->292->278->277->272->246->117->115->120->79->70->65->116->215->179->10->11->15->24->19->20->32->33->27->34->54->29->89->49->85->100->111->119->114->122->123->125->133->134->181->143->191->184->189->216->156->166->177->167->158->173->185->192->199->204->202->260->265->263->268->275->288->290->293->297->306->317->358->363->379->384->394->407->396->397->401->406->398->403->413->440->449->453->455->460->468->471->482->497->517->518->536->537->546->551->553->554->555->562->569->570->573->593->600->602->615->628->637->642->658->668->694->700->713->721->734->745->748->749->753->763->765->764->766->783->784->791->815->816->822->821->826->830->839->842->849->852->860->864->876->866->867->870->880->882->889->887->893->894->910->933->944->946->956->976->978->985->991->995->1017->1024->1031->1068->1071->1077->1079->1091->1092->1100->1110->1120->1122->1139->1167->1168->1181->1175->1189->1191->1192->1204->1180->1182->1184->1193->1205->1210->1223->1229->1230->1241->1232->1237->1242->1244->1251->1269->1275->1278->1296->1322->1330->1348->1364->1353->1358->1366->1361->1362->1368->1379->1382->1381->1387->1390->1403->1417->1434->1428->1453->1462->1463->1481->1497->1500->1502->1503->1508->1510->1512->1521->1531->1518->1528->1540->1542->1554->1555->1568->1576->1582->1583->1594->1586->1590->1599->1600->1618->1593->1601->1595->1607->1616->1620->1630->1633->1641->1680->1688->1719->1739->1751->1755->1757->1776->1777->1794->1798->1782->1785->1818->1834->1821->1823->1824->1857->1859->1877->1861->1871->1890->1907->1906->1940->1941->1951->1969->1980->1978->1982->1987->1991->1992->2001->2002->2005->2013->2047->2049->2050->2059->2081->2096->2110->2063->2071->2074->2077->2079->2099->2100->2116->2118->2121->2134->2137->2148->2158->2169->2171->2159->2174->2181->2186->2196->2204->2208->2212->2217->2229->2490->2499->2485->2476,2476->2500,RESULTS/COMBINED_ALL_METHODS/results_all_methods_parameter_sensitivity_spot_level.csv
PSO,N2500_C7_I1,N2500_C7_I1.dat,n_2500/N2500_C7_I1.dat,final_case,N2500,C7,Alpha 0.80,objective_weight_alpha,0.8,2500,7696,125,3732,375,0.1,375,2491,2500,0.9,0.5,20.5,2491,2500,0.9,0.5,20.5,0.9,TRUE,solved,2490,294,2490_S001,near,1,0.3108000000000007,0.001547,0.002941,0.1348,0.027,0.029941,0.3422880000000007,0.3108000000000007,0.1348,0.029941,0.3422880000000007,9.13,19.39655200000004,1044095.015,2491->2341->2340->2332->2328->2326->2320->2317->2300->2282->2268->2263->2256->2252->2251->2247->2244->2240->2226->2237->2223->2220->2235->2236->2218->2228->2211->2202->2178->2156->2183->2155->2154->2130->2109->2098->2085->2072->2082->2069->2046->2038->2033->2030->2044->2028->2017->2014->1968->1955->1902->1895->1894->1893->1882->1872->1864->1869->1863->1860->1841->1840->1832->1827->1826->1814->1813->1807->1789->1806->1781->1779->1774->1784->1780->1778->1767->1764->1740->1736->1735->1731->1718->1713->1707->1697->1693->1689->1681->1677->1687->1672->1665->1664->1655->1649->1643->1637->1628->1610->1587->1579->1552->1550->1548->1530->1537->1525->1524->1492->1490->1488->1495->1479->1486->1471->1465->1460->1430->1423->1401->1391->1384->1386->1380->1374->1373->1369->1359->1355->1344->1311->1301->1310->1298->1290->1281->1274->1270->1279->1277->1262->1257->1254->1234->1219->1206->1212->1203->1194->1197->1177->1170->1153->1152->1149->1142->1134->1130->1125->1117->1113->1129->1111->1099->1089->1075->1069->1065->1064->1063->1051->1042->1039->1050->1037->1036->1027->1006->988->981->969->929->924->917->912->904->903->896->892->905->888->885->878->877->874->865->857->856->851->813->810->805->786->762->776->757->755->725->715->711->723->705->696->691->697->698->689->687->681->674->667->659->657->636->609->599->592->588->576->574->586->568->575->564->560->549->547->545->543->540->538->561->548->532->542->534->824->792->772->747->519->508->501->476->469->463->467->450->739->727->437->436->430->415->408->714->712->393->688->677->660->646->638->641->631->623->348->365->626->366->344->346->577->559->314->493->284->500->492->485->266->262->466->456->457->441->438->425->206->209->201->198->196->193->190->380->339->174->335->341->338->163->162->155->108->112->52->51->50->48->64->255->264->37->31->69->25->36->46->35->23->21->1->5->6->10->13->3->7->14->15->24->19->28->22->26->33->27->34->54->29->89->98->94->67->85->100->111->119->114->129->122->123->125->133->134->181->143->146->216->223->211->212->224->231->197->204->202->260->263->275->288->290->293->306->317->358->363->379->384->394->407->396->397->401->406->398->403->413->440->449->453->455->460->468->462->471->482->495->497->517->518->537->546->551->553->555->562->569->570->573->593->600->602->615->628->637->642->658->668->694->700->713->721->734->745->748->749->753->763->764->766->783->793->784->791->815->816->821->826->830->839->854->849->852->860->864->876->866->867->870->880->882->887->893->894->910->933->944->946->948->976->978->985->991->995->1017->1024->1031->1071->1077->1079->1091->1092->1100->1110->1120->1116->1122->1139->1167->1168->1173->1175->1189->1191->1199->1204->1180->1182->1184->1193->1205->1210->1223->1229->1230->1241->1232->1237->1242->1244->1251->1269->1275->1278->1296->1322->1330->1348->1364->1353->1358->1361->1362->1368->1385->1379->1381->1387->1390->1403->1417->1434->1426->1428->1453->1462->1463->1481->1497->1500->1502->1503->1508->1510->1512->1521->1522->1531->1518->1528->1540->1542->1554->1555->1568->1576->1582->1583->1594->1586->1590->1600->1618->1593->1601->1604->1607->1616->1620->1633->1641->1680->1688->1719->1739->1751->1755->1757->1776->1777->1798->1782->1785->1818->1821->1823->1824->1857->1859->1861->1871->1875->1890->1907->1906->1940->1941->1951->1969->1980->1978->1982->1987->1991->2001->2002->2005->2013->2047->2059->2063->2071->2074->2077->2079->2099->2100->2116->2118->2121->2134->2137->2148->2158->2169->2159->2174->2181->2186->2196->2204->2208->2212->2217->2229->2490,2490->2500,RESULTS/PSO/log_pso_spot.csv
ACO,N2500_C8_I1,N2500_C8_I1.dat,n_2500/N2500_C8_I1.dat,final_case,N2500,C8,Alpha 0.20,objective_weight_alpha,0.2,2500,7696,125,3732,375,0.1,375,2491,2500,0.1,0.5,20.5,2491,2500,0.1,0.5,20.5,0.1,TRUE,solved,2425,689,2425_S001,near,1,0.20400000000000032,0.001809,0.004352,0.3145,0.0629,0.06725199999999999,0.27306100000000033,0.20400000000000032,0.3145,0.06725199999999999,0.27306100000000033,7.05,7.983366000000002,13996.325,2491->2341->2328->2326->2320->2317->2305->2300->2282->2268->2263->2256->2252->2251->2247->2244->2240->2226->2237->2220->2235->2218->2228->2214->2211->2202->2178->2156->2183->2170->2155->2154->2130->2109->2098->2085->2072->2082->2069->2046->2038->2033->2030->2044->2028->2014->1968->1955->1902->1895->1894->1893->1882->1872->1864->1869->1863->1860->1841->1840->1832->1827->1826->1814->1813->1807->1789->1788->1781->1779->1774->1784->1780->1778->1767->1764->1740->1736->1735->1731->1718->1713->1707->1693->1681->1677->1687->1672->1665->1673->1664->1655->1649->1643->1637->1628->1610->1587->1579->1552->1550->1548->1530->1537->1525->1492->1490->1488->1495->1479->1486->1471->1465->1460->1430->1423->1406->1401->1391->1384->1380->1374->1373->1369->1359->1355->1344->1311->1301->1310->1298->1290->1281->1274->1270->1279->1262->1257->1254->1252->1219->1206->1228->1212->1203->1194->1197->1177->1170->1153->1152->1149->1142->1134->1130->1125->1117->1113->1129->1111->1099->1089->1075->1069->1065->1064->1063->1051->1042->1039->1050->1037->1036->1027->1006->988->981->969->929->924->917->912->904->903->896->892->905->888->885->878->877->874->865->861->857->856->851->818->813->810->812->805->786->762->761->757->755->725->715->711->723->705->696->691->697->698->689->687->681->674->667->659->657->636->609->599->592->588->576->574->586->568->575->564->560->549->547->545->543->540->538->561->532->542->534->539->526->525->527->508->501->476->469->463->450->437->436->430->408->393->387->372->375->371->362->373->356->350->353->348->346->349->334->337->331->329->324->321->309->298->299->296->289->284->266->262->259->254->235->233->232->230->229->217->228->210->206->209->201->198->196->193->190->183->178->174->168->164->163->162->155->108->51->50->82->81->77->69->68->63->21->1->5->6->10->11->15->24->19->28->22->30->34->54->29->49->85->100->119->114->122->123->125->133->134->181->143->146->156->166->158->173->185->192->204->202->260->263->275->288->290->293->306->317->358->363->379->384->394->407->396->397->401->406->398->403->413->440->449->455->460->468->471->482->497->517->518->537->546->551->553->555->562->569->570->573->593->600->602->615->628->637->642->658->668->694->700->713->721->734->745->748->749->753->763->765->764->766->783->784->791->815->816->821->826->830->839->854->849->852->860->864->866->867->870->880->882->887->893->894->910->933->944->946->948->976->978->985->991->995->1017->1024->1031->1071->1077->1079->1091->1100->1110->1120->1122->1139->1167->1168->1181->1175->1178->1192->1204->1182->1184->1193->1205->1210->1223->1229->1230->1241->1232->1237->1242->1244->1251->1269->1275->1278->1296->1322->1330->1348->1364->1353->1358->1361->1362->1368->1379->1381->1387->1390->1403->1417->1434->1426->1428->1453->1462->1463->1481->1497->1500->1502->1503->1508->1510->1512->1531->1518->1528->1540->1542->1554->1555->1568->1576->1582->1583->1594->1586->1590->1600->1618->1593->1601->1604->1607->1616->1620->1630->1633->1641->1680->1688->1719->1739->1751->1755->1757->1776->1777->1798->1782->1791->1785->1818->1821->1823->1824->1857->1859->1861->1871->1890->1907->1906->1940->1941->1951->1969->1980->1978->1982->1987->1991->2001->2002->2005->2013->2047->2059->2063->2071->2074->2077->2079->2099->2100->2116->2118->2121->2134->2137->2148->2158->2169->2171->2174->2181->2195->2186->2196->2204->2208->2212->2217->2229->2248->2262->2270->2295->2308->2312->2327->2334->2343->2351->2361->2365->2383->2371->2382->2388->2389->2409->2405->2416->2417->2422->2425,2425->2500,RESULTS/ACO/log_aco_spot.csv
GA,N2500_C8_I1,N2500_C8_I1.dat,n_2500/N2500_C8_I1.dat,final_case,N2500,C8,Alpha 0.20,objective_weight_alpha,0.2,2500,7696,125,3732,375,0.1,375,2491,2500,0.1,0.5,20.5,2491,2500,0.1,0.5,20.5,0.1,TRUE,solved,2476,341,2476_S002,near,1,0.2943000000000008,0.002292,0.004803,0.1661,0.0332,0.038003,0.3345950000000008,0.2943000000000008,0.1661,0.038003,0.3345950000000008,6.75,8.082570000000004,420934.965,2491->2493->2487->2484->2481->2478->2468->2448->2443->2458->2442->2426->2412->2401->2400->2395->2379->2374->2370->2369->2385->2372->2358->2390->2380->2363->2353->2350->2347->2340->2332->2328->2326->2320->2317->2300->2282->2268->2263->2256->2252->2251->2247->2257->2240->2226->2237->2223->2220->2235->2218->2214->2211->2202->2187->2178->2156->2183->2155->2154->2130->2109->2098->2085->2072->2082->2069->2046->2038->2033->2030->2044->2028->2014->1968->1955->1902->1910->1894->1893->1882->1872->1864->1869->1863->1860->1841->1840->1832->1827->1826->1814->1813->1807->1789->1788->1806->1781->1779->1774->1771->1784->1780->1778->1766->1764->1763->1740->1736->1735->1731->1718->1713->1707->1697->1693->1681->1677->1687->1672->1665->1664->1655->1649->1640->1643->1637->1628->1610->1587->1579->1552->1550->1548->1547->1530->1537->1525->1524->1492->1490->1488->1495->1479->1486->1471->1469->1465->1460->1430->1423->1401->1391->1384->1386->1380->1374->1373->1369->1359->1355->1344->1311->1301->1310->1298->1290->1281->1274->1270->1279->1277->1262->1257->1254->1234->1231->1219->1206->1228->1203->1194->1197->1183->1177->1170->1153->1152->1149->1142->1134->1130->1125->1117->1113->1129->1111->1099->1089->1075->1069->1065->1064->1063->1051->1055->1042->1039->1050->1037->1036->1027->1006->988->981->969->929->924->917->912->907->904->903->896->892->905->888->885->878->877->874->865->861->857->856->851->813->810->805->786->762->776->757->755->741->725->715->711->708->705->696->691->697->698->689->687->695->681->674->667->659->657->636->609->599->592->588->576->574->586->568->575->564->581->560->549->547->545->543->540->566->538->561->548->542->534->539->526->524->522->527->525->772->747->737->733->469->463->450->439->437->436->430->415->408->393->387->372->375->371->677->373->356->350->626->625->349->558->314->491->266->262->259->254->235->233->232->230->229->219->217->228->210->410->404->409->418->206->209->201->198->196->193->190->183->380->370->168->341->333->326->316->301->292->278->277->272->246->117->115->120->79->70->65->116->215->179->10->11->15->24->19->20->32->33->27->34->54->29->89->49->85->100->111->119->114->122->123->125->133->134->181->143->191->184->189->216->156->166->177->167->158->173->185->192->199->204->202->260->265->263->268->275->288->290->293->297->306->317->358->363->379->384->394->407->396->397->401->406->398->403->413->440->449->453->455->460->468->471->482->497->517->518->536->537->546->551->553->554->555->562->569->570->573->593->600->602->615->628->637->642->658->668->694->700->713->721->734->745->748->749->753->763->765->764->766->783->784->791->815->816->822->821->826->830->839->842->849->852->860->864->876->866->867->870->880->882->889->887->893->894->910->933->944->946->956->976->978->985->991->995->1017->1024->1031->1068->1071->1077->1079->1091->1092->1100->1110->1120->1122->1139->1167->1168->1181->1175->1189->1191->1192->1204->1180->1182->1184->1193->1205->1210->1223->1229->1230->1241->1232->1237->1242->1244->1251->1269->1275->1278->1296->1322->1330->1348->1364->1353->1358->1366->1361->1362->1368->1379->1382->1381->1387->1390->1403->1417->1434->1428->1453->1462->1463->1481->1497->1500->1502->1503->1508->1510->1512->1521->1531->1518->1528->1540->1542->1554->1555->1568->1576->1582->1583->1594->1586->1590->1599->1600->1618->1593->1601->1595->1607->1616->1620->1630->1633->1641->1680->1688->1719->1739->1751->1755->1757->1776->1777->1794->1798->1782->1785->1818->1834->1821->1823->1824->1857->1859->1877->1861->1871->1890->1907->1906->1940->1941->1951->1969->1980->1978->1982->1987->1991->1992->2001->2002->2005->2013->2047->2049->2050->2059->2081->2096->2110->2063->2071->2074->2077->2079->2099->2100->2116->2118->2121->2134->2137->2148->2158->2169->2171->2159->2174->2181->2186->2196->2204->2208->2212->2217->2229->2490->2499->2485->2476,2476->2500,RESULTS/GA/log_ga_spot.csv
Optimization,N2500_C8_I1,N2500_C8_I1.dat,n_2500/N2500_C8_I1.dat,final_case,N2500,C8,Alpha 0.20,objective_weight_alpha,0.2,2500,7696,125,3732,375,0.1,375,2491,2500,0.1,0.5,20.5,2491,2500,0.1,0.5,20.5,0.1,TRUE,inferred_from_previous_exact_lot_solution,2476,340,2476_S001,near,1,0.2943000000000008,0.001603,0.003195,0.1661,0.0332,0.036395,0.3322980000000008,0.2943000000000008,0.1661,0.036395,0.3322980000000008,6.66,7.987788000000005,420934.965,2491->2493->2487->2484->2481->2478->2468->2448->2443->2458->2442->2426->2412->2401->2400->2395->2379->2374->2370->2369->2385->2372->2358->2390->2380->2363->2353->2350->2347->2340->2332->2328->2326->2320->2317->2300->2282->2268->2263->2256->2252->2251->2247->2257->2240->2226->2237->2223->2220->2235->2218->2214->2211->2202->2187->2178->2156->2183->2155->2154->2130->2109->2098->2085->2072->2082->2069->2046->2038->2033->2030->2044->2028->2014->1968->1955->1902->1910->1894->1893->1882->1872->1864->1869->1863->1860->1841->1840->1832->1827->1826->1814->1813->1807->1789->1788->1806->1781->1779->1774->1771->1784->1780->1778->1766->1764->1763->1740->1736->1735->1731->1718->1713->1707->1697->1693->1681->1677->1687->1672->1665->1664->1655->1649->1640->1643->1637->1628->1610->1587->1579->1552->1550->1548->1547->1530->1537->1525->1524->1492->1490->1488->1495->1479->1486->1471->1469->1465->1460->1430->1423->1401->1391->1384->1386->1380->1374->1373->1369->1359->1355->1344->1311->1301->1310->1298->1290->1281->1274->1270->1279->1277->1262->1257->1254->1234->1231->1219->1206->1228->1203->1194->1197->1183->1177->1170->1153->1152->1149->1142->1134->1130->1125->1117->1113->1129->1111->1099->1089->1075->1069->1065->1064->1063->1051->1055->1042->1039->1050->1037->1036->1027->1006->988->981->969->929->924->917->912->907->904->903->896->892->905->888->885->878->877->874->865->861->857->856->851->813->810->805->786->762->776->757->755->741->725->715->711->708->705->696->691->697->698->689->687->695->681->674->667->659->657->636->609->599->592->588->576->574->586->568->575->564->581->560->549->547->545->543->540->566->538->561->548->542->534->539->526->524->522->527->525->772->747->737->733->469->463->450->439->437->436->430->415->408->393->387->372->375->371->677->373->356->350->626->625->349->558->314->491->266->262->259->254->235->233->232->230->229->219->217->228->210->410->404->409->418->206->209->201->198->196->193->190->183->380->370->168->341->333->326->316->301->292->278->277->272->246->117->115->120->79->70->65->116->215->179->10->11->15->24->19->20->32->33->27->34->54->29->89->49->85->100->111->119->114->122->123->125->133->134->181->143->191->184->189->216->156->166->177->167->158->173->185->192->199->204->202->260->265->263->268->275->288->290->293->297->306->317->358->363->379->384->394->407->396->397->401->406->398->403->413->440->449->453->455->460->468->471->482->497->517->518->536->537->546->551->553->554->555->562->569->570->573->593->600->602->615->628->637->642->658->668->694->700->713->721->734->745->748->749->753->763->765->764->766->783->784->791->815->816->822->821->826->830->839->842->849->852->860->864->876->866->867->870->880->882->889->887->893->894->910->933->944->946->956->976->978->985->991->995->1017->1024->1031->1068->1071->1077->1079->1091->1092->1100->1110->1120->1122->1139->1167->1168->1181->1175->1189->1191->1192->1204->1180->1182->1184->1193->1205->1210->1223->1229->1230->1241->1232->1237->1242->1244->1251->1269->1275->1278->1296->1322->1330->1348->1364->1353->1358->1366->1361->1362->1368->1379->1382->1381->1387->1390->1403->1417->1434->1428->1453->1462->1463->1481->1497->1500->1502->1503->1508->1510->1512->1521->1531->1518->1528->1540->1542->1554->1555->1568->1576->1582->1583->1594->1586->1590->1599->1600->1618->1593->1601->1595->1607->1616->1620->1630->1633->1641->1680->1688->1719->1739->1751->1755->1757->1776->1777->1794->1798->1782->1785->1818->1834->1821->1823->1824->1857->1859->1877->1861->1871->1890->1907->1906->1940->1941->1951->1969->1980->1978->1982->1987->1991->1992->2001->2002->2005->2013->2047->2049->2050->2059->2081->2096->2110->2063->2071->2074->2077->2079->2099->2100->2116->2118->2121->2134->2137->2148->2158->2169->2171->2159->2174->2181->2186->2196->2204->2208->2212->2217->2229->2490->2499->2485->2476,2476->2500,RESULTS/COMBINED_ALL_METHODS/results_all_methods_parameter_sensitivity_spot_level.csv
PSO,N2500_C8_I1,N2500_C8_I1.dat,n_2500/N2500_C8_I1.dat,final_case,N2500,C8,Alpha 0.20,objective_weight_alpha,0.2,2500,7696,125,3732,375,0.1,375,2491,2500,0.1,0.5,20.5,2491,2500,0.1,0.5,20.5,0.1,TRUE,solved,2490,294,2490_S001,near,1,0.3108000000000007,0.001547,0.002941,0.1348,0.027,0.029941,0.3422880000000007,0.3108000000000007,0.1348,0.029941,0.3422880000000007,9.13,10.270728000000005,1144579.902,2491->2341->2340->2332->2328->2326->2320->2317->2300->2282->2268->2263->2256->2252->2251->2247->2244->2240->2226->2237->2223->2220->2235->2236->2218->2228->2211->2202->2178->2156->2183->2155->2154->2130->2109->2098->2085->2072->2082->2069->2046->2038->2033->2030->2044->2028->2017->2014->1968->1955->1902->1895->1894->1893->1882->1872->1864->1869->1863->1860->1841->1840->1832->1827->1826->1814->1813->1807->1789->1806->1781->1779->1774->1784->1780->1778->1767->1764->1740->1736->1735->1731->1718->1713->1707->1697->1693->1689->1681->1677->1687->1672->1665->1664->1655->1649->1643->1637->1628->1610->1587->1579->1552->1550->1548->1530->1537->1525->1524->1492->1490->1488->1495->1479->1486->1471->1465->1460->1430->1423->1401->1391->1384->1386->1380->1374->1373->1369->1359->1355->1344->1311->1301->1310->1298->1290->1281->1274->1270->1279->1277->1262->1257->1254->1234->1219->1206->1212->1203->1194->1197->1177->1170->1153->1152->1149->1142->1134->1130->1125->1117->1113->1129->1111->1099->1089->1075->1069->1065->1064->1063->1051->1042->1039->1050->1037->1036->1027->1006->988->981->969->929->924->917->912->904->903->896->892->905->888->885->878->877->874->865->857->856->851->813->810->805->786->762->776->757->755->725->715->711->723->705->696->691->697->698->689->687->681->674->667->659->657->636->609->599->592->588->576->574->586->568->575->564->560->549->547->545->543->540->538->561->548->532->542->534->824->792->772->747->519->508->501->476->469->463->467->450->739->727->437->436->430->415->408->714->712->393->688->677->660->646->638->641->631->623->348->365->626->366->344->346->577->559->314->493->284->500->492->485->266->262->466->456->457->441->438->425->206->209->201->198->196->193->190->380->339->174->335->341->338->163->162->155->108->112->52->51->50->48->64->255->264->37->31->69->25->36->46->35->23->21->1->5->6->10->13->3->7->14->15->24->19->28->22->26->33->27->34->54->29->89->98->94->67->85->100->111->119->114->129->122->123->125->133->134->181->143->146->216->223->211->212->224->231->197->204->202->260->263->275->288->290->293->306->317->358->363->379->384->394->407->396->397->401->406->398->403->413->440->449->453->455->460->468->462->471->482->495->497->517->518->537->546->551->553->555->562->569->570->573->593->600->602->615->628->637->642->658->668->694->700->713->721->734->745->748->749->753->763->764->766->783->793->784->791->815->816->821->826->830->839->854->849->852->860->864->876->866->867->870->880->882->887->893->894->910->933->944->946->948->976->978->985->991->995->1017->1024->1031->1071->1077->1079->1091->1092->1100->1110->1120->1116->1122->1139->1167->1168->1173->1175->1189->1191->1199->1204->1180->1182->1184->1193->1205->1210->1223->1229->1230->1241->1232->1237->1242->1244->1251->1269->1275->1278->1296->1322->1330->1348->1364->1353->1358->1361->1362->1368->1385->1379->1381->1387->1390->1403->1417->1434->1426->1428->1453->1462->1463->1481->1497->1500->1502->1503->1508->1510->1512->1521->1522->1531->1518->1528->1540->1542->1554->1555->1568->1576->1582->1583->1594->1586->1590->1600->1618->1593->1601->1604->1607->1616->1620->1633->1641->1680->1688->1719->1739->1751->1755->1757->1776->1777->1798->1782->1785->1818->1821->1823->1824->1857->1859->1861->1871->1875->1890->1907->1906->1940->1941->1951->1969->1980->1978->1982->1987->1991->2001->2002->2005->2013->2047->2059->2063->2071->2074->2077->2079->2099->2100->2116->2118->2121->2134->2137->2148->2158->2169->2159->2174->2181->2186->2196->2204->2208->2212->2217->2229->2490,2490->2500,RESULTS/PSO/log_pso_spot.csv
ACO,N2500_C9_I1,N2500_C9_I1.dat,n_2500/N2500_C9_I1.dat,final_case,N2500,C9,Cmax 15.0,parking_budget_cmax,15.0,2500,7696,125,3732,375,0.1,375,2491,2500,0.9,0.5,15.0,2491,2500,0.9,0.5,15.0,0.9,TRUE,solved,2476,340,2476_S001,near,1,0.20720000000000036,0.001553,0.003145,0.1661,0.0332,0.036345,0.24509800000000037,0.20720000000000036,0.1661,0.036345,0.24509800000000037,6.65,13.90029200000002,14058.617,2491->2341->2328->2326->2320->2317->2305->2300->2282->2268->2263->2256->2252->2251->2247->2244->2240->2226->2237->2220->2235->2218->2228->2214->2211->2202->2178->2156->2183->2170->2155->2154->2130->2109->2098->2085->2072->2082->2069->2046->2038->2033->2030->2044->2028->2014->1968->1955->1902->1895->1894->1893->1882->1872->1864->1869->1863->1860->1841->1840->1832->1827->1826->1814->1813->1807->1789->1788->1781->1779->1774->1784->1780->1778->1767->1764->1740->1736->1735->1731->1718->1713->1707->1693->1681->1677->1687->1672->1665->1673->1664->1655->1649->1643->1637->1628->1610->1587->1579->1552->1550->1548->1530->1537->1525->1492->1490->1488->1495->1479->1486->1471->1465->1460->1430->1423->1406->1401->1391->1384->1380->1374->1373->1369->1359->1355->1344->1311->1301->1310->1298->1290->1281->1274->1270->1279->1262->1257->1254->1252->1219->1206->1228->1212->1203->1194->1197->1177->1170->1153->1152->1149->1142->1134->1130->1125->1117->1113->1129->1111->1099->1089->1075->1069->1065->1064->1063->1051->1042->1039->1050->1037->1036->1027->1006->988->981->969->929->924->917->912->904->903->896->892->905->888->885->878->877->874->865->861->857->856->851->818->813->810->812->805->786->762->761->757->755->725->715->711->723->705->696->691->697->698->689->687->681->674->667->659->657->636->609->599->592->588->576->574->586->568->575->564->560->549->547->545->543->540->538->561->532->542->534->539->526->525->527->508->501->476->469->463->450->437->436->430->408->393->387->372->375->371->362->373->356->350->353->348->346->349->334->337->331->329->324->321->309->298->299->296->289->284->266->262->259->254->235->233->232->230->229->217->228->210->206->209->201->198->196->193->190->183->178->174->168->164->163->162->155->108->51->50->82->81->77->69->68->63->21->1->5->6->10->11->15->24->19->28->22->30->34->54->29->49->85->100->119->114->122->123->125->133->134->181->143->146->156->166->158->173->185->192->204->202->260->263->275->288->290->293->306->317->358->363->379->384->394->407->396->397->401->406->398->403->413->440->449->455->460->468->471->482->497->517->518->537->546->551->553->555->562->569->570->573->593->600->602->615->628->637->642->658->668->694->700->713->721->734->745->748->749->753->763->765->764->766->783->784->791->815->816->821->826->830->839->854->849->852->860->864->866->867->870->880->882->887->893->894->910->933->944->946->948->976->978->985->991->995->1017->1024->1031->1071->1077->1079->1091->1100->1110->1120->1122->1139->1167->1168->1181->1175->1178->1192->1204->1182->1184->1193->1205->1210->1223->1229->1230->1241->1232->1237->1242->1244->1251->1269->1275->1278->1296->1322->1330->1348->1364->1353->1358->1361->1362->1368->1379->1381->1387->1390->1403->1417->1434->1426->1428->1453->1462->1463->1481->1497->1500->1502->1503->1508->1510->1512->1531->1518->1528->1540->1542->1554->1555->1568->1576->1582->1583->1594->1586->1590->1600->1618->1593->1601->1604->1607->1616->1620->1630->1633->1641->1680->1688->1719->1739->1751->1755->1757->1776->1777->1798->1782->1791->1785->1818->1821->1823->1824->1857->1859->1861->1871->1890->1907->1906->1940->1941->1951->1969->1980->1978->1982->1987->1991->2001->2002->2005->2013->2047->2059->2063->2071->2074->2077->2079->2099->2100->2116->2118->2121->2134->2137->2148->2158->2169->2171->2174->2181->2195->2186->2196->2204->2208->2212->2217->2229->2248->2262->2270->2295->2308->2312->2327->2334->2343->2351->2361->2365->2383->2371->2382->2388->2389->2394->2409->2405->2416->2417->2422->2425->2455->2430->2439->2441->2452->2456->2460->2473->2461->2466->2476,2476->2500,RESULTS/ACO/log_aco_spot.csv
GA,N2500_C9_I1,N2500_C9_I1.dat,n_2500/N2500_C9_I1.dat,final_case,N2500,C9,Cmax 15.0,parking_budget_cmax,15.0,2500,7696,125,3732,375,0.1,375,2491,2500,0.9,0.5,15.0,2491,2500,0.9,0.5,15.0,0.9,TRUE,solved,2490,294,2490_S001,near,1,0.35190000000000143,0.001547,0.002941,0.1348,0.027,0.029941,0.38338800000000145,0.35190000000000143,0.1348,0.029941,0.38338800000000145,9.13,21.615952000000078,369258.062,2491->2493->2487->2341->2328->2326->2320->2317->2305->2311->2300->2282->2268->2263->2256->2252->2251->2247->2244->2257->2240->2226->2237->2223->2220->2215->2235->2236->2218->2214->2211->2202->2187->2178->2156->2183->2170->2155->2154->2130->2109->2098->2085->2072->2082->2069->2046->2038->2033->2030->2044->2028->2017->2014->1968->1955->1902->1910->1900->1895->1894->1893->1882->1872->1864->1869->1863->1860->1841->1840->1832->1827->1826->1814->1813->1807->1789->1806->1781->1779->1774->1784->1780->1778->1767->1764->1740->1736->1735->1731->1718->1713->1707->1693->1681->1677->1687->1672->1665->1664->1655->1649->1643->1637->1628->1610->1587->1579->1552->1550->1548->1530->1537->1525->1524->1492->1490->1488->1495->1479->1486->1471->1469->1465->1460->1430->1423->1401->1391->1384->1380->1374->1373->1369->1359->1355->1344->1311->1301->1310->1298->1290->1281->1274->1270->1279->1277->1262->1257->1254->1234->1231->1219->1206->1212->1203->1194->1197->1177->1170->1153->1152->1149->1142->1134->1130->1125->1117->1113->1129->1111->1105->1099->1089->1075->1069->1065->1064->1063->1051->1055->1042->1039->1050->1037->1036->1027->1006->988->981->969->961->929->924->917->912->907->904->903->896->892->905->888->885->878->877->874->865->861->857->856->851->818->813->810->812->805->786->762->776->757->755->725->715->711->723->705->696->691->697->689->687->681->674->667->661->659->657->636->609->599->592->588->576->574->586->568->575->581->560->549->547->545->543->540->538->566->561->548->542->530->539->534->824->792->772->759->747->519->501->476->469->733->731->467->450->436->430->422->415->408->714->712->706->393->387->690->381->372->375->371->362->626->348->346->349->558->314->535->298->296->289->493->284->491->487->485->479->475->458->464->456->232->233->235->438->425->206->420->219->229->217->228->410->404->198->196->390->383->380->183->178->174->335->333->326->316->301->278->147->137->107->96->60->48->78->82->101->74->66->56->103->220->16->11->15->18->24->19->20->26->22->30->34->54->53->29->49->98->67->85->100->119->114->122->123->125->133->152->134->181->143->194->184->189->216->187->195->211->212->227->224->231->197->192->204->202->260->265->263->268->275->288->290->293->297->306->317->358->363->379->384->394->407->396->397->401->406->398->403->413->440->449->453->455->460->468->471->482->497->517->518->536->537->546->551->553->554->555->562->569->570->573->593->600->602->615->628->637->642->658->668->694->700->713->721->734->745->748->749->753->763->764->766->783->784->791->815->816->821->826->830->839->854->849->852->860->864->866->875->867->870->880->882->887->893->894->910->933->944->946->956->976->978->985->991->995->1011->1017->1024->1031->1071->1077->1079->1091->1092->1100->1110->1120->1116->1122->1139->1167->1168->1181->1175->1178->1189->1192->1199->1204->1182->1184->1193->1205->1210->1223->1229->1230->1241->1232->1237->1242->1244->1251->1269->1275->1278->1296->1322->1330->1348->1364->1353->1358->1361->1362->1368->1385->1379->1381->1387->1390->1403->1417->1408->1426->1428->1453->1462->1463->1481->1497->1500->1502->1503->1508->1510->1512->1531->1522->1518->1528->1540->1542->1554->1555->1568->1576->1582->1583->1594->1586->1588->1599->1600->1618->1593->1601->1595->1604->1607->1616->1620->1633->1641->1680->1688->1719->1739->1751->1755->1757->1776->1777->1798->1782->1791->1785->1818->1821->1823->1824->1857->1859->1877->1861->1871->1875->1890->1907->1906->1940->1941->1951->1969->1980->1978->1982->1986->1987->1991->2001->1992->2002->2005->2013->2047->2049->2050->2059->2063->2071->2074->2077->2079->2099->2108->2100->2116->2118->2121->2134->2137->2148->2158->2169->2159->2174->2181->2186->2196->2207->2204->2208->2212->2217->2229->2461->2466->2476->2485->2490,2490->2500,RESULTS/GA/log_ga_spot.csv
Optimization,N2500_C9_I1,N2500_C9_I1.dat,n_2500/N2500_C9_I1.dat,final_case,N2500,C9,Cmax 15.0,parking_budget_cmax,15.0,2500,7696,125,3732,375,0.1,375,2491,2500,0.9,0.5,15.0,2491,2500,0.9,0.5,15.0,0.9,TRUE,inferred_from_previous_exact_lot_solution,2476,340,2476_S001,near,1,0.2884000000000006,0.001603,0.003195,0.1661,0.0332,0.036395,0.32639800000000063,0.2884000000000006,0.1661,0.036395,0.32639800000000063,6.66,18.291492000000034,1416385.846,2491->2487->2493->2341->2332->2328->2326->2320->2317->2300->2282->2268->2263->2256->2252->2251->2247->2244->2240->2226->2237->2223->2220->2235->2236->2218->2228->2214->2211->2202->2178->2156->2183->2155->2154->2130->2109->2098->2085->2072->2078->2069->2046->2038->2033->2030->2044->2028->2017->2014->1968->1955->1902->1895->1894->1893->1882->1872->1864->1869->1863->1860->1841->1840->1832->1827->1826->1814->1813->1807->1789->1788->1781->1779->1774->1784->1780->1778->1767->1764->1740->1736->1735->1731->1718->1713->1707->1693->1689->1681->1677->1672->1665->1664->1655->1649->1643->1637->1628->1610->1587->1579->1552->1550->1548->1547->1530->1537->1525->1524->1492->1490->1488->1495->1479->1486->1471->1469->1465->1460->1430->1423->1406->1401->1391->1384->1380->1374->1373->1369->1359->1355->1344->1311->1301->1310->1298->1290->1281->1274->1270->1279->1262->1257->1254->1234->1219->1206->1228->1203->1194->1197->1177->1170->1153->1152->1149->1142->1134->1130->1125->1117->1113->1129->1111->1099->1089->1075->1069->1065->1064->1063->1051->1042->1039->1050->1037->1036->1027->1006->988->981->969->961->929->924->917->912->904->903->896->892->905->888->885->878->877->874->865->857->856->851->813->810->805->786->762->776->761->757->755->725->715->711->723->705->696->691->697->698->689->687->681->674->667->659->657->636->609->599->592->588->576->574->586->568->575->564->560->549->547->545->543->540->538->561->532->542->534->539->526->524->522->508->519->501->476->469->463->450->439->732->739->727->726->430->422->415->408->393->387->381->372->375->371->362->626->366->349->334->337->521->314->509->289->296->500->492->266->262->475->458->464->456->457->254->235->233->438->441->206->209->201->198->196->390->383->380->178->174->168->333->326->318->162->175->172->105->95->87->97->76->73->71->70->80->65->116->215->218->220->16->17->15->24->19->28->22->26->30->34->54->29->89->98->67->85->111->119->114->129->122->123->125->133->134->181->143->146->216->187->177->166->158->173->185->227->231->197->204->202->260->263->275->288->290->293->306->317->358->363->379->384->394->407->396->397->401->406->398->399->403->413->440->449->455->460->461->462->471->482->495->497->517->518->536->537->546->551->553->555->562->569->570->573->593->600->602->615->628->637->642->658->668->694->700->709->713->721->734->745->748->749->753->763->764->766->783->793->784->791->815->816->821->826->830->839->842->849->852->860->864->866->867->870->880->882->887->893->894->910->933->944->946->948->976->978->985->991->995->1017->1024->1031->1071->1077->1079->1091->1100->1110->1120->1122->1139->1167->1168->1181->1175->1189->1192->1180->1204->1182->1184->1193->1205->1210->1223->1229->1230->1241->1232->1237->1242->1244->1251->1269->1275->1278->1296->1322->1330->1348->1364->1353->1358->1361->1362->1368->1385->1379->1381->1387->1390->1403->1417->1434->1428->1453->1462->1463->1481->1497->1500->1502->1503->1508->1510->1512->1531->1518->1528->1540->1542->1554->1555->1568->1576->1582->1583->1594->1586->1590->1600->1618->1593->1601->1604->1607->1616->1620->1630->1633->1641->1680->1688->1719->1739->1751->1755->1757->1776->1777->1798->1782->1785->1818->1821->1823->1824->1857->1859->1861->1871->1875->1890->1907->1906->1940->1941->1951->1969->1980->1978->1982->1986->1987->1991->2001->2002->2005->2013->2047->2059->2063->2071->2074->2077->2079->2099->2100->2116->2118->2121->2134->2137->2148->2158->2169->2171->2174->2181->2186->2196->2204->2208->2212->2217->2229->2476,2476->2500,RESULTS/COMBINED_ALL_METHODS/results_all_methods_parameter_sensitivity_spot_level.csv
PSO,N2500_C9_I1,N2500_C9_I1.dat,n_2500/N2500_C9_I1.dat,final_case,N2500,C9,Cmax 15.0,parking_budget_cmax,15.0,2500,7696,125,3732,375,0.1,375,2491,2500,0.9,0.5,15.0,2491,2500,0.9,0.5,15.0,0.9,TRUE,solved,2476,340,2476_S001,near,1,0.2884000000000006,0.001553,0.003145,0.1661,0.0332,0.036345,0.32629800000000064,0.2884000000000006,0.1661,0.036345,0.32629800000000064,6.65,18.285092000000034,1416385.846,2491->2487->2493->2341->2332->2328->2326->2320->2317->2300->2282->2268->2263->2256->2252->2251->2247->2244->2240->2226->2237->2223->2220->2235->2236->2218->2228->2214->2211->2202->2178->2156->2183->2155->2154->2130->2109->2098->2085->2072->2078->2069->2046->2038->2033->2030->2044->2028->2017->2014->1968->1955->1902->1895->1894->1893->1882->1872->1864->1869->1863->1860->1841->1840->1832->1827->1826->1814->1813->1807->1789->1788->1781->1779->1774->1784->1780->1778->1767->1764->1740->1736->1735->1731->1718->1713->1707->1693->1689->1681->1677->1672->1665->1664->1655->1649->1643->1637->1628->1610->1587->1579->1552->1550->1548->1547->1530->1537->1525->1524->1492->1490->1488->1495->1479->1486->1471->1469->1465->1460->1430->1423->1406->1401->1391->1384->1380->1374->1373->1369->1359->1355->1344->1311->1301->1310->1298->1290->1281->1274->1270->1279->1262->1257->1254->1234->1219->1206->1228->1203->1194->1197->1177->1170->1153->1152->1149->1142->1134->1130->1125->1117->1113->1129->1111->1099->1089->1075->1069->1065->1064->1063->1051->1042->1039->1050->1037->1036->1027->1006->988->981->969->961->929->924->917->912->904->903->896->892->905->888->885->878->877->874->865->857->856->851->813->810->805->786->762->776->761->757->755->725->715->711->723->705->696->691->697->698->689->687->681->674->667->659->657->636->609->599->592->588->576->574->586->568->575->564->560->549->547->545->543->540->538->561->532->542->534->539->526->524->522->508->519->501->476->469->463->450->439->732->739->727->726->430->422->415->408->393->387->381->372->375->371->362->626->366->349->334->337->521->314->509->289->296->500->492->266->262->475->458->464->456->457->254->235->233->438->441->206->209->201->198->196->390->383->380->178->174->168->333->326->318->162->175->172->105->95->87->97->76->73->71->70->80->65->116->215->218->220->16->17->15->24->19->28->22->26->30->34->54->29->89->98->67->85->111->119->114->129->122->123->125->133->134->181->143->146->216->187->177->166->158->173->185->227->231->197->204->202->260->263->275->288->290->293->306->317->358->363->379->384->394->407->396->397->401->406->398->399->403->413->440->449->455->460->461->462->471->482->495->497->517->518->536->537->546->551->553->555->562->569->570->573->593->600->602->615->628->637->642->658->668->694->700->709->713->721->734->745->748->749->753->763->764->766->783->793->784->791->815->816->821->826->830->839->842->849->852->860->864->866->867->870->880->882->887->893->894->910->933->944->946->948->976->978->985->991->995->1017->1024->1031->1071->1077->1079->1091->1100->1110->1120->1122->1139->1167->1168->1181->1175->1189->1192->1180->1204->1182->1184->1193->1205->1210->1223->1229->1230->1241->1232->1237->1242->1244->1251->1269->1275->1278->1296->1322->1330->1348->1364->1353->1358->1361->1362->1368->1385->1379->1381->1387->1390->1403->1417->1434->1428->1453->1462->1463->1481->1497->1500->1502->1503->1508->1510->1512->1531->1518->1528->1540->1542->1554->1555->1568->1576->1582->1583->1594->1586->1590->1600->1618->1593->1601->1604->1607->1616->1620->1630->1633->1641->1680->1688->1719->1739->1751->1755->1757->1776->1777->1798->1782->1785->1818->1821->1823->1824->1857->1859->1861->1871->1875->1890->1907->1906->1940->1941->1951->1969->1980->1978->1982->1986->1987->1991->2001->2002->2005->2013->2047->2059->2063->2071->2074->2077->2079->2099->2100->2116->2118->2121->2134->2137->2148->2158->2169->2171->2174->2181->2186->2196->2204->2208->2212->2217->2229->2476,2476->2500,RESULTS/PSO/log_pso_spot.csv
