method,dat_file,nodes,edges,parking_lots,S,D,Alpha,Wmax,Cmax,w,feasible,parking_node,drive_time_hr,walk_distance_km,walk_time_hr,parking_cost,objective,non_normalized_drive_time_min,non_normalized_walk_time_min,non_normalized_travel_time_min,non_normalized_parking_cost,non_normalized_objective,runtime_ms,drive_path,walk_path
ACO,N10_C1_I1.dat,10,46,2,8,10,0.9,0.5,20.5,0.9,1,5,0.0087,0.2661,0.0532,10.77,0.804712529240831,0.522,3.1919999999999997,3.7139999999999995,10.77,4.419599999999999,37.111,8->7->5,5->10
ACO,N10_C2_I1.dat,10,52,2,8,10,0.9,0.5,20.5,0.9,1,5,0.0076,0.2661,0.0532,10.77,0.7913702111815318,0.456,3.1919999999999997,3.6479999999999997,10.77,4.3602,34.698,8->5,5->10
ACO,N10_C3_I1.dat,10,46,2,8,10,0.9,0.5,20.5,0.9,1,5,0.0087,0.2661,0.0532,10.77,0.804712529240831,0.522,3.1919999999999997,3.7139999999999995,10.77,4.419599999999999,36.599,8->7->5,5->10
ACO,N10_C4_I1.dat,10,46,2,8,10,0.9,1.0,20.5,0.9,1,5,0.0087,0.2661,0.0532,10.77,0.804712529240831,0.522,3.1919999999999997,3.7139999999999995,10.77,4.419599999999999,36.522,8->7->5,5->10
ACO,N10_C5_I1.dat,10,46,2,8,10,0.9,0.5,20.5,0.9,1,5,0.0113,0.2661,0.0532,10.77,0.8177196933775881,0.6779999999999999,3.1919999999999997,3.8699999999999997,10.77,4.56,45.377,8->7->6->5,5->10
ACO,N10_C6_I1.dat,10,46,2,8,10,0.9,0.5,20.5,0.9,1,5,0.0259,0.2661,0.0532,10.77,0.8268680732850114,1.554,3.1919999999999997,4.7459999999999996,10.77,5.3484,43.454,8->7->5,5->10
ACO,N10_C7_I1.dat,10,46,2,8,10,0.9,0.5,20.5,0.9,1,5,0.0087,0.2661,0.0532,10.77,0.804712529240831,0.522,3.1919999999999997,3.7139999999999995,10.77,4.419599999999999,36.124,8->7->5,5->10
ACO,N10_C8_I1.dat,10,46,2,8,10,0.1,0.5,20.5,0.1,1,5,0.0087,0.2661,0.0532,10.77,0.804712529240831,0.522,3.1919999999999997,3.7139999999999995,10.77,10.0644,37.427,8->7->5,5->10
ACO,N10_C9_I1.dat,10,46,2,8,10,0.9,0.5,15.0,0.9,1,5,0.0087,0.2661,0.0532,10.77,1.0,0.522,3.1919999999999997,3.7139999999999995,10.77,4.419599999999999,42.308,8->7->5,5->10
ACO,N10_C10_I1.dat,10,46,2,8,10,0.9,0.5,20.5,0.9,1,5,0.0087,0.2661,0.0532,15.39,0.8356020137666792,0.522,3.1919999999999997,3.7139999999999995,15.39,4.881599999999999,36.541,8->7->5,5->10
ACO,N20_C1_I1.dat,20,62,2,1,20,0.9,0.5,20.5,0.9,1,19,0.0251,0.12,0.024,17.78,0.5882872928176794,1.506,1.44,2.9459999999999997,17.78,4.429399999999999,73.203,1->5->6->10->11->15->18->19,19->20
ACO,N20_C2_I1.dat,20,68,2,1,20,0.9,0.5,20.5,0.9,1,19,0.023,0.12,0.024,17.78,0.5674033149171269,1.38,1.44,2.82,17.78,4.316,63.001,1->5->6->10->13->19,19->20
ACO,N20_C3_I1.dat,20,62,2,1,20,0.9,0.5,20.5,0.9,1,19,0.0251,0.12,0.024,17.78,0.5882872928176794,1.506,1.44,2.9459999999999997,17.78,4.429399999999999,74.134,1->5->6->10->11->15->18->19,19->20
ACO,N20_C4_I1.dat,20,62,2,1,20,0.9,1.0,20.5,0.9,1,19,0.0251,0.12,0.024,17.78,0.5882872928176794,1.506,1.44,2.9459999999999997,17.78,4.429399999999999,75.863,1->5->6->10->11->15->18->19,19->20
ACO,N20_C5_I1.dat,20,62,2,1,20,0.9,0.5,20.5,0.9,1,19,0.0367,0.12,0.024,17.78,0.6419642857142858,2.2020000000000004,1.44,3.6420000000000003,17.78,5.0558000000000005,73.053,1->5->6->10->11->15->18->19,19->20
ACO,N20_C6_I1.dat,20,62,2,1,20,0.9,0.5,20.5,0.9,1,19,0.07189999999999999,0.12,0.024,17.78,0.7603672532517214,4.313999999999999,1.44,5.754,17.78,6.956599999999999,79.006,1->5->6->10->11->15->18->19,19->20
ACO,N20_C7_I1.dat,20,62,2,1,20,0.9,0.5,20.5,0.9,1,19,0.0251,0.12,0.024,17.78,0.5882872928176794,1.506,1.44,2.9459999999999997,17.78,4.429399999999999,87.672,1->5->6->10->11->15->18->19,19->20
ACO,N20_C8_I1.dat,20,62,2,1,20,0.1,0.5,20.5,0.1,1,19,0.0251,0.12,0.024,17.78,0.5882872928176794,1.506,1.44,2.9459999999999997,17.78,16.2966,78.564,1->5->6->10->11->15->18->19,19->20
ACO,N20_C9_I1.dat,20,62,2,1,20,0.9,0.5,15.0,0.9,1,18,0.0205,0.35,0.07,9.19,1.0,1.23,4.2,5.43,9.19,5.805999999999999,66.591,1->5->6->10->11->15->18,18->20
ACO,N20_C10_I1.dat,20,62,2,1,20,0.9,0.5,20.5,0.9,1,19,0.0251,0.12,0.024,20.16,0.5882872928176794,1.506,1.44,2.9459999999999997,20.16,4.667399999999999,73.671,1->5->6->10->11->15->18->19,19->20
ACO,N30_C1_I1.dat,30,142,2,25,30,0.9,0.5,20.5,0.9,1,29,0.0247,0.12,0.024,14.21,0.7045517241379309,1.482,1.44,2.9219999999999997,14.21,4.0508,120.678,25->23->1->6->11->15->18->20->26->27->29,29->30
ACO,N30_C2_I1.dat,30,150,2,25,30,0.9,0.5,20.5,0.9,1,29,0.021899999999999996,0.12,0.024,14.21,0.6926829268292682,1.3139999999999998,1.44,2.7539999999999996,14.21,3.8995999999999995,74.064,25->23->1->6->27->29,29->30
ACO,N30_C3_I1.dat,30,144,3,25,30,0.9,0.5,20.5,0.9,1,29,0.0247,0.12,0.024,14.21,0.543174924165824,1.482,1.44,2.9219999999999997,14.21,4.0508,117.351,25->23->1->6->11->15->18->20->26->27->29,29->30
ACO,N30_C4_I1.dat,30,142,2,25,30,0.9,1.0,20.5,0.9,1,29,0.0247,0.12,0.024,14.21,0.7045517241379309,1.482,1.44,2.9219999999999997,14.21,4.0508,120.772,25->23->1->6->11->15->18->20->26->27->29,29->30
ACO,N30_C5_I1.dat,30,142,2,25,30,0.9,0.5,20.5,0.9,1,29,0.0358,0.12,0.024,14.21,0.7555420219244823,2.1479999999999997,1.44,3.5879999999999996,14.21,4.6502,116.934,25->23->1->6->11->15->18->20->26->27->29,29->30
ACO,N30_C6_I1.dat,30,142,2,25,30,0.9,0.5,20.5,0.9,1,29,0.066,0.12,0.024,14.21,0.8370336669699726,3.96,1.44,5.4,14.21,6.281000000000001,120.108,25->21->5->6->11->15->18->20->26->27->29,29->30
ACO,N30_C7_I1.dat,30,142,2,25,30,0.9,0.5,20.5,0.9,1,29,0.0247,0.12,0.024,14.21,0.7045517241379309,1.482,1.44,2.9219999999999997,14.21,4.0508,115.513,25->23->1->6->11->15->18->20->26->27->29,29->30
ACO,N30_C8_I1.dat,30,142,2,25,30,0.1,0.5,20.5,0.1,1,29,0.0247,0.12,0.024,14.21,0.7045517241379309,1.482,1.44,2.9219999999999997,14.21,13.0812,152.562,25->23->1->6->11->15->18->20->26->27->29,29->30
ACO,N30_C9_I1.dat,30,142,2,25,30,0.9,0.5,15.0,0.9,1,29,0.0247,0.12,0.024,14.21,0.7045517241379309,1.482,1.44,2.9219999999999997,14.21,4.0508,114.054,25->23->1->6->11->15->18->20->26->27->29,29->30
ACO,N30_C10_I1.dat,30,142,2,25,30,0.9,0.5,20.5,0.9,1,29,0.0247,0.12,0.024,20.27,0.7045517241379309,1.482,1.44,2.9219999999999997,20.27,4.6568,121.618,25->23->1->6->11->15->18->20->26->27->29,29->30
ACO,N40_PS_edge_density_baseline_180_I1.dat,40,184,2,29,40,0.9,0.5,20.5,0.9,1,39,0.026999999999999996,0.12,0.024,19.16,0.9085930959767567,1.6199999999999997,1.44,3.0599999999999996,19.16,4.669999999999999,184.063,29->33->26->20->18->15->14->5->1->21->23->36->31->39,39->40
ACO,N40_PS_edge_density_dense_192_I1.dat,40,196,2,29,40,0.9,0.5,20.5,0.9,1,39,0.0234,0.12,0.024,19.16,0.9070238319074927,1.4040000000000001,1.44,2.8440000000000003,19.16,4.4756,60.389,29->10->9->38->39,39->40
ACO,N40_PS_edge_density_denser_204_I1.dat,40,208,2,29,40,0.9,0.5,20.5,0.9,1,39,0.023200000000000002,0.12,0.024,19.16,0.9066738491905899,1.3920000000000001,1.44,2.832,19.16,4.464799999999999,61.134,29->10->9->38->39,39->40
ACO,N40_PS_parking_budget_Cmax100_I1.dat,40,184,2,29,40,0.9,0.5,10.0,0.9,1,39,0.026999999999999996,0.12,0.024,8.16,1.0,1.6199999999999997,1.44,3.0599999999999996,8.16,3.5699999999999994,281.87,29->33->26->20->18->15->14->5->1->21->23->36->31->39,39->40
ACO,N40_PS_parking_budget_Cmax150_I1.dat,40,184,2,29,40,0.9,0.5,15.0,0.9,1,39,0.026999999999999996,0.12,0.024,10.89,1.0,1.6199999999999997,1.44,3.0599999999999996,10.89,3.842999999999999,173.733,29->33->26->20->18->15->14->5->1->21->23->36->31->39,39->40
ACO,N40_PS_parking_budget_Cmax205_I1.dat,40,184,2,29,40,0.9,0.5,20.5,0.9,1,39,0.026999999999999996,0.12,0.024,19.16,0.9085930959767567,1.6199999999999997,1.44,3.0599999999999996,19.16,4.669999999999999,192.265,29->33->26->20->18->15->14->5->1->21->23->36->31->39,39->40
ACO,N40_PS_parking_budget_Cmax250_I1.dat,40,184,2,29,40,0.9,0.5,25.0,0.9,1,39,0.026999999999999996,0.12,0.024,19.16,0.9085930959767567,1.6199999999999997,1.44,3.0599999999999996,19.16,4.669999999999999,191.542,29->33->26->20->18->15->14->5->1->21->23->36->31->39,39->40
ACO,N40_PS_parking_cost_100_225_I1.dat,40,184,2,29,40,0.9,0.5,20.5,0.9,1,39,0.026999999999999996,0.12,0.024,10.95,0.9039203612479474,1.6199999999999997,1.44,3.0599999999999996,10.95,3.8489999999999993,183.835,29->33->26->20->18->15->14->5->1->21->23->36->31->39,39->40
ACO,N40_PS_parking_cost_125_250_I1.dat,40,184,2,29,40,0.9,0.5,20.5,0.9,1,39,0.026999999999999996,0.12,0.024,15.9,0.9033291192583228,1.6199999999999997,1.44,3.0599999999999996,15.9,4.343999999999999,185.611,29->33->26->20->18->15->14->5->1->21->23->36->31->39,39->40
ACO,N40_PS_parking_cost_150_300_I1.dat,40,184,2,29,40,0.9,0.5,20.5,0.9,1,39,0.026999999999999996,0.12,0.024,17.9,0.9095238095238095,1.6199999999999997,1.44,3.0599999999999996,17.9,4.543999999999999,190.809,29->33->26->20->18->15->14->5->1->21->23->36->31->39,39->40
ACO,N40_PS_parking_cost_80_205_I1.dat,40,184,2,29,40,0.9,0.5,20.5,0.9,1,39,0.026999999999999996,0.12,0.024,19.16,0.9085930959767567,1.6199999999999997,1.44,3.0599999999999996,19.16,4.669999999999999,199.527,29->33->26->20->18->15->14->5->1->21->23->36->31->39,39->40
ACO,N40_PS_parking_supply_P10_I1.dat,40,188,4,29,40,0.9,0.5,20.5,0.9,1,39,0.026999999999999996,0.12,0.024,19.16,0.6622594705020269,1.6199999999999997,1.44,3.0599999999999996,19.16,4.669999999999999,202.861,29->33->26->20->18->15->14->5->1->21->23->36->31->39,39->40
ACO,N40_PS_parking_supply_P15_I1.dat,40,192,6,29,40,0.9,0.5,20.5,0.9,1,39,0.026999999999999996,0.12,0.024,19.16,0.5438367283134123,1.6199999999999997,1.44,3.0599999999999996,19.16,4.669999999999999,227.965,29->33->26->20->18->15->14->5->1->21->23->36->31->39,39->40
ACO,N40_PS_parking_supply_P20_I1.dat,40,196,8,29,40,0.9,0.5,20.5,0.9,1,39,0.026999999999999996,0.12,0.024,19.16,0.5152070924366281,1.6199999999999997,1.44,3.0599999999999996,19.16,4.669999999999999,213.648,29->33->26->20->18->15->14->5->1->21->23->36->31->39,39->40
ACO,N40_PS_parking_supply_P5_I1.dat,40,184,2,29,40,0.9,0.5,20.5,0.9,1,39,0.026999999999999996,0.12,0.024,19.16,0.9085930959767567,1.6199999999999997,1.44,3.0599999999999996,19.16,4.669999999999999,194.028,29->33->26->20->18->15->14->5->1->21->23->36->31->39,39->40
ACO,N40_PS_traffic_high_I1.dat,40,184,2,29,40,0.9,0.5,20.5,0.9,1,39,0.0708,0.12,0.024,19.16,0.9330868817608651,4.248,1.44,5.688000000000001,19.16,7.035200000000001,212.566,29->33->26->20->18->17->16->13->1->21->23->36->25->31->37->39,39->40
ACO,N40_PS_traffic_low_I1.dat,40,184,2,29,40,0.9,0.5,20.5,0.9,1,39,0.024499999999999994,0.12,0.024,19.16,0.9074026197862806,1.4699999999999998,1.44,2.9099999999999997,19.16,4.534999999999999,210.929,29->33->26->20->18->17->14->5->1->21->35->25->37->39,39->40
ACO,N40_PS_traffic_medium_I1.dat,40,184,2,29,40,0.9,0.5,20.5,0.9,1,39,0.0381,0.12,0.024,19.16,0.9282977730998317,2.286,1.44,3.726,19.16,5.269399999999999,261.553,29->27->32->20->18->15->14->5->1->21->23->36->25->37->39,39->40
ACO,N40_PS_traffic_very_low_I1.dat,40,184,2,29,40,0.9,0.5,20.5,0.9,1,39,0.021500000000000002,0.12,0.024,19.16,0.897314900488035,1.29,1.44,2.73,19.16,4.372999999999999,194.653,29->27->33->26->20->18->17->14->5->1->21->35->25->37->39,39->40
ACO,N40_PS_walking_distance_W025_I1.dat,40,184,2,29,40,0.9,0.25,20.5,0.9,1,39,0.026999999999999996,0.12,0.024,19.16,0.9085930959767567,1.6199999999999997,1.44,3.0599999999999996,19.16,4.669999999999999,299.1,29->33->26->20->18->15->14->5->1->21->23->36->31->39,39->40
ACO,N40_PS_walking_distance_W050_I1.dat,40,184,2,29,40,0.9,0.5,20.5,0.9,1,39,0.026999999999999996,0.12,0.024,19.16,0.9085930959767567,1.6199999999999997,1.44,3.0599999999999996,19.16,4.669999999999999,226.142,29->33->26->20->18->15->14->5->1->21->23->36->31->39,39->40
ACO,N40_PS_walking_distance_W075_I1.dat,40,184,2,29,40,0.9,0.75,20.5,0.9,1,39,0.026999999999999996,0.12,0.024,19.16,0.9085930959767567,1.6199999999999997,1.44,3.0599999999999996,19.16,4.669999999999999,192.988,29->33->26->20->18->15->14->5->1->21->23->36->31->39,39->40
ACO,N40_PS_walking_distance_W100_I1.dat,40,184,2,29,40,0.9,1.0,20.5,0.9,1,39,0.026999999999999996,0.12,0.024,19.16,0.9085930959767567,1.6199999999999997,1.44,3.0599999999999996,19.16,4.669999999999999,190.797,29->33->26->20->18->15->14->5->1->21->23->36->31->39,39->40
ACO,N40_C1_I1.dat,40,184,2,29,40,0.9,0.5,20.5,0.9,1,39,0.026999999999999996,0.12,0.024,19.16,0.9085930959767567,1.6199999999999997,1.44,3.0599999999999996,19.16,4.669999999999999,166.09,29->33->26->20->18->15->14->5->1->21->23->36->31->39,39->40
ACO,N40_C2_I1.dat,40,196,2,29,40,0.9,0.5,20.5,0.9,1,39,0.023,0.12,0.024,19.16,0.9017258329425109,1.38,1.44,2.82,19.16,4.453999999999999,72.403,29->10->6->5->39,39->40
ACO,N40_C3_I1.dat,40,188,4,29,40,0.9,0.5,20.5,0.9,1,39,0.026999999999999996,0.12,0.024,19.16,0.6622594705020269,1.6199999999999997,1.44,3.0599999999999996,19.16,4.669999999999999,169.004,29->33->26->20->18->15->14->5->1->21->23->36->31->39,39->40
ACO,N40_C4_I1.dat,40,184,2,29,40,0.9,1.0,20.5,0.9,1,39,0.026999999999999996,0.12,0.024,19.16,0.9085930959767567,1.6199999999999997,1.44,3.0599999999999996,19.16,4.669999999999999,178.941,29->33->26->20->18->15->14->5->1->21->23->36->31->39,39->40
ACO,N40_C5_I1.dat,40,184,2,29,40,0.9,0.5,20.5,0.9,1,39,0.0381,0.12,0.024,19.16,0.9282977730998317,2.286,1.44,3.726,19.16,5.269399999999999,168.003,29->27->32->20->18->15->14->5->1->21->23->36->25->37->39,39->40
ACO,N40_C6_I1.dat,40,184,2,29,40,0.9,0.5,20.5,0.9,1,39,0.0708,0.12,0.024,19.16,0.9330868817608651,4.248,1.44,5.688000000000001,19.16,7.035200000000001,173.49,29->33->26->20->18->17->16->13->1->21->23->36->25->31->37->39,39->40
ACO,N40_C7_I1.dat,40,184,2,29,40,0.9,0.5,20.5,0.9,1,39,0.026999999999999996,0.12,0.024,19.16,0.9085930959767567,1.6199999999999997,1.44,3.0599999999999996,19.16,4.669999999999999,165.364,29->33->26->20->18->15->14->5->1->21->23->36->31->39,39->40
ACO,N40_C8_I1.dat,40,184,2,29,40,0.1,0.5,20.5,0.1,1,39,0.026999999999999996,0.12,0.024,19.16,0.9085930959767567,1.6199999999999997,1.44,3.0599999999999996,19.16,17.55,166.394,29->33->26->20->18->15->14->5->1->21->23->36->31->39,39->40
ACO,N40_C9_I1.dat,40,184,2,29,40,0.9,0.5,15.0,0.9,1,39,0.026999999999999996,0.12,0.024,13.65,1.0,1.6199999999999997,1.44,3.0599999999999996,13.65,4.119,270.933,29->33->26->20->18->15->14->5->1->21->23->36->31->39,39->40
ACO,N40_C10_I1.dat,40,184,2,29,40,0.9,0.5,20.5,0.9,1,39,0.026999999999999996,0.12,0.024,17.9,0.9095238095238095,1.6199999999999997,1.44,3.0599999999999996,17.9,4.543999999999999,169.563,29->33->26->20->18->15->14->5->1->21->23->36->31->39,39->40
ACO,N50_C1_I1.dat,50,226,2,48,50,0.9,0.5,20.5,0.9,1,49,0.031,0.12,0.024,13.18,0.8001414427157001,1.8599999999999999,1.44,3.3,13.18,4.287999999999999,196.008,48->43->41->40->38->37->36->23->21->11->15->18->20->32->27->29->49,49->50
ACO,N50_C2_I1.dat,50,242,2,48,50,0.9,0.5,20.5,0.9,1,49,0.0267,0.12,0.024,13.18,0.7871987951807229,1.602,1.44,3.042,13.18,4.0558,83.83,48->47->35->21->27->29->49,49->50
ACO,N50_C3_I1.dat,50,232,5,48,50,0.9,0.5,20.5,0.9,1,49,0.031,0.12,0.024,13.18,0.6113636363636364,1.8599999999999999,1.44,3.3,13.18,4.287999999999999,247.13,48->43->41->40->38->37->36->23->21->11->15->18->20->32->27->29->49,49->50
ACO,N50_C4_I1.dat,50,226,2,48,50,0.9,1.0,20.5,0.9,1,49,0.031,0.12,0.024,13.18,0.8001414427157001,1.8599999999999999,1.44,3.3,13.18,4.287999999999999,194.438,48->43->41->40->38->37->36->23->21->11->15->18->20->32->27->29->49,49->50
ACO,N50_C5_I1.dat,50,226,2,48,50,0.9,0.5,20.5,0.9,1,49,0.04279999999999999,0.12,0.024,13.18,0.8234657039711193,2.5679999999999996,1.44,4.007999999999999,13.18,4.9251999999999985,241.823,48->42->41->40->39->38->37->36->23->21->9->10->11->15->18->20->26->45->49,49->50
ACO,N50_C6_I1.dat,50,226,2,48,50,0.9,0.5,20.5,0.9,1,49,0.08040000000000001,0.12,0.024,13.18,0.8746084089035451,4.824000000000001,1.44,6.264000000000001,13.18,6.9556000000000004,314.082,48->47->42->41->40->38->37->36->23->21->1->2->7->11->15->18->20->26->32->27->49,49->50
ACO,N50_C7_I1.dat,50,226,2,48,50,0.9,0.5,20.5,0.9,1,49,0.031,0.12,0.024,13.18,0.8001414427157001,1.8599999999999999,1.44,3.3,13.18,4.287999999999999,223.992,48->43->41->40->38->37->36->23->21->11->15->18->20->32->27->29->49,49->50
ACO,N50_C8_I1.dat,50,226,2,48,50,0.1,0.5,20.5,0.1,1,49,0.031,0.12,0.024,13.18,0.8001414427157001,1.8599999999999999,1.44,3.3,13.18,12.192,247.121,48->43->41->40->38->37->36->23->21->11->15->18->20->32->27->29->49,49->50
ACO,N50_C9_I1.dat,50,226,2,48,50,0.9,0.5,15.0,0.9,1,49,0.031,0.12,0.024,13.18,0.8001414427157001,1.8599999999999999,1.44,3.3,13.18,4.287999999999999,208.802,48->43->41->40->38->37->36->23->21->11->15->18->20->32->27->29->49,49->50
ACO,N50_C10_I1.dat,50,226,2,48,50,0.9,0.5,20.5,0.9,1,49,0.031,0.12,0.024,16.7,0.8001414427157001,1.8599999999999999,1.44,3.3,16.7,4.639999999999999,203.338,48->43->41->40->38->37->36->23->21->11->15->18->20->32->27->29->49,49->50
ACO,N500_C1_I1.dat,500,1760,25,476,500,0.9,0.5,20.5,0.9,1,495,0.10900000000000011,0.1408,0.0282,8.88,8.296800000000005,6.540000000000006,1.692,8.232000000000006,8.88,8.296800000000005,1139.166,476->469->463->362->361->356->350->353->348->366->349->334->337->331->329->324->321->309->298->296->289->284->266->262->259->254->235->233->232->230->229->217->228->210->206->209->201->198->196->193->190->183->178->174->168->164->163->162->155->169->153->147->137->132->130->120->117->112->110->105->96->92->90->88->79->57->64->47->43->39->44->91->21->1->5->6->10->11->15->24->19->28->22->30->34->54->53->89->49->85->100->119->114->122->123->125->133->134->181->143->146->156->166->158->173->185->197->204->202->260->265->263->275->288->290->293->306->317->358->363->379->384->394->407->396->397->401->406->398->403->413->440->449->453->455->460->468->471->482->495,495->500
ACO,N500_C2_I1.dat,500,1926,25,476,500,0.9,0.5,20.5,0.9,1,495,0.09470000000000002,0.1408,0.0282,8.88,0.6502304674004022,5.682000000000001,1.692,7.374000000000001,8.88,7.524600000000001,974.304,476->469->463->362->361->356->350->353->348->366->349->334->337->331->329->324->321->309->298->296->289->284->266->262->259->254->235->233->232->230->229->217->228->210->137->132->130->120->117->112->110->105->96->92->90->88->79->61->10->11->15->24->19->28->22->30->34->54->192->204->202->260->265->263->268->455->460->468->471->482->495,495->500
ACO,N500_C3_I1.dat,500,1810,50,476,500,0.9,0.5,20.5,0.9,1,495,0.10900000000000011,0.1408,0.0282,8.88,0.6762177232782219,6.540000000000006,1.692,8.232000000000006,8.88,8.296800000000005,2977.608,476->469->463->362->361->356->350->353->348->366->349->334->337->331->329->324->321->309->298->296->289->284->266->262->259->254->235->233->232->230->229->217->228->210->206->209->201->198->196->193->190->183->178->174->168->164->163->162->155->169->153->147->137->132->130->120->117->112->110->105->96->92->90->88->79->57->64->47->43->39->44->91->21->1->5->6->10->11->15->24->19->28->22->30->34->54->53->89->49->85->100->119->114->122->123->125->133->134->181->143->146->156->166->158->173->185->197->204->202->260->265->263->275->288->290->293->306->317->358->363->379->384->394->407->396->397->401->406->398->403->413->440->449->453->455->460->468->471->482->495,495->500
ACO,N500_C4_I1.dat,500,1760,25,476,500,0.9,1.0,20.5,0.9,1,495,0.10900000000000011,0.1408,0.0282,8.88,0.5637014071070835,6.540000000000006,1.692,8.232000000000006,8.88,8.296800000000005,2491.458,476->469->463->362->361->356->350->353->348->366->349->334->337->331->329->324->321->309->298->296->289->284->266->262->259->254->235->233->232->230->229->217->228->210->206->209->201->198->196->193->190->183->178->174->168->164->163->162->155->169->153->147->137->132->130->120->117->112->110->105->96->92->90->88->79->57->64->47->43->39->44->91->21->1->5->6->10->11->15->24->19->28->22->30->34->54->53->89->49->85->100->119->114->122->123->125->133->134->181->143->146->156->166->158->173->185->197->204->202->260->265->263->275->288->290->293->306->317->358->363->379->384->394->407->396->397->401->406->398->403->413->440->449->453->455->460->468->471->482->495,495->500
ACO,N500_C5_I1.dat,500,1760,25,476,500,0.9,0.5,20.5,0.9,1,495,0.1534000000000001,0.1408,0.0282,8.88,0.7349861626200268,9.204000000000006,1.692,10.896000000000006,8.88,10.694400000000005,2805.129,476->362->373->356->350->353->348->346->344->334->337->331->329->324->321->309->298->296->289->284->266->262->259->254->235->233->232->230->229->217->228->210->206->209->201->198->196->193->190->183->178->174->168->164->163->162->155->169->153->147->137->132->130->120->117->112->110->105->96->92->90->61->51->50->48->43->42->41->37->31->25->36->46->35->23->21->1->9->10->11->15->24->19->28->22->30->34->54->53->89->49->85->100->119->114->122->123->125->133->134->181->143->146->156->166->158->173->185->197->204->202->260->263->275->288->290->293->306->317->358->363->379->384->394->407->396->397->401->406->398->403->413->440->449->453->455->460->468->471->482->495,495->500
ACO,N500_C6_I1.dat,500,1760,25,476,500,0.9,0.5,20.5,0.9,1,495,0.31940000000000024,0.1408,0.0282,8.88,0.8573702382759144,19.164000000000016,1.692,20.856000000000016,8.88,19.658400000000015,3179.834,476->463->450->436->430->408->393->387->372->375->371->362->373->356->350->353->348->346->344->334->337->331->329->324->321->309->298->299->289->284->266->262->259->254->235->233->232->230->229->217->228->210->206->209->201->198->196->193->190->183->178->174->168->164->163->162->155->169->153->147->137->132->130->120->117->112->110->105->96->107->92->90->88->79->57->51->43->42->41->37->31->25->36->46->35->21->1->2->7->14->15->24->19->28->22->30->34->54->53->89->98->121->85->100->119->114->122->123->125->133->134->181->191->143->146->156->166->158->173->185->192->204->202->260->265->263->268->275->288->290->293->306->317->358->363->379->384->394->407->396->397->401->406->398->403->413->440->449->455->460->468->471->482->495,495->500
ACO,N500_C7_I1.dat,500,1760,25,476,500,0.9,0.5,20.5,0.9,1,495,0.10900000000000011,0.1408,0.0282,8.88,0.6762177232782219,6.540000000000006,1.692,8.232000000000006,8.88,8.296800000000005,2679.409,476->469->463->362->361->356->350->353->348->366->349->334->337->331->329->324->321->309->298->296->289->284->266->262->259->254->235->233->232->230->229->217->228->210->206->209->201->198->196->193->190->183->178->174->168->164->163->162->155->169->153->147->137->132->130->120->117->112->110->105->96->92->90->88->79->57->64->47->43->39->44->91->21->1->5->6->10->11->15->24->19->28->22->30->34->54->53->89->49->85->100->119->114->122->123->125->133->134->181->143->146->156->166->158->173->185->197->204->202->260->265->263->275->288->290->293->306->317->358->363->379->384->394->407->396->397->401->406->398->403->413->440->449->453->455->460->468->471->482->495,495->500
ACO,N500_C8_I1.dat,500,1760,25,476,500,0.1,0.5,20.5,0.1,1,495,0.10900000000000011,0.1408,0.0282,8.88,0.6762177232782219,6.540000000000006,1.692,8.232000000000006,8.88,8.8152,2900.995,476->469->463->362->361->356->350->353->348->366->349->334->337->331->329->324->321->309->298->296->289->284->266->262->259->254->235->233->232->230->229->217->228->210->206->209->201->198->196->193->190->183->178->174->168->164->163->162->155->169->153->147->137->132->130->120->117->112->110->105->96->92->90->88->79->57->64->47->43->39->44->91->21->1->5->6->10->11->15->24->19->28->22->30->34->54->53->89->49->85->100->119->114->122->123->125->133->134->181->143->146->156->166->158->173->185->197->204->202->260->265->263->275->288->290->293->306->317->358->363->379->384->394->407->396->397->401->406->398->403->413->440->449->453->455->460->468->471->482->495,495->500
ACO,N500_C9_I1.dat,500,1760,25,476,500,0.9,0.5,15.0,0.9,1,495,0.10900000000000011,0.1408,0.0282,8.88,0.686721058796934,6.540000000000006,1.692,8.232000000000006,8.88,8.296800000000005,3071.394,476->469->463->362->361->356->350->353->348->366->349->334->337->331->329->324->321->309->298->296->289->284->266->262->259->254->235->233->232->230->229->217->228->210->206->209->201->198->196->193->190->183->178->174->168->164->163->162->155->169->153->147->137->132->130->120->117->112->110->105->96->92->90->88->79->57->64->47->43->39->44->91->21->1->5->6->10->11->15->24->19->28->22->30->34->54->53->89->49->85->100->119->114->122->123->125->133->134->181->143->146->156->166->158->173->185->197->204->202->260->265->263->275->288->290->293->306->317->358->363->379->384->394->407->396->397->401->406->398->403->413->440->449->453->455->460->468->471->482->495,495->500
ACO,N500_C10_I1.dat,500,1760,25,476,500,0.9,0.5,20.5,0.9,1,495,0.10900000000000011,0.1408,0.0282,15.09,0.7025930902258133,6.540000000000006,1.692,8.232000000000006,15.09,8.917800000000005,2315.144,476->469->463->362->361->356->350->353->348->366->349->334->337->331->329->324->321->309->298->296->289->284->266->262->259->254->235->233->232->230->229->217->228->210->206->209->201->198->196->193->190->183->178->174->168->164->163->162->155->169->153->147->137->132->130->120->117->112->110->105->96->92->90->88->79->57->64->47->43->39->44->91->21->1->5->6->10->11->15->24->19->28->22->30->34->54->53->89->49->85->100->119->114->122->123->125->133->134->181->143->146->156->166->158->173->185->197->204->202->260->265->263->275->288->290->293->306->317->358->363->379->384->394->407->396->397->401->406->398->403->413->440->449->453->455->460->468->471->482->495,495->500
ACO,N1000_C1_I1.dat,1000,3252,50,988,1000,0.9,0.5,20.5,0.9,1,995,0.1466000000000001,0.12,0.024,17.51,10.963400000000004,8.796000000000005,1.44,10.236000000000004,17.51,10.963400000000004,2873.74,988->877->874->865->857->856->851->813->810->812->805->786->762->761->757->755->725->715->711->723->705->696->691->697->689->687->681->674->667->659->657->636->609->599->592->588->576->574->586->568->575->564->560->549->547->545->543->540->538->561->548->542->534->539->526->525->527->508->501->476->469->463->467->450->436->430->408->393->387->372->375->371->362->373->356->350->353->348->346->349->334->337->331->329->324->321->309->298->296->289->284->266->262->259->254->235->233->232->230->229->217->228->210->206->209->201->198->196->193->190->183->178->174->168->164->163->162->155->169->153->147->132->130->120->117->112->105->96->88->50->48->47->43->42->41->40->56->38->55->37->31->25->36->46->35->23->21->1->5->6->10->11->15->24->19->28->22->30->34->54->53->89->49->85->100->119->114->122->123->125->133->134->143->146->156->166->158->173->185->197->204->202->260->265->263->275->288->290->293->306->317->358->363->379->384->394->407->396->397->401->406->398->403->413->440->449->455->460->468->471->482->497->517->518->537->546->551->553->555->562->569->570->573->593->600->602->615->628->637->642->658->668->694->700->713->721->734->745->748->749->753->763->764->766->783->793->816->821->826->830->985->991->995,995->1000
ACO,N1000_C2_I1.dat,1000,3584,50,988,1000,0.9,0.5,20.5,0.9,1,995,0.12340000000000001,0.12,0.024,17.51,0.7056189660377565,7.404000000000001,1.44,8.844000000000001,17.51,9.710600000000001,1381.823,988->969->877->874->661->659->657->467->450->436->430->408->393->254->235->233->232->230->229->217->228->210->206->110->105->96->88->50->48->47->85->100->119->114->122->123->394->407->396->397->401->406->398->403->413->440->449->455->460->468->471->482->497->517->518->537->546->551->553->555->562->569->570->573->593->784->793->816->991->995,995->1000
ACO,N1000_C3_I1.dat,1000,3352,100,988,1000,0.9,0.5,20.5,0.9,1,995,0.1466000000000001,0.12,0.024,17.51,0.7335768275635774,8.796000000000005,1.44,10.236000000000004,17.51,10.963400000000004,7162.285,988->877->874->865->857->856->851->813->810->812->805->786->762->761->757->755->725->715->711->723->705->696->691->697->689->687->681->674->667->659->657->636->609->599->592->588->576->574->586->568->575->564->560->549->547->545->543->540->538->561->548->542->534->539->526->525->527->508->501->476->469->463->467->450->436->430->408->393->387->372->375->371->362->373->356->350->353->348->346->349->334->337->331->329->324->321->309->298->296->289->284->266->262->259->254->235->233->232->230->229->217->228->210->206->209->201->198->196->193->190->183->178->174->168->164->163->162->155->169->153->147->132->130->120->117->112->105->96->88->50->48->47->43->42->41->40->56->38->55->37->31->25->36->46->35->23->21->1->5->6->10->11->15->24->19->28->22->30->34->54->53->89->49->85->100->119->114->122->123->125->133->134->143->146->156->166->158->173->185->197->204->202->260->265->263->275->288->290->293->306->317->358->363->379->384->394->407->396->397->401->406->398->403->413->440->449->455->460->468->471->482->497->517->518->537->546->551->553->555->562->569->570->573->593->600->602->615->628->637->642->658->668->694->700->713->721->734->745->748->749->753->763->764->766->783->793->816->821->826->830->985->991->995,995->1000
ACO,N1000_C4_I1.dat,1000,3252,50,988,1000,0.9,1.0,20.5,0.9,1,995,0.1466000000000001,0.12,0.024,17.51,0.5522637320219053,8.796000000000005,1.44,10.236000000000004,17.51,10.963400000000004,8106.158,988->877->874->865->857->856->851->813->810->812->805->786->762->761->757->755->725->715->711->723->705->696->691->697->689->687->681->674->667->659->657->636->609->599->592->588->576->574->586->568->575->564->560->549->547->545->543->540->538->561->548->542->534->539->526->525->527->508->501->476->469->463->467->450->436->430->408->393->387->372->375->371->362->373->356->350->353->348->346->349->334->337->331->329->324->321->309->298->296->289->284->266->262->259->254->235->233->232->230->229->217->228->210->206->209->201->198->196->193->190->183->178->174->168->164->163->162->155->169->153->147->132->130->120->117->112->105->96->88->50->48->47->43->42->41->40->56->38->55->37->31->25->36->46->35->23->21->1->5->6->10->11->15->24->19->28->22->30->34->54->53->89->49->85->100->119->114->122->123->125->133->134->143->146->156->166->158->173->185->197->204->202->260->265->263->275->288->290->293->306->317->358->363->379->384->394->407->396->397->401->406->398->403->413->440->449->455->460->468->471->482->497->517->518->537->546->551->553->555->562->569->570->573->593->600->602->615->628->637->642->658->668->694->700->713->721->734->745->748->749->753->763->764->766->783->793->816->821->826->830->985->991->995,995->1000
ACO,N1000_C5_I1.dat,1000,3252,50,988,1000,0.9,0.5,20.5,0.9,1,995,0.20759999999999992,0.12,0.024,17.51,0.7899533324176972,12.455999999999996,1.44,13.895999999999995,17.51,14.257399999999995,6263.777,988->877->874->865->857->856->851->818->813->810->805->786->762->761->757->755->741->725->715->711->723->705->696->691->697->689->687->681->674->667->659->657->636->609->599->592->588->576->574->586->568->575->564->560->549->547->545->543->540->538->561->532->542->534->539->526->525->527->508->501->476->469->463->450->436->430->415->408->393->387->372->375->371->362->373->356->350->353->348->346->349->334->337->331->329->324->321->309->298->299->289->284->266->262->259->254->235->233->232->230->229->217->228->210->206->209->201->198->196->193->190->183->178->174->168->164->163->162->155->169->153->147->132->130->120->117->112->88->50->48->47->43->42->41->40->56->39->38->55->37->31->25->36->46->35->23->21->1->5->6->10->11->15->24->19->28->22->30->34->54->53->89->49->85->100->119->114->122->123->125->133->134->143->146->156->166->158->173->185->197->204->202->260->265->263->275->288->290->293->306->317->358->363->379->384->394->407->396->397->401->406->398->403->413->440->449->455->460->468->471->482->497->517->518->537->546->551->553->555->562->569->570->573->593->600->602->615->628->637->642->658->668->694->700->713->721->734->745->748->749->753->763->765->764->766->783->793->816->821->826->830->985->991->995,995->1000
ACO,N1000_C6_I1.dat,1000,3252,50,988,1000,0.9,0.5,20.5,0.9,1,985,0.4404999999999999,0.1733,0.0347,13.61,0.8748573383610411,26.429999999999993,2.0820000000000003,28.511999999999993,13.61,27.021799999999995,6975.964,988->981->877->874->865->861->857->856->851->818->813->810->812->805->786->762->776->757->755->741->725->715->711->723->705->696->691->697->689->687->681->674->667->661->659->657->636->609->599->592->588->576->574->586->568->575->564->560->549->547->545->543->540->538->561->532->542->534->539->526->525->527->508->501->476->469->463->467->450->436->430->415->408->393->387->372->375->371->362->373->356->350->353->348->346->349->334->337->331->329->324->321->309->298->296->289->284->266->262->259->254->235->233->232->244->230->229->217->228->210->206->209->201->198->196->193->190->183->178->174->168->164->163->162->155->169->153->147->132->130->120->92->52->51->60->48->64->62->59->55->37->31->25->36->46->35->23->21->1->5->6->10->13->14->15->24->19->28->22->30->34->54->53->89->49->85->100->119->114->122->123->125->133->134->181->191->143->146->156->166->158->173->185->192->204->202->260->265->263->268->275->288->290->293->306->317->358->363->379->384->394->407->396->397->401->406->398->403->413->440->449->455->460->461->462->471->482->497->517->518->536->537->546->551->553->555->562->569->570->573->593->600->602->615->628->637->642->658->668->694->700->713->721->734->745->748->749->753->763->765->764->766->783->784->793->816->821->826->830->944->946->948->976->978->985,985->1000
ACO,N1000_C7_I1.dat,1000,3252,50,988,1000,0.9,0.5,20.5,0.9,1,995,0.1466000000000001,0.12,0.024,17.51,0.7335768275635774,8.796000000000005,1.44,10.236000000000004,17.51,10.963400000000004,6435.64,988->877->874->865->857->856->851->813->810->812->805->786->762->761->757->755->725->715->711->723->705->696->691->697->689->687->681->674->667->659->657->636->609->599->592->588->576->574->586->568->575->564->560->549->547->545->543->540->538->561->548->542->534->539->526->525->527->508->501->476->469->463->467->450->436->430->408->393->387->372->375->371->362->373->356->350->353->348->346->349->334->337->331->329->324->321->309->298->296->289->284->266->262->259->254->235->233->232->230->229->217->228->210->206->209->201->198->196->193->190->183->178->174->168->164->163->162->155->169->153->147->132->130->120->117->112->105->96->88->50->48->47->43->42->41->40->56->38->55->37->31->25->36->46->35->23->21->1->5->6->10->11->15->24->19->28->22->30->34->54->53->89->49->85->100->119->114->122->123->125->133->134->143->146->156->166->158->173->185->197->204->202->260->265->263->275->288->290->293->306->317->358->363->379->384->394->407->396->397->401->406->398->403->413->440->449->455->460->468->471->482->497->517->518->537->546->551->553->555->562->569->570->573->593->600->602->615->628->637->642->658->668->694->700->713->721->734->745->748->749->753->763->764->766->783->793->816->821->826->830->985->991->995,995->1000
ACO,N1000_C8_I1.dat,1000,3252,50,988,1000,0.1,0.5,20.5,0.1,1,995,0.1466000000000001,0.12,0.024,17.51,0.7335768275635774,8.796000000000005,1.44,10.236000000000004,17.51,16.782600000000002,7383.445,988->877->874->865->857->856->851->813->810->812->805->786->762->761->757->755->725->715->711->723->705->696->691->697->689->687->681->674->667->659->657->636->609->599->592->588->576->574->586->568->575->564->560->549->547->545->543->540->538->561->548->542->534->539->526->525->527->508->501->476->469->463->467->450->436->430->408->393->387->372->375->371->362->373->356->350->353->348->346->349->334->337->331->329->324->321->309->298->296->289->284->266->262->259->254->235->233->232->230->229->217->228->210->206->209->201->198->196->193->190->183->178->174->168->164->163->162->155->169->153->147->132->130->120->117->112->105->96->88->50->48->47->43->42->41->40->56->38->55->37->31->25->36->46->35->23->21->1->5->6->10->11->15->24->19->28->22->30->34->54->53->89->49->85->100->119->114->122->123->125->133->134->143->146->156->166->158->173->185->197->204->202->260->265->263->275->288->290->293->306->317->358->363->379->384->394->407->396->397->401->406->398->403->413->440->449->455->460->468->471->482->497->517->518->537->546->551->553->555->562->569->570->573->593->600->602->615->628->637->642->658->668->694->700->713->721->734->745->748->749->753->763->764->766->783->793->816->821->826->830->985->991->995,995->1000
ACO,N1000_C9_I1.dat,1000,3252,50,988,1000,0.9,0.5,15.0,0.9,1,985,0.14570000000000008,0.1733,0.0347,13.61,0.826960864237789,8.742000000000004,2.0820000000000003,10.824000000000005,13.61,11.102600000000004,7128.306,988->877->874->865->857->856->851->813->810->812->805->786->762->761->757->755->725->715->711->723->705->696->691->697->689->687->681->674->667->659->657->636->609->599->592->588->576->574->586->568->575->564->560->549->547->545->543->540->538->561->548->542->534->539->526->525->527->508->501->476->469->463->467->450->436->430->408->393->387->372->375->371->362->373->356->350->353->348->346->349->334->337->331->329->324->321->309->298->296->289->284->266->262->259->254->235->233->232->230->229->217->228->210->206->209->201->198->196->193->190->183->178->174->168->164->163->162->155->169->153->147->132->130->120->117->112->105->96->88->50->48->47->43->42->41->40->56->38->55->37->31->25->36->46->35->23->21->1->5->6->10->11->15->24->19->28->22->30->34->54->53->89->49->85->100->119->114->122->123->125->133->134->143->146->156->166->158->173->185->197->204->202->260->265->263->275->288->290->293->306->317->358->363->379->384->394->407->396->397->401->406->398->403->413->440->449->455->460->468->471->482->497->517->518->537->546->551->553->555->562->569->570->573->593->600->602->615->628->637->642->658->668->694->700->713->721->734->745->748->749->753->763->764->766->783->793->816->821->826->830->985,985->1000
ACO,N1000_C10_I1.dat,1000,3252,50,988,1000,0.9,0.5,20.5,0.9,1,995,0.1466000000000001,0.12,0.024,18.16,0.9106652587117212,8.796000000000005,1.44,10.236000000000004,18.16,11.028400000000003,7223.136,988->877->874->865->857->856->851->813->810->812->805->786->762->761->757->755->725->715->711->723->705->696->691->697->689->687->681->674->667->659->657->636->609->599->592->588->576->574->586->568->575->564->560->549->547->545->543->540->538->561->548->542->534->539->526->525->527->508->501->476->469->463->467->450->436->430->408->393->387->372->375->371->362->373->356->350->353->348->346->349->334->337->331->329->324->321->309->298->296->289->284->266->262->259->254->235->233->232->230->229->217->228->210->206->209->201->198->196->193->190->183->178->174->168->164->163->162->155->169->153->147->132->130->120->117->112->105->96->88->50->48->47->43->42->41->40->56->38->55->37->31->25->36->46->35->23->21->1->5->6->10->11->15->24->19->28->22->30->34->54->53->89->49->85->100->119->114->122->123->125->133->134->143->146->156->166->158->173->185->197->204->202->260->265->263->275->288->290->293->306->317->358->363->379->384->394->407->396->397->401->406->398->403->413->440->449->455->460->468->471->482->497->517->518->537->546->551->553->555->562->569->570->573->593->600->602->615->628->637->642->658->668->694->700->713->721->734->745->748->749->753->763->764->766->783->793->816->821->826->830->985->991->995,995->1000
ACO,N1500_C1_I1.dat,1500,4728,75,1492,1500,0.9,0.5,20.5,0.9,1,1499,0.17320000000000008,0.12,0.024,15.86,12.234800000000005,10.392000000000005,1.44,11.832000000000004,15.86,12.234800000000005,5307.007,1492->1490->1298->1290->1281->1274->1270->1279->1262->1257->1254->1234->1219->1206->1228->1203->1194->1197->1177->1170->1153->1152->1149->1142->1134->1130->1125->1117->1113->1129->1111->1099->1089->1075->1069->1065->1064->1063->1051->1042->1039->1050->1037->1036->1027->1006->988->981->969->929->924->917->912->907->904->903->896->892->905->888->885->878->877->874->865->857->856->851->813->810->812->805->786->762->761->757->755->741->725->715->711->723->705->696->691->697->689->687->681->674->667->659->657->636->609->599->592->588->576->574->586->568->575->564->560->549->547->545->543->540->538->561->548->542->534->539->526->525->527->508->501->476->469->463->467->450->436->430->415->408->393->387->372->371->362->373->356->350->353->348->346->344->334->337->331->329->324->321->309->298->296->289->284->266->262->259->254->235->233->232->230->229->217->228->210->206->209->201->198->196->193->190->183->178->174->168->164->163->162->155->169->153->117->115->79->57->52->51->74->62->59->55->37->31->25->36->46->35->23->21->1->5->6->10->11->15->24->19->28->22->30->34->54->53->89->49->85->111->119->114->122->123->125->133->134->181->143->146->156->166->158->173->185->197->204->202->260->263->275->288->290->293->306->317->358->363->379->384->394->407->396->397->401->406->398->403->413->440->449->455->460->468->471->482->497->517->518->537->546->551->553->555->562->569->570->573->593->600->602->615->628->637->642->658->668->694->700->713->721->734->745->748->749->753->763->765->764->766->783->784->791->815->816->821->826->830->839->842->849->852->860->864->866->867->870->880->882->889->887->893->894->910->933->944->946->948->976->978->985->991->995->1017->1024->1031->1071->1077->1079->1091->1100->1110->1120->1122->1139->1167->1168->1173->1175->1178->1192->1204->1182->1184->1193->1205->1210->1223->1229->1230->1241->1232->1237->1242->1244->1251->1269->1275->1278->1296->1322->1330->1348->1364->1353->1358->1361->1362->1368->1379->1381->1387->1390->1403->1417->1434->1426->1428->1453->1462->1463->1481->1499,1499->1500
ACO,N1500_C2_I1.dat,1500,5226,75,1492,1500,0.9,0.5,20.5,0.9,1,1499,0.14170000000000005,0.12,0.024,15.86,0.7054770742179435,8.502000000000002,1.44,9.942000000000002,15.86,10.533800000000003,2966.403,1492->1490->1298->1290->1281->1274->1270->1042->1039->1050->1037->1036->1027->1006->715->711->508->501->476->469->463->467->450->436->430->415->408->393->387->372->371->362->373->356->350->353->348->346->344->334->337->331->329->324->321->309->298->296->289->284->266->262->120->90->50->48->47->43->42->41->40->56->195->482->497->517->518->537->546->766->783->784->791->815->816->1079->1091->1100->1110->1120->1122->1139->1167->1168->1390->1403->1417->1434->1428->1453->1462->1463->1481->1499,1499->1500
ACO,N1500_C3_I1.dat,1500,4878,150,1492,1500,0.9,0.5,20.5,0.9,1,1499,0.17370000000000005,0.12,0.024,15.86,0.7497770402476229,10.422000000000002,1.44,11.862000000000002,15.86,12.261800000000003,14677.676,1492->1490->1298->1290->1281->1274->1270->1279->1262->1257->1254->1234->1219->1206->1228->1203->1194->1197->1177->1170->1153->1152->1149->1142->1134->1130->1125->1117->1113->1129->1111->1099->1089->1075->1069->1065->1064->1063->1051->1042->1039->1050->1037->1036->1027->1006->988->981->969->929->924->917->912->907->904->903->896->892->905->888->885->878->877->874->865->857->856->851->813->810->812->805->786->762->761->757->755->741->725->715->711->723->705->696->691->697->689->687->681->674->667->659->657->636->609->599->592->588->576->574->586->568->575->564->560->549->547->545->543->540->538->561->548->542->534->539->526->525->527->508->501->476->469->463->467->450->436->430->415->408->393->387->372->371->362->373->356->350->353->348->346->344->334->337->331->329->324->321->309->298->296->289->284->266->262->259->254->235->233->232->230->229->217->228->210->206->209->201->198->196->193->190->183->178->174->168->164->163->162->155->169->153->117->115->79->57->52->51->74->62->59->55->37->31->25->36->46->35->23->21->1->5->6->10->11->15->24->19->28->22->30->34->54->53->89->49->85->111->119->114->122->123->125->133->134->181->143->146->156->166->158->173->185->197->204->202->260->263->275->288->290->293->306->317->358->363->379->384->394->407->396->397->401->406->398->403->413->440->449->455->460->468->471->482->497->517->518->537->546->551->553->555->562->569->570->573->593->600->602->615->628->637->642->658->668->694->700->713->721->734->745->748->749->753->763->765->764->766->783->784->791->815->816->821->826->830->839->842->849->852->860->864->866->867->870->880->882->889->887->893->894->910->933->944->946->948->976->978->985->991->995->1017->1024->1031->1071->1077->1079->1091->1100->1110->1120->1122->1139->1167->1168->1173->1175->1178->1192->1204->1182->1184->1193->1205->1210->1223->1229->1230->1241->1232->1237->1242->1244->1251->1269->1275->1278->1296->1322->1330->1348->1364->1353->1358->1361->1362->1368->1379->1382->1387->1390->1403->1417->1434->1426->1428->1453->1462->1463->1481->1499,1499->1500
ACO,N1500_C4_I1.dat,1500,4728,75,1492,1500,0.9,1.0,20.5,0.9,1,1497,0.16990000000000008,0.1288,0.0258,15.93,0.5742677907128664,10.194000000000004,1.548,11.742000000000004,15.93,12.160800000000004,11771.416,1492->1490->1298->1290->1281->1274->1270->1279->1262->1257->1254->1234->1219->1206->1228->1203->1194->1197->1177->1170->1153->1152->1149->1142->1134->1130->1125->1117->1113->1129->1111->1099->1089->1075->1069->1065->1064->1063->1051->1042->1039->1050->1037->1036->1027->1006->988->981->969->929->924->917->912->907->904->903->896->892->905->888->885->878->877->874->865->857->856->851->813->810->812->805->786->762->761->757->755->741->725->715->711->723->705->696->691->697->689->687->681->674->667->659->657->636->609->599->592->588->576->574->586->568->575->564->560->549->547->545->543->540->538->561->548->542->534->539->526->525->527->508->501->476->469->463->467->450->436->430->415->408->393->387->372->371->362->373->356->350->353->348->346->349->334->337->331->329->324->321->309->298->296->289->284->266->262->259->254->235->233->232->230->229->217->228->210->206->209->201->198->196->193->190->183->178->174->168->164->163->162->155->169->153->117->115->79->57->52->51->74->62->59->55->37->31->25->36->46->35->23->21->1->5->6->10->11->15->24->19->28->22->30->34->54->53->89->49->85->111->119->114->122->123->125->133->134->181->143->146->156->166->158->173->185->197->204->202->260->263->275->288->290->293->306->317->358->363->379->384->394->407->396->397->401->406->398->403->413->440->449->455->460->468->471->482->497->517->518->537->546->551->553->555->562->569->570->573->593->600->602->615->628->637->642->658->668->694->700->713->721->734->745->748->749->753->763->765->764->766->783->784->791->815->816->821->826->830->839->842->849->852->860->864->866->867->870->880->882->889->887->893->894->910->933->944->946->948->976->978->985->991->995->1017->1024->1031->1071->1077->1079->1091->1100->1110->1120->1122->1139->1167->1168->1173->1175->1189->1192->1204->1182->1184->1193->1205->1210->1223->1229->1230->1241->1232->1237->1242->1244->1251->1269->1481->1497,1497->1500
ACO,N1500_C5_I1.dat,1500,4728,75,1492,1500,0.9,0.5,20.5,0.9,1,1463,0.23820000000000024,0.1857,0.0371,11.18,0.8035966239302894,14.292000000000014,2.226,16.518000000000015,11.18,15.984200000000014,13572.283,1492->1490->1298->1290->1281->1274->1270->1279->1262->1257->1254->1252->1219->1206->1228->1203->1194->1197->1183->1177->1170->1153->1152->1149->1142->1134->1130->1125->1117->1113->1129->1111->1099->1089->1075->1069->1065->1064->1063->1051->1042->1039->1050->1037->1036->1027->1006->988->981->969->929->924->917->912->907->904->903->896->892->905->888->885->878->877->874->865->857->856->851->818->813->810->812->805->786->762->761->757->755->725->715->711->708->705->696->691->697->689->687->681->674->667->659->657->636->609->599->592->588->576->574->586->568->575->564->560->549->547->545->543->540->538->561->532->542->534->539->526->525->527->508->501->476->469->463->450->437->436->430->408->393->387->372->375->371->362->373->356->350->353->348->346->344->334->337->331->329->324->321->309->298->299->289->284->266->262->259->254->235->233->232->230->229->217->228->210->206->209->201->198->196->193->190->183->178->174->168->164->163->175->169->153->117->105->96->92->90->60->48->47->42->41->40->56->39->38->55->37->31->25->36->46->35->23->21->1->5->6->13->14->15->24->19->28->22->30->34->54->53->89->49->85->111->119->114->122->123->125->133->134->181->143->146->156->166->158->173->185->192->204->202->260->263->275->288->290->293->306->317->358->363->379->384->394->407->396->397->401->406->398->403->413->440->449->455->460->468->462->471->482->497->517->518->536->537->546->551->553->555->562->569->570->573->593->600->602->615->628->637->642->658->668->694->700->713->721->734->745->748->749->753->763->764->766->783->784->791->815->816->821->826->830->839->842->849->852->860->864->866->867->870->880->882->889->887->893->894->910->933->944->946->948->976->978->985->991->995->1017->1024->1031->1071->1077->1079->1091->1100->1110->1120->1122->1139->1167->1168->1173->1175->1178->1192->1204->1182->1184->1193->1205->1210->1223->1229->1230->1241->1232->1237->1242->1244->1251->1269->1417->1434->1426->1428->1453->1462->1463,1463->1500
ACO,N1500_C6_I1.dat,1500,4728,75,1492,1500,0.9,0.5,20.5,0.9,1,1463,0.5037000000000003,0.1857,0.0371,11.18,0.8743027924931612,30.222000000000016,2.226,32.448000000000015,11.18,30.32120000000001,10855.441,1492->1488->1495->1479->1298->1290->1281->1274->1270->1279->1262->1257->1254->1234->1219->1206->1212->1203->1194->1197->1177->1170->1153->1152->1149->1142->1134->1130->1125->1117->1113->1129->1111->1105->1099->1089->1075->1069->1065->1064->1063->1051->1042->1039->1050->1037->1036->1027->1006->988->981->969->929->924->917->912->907->904->903->896->892->905->888->885->878->877->874->865->857->856->851->818->813->810->812->805->786->762->761->757->755->725->715->711->723->705->696->691->697->698->689->687->681->674->667->659->657->636->609->599->592->588->576->574->586->568->575->564->560->549->547->545->543->540->538->561->548->542->530->539->526->525->527->508->501->476->469->463->450->436->430->415->408->393->387->372->371->362->373->356->350->353->348->346->344->334->337->331->329->324->321->309->298->299->289->284->266->262->259->254->235->233->232->244->230->229->217->228->210->206->209->201->198->196->193->190->183->178->174->168->164->163->175->169->153->147->110->92->90->50->48->47->42->41->81->77->69->68->63->21->1->9->10->13->14->15->24->19->28->22->30->34->54->29->49->85->100->119->114->122->123->125->133->134->181->143->146->156->166->158->173->185->197->204->202->260->263->275->288->290->293->306->317->358->363->379->384->394->407->396->397->401->406->398->403->413->440->449->455->460->468->471->482->495->497->517->518->536->537->546->551->553->555->562->569->570->573->593->600->602->615->628->637->642->658->668->694->700->709->713->721->734->745->748->749->753->763->764->766->783->784->791->815->816->821->826->830->839->854->849->852->860->864->866->867->870->880->882->889->887->893->894->910->933->944->946->956->976->978->985->991->995->1017->1024->1031->1071->1077->1079->1091->1100->1110->1120->1116->1122->1139->1167->1168->1173->1175->1189->1192->1204->1182->1184->1193->1205->1210->1223->1229->1230->1241->1232->1237->1242->1244->1251->1269->1403->1417->1434->1428->1453->1462->1463,1463->1500
ACO,N1500_C7_I1.dat,1500,4728,75,1492,1500,0.9,0.5,20.5,0.9,1,1499,0.17370000000000005,0.12,0.024,15.86,0.7497770402476229,10.422000000000002,1.44,11.862000000000002,15.86,12.261800000000003,12436.809,1492->1490->1298->1290->1281->1274->1270->1279->1262->1257->1254->1234->1219->1206->1228->1203->1194->1197->1177->1170->1153->1152->1149->1142->1134->1130->1125->1117->1113->1129->1111->1099->1089->1075->1069->1065->1064->1063->1051->1042->1039->1050->1037->1036->1027->1006->988->981->969->929->924->917->912->907->904->903->896->892->905->888->885->878->877->874->865->857->856->851->813->810->812->805->786->762->761->757->755->741->725->715->711->723->705->696->691->697->689->687->681->674->667->659->657->636->609->599->592->588->576->574->586->568->575->564->560->549->547->545->543->540->538->561->548->542->534->539->526->525->527->508->501->476->469->463->467->450->436->430->415->408->393->387->372->371->362->373->356->350->353->348->346->344->334->337->331->329->324->321->309->298->296->289->284->266->262->259->254->235->233->232->230->229->217->228->210->206->209->201->198->196->193->190->183->178->174->168->164->163->162->155->169->153->117->115->79->57->52->51->74->62->59->55->37->31->25->36->46->35->23->21->1->5->6->10->11->15->24->19->28->22->30->34->54->53->89->49->85->111->119->114->122->123->125->133->134->181->143->146->156->166->158->173->185->197->204->202->260->263->275->288->290->293->306->317->358->363->379->384->394->407->396->397->401->406->398->403->413->440->449->455->460->468->471->482->497->517->518->537->546->551->553->555->562->569->570->573->593->600->602->615->628->637->642->658->668->694->700->713->721->734->745->748->749->753->763->765->764->766->783->784->791->815->816->821->826->830->839->842->849->852->860->864->866->867->870->880->882->889->887->893->894->910->933->944->946->948->976->978->985->991->995->1017->1024->1031->1071->1077->1079->1091->1100->1110->1120->1122->1139->1167->1168->1173->1175->1178->1192->1204->1182->1184->1193->1205->1210->1223->1229->1230->1241->1232->1237->1242->1244->1251->1269->1275->1278->1296->1322->1330->1348->1364->1353->1358->1361->1362->1368->1379->1382->1387->1390->1403->1417->1434->1426->1428->1453->1462->1463->1481->1499,1499->1500
ACO,N1500_C8_I1.dat,1500,4728,75,1492,1500,0.1,0.5,20.5,0.1,1,1499,0.17370000000000005,0.12,0.024,15.86,0.7497770402476229,10.422000000000002,1.44,11.862000000000002,15.86,15.460199999999999,11913.987,1492->1490->1298->1290->1281->1274->1270->1279->1262->1257->1254->1234->1219->1206->1228->1203->1194->1197->1177->1170->1153->1152->1149->1142->1134->1130->1125->1117->1113->1129->1111->1099->1089->1075->1069->1065->1064->1063->1051->1042->1039->1050->1037->1036->1027->1006->988->981->969->929->924->917->912->907->904->903->896->892->905->888->885->878->877->874->865->857->856->851->813->810->812->805->786->762->761->757->755->741->725->715->711->723->705->696->691->697->689->687->681->674->667->659->657->636->609->599->592->588->576->574->586->568->575->564->560->549->547->545->543->540->538->561->548->542->534->539->526->525->527->508->501->476->469->463->467->450->436->430->415->408->393->387->372->371->362->373->356->350->353->348->346->344->334->337->331->329->324->321->309->298->296->289->284->266->262->259->254->235->233->232->230->229->217->228->210->206->209->201->198->196->193->190->183->178->174->168->164->163->162->155->169->153->117->115->79->57->52->51->74->62->59->55->37->31->25->36->46->35->23->21->1->5->6->10->11->15->24->19->28->22->30->34->54->53->89->49->85->111->119->114->122->123->125->133->134->181->143->146->156->166->158->173->185->197->204->202->260->263->275->288->290->293->306->317->358->363->379->384->394->407->396->397->401->406->398->403->413->440->449->455->460->468->471->482->497->517->518->537->546->551->553->555->562->569->570->573->593->600->602->615->628->637->642->658->668->694->700->713->721->734->745->748->749->753->763->765->764->766->783->784->791->815->816->821->826->830->839->842->849->852->860->864->866->867->870->880->882->889->887->893->894->910->933->944->946->948->976->978->985->991->995->1017->1024->1031->1071->1077->1079->1091->1100->1110->1120->1122->1139->1167->1168->1173->1175->1178->1192->1204->1182->1184->1193->1205->1210->1223->1229->1230->1241->1232->1237->1242->1244->1251->1269->1275->1278->1296->1322->1330->1348->1364->1353->1358->1361->1362->1368->1379->1382->1387->1390->1403->1417->1434->1426->1428->1453->1462->1463->1481->1499,1499->1500
ACO,N1500_C9_I1.dat,1500,4728,75,1492,1500,0.9,0.5,15.0,0.9,1,1463,0.16950000000000007,0.1857,0.0371,11.18,0.7923982954200006,10.170000000000003,2.226,12.396000000000004,11.18,12.274400000000005,12824.36,1492->1490->1298->1290->1281->1274->1270->1279->1262->1257->1254->1234->1219->1206->1228->1203->1194->1197->1177->1170->1153->1152->1149->1142->1134->1130->1125->1117->1113->1129->1111->1099->1089->1075->1069->1065->1064->1063->1051->1042->1039->1050->1037->1036->1027->1006->988->981->969->929->924->917->912->907->904->903->896->892->905->888->885->878->877->874->865->857->856->851->813->810->812->805->786->762->761->757->755->741->725->715->711->723->705->696->691->697->689->687->681->674->667->659->657->636->609->599->592->588->576->574->586->568->575->564->560->549->547->545->543->540->538->561->548->542->534->539->526->525->527->508->501->476->469->463->467->450->436->430->415->408->393->387->372->371->362->373->356->350->353->348->346->344->334->337->331->329->324->321->309->298->296->289->284->266->262->259->254->235->233->232->230->229->217->228->210->206->209->201->198->196->193->190->183->178->174->168->164->163->162->155->169->153->117->115->79->57->52->51->74->62->59->55->37->31->25->36->46->35->23->21->1->5->6->10->11->15->24->19->28->22->30->34->54->53->89->49->85->111->119->114->122->123->125->133->134->181->143->146->156->166->158->173->185->192->204->202->260->263->275->288->290->293->306->317->358->363->379->384->394->407->396->397->401->406->398->403->413->440->449->455->460->468->471->482->497->517->518->537->546->551->553->555->562->569->570->573->593->600->602->615->628->637->642->658->668->694->700->713->721->734->745->748->749->753->763->765->764->766->783->784->791->815->816->821->826->830->839->842->849->852->860->864->866->867->870->880->882->889->887->893->894->910->933->944->946->948->976->978->985->991->995->1017->1024->1031->1071->1077->1079->1091->1100->1110->1120->1122->1139->1167->1168->1173->1175->1189->1192->1204->1182->1184->1193->1205->1210->1223->1229->1230->1241->1232->1237->1242->1244->1251->1269->1453->1462->1463,1463->1500
ACO,N1500_C10_I1.dat,1500,4728,75,1492,1500,0.9,0.5,20.5,0.9,1,1463,0.16950000000000007,0.1857,0.0371,18.67,0.8106074477529825,10.170000000000003,2.226,12.396000000000004,18.67,13.023400000000004,12118.995,1492->1490->1298->1290->1281->1274->1270->1279->1262->1257->1254->1234->1219->1206->1228->1203->1194->1197->1177->1170->1153->1152->1149->1142->1134->1130->1125->1117->1113->1129->1111->1099->1089->1075->1069->1065->1064->1063->1051->1042->1039->1050->1037->1036->1027->1006->988->981->969->929->924->917->912->907->904->903->896->892->905->888->885->878->877->874->865->857->856->851->813->810->812->805->786->762->761->757->755->741->725->715->711->723->705->696->691->697->689->687->681->674->667->659->657->636->609->599->592->588->576->574->586->568->575->564->560->549->547->545->543->540->538->561->548->542->534->539->526->525->527->508->501->476->469->463->467->450->436->430->415->408->393->387->372->371->362->373->356->350->353->348->346->344->334->337->331->329->324->321->309->298->296->289->284->266->262->259->254->235->233->232->230->229->217->228->210->206->209->201->198->196->193->190->183->178->174->168->164->163->162->155->169->153->117->115->79->57->52->51->74->62->59->55->37->31->25->36->46->35->23->21->1->5->6->10->11->15->24->19->28->22->30->34->54->53->89->49->85->111->119->114->122->123->125->133->134->181->143->146->156->166->158->173->185->192->204->202->260->263->275->288->290->293->306->317->358->363->379->384->394->407->396->397->401->406->398->403->413->440->449->455->460->468->471->482->497->517->518->537->546->551->553->555->562->569->570->573->593->600->602->615->628->637->642->658->668->694->700->713->721->734->745->748->749->753->763->765->764->766->783->784->791->815->816->821->826->830->839->842->849->852->860->864->866->867->870->880->882->889->887->893->894->910->933->944->946->948->976->978->985->991->995->1017->1024->1031->1071->1077->1079->1091->1100->1110->1120->1122->1139->1167->1168->1173->1175->1189->1192->1204->1182->1184->1193->1205->1210->1223->1229->1230->1241->1232->1237->1242->1244->1251->1269->1453->1462->1463,1463->1500
ACO,N2000_C1_I1.dat,2000,6198,100,1968,2000,0.9,0.5,20.5,0.9,1,1982,0.18700000000000017,0.178,0.0356,8.14,12.834400000000008,11.22000000000001,2.136,13.356000000000009,8.14,12.834400000000008,8428.584,1968->1955->1807->1789->1788->1781->1779->1774->1784->1780->1778->1766->1764->1740->1736->1735->1731->1718->1713->1707->1693->1681->1677->1672->1665->1664->1655->1649->1643->1637->1628->1610->1587->1579->1552->1550->1548->1530->1537->1525->1492->1490->1488->1495->1479->1486->1471->1465->1460->1430->1423->1406->1401->1391->1384->1380->1374->1373->1369->1359->1355->1344->1311->1301->1310->1298->1290->1281->1274->1270->1279->1277->1262->1257->1254->1252->1234->1219->1206->1228->1212->1203->1194->1197->1177->1170->1153->1152->1149->1142->1134->1130->1125->1117->1113->1129->1111->1099->1089->1075->1069->1065->1064->1063->1051->1042->1039->1050->1037->1036->1027->1006->988->981->969->929->924->917->912->904->903->896->892->905->888->885->878->877->874->865->861->857->856->851->818->813->810->812->805->786->762->776->757->755->725->715->711->708->705->696->691->697->698->689->687->681->674->667->659->657->636->609->599->592->588->576->574->586->568->575->564->560->549->547->545->543->540->538->561->548->542->534->539->526->525->527->508->501->476->469->463->467->450->436->430->415->408->393->387->372->375->371->362->373->356->350->365->348->346->344->334->337->331->329->324->321->309->298->296->289->284->266->262->259->254->235->233->232->230->229->217->228->210->206->209->201->198->196->193->190->183->178->174->168->164->163->162->155->169->108->105->51->50->48->47->43->42->77->69->68->63->21->1->9->10->11->15->24->19->28->22->30->34->54->53->89->49->85->100->119->114->122->123->125->133->134->181->143->146->156->166->158->173->185->197->204->202->260->263->275->288->290->293->306->317->358->363->379->384->394->407->396->397->401->406->398->403->413->440->449->455->460->468->462->471->482->497->517->518->537->546->551->553->555->562->569->570->573->593->600->602->615->628->637->642->658->668->694->700->713->721->734->745->748->749->753->763->765->764->766->783->784->791->815->816->821->826->830->839->842->849->852->860->864->866->867->870->880->882->889->887->893->894->910->933->944->946->948->976->978->985->991->995->1017->1024->1031->1071->1077->1079->1091->1100->1110->1120->1122->1139->1167->1168->1181->1175->1189->1192->1204->1182->1184->1193->1205->1210->1223->1229->1230->1241->1232->1237->1242->1244->1251->1269->1275->1278->1296->1322->1330->1348->1364->1353->1358->1361->1362->1368->1379->1381->1387->1390->1403->1417->1434->1428->1453->1462->1463->1481->1497->1500->1502->1503->1508->1510->1512->1531->1518->1528->1540->1542->1554->1555->1568->1576->1582->1583->1594->1586->1588->1599->1618->1593->1601->1604->1607->1616->1620->1633->1641->1680->1688->1719->1739->1751->1982,1982->2000
ACO,N2000_C2_I1.dat,2000,6864,100,1968,2000,0.9,0.5,20.5,0.9,1,1982,0.1535,0.178,0.0356,8.14,0.7355975723622783,9.209999999999999,2.136,11.346,8.14,11.025400000000001,14645.014,1968->1955->1807->1789->1788->1488->1495->1479->1486->1471->1465->1460->1152->1149->1142->1134->1130->1125->1117->1113->1129->1111->1099->1089->1075->1069->1065->1064->1063->1051->1042->1039->1050->1037->1036->1027->1006->988->981->969->929->924->917->912->904->903->896->892->905->888->575->564->560->549->547->545->543->540->538->561->548->542->534->259->254->235->233->232->230->229->217->50->48->47->43->42->41->40->56->38->265->263->275->288->290->293->306->317->358->363->379->384->394->407->396->397->401->406->398->403->413->440->449->455->460->468->753->763->765->764->766->783->784->791->815->816->821->826->830->839->842->849->852->860->1184->1502->1782->1785->1818->1821->1823->1824->1857->1861->1871->1890->1907->1906->1940->1941->1951->1969->1980->1978->1982,1982->2000
ACO,N2000_C3_I1.dat,2000,6392,197,1968,2000,0.9,0.5,20.5,0.9,1,1982,0.18700000000000017,0.178,0.0356,8.14,0.7546015830574656,11.22000000000001,2.136,13.356000000000009,8.14,12.834400000000008,19612.533,1968->1955->1807->1789->1788->1781->1779->1774->1784->1780->1778->1766->1764->1740->1736->1735->1731->1718->1713->1707->1693->1681->1677->1672->1665->1664->1655->1649->1643->1637->1628->1610->1587->1579->1552->1550->1548->1530->1537->1525->1492->1490->1488->1495->1479->1486->1471->1465->1460->1430->1423->1406->1401->1391->1384->1380->1374->1373->1369->1359->1355->1344->1311->1301->1310->1298->1290->1281->1274->1270->1279->1277->1262->1257->1254->1252->1234->1219->1206->1228->1212->1203->1194->1197->1177->1170->1153->1152->1149->1142->1134->1130->1125->1117->1113->1129->1111->1099->1089->1075->1069->1065->1064->1063->1051->1042->1039->1050->1037->1036->1027->1006->988->981->969->929->924->917->912->904->903->896->892->905->888->885->878->877->874->865->861->857->856->851->818->813->810->812->805->786->762->776->757->755->725->715->711->708->705->696->691->697->698->689->687->681->674->667->659->657->636->609->599->592->588->576->574->586->568->575->564->560->549->547->545->543->540->538->561->548->542->534->539->526->525->527->508->501->476->469->463->467->450->436->430->415->408->393->387->372->375->371->362->373->356->350->365->348->346->344->334->337->331->329->324->321->309->298->296->289->284->266->262->259->254->235->233->232->230->229->217->228->210->206->209->201->198->196->193->190->183->178->174->168->164->163->162->155->169->108->105->51->50->48->47->43->42->77->69->68->63->21->1->9->10->11->15->24->19->28->22->30->34->54->53->89->49->85->100->119->114->122->123->125->133->134->181->143->146->156->166->158->173->185->197->204->202->260->263->275->288->290->293->306->317->358->363->379->384->394->407->396->397->401->406->398->403->413->440->449->455->460->468->462->471->482->497->517->518->537->546->551->553->555->562->569->570->573->593->600->602->615->628->637->642->658->668->694->700->713->721->734->745->748->749->753->763->765->764->766->783->784->791->815->816->821->826->830->839->842->849->852->860->864->866->867->870->880->882->889->887->893->894->910->933->944->946->948->976->978->985->991->995->1017->1024->1031->1071->1077->1079->1091->1100->1110->1120->1122->1139->1167->1168->1181->1175->1189->1192->1204->1182->1184->1193->1205->1210->1223->1229->1230->1241->1232->1237->1242->1244->1251->1269->1275->1278->1296->1322->1330->1348->1364->1353->1358->1361->1362->1368->1379->1381->1387->1390->1403->1417->1434->1428->1453->1462->1463->1481->1497->1500->1502->1503->1508->1510->1512->1531->1518->1528->1540->1542->1554->1555->1568->1576->1582->1583->1594->1586->1588->1599->1618->1593->1601->1604->1607->1616->1620->1633->1641->1680->1688->1719->1739->1751->1982,1982->2000
ACO,N2000_C4_I1.dat,2000,6198,100,1968,2000,0.9,1.0,20.5,0.9,1,1982,0.18700000000000017,0.178,0.0356,8.14,0.5802901557132142,11.22000000000001,2.136,13.356000000000009,8.14,12.834400000000008,17966.886,1968->1955->1807->1789->1788->1781->1779->1774->1784->1780->1778->1766->1764->1740->1736->1735->1731->1718->1713->1707->1693->1681->1677->1672->1665->1664->1655->1649->1643->1637->1628->1610->1587->1579->1552->1550->1548->1530->1537->1525->1492->1490->1488->1495->1479->1486->1471->1465->1460->1430->1423->1406->1401->1391->1384->1380->1374->1373->1369->1359->1355->1344->1311->1301->1310->1298->1290->1281->1274->1270->1279->1277->1262->1257->1254->1252->1234->1219->1206->1228->1212->1203->1194->1197->1177->1170->1153->1152->1149->1142->1134->1130->1125->1117->1113->1129->1111->1099->1089->1075->1069->1065->1064->1063->1051->1042->1039->1050->1037->1036->1027->1006->988->981->969->929->924->917->912->904->903->896->892->905->888->885->878->877->874->865->861->857->856->851->818->813->810->812->805->786->762->776->757->755->725->715->711->708->705->696->691->697->698->689->687->681->674->667->659->657->636->609->599->592->588->576->574->586->568->575->564->560->549->547->545->543->540->538->561->548->542->534->539->526->525->527->508->501->476->469->463->467->450->436->430->415->408->393->387->372->375->371->362->373->356->350->365->348->346->344->334->337->331->329->324->321->309->298->296->289->284->266->262->259->254->235->233->232->230->229->217->228->210->206->209->201->198->196->193->190->183->178->174->168->164->163->162->155->169->108->105->51->50->48->47->43->42->77->69->68->63->21->1->9->10->11->15->24->19->28->22->30->34->54->53->89->49->85->100->119->114->122->123->125->133->134->181->143->146->156->166->158->173->185->197->204->202->260->263->275->288->290->293->306->317->358->363->379->384->394->407->396->397->401->406->398->403->413->440->449->455->460->468->462->471->482->497->517->518->537->546->551->553->555->562->569->570->573->593->600->602->615->628->637->642->658->668->694->700->713->721->734->745->748->749->753->763->765->764->766->783->784->791->815->816->821->826->830->839->842->849->852->860->864->866->867->870->880->882->889->887->893->894->910->933->944->946->948->976->978->985->991->995->1017->1024->1031->1071->1077->1079->1091->1100->1110->1120->1122->1139->1167->1168->1181->1175->1189->1192->1204->1182->1184->1193->1205->1210->1223->1229->1230->1241->1232->1237->1242->1244->1251->1269->1275->1278->1296->1322->1330->1348->1364->1353->1358->1361->1362->1368->1379->1381->1387->1390->1403->1417->1434->1428->1453->1462->1463->1481->1497->1500->1502->1503->1508->1510->1512->1531->1518->1528->1540->1542->1554->1555->1568->1576->1582->1583->1594->1586->1588->1599->1618->1593->1601->1604->1607->1616->1620->1633->1641->1680->1688->1719->1739->1751->1982,1982->2000
ACO,N2000_C5_I1.dat,2000,6198,100,1968,2000,0.9,0.5,20.5,0.9,1,1982,0.2661000000000004,0.178,0.0356,8.14,0.799689064663897,15.966000000000024,2.136,18.102000000000025,8.14,17.105800000000023,18561.662,1968->1955->1807->1789->1788->1781->1779->1774->1784->1780->1778->1767->1764->1740->1736->1735->1731->1718->1713->1707->1693->1681->1677->1672->1665->1673->1664->1655->1649->1643->1637->1628->1625->1610->1587->1579->1552->1550->1548->1530->1537->1525->1492->1490->1488->1495->1479->1486->1471->1465->1460->1430->1423->1406->1401->1391->1384->1380->1374->1373->1369->1359->1355->1344->1311->1301->1310->1298->1290->1281->1274->1270->1279->1262->1257->1254->1252->1234->1219->1206->1212->1203->1194->1197->1177->1170->1153->1152->1149->1142->1134->1130->1125->1117->1113->1129->1111->1099->1089->1075->1069->1065->1064->1063->1051->1042->1039->1050->1037->1036->1027->1006->988->981->969->929->924->917->912->904->903->896->892->905->888->885->878->877->874->865->861->857->856->851->813->810->805->786->762->761->757->755->725->715->711->708->705->696->691->697->689->687->681->674->667->659->657->636->609->599->592->588->576->574->586->568->575->564->560->549->547->545->543->540->538->561->548->542->534->539->526->525->527->508->501->476->469->463->467->450->436->430->408->393->387->372->375->371->362->373->356->350->353->348->346->344->334->337->331->329->324->321->309->298->296->289->284->266->262->259->254->235->233->232->230->229->217->228->210->206->209->201->198->196->193->190->183->178->174->168->164->163->130->120->79->57->52->51->50->48->47->43->42->41->40->56->38->55->37->31->25->36->46->35->23->21->1->5->6->10->11->15->24->19->28->22->30->34->54->53->89->49->85->100->119->114->122->123->125->133->134->181->143->146->156->166->158->173->185->192->204->202->260->263->275->288->290->293->306->317->358->363->379->384->394->407->396->397->401->406->398->403->413->440->449->453->455->460->468->471->482->497->517->518->536->537->546->551->553->555->562->569->570->573->593->600->602->615->628->637->642->658->668->694->700->713->721->734->745->748->749->753->763->765->764->766->783->784->791->815->816->821->826->830->839->842->849->852->860->864->866->867->870->880->882->889->887->893->894->910->933->944->946->956->976->978->985->991->995->1017->1024->1031->1071->1077->1079->1091->1100->1110->1120->1116->1122->1139->1167->1168->1181->1175->1178->1192->1204->1182->1184->1193->1205->1210->1223->1229->1230->1241->1232->1237->1242->1244->1251->1269->1275->1278->1296->1322->1330->1348->1364->1353->1358->1361->1362->1368->1379->1381->1387->1390->1403->1417->1434->1428->1453->1462->1463->1481->1497->1500->1502->1503->1508->1510->1512->1531->1518->1528->1540->1542->1554->1555->1568->1576->1582->1583->1594->1586->1590->1600->1618->1593->1601->1604->1607->1616->1620->1630->1633->1641->1680->1688->1719->1739->1751->1978->1982,1982->2000
ACO,N2000_C6_I1.dat,2000,6198,100,1968,2000,0.9,0.5,20.5,0.9,1,1982,0.5618000000000004,0.178,0.0356,8.14,0.8684379728841074,33.70800000000003,2.136,35.84400000000003,8.14,33.07360000000003,20522.021,1968->1955->1807->1789->1788->1781->1779->1774->1771->1780->1778->1766->1764->1740->1736->1735->1731->1718->1713->1707->1693->1681->1677->1672->1665->1673->1664->1655->1649->1640->1643->1637->1628->1610->1587->1579->1552->1550->1548->1547->1530->1537->1525->1492->1490->1488->1495->1479->1486->1471->1465->1460->1430->1423->1406->1401->1391->1384->1380->1374->1373->1369->1359->1355->1344->1311->1301->1310->1298->1290->1281->1274->1270->1279->1262->1257->1254->1252->1234->1219->1206->1228->1212->1203->1194->1197->1183->1177->1170->1153->1152->1149->1142->1134->1130->1125->1117->1113->1129->1111->1099->1089->1075->1069->1065->1064->1063->1051->1042->1039->1050->1037->1036->1027->1006->988->981->969->929->924->917->912->904->903->896->892->905->888->885->878->877->874->865->857->856->851->813->810->812->805->786->762->761->757->755->741->725->715->711->708->705->696->691->697->698->689->687->681->674->667->659->657->636->609->599->592->588->576->574->586->568->575->564->560->549->547->545->543->540->566->561->548->542->534->539->526->525->527->519->501->476->469->463->450->436->430->408->393->387->372->375->371->362->361->356->350->353->348->346->349->334->337->331->329->324->321->314->309->298->296->289->284->266->262->259->254->235->233->232->230->229->217->228->210->206->209->201->198->196->193->190->183->178->174->168->164->163->162->175->172->112->110->105->51->50->48->47->42->41->40->56->38->55->37->31->25->36->46->35->23->21->1->2->3->4->8->12->24->19->28->22->30->34->54->53->89->49->85->100->119->114->122->123->125->133->134->181->143->146->156->166->158->173->185->197->204->202->260->263->268->275->288->290->293->306->317->358->363->379->384->394->407->396->397->401->406->398->403->413->440->449->453->455->460->461->462->471->482->497->517->518->537->546->551->553->555->562->569->570->573->593->600->602->615->628->637->642->658->668->694->700->713->721->734->745->748->749->753->763->764->766->783->784->791->815->816->821->826->830->839->854->849->852->860->864->866->867->870->880->882->887->893->894->910->933->944->946->948->976->978->985->991->995->1017->1024->1031->1071->1077->1079->1091->1100->1110->1120->1122->1139->1167->1168->1181->1175->1189->1192->1180->1182->1184->1193->1205->1210->1223->1229->1230->1241->1232->1237->1242->1244->1251->1269->1275->1278->1296->1322->1330->1348->1364->1353->1358->1361->1362->1368->1379->1381->1387->1390->1403->1417->1434->1426->1428->1453->1462->1463->1481->1497->1500->1502->1503->1508->1510->1512->1531->1518->1528->1540->1542->1554->1555->1568->1576->1582->1583->1594->1586->1588->1599->1618->1593->1601->1595->1607->1616->1620->1630->1633->1641->1680->1688->1719->1739->1751->1980->1978->1982,1982->2000
ACO,N2000_C7_I1.dat,2000,6198,100,1968,2000,0.9,0.5,20.5,0.9,1,1982,0.18700000000000017,0.178,0.0356,8.14,0.7546015830574656,11.22000000000001,2.136,13.356000000000009,8.14,12.834400000000008,19438.552,1968->1955->1807->1789->1788->1781->1779->1774->1784->1780->1778->1766->1764->1740->1736->1735->1731->1718->1713->1707->1693->1681->1677->1672->1665->1664->1655->1649->1643->1637->1628->1610->1587->1579->1552->1550->1548->1530->1537->1525->1492->1490->1488->1495->1479->1486->1471->1465->1460->1430->1423->1406->1401->1391->1384->1380->1374->1373->1369->1359->1355->1344->1311->1301->1310->1298->1290->1281->1274->1270->1279->1277->1262->1257->1254->1252->1234->1219->1206->1228->1212->1203->1194->1197->1177->1170->1153->1152->1149->1142->1134->1130->1125->1117->1113->1129->1111->1099->1089->1075->1069->1065->1064->1063->1051->1042->1039->1050->1037->1036->1027->1006->988->981->969->929->924->917->912->904->903->896->892->905->888->885->878->877->874->865->861->857->856->851->818->813->810->812->805->786->762->776->757->755->725->715->711->708->705->696->691->697->698->689->687->681->674->667->659->657->636->609->599->592->588->576->574->586->568->575->564->560->549->547->545->543->540->538->561->548->542->534->539->526->525->527->508->501->476->469->463->467->450->436->430->415->408->393->387->372->375->371->362->373->356->350->365->348->346->344->334->337->331->329->324->321->309->298->296->289->284->266->262->259->254->235->233->232->230->229->217->228->210->206->209->201->198->196->193->190->183->178->174->168->164->163->162->155->169->108->105->51->50->48->47->43->42->77->69->68->63->21->1->9->10->11->15->24->19->28->22->30->34->54->53->89->49->85->100->119->114->122->123->125->133->134->181->143->146->156->166->158->173->185->197->204->202->260->263->275->288->290->293->306->317->358->363->379->384->394->407->396->397->401->406->398->403->413->440->449->455->460->468->462->471->482->497->517->518->537->546->551->553->555->562->569->570->573->593->600->602->615->628->637->642->658->668->694->700->713->721->734->745->748->749->753->763->765->764->766->783->784->791->815->816->821->826->830->839->842->849->852->860->864->866->867->870->880->882->889->887->893->894->910->933->944->946->948->976->978->985->991->995->1017->1024->1031->1071->1077->1079->1091->1100->1110->1120->1122->1139->1167->1168->1181->1175->1189->1192->1204->1182->1184->1193->1205->1210->1223->1229->1230->1241->1232->1237->1242->1244->1251->1269->1275->1278->1296->1322->1330->1348->1364->1353->1358->1361->1362->1368->1379->1381->1387->1390->1403->1417->1434->1428->1453->1462->1463->1481->1497->1500->1502->1503->1508->1510->1512->1531->1518->1528->1540->1542->1554->1555->1568->1576->1582->1583->1594->1586->1588->1599->1618->1593->1601->1604->1607->1616->1620->1633->1641->1680->1688->1719->1739->1751->1982,1982->2000
ACO,N2000_C8_I1.dat,2000,6198,100,1968,2000,0.1,0.5,20.5,0.1,1,1982,0.18700000000000017,0.178,0.0356,8.14,0.7546015830574656,11.22000000000001,2.136,13.356000000000009,8.14,8.661600000000002,20181.725,1968->1955->1807->1789->1788->1781->1779->1774->1784->1780->1778->1766->1764->1740->1736->1735->1731->1718->1713->1707->1693->1681->1677->1672->1665->1664->1655->1649->1643->1637->1628->1610->1587->1579->1552->1550->1548->1530->1537->1525->1492->1490->1488->1495->1479->1486->1471->1465->1460->1430->1423->1406->1401->1391->1384->1380->1374->1373->1369->1359->1355->1344->1311->1301->1310->1298->1290->1281->1274->1270->1279->1277->1262->1257->1254->1252->1234->1219->1206->1228->1212->1203->1194->1197->1177->1170->1153->1152->1149->1142->1134->1130->1125->1117->1113->1129->1111->1099->1089->1075->1069->1065->1064->1063->1051->1042->1039->1050->1037->1036->1027->1006->988->981->969->929->924->917->912->904->903->896->892->905->888->885->878->877->874->865->861->857->856->851->818->813->810->812->805->786->762->776->757->755->725->715->711->708->705->696->691->697->698->689->687->681->674->667->659->657->636->609->599->592->588->576->574->586->568->575->564->560->549->547->545->543->540->538->561->548->542->534->539->526->525->527->508->501->476->469->463->467->450->436->430->415->408->393->387->372->375->371->362->373->356->350->365->348->346->344->334->337->331->329->324->321->309->298->296->289->284->266->262->259->254->235->233->232->230->229->217->228->210->206->209->201->198->196->193->190->183->178->174->168->164->163->162->155->169->108->105->51->50->48->47->43->42->77->69->68->63->21->1->9->10->11->15->24->19->28->22->30->34->54->53->89->49->85->100->119->114->122->123->125->133->134->181->143->146->156->166->158->173->185->197->204->202->260->263->275->288->290->293->306->317->358->363->379->384->394->407->396->397->401->406->398->403->413->440->449->455->460->468->462->471->482->497->517->518->537->546->551->553->555->562->569->570->573->593->600->602->615->628->637->642->658->668->694->700->713->721->734->745->748->749->753->763->765->764->766->783->784->791->815->816->821->826->830->839->842->849->852->860->864->866->867->870->880->882->889->887->893->894->910->933->944->946->948->976->978->985->991->995->1017->1024->1031->1071->1077->1079->1091->1100->1110->1120->1122->1139->1167->1168->1181->1175->1189->1192->1204->1182->1184->1193->1205->1210->1223->1229->1230->1241->1232->1237->1242->1244->1251->1269->1275->1278->1296->1322->1330->1348->1364->1353->1358->1361->1362->1368->1379->1381->1387->1390->1403->1417->1434->1428->1453->1462->1463->1481->1497->1500->1502->1503->1508->1510->1512->1531->1518->1528->1540->1542->1554->1555->1568->1576->1582->1583->1594->1586->1588->1599->1618->1593->1601->1604->1607->1616->1620->1633->1641->1680->1688->1719->1739->1751->1982,1982->2000
ACO,N2000_C9_I1.dat,2000,6198,100,1968,2000,0.9,0.5,15.0,0.9,1,1982,0.18700000000000017,0.178,0.0356,8.14,0.7706739747973331,11.22000000000001,2.136,13.356000000000009,8.14,12.834400000000008,19252.188,1968->1955->1807->1789->1788->1781->1779->1774->1784->1780->1778->1766->1764->1740->1736->1735->1731->1718->1713->1707->1693->1681->1677->1672->1665->1664->1655->1649->1643->1637->1628->1610->1587->1579->1552->1550->1548->1530->1537->1525->1492->1490->1488->1495->1479->1486->1471->1465->1460->1430->1423->1406->1401->1391->1384->1380->1374->1373->1369->1359->1355->1344->1311->1301->1310->1298->1290->1281->1274->1270->1279->1277->1262->1257->1254->1252->1234->1219->1206->1228->1212->1203->1194->1197->1177->1170->1153->1152->1149->1142->1134->1130->1125->1117->1113->1129->1111->1099->1089->1075->1069->1065->1064->1063->1051->1042->1039->1050->1037->1036->1027->1006->988->981->969->929->924->917->912->904->903->896->892->905->888->885->878->877->874->865->861->857->856->851->818->813->810->812->805->786->762->776->757->755->725->715->711->708->705->696->691->697->698->689->687->681->674->667->659->657->636->609->599->592->588->576->574->586->568->575->564->560->549->547->545->543->540->538->561->548->542->534->539->526->525->527->508->501->476->469->463->467->450->436->430->415->408->393->387->372->375->371->362->373->356->350->365->348->346->344->334->337->331->329->324->321->309->298->296->289->284->266->262->259->254->235->233->232->230->229->217->228->210->206->209->201->198->196->193->190->183->178->174->168->164->163->162->155->169->108->105->51->50->48->47->43->42->77->69->68->63->21->1->9->10->11->15->24->19->28->22->30->34->54->53->89->49->85->100->119->114->122->123->125->133->134->181->143->146->156->166->158->173->185->197->204->202->260->263->275->288->290->293->306->317->358->363->379->384->394->407->396->397->401->406->398->403->413->440->449->455->460->468->462->471->482->497->517->518->537->546->551->553->555->562->569->570->573->593->600->602->615->628->637->642->658->668->694->700->713->721->734->745->748->749->753->763->765->764->766->783->784->791->815->816->821->826->830->839->842->849->852->860->864->866->867->870->880->882->889->887->893->894->910->933->944->946->948->976->978->985->991->995->1017->1024->1031->1071->1077->1079->1091->1100->1110->1120->1122->1139->1167->1168->1181->1175->1189->1192->1204->1182->1184->1193->1205->1210->1223->1229->1230->1241->1232->1237->1242->1244->1251->1269->1275->1278->1296->1322->1330->1348->1364->1353->1358->1361->1362->1368->1379->1381->1387->1390->1403->1417->1434->1428->1453->1462->1463->1481->1497->1500->1502->1503->1508->1510->1512->1531->1518->1528->1540->1542->1554->1555->1568->1576->1582->1583->1594->1586->1588->1599->1618->1593->1601->1604->1607->1616->1620->1633->1641->1680->1688->1719->1739->1751->1982,1982->2000
ACO,N2000_C10_I1.dat,2000,6198,100,1968,2000,0.9,0.5,20.5,0.9,1,1982,0.18700000000000017,0.178,0.0356,15.44,0.7904338782986947,11.22000000000001,2.136,13.356000000000009,15.44,13.564400000000006,19062.142,1968->1955->1807->1789->1788->1781->1779->1774->1784->1780->1778->1766->1764->1740->1736->1735->1731->1718->1713->1707->1693->1681->1677->1672->1665->1664->1655->1649->1643->1637->1628->1610->1587->1579->1552->1550->1548->1530->1537->1525->1492->1490->1488->1495->1479->1486->1471->1465->1460->1430->1423->1406->1401->1391->1384->1380->1374->1373->1369->1359->1355->1344->1311->1301->1310->1298->1290->1281->1274->1270->1279->1277->1262->1257->1254->1252->1234->1219->1206->1228->1212->1203->1194->1197->1177->1170->1153->1152->1149->1142->1134->1130->1125->1117->1113->1129->1111->1099->1089->1075->1069->1065->1064->1063->1051->1042->1039->1050->1037->1036->1027->1006->988->981->969->929->924->917->912->904->903->896->892->905->888->885->878->877->874->865->861->857->856->851->818->813->810->812->805->786->762->776->757->755->725->715->711->708->705->696->691->697->698->689->687->681->674->667->659->657->636->609->599->592->588->576->574->586->568->575->564->560->549->547->545->543->540->538->561->548->542->534->539->526->525->527->508->501->476->469->463->467->450->436->430->415->408->393->387->372->375->371->362->373->356->350->365->348->346->344->334->337->331->329->324->321->309->298->296->289->284->266->262->259->254->235->233->232->230->229->217->228->210->206->209->201->198->196->193->190->183->178->174->168->164->163->162->155->169->108->105->51->50->48->47->43->42->77->69->68->63->21->1->9->10->11->15->24->19->28->22->30->34->54->53->89->49->85->100->119->114->122->123->125->133->134->181->143->146->156->166->158->173->185->197->204->202->260->263->275->288->290->293->306->317->358->363->379->384->394->407->396->397->401->406->398->403->413->440->449->455->460->468->462->471->482->497->517->518->537->546->551->553->555->562->569->570->573->593->600->602->615->628->637->642->658->668->694->700->713->721->734->745->748->749->753->763->765->764->766->783->784->791->815->816->821->826->830->839->842->849->852->860->864->866->867->870->880->882->889->887->893->894->910->933->944->946->948->976->978->985->991->995->1017->1024->1031->1071->1077->1079->1091->1100->1110->1120->1122->1139->1167->1168->1181->1175->1189->1192->1204->1182->1184->1193->1205->1210->1223->1229->1230->1241->1232->1237->1242->1244->1251->1269->1275->1278->1296->1322->1330->1348->1364->1353->1358->1361->1362->1368->1379->1381->1387->1390->1403->1417->1434->1428->1453->1462->1463->1481->1497->1500->1502->1503->1508->1510->1512->1531->1518->1528->1540->1542->1554->1555->1568->1576->1582->1583->1594->1586->1588->1599->1618->1593->1601->1604->1607->1616->1620->1633->1641->1680->1688->1719->1739->1751->1982,1982->2000
ACO,N2055_PS_edge_density_baseline_5385_I1.dat,2055,5299,103,1824,283,0.9,0.5,20.5,0.9,1,487,0.171,0.0655,0.0131,19.13,11.854400000000002,10.260000000000002,0.786,11.046000000000001,19.13,11.854400000000002,1909.076,1824->1969->193->2023->2008->2006->1233->157->2001->253->1232->1245->342->75->259->1847->1995->1844->1845->346->936->347->348->1996->1210->1115->343->1911->1800->344->959->1717->1243->1371->1909->897->500->1908->1687->135->1895->1517->1894->389->1893->386->1999->1900->1998->1935->1901->1981->1983->1902->1982->1903->194->1977->40->1904->2025->227->2011->270->501->1938->1958->1771->1957->1937->526->213->1956->471->1955->129->655->1954->1811->2027->1808->1253->1601->138->775->774->2->773->771->3->1427->60->1967->801->1723->1724->1728->151->1673->489->488->487,487->283
ACO,N2055_PS_edge_density_dense_6069_I1.dat,2055,5983,103,1824,283,0.9,0.5,20.5,0.9,1,487,0.1566,0.0655,0.0131,19.13,11.076799999999999,9.395999999999999,0.786,10.181999999999999,19.13,11.076799999999999,499.165,1824->1969->193->2023->2008->2006->1233->157->2001->253->1232->1245->342->75->259->1847->1995->1846->567->1971->1211->933->22->1220->23->1126->932->931->2032->212->921->1291->528->477->1586->925->205->476->1583->475->1518->775->138->1967->801->1723->1724->1728->151->1673->489->488->487,487->283
ACO,N2055_PS_edge_density_denser_6753_I1.dat,2055,6667,103,1824,283,0.9,0.5,20.5,0.9,1,487,0.1753,0.0655,0.0131,19.13,12.0866,10.518,0.786,11.304,19.13,12.0866,811.138,1824->1969->193->2023->2008->2006->1233->157->2001->253->346->936->347->348->1988->928->899->52->683->53->1251->18->1151->194->1977->40->1904->2025->227->2011->270->1905->136->1906->1592->937->1879->127->128->474->963->490->1832->92->775->138->1967->801->1723->1724->1728->151->1673->489->488->487,487->283
ACO,N2055_PS_edge_density_densest_7437_I1.dat,2055,7351,103,1824,283,0.9,0.5,20.5,0.9,1,487,0.20000000000000007,0.0655,0.0131,19.13,13.4204,12.000000000000004,0.786,12.786000000000005,19.13,13.4204,3522.989,1824->1969->193->2023->2008->2006->1233->157->2001->253->346->936->347->348->1988->928->899->52->683->53->1251->18->1151->194->1977->40->1904->2025->227->2011->270->1905->136->1906->1592->937->1762->1761->1473->1529->1763->665->666->667->939->1594->941->940->1109->778->777->1907->781->1928->1929->490->1832->92->775->138->1967->801->1723->1724->1728->151->1673->489->488->487,487->283
ACO,N2055_PS_parking_budget_Cmax100_I1.dat,2055,5299,103,1824,283,0.9,0.5,10.0,0.9,1,1682,0.1691,0.389,0.0778,8.88,14.220600000000001,10.146,4.667999999999999,14.814,8.88,14.220600000000001,650.644,1824->1969->193->2023->2008->2006->1233->157->2001->253->1232->1245->342->75->259->1847->1995->1844->1845->346->936->347->348->1996->1210->1115->343->1911->1800->344->959->1717->1243->1371->1909->897->500->1908->1687->135->1895->1517->1894->389->1893->386->1999->1900->1998->1935->1901->1981->1983->1902->1982->1903->194->1977->40->1904->2025->227->2011->270->501->1938->1958->1771->1957->1937->526->213->1956->471->1955->129->655->1954->1811->2027->1375->1797->2050->4->1113->124->2028->1951->2002->1635->1949->1619->50->1948->1107->47->1670->48->1672->1433->1682,1682->283
ACO,N2055_PS_parking_budget_Cmax150_I1.dat,2055,5299,103,1824,283,0.9,0.5,15.0,0.9,1,915,0.17120000000000002,0.1965,0.0393,10.64,12.431000000000003,10.272000000000002,2.358,12.63,10.64,12.431000000000003,860.594,1824->1969->193->2023->2008->2006->1233->157->2001->253->1232->1245->342->75->259->1847->1995->1844->1845->346->936->347->348->1996->1210->1115->343->1911->1800->344->959->1717->1243->1371->1909->897->500->1908->1687->135->1895->1517->1894->389->1893->386->1999->1900->1998->1935->1901->1981->1983->1902->1982->1903->194->1977->40->1904->2025->227->2011->270->501->1938->1958->1771->1957->1937->526->213->1956->471->1955->129->655->1954->1811->2027->1808->1253->1601->138->775->774->2->773->771->3->1427->60->1967->801->1723->1724->1728->151->1673->489->488->1677->1676->915,915->283
ACO,N2055_PS_parking_budget_Cmax205_I1.dat,2055,5299,103,1824,283,0.9,0.5,20.5,0.9,1,487,0.171,0.0655,0.0131,19.13,11.854400000000002,10.260000000000002,0.786,11.046000000000001,19.13,11.854400000000002,1888.629,1824->1969->193->2023->2008->2006->1233->157->2001->253->1232->1245->342->75->259->1847->1995->1844->1845->346->936->347->348->1996->1210->1115->343->1911->1800->344->959->1717->1243->1371->1909->897->500->1908->1687->135->1895->1517->1894->389->1893->386->1999->1900->1998->1935->1901->1981->1983->1902->1982->1903->194->1977->40->1904->2025->227->2011->270->501->1938->1958->1771->1957->1937->526->213->1956->471->1955->129->655->1954->1811->2027->1808->1253->1601->138->775->774->2->773->771->3->1427->60->1967->801->1723->1724->1728->151->1673->489->488->487,487->283
ACO,N2055_PS_parking_budget_Cmax250_I1.dat,2055,5299,103,1824,283,0.9,0.5,25.0,0.9,1,487,0.171,0.0655,0.0131,19.13,11.854400000000002,10.260000000000002,0.786,11.046000000000001,19.13,11.854400000000002,1898.077,1824->1969->193->2023->2008->2006->1233->157->2001->253->1232->1245->342->75->259->1847->1995->1844->1845->346->936->347->348->1996->1210->1115->343->1911->1800->344->959->1717->1243->1371->1909->897->500->1908->1687->135->1895->1517->1894->389->1893->386->1999->1900->1998->1935->1901->1981->1983->1902->1982->1903->194->1977->40->1904->2025->227->2011->270->501->1938->1958->1771->1957->1937->526->213->1956->471->1955->129->655->1954->1811->2027->1808->1253->1601->138->775->774->2->773->771->3->1427->60->1967->801->1723->1724->1728->151->1673->489->488->487,487->283
ACO,N2055_PS_parking_cost_100_225_I1.dat,2055,5299,103,1824,283,0.9,0.5,20.5,0.9,1,915,0.17120000000000002,0.1965,0.0393,12.64,12.631000000000002,10.272000000000002,2.358,12.63,12.64,12.631000000000002,1864.465,1824->1969->193->2023->2008->2006->1233->157->2001->253->1232->1245->342->75->259->1847->1995->1844->1845->346->936->347->348->1996->1210->1115->343->1911->1800->344->959->1717->1243->1371->1909->897->500->1908->1687->135->1895->1517->1894->389->1893->386->1999->1900->1998->1935->1901->1981->1983->1902->1982->1903->194->1977->40->1904->2025->227->2011->270->501->1938->1958->1771->1957->1937->526->213->1956->471->1955->129->655->1954->1811->2027->1808->1253->1601->138->775->774->2->773->771->3->1427->60->1967->801->1723->1724->1728->151->1673->489->488->1677->1676->915,915->283
ACO,N2055_PS_parking_cost_125_250_I1.dat,2055,5299,103,1824,283,0.9,0.5,20.5,0.9,1,915,0.17120000000000002,0.1965,0.0393,15.14,12.881000000000002,10.272000000000002,2.358,12.63,15.14,12.881000000000002,2428.697,1824->1969->193->2023->2008->2006->1233->157->2001->253->1232->1245->342->75->259->1847->1995->1844->1845->346->936->347->348->1996->1210->1115->343->1911->1800->344->959->1717->1243->1371->1909->897->500->1908->1687->135->1895->1517->1894->389->1893->386->1999->1900->1998->1935->1901->1981->1983->1902->1982->1903->194->1977->40->1904->2025->227->2011->270->501->1938->1958->1771->1957->1937->526->213->1956->471->1955->129->655->1954->1811->2027->1808->1253->1601->138->775->774->2->773->771->3->1427->60->1967->801->1723->1724->1728->151->1673->489->488->1677->1676->915,915->283
ACO,N2055_PS_parking_cost_150_300_I1.dat,2055,5299,103,1824,283,0.9,0.5,20.5,0.9,1,915,0.17120000000000002,0.1965,0.0393,18.17,13.184000000000003,10.272000000000002,2.358,12.63,18.17,13.184000000000003,710.541,1824->1969->193->2023->2008->2006->1233->157->2001->253->1232->1245->342->75->259->1847->1995->1844->1845->346->936->347->348->1996->1210->1115->343->1911->1800->344->959->1717->1243->1371->1909->897->500->1908->1687->135->1895->1517->1894->389->1893->386->1999->1900->1998->1935->1901->1981->1983->1902->1982->1903->194->1977->40->1904->2025->227->2011->270->501->1938->1958->1771->1957->1937->526->213->1956->471->1955->129->655->1954->1811->2027->1808->1253->1601->138->775->774->2->773->771->3->1427->60->1967->801->1723->1724->1728->151->1673->489->488->1677->1676->915,915->283
ACO,N2055_PS_parking_cost_80_205_I1.dat,2055,5299,103,1824,283,0.9,0.5,20.5,0.9,1,487,0.171,0.0655,0.0131,19.13,11.854400000000002,10.260000000000002,0.786,11.046000000000001,19.13,11.854400000000002,1885.895,1824->1969->193->2023->2008->2006->1233->157->2001->253->1232->1245->342->75->259->1847->1995->1844->1845->346->936->347->348->1996->1210->1115->343->1911->1800->344->959->1717->1243->1371->1909->897->500->1908->1687->135->1895->1517->1894->389->1893->386->1999->1900->1998->1935->1901->1981->1983->1902->1982->1903->194->1977->40->1904->2025->227->2011->270->501->1938->1958->1771->1957->1937->526->213->1956->471->1955->129->655->1954->1811->2027->1808->1253->1601->138->775->774->2->773->771->3->1427->60->1967->801->1723->1724->1728->151->1673->489->488->487,487->283
ACO,N2055_PS_parking_supply_P10_I1.dat,2055,5505,206,1824,283,0.9,0.5,20.5,0.9,1,487,0.171,0.0655,0.0131,19.13,11.854400000000002,10.260000000000002,0.786,11.046000000000001,19.13,11.854400000000002,2118.276,1824->1969->193->2023->2008->2006->1233->157->2001->253->1232->1245->342->75->259->1847->1995->1844->1845->346->936->347->348->1996->1210->1115->343->1911->1800->344->959->1717->1243->1371->1909->897->500->1908->1687->135->1895->1517->1894->389->1893->386->1999->1900->1998->1935->1901->1981->1983->1902->1982->1903->194->1977->40->1904->2025->227->2011->270->501->1938->1958->1771->1957->1937->526->213->1956->471->1955->129->655->1954->1811->2027->1808->1253->1601->138->775->774->2->773->771->3->1427->60->1967->801->1723->1724->1728->151->1673->489->488->487,487->283
ACO,N2055_PS_parking_supply_P15_I1.dat,2055,5709,308,1824,283,0.9,0.5,20.5,0.9,1,487,0.171,0.0655,0.0131,19.13,11.854400000000002,10.260000000000002,0.786,11.046000000000001,19.13,11.854400000000002,2424.042,1824->1969->193->2023->2008->2006->1233->157->2001->253->1232->1245->342->75->259->1847->1995->1844->1845->346->936->347->348->1996->1210->1115->343->1911->1800->344->959->1717->1243->1371->1909->897->500->1908->1687->135->1895->1517->1894->389->1893->386->1999->1900->1998->1935->1901->1981->1983->1902->1982->1903->194->1977->40->1904->2025->227->2011->270->501->1938->1958->1771->1957->1937->526->213->1956->471->1955->129->655->1954->1811->2027->1808->1253->1601->138->775->774->2->773->771->3->1427->60->1967->801->1723->1724->1728->151->1673->489->488->487,487->283
ACO,N2055_PS_parking_supply_P20_I1.dat,2055,5915,411,1824,283,0.9,0.5,20.5,0.9,1,487,0.171,0.0655,0.0131,19.13,11.854400000000002,10.260000000000002,0.786,11.046000000000001,19.13,11.854400000000002,2552.089,1824->1969->193->2023->2008->2006->1233->157->2001->253->1232->1245->342->75->259->1847->1995->1844->1845->346->936->347->348->1996->1210->1115->343->1911->1800->344->959->1717->1243->1371->1909->897->500->1908->1687->135->1895->1517->1894->389->1893->386->1999->1900->1998->1935->1901->1981->1983->1902->1982->1903->194->1977->40->1904->2025->227->2011->270->501->1938->1958->1771->1957->1937->526->213->1956->471->1955->129->655->1954->1811->2027->1808->1253->1601->138->775->774->2->773->771->3->1427->60->1967->801->1723->1724->1728->151->1673->489->488->487,487->283
ACO,N2055_PS_parking_supply_P5_I1.dat,2055,5299,103,1824,283,0.9,0.5,20.5,0.9,1,487,0.171,0.0655,0.0131,19.13,11.854400000000002,10.260000000000002,0.786,11.046000000000001,19.13,11.854400000000002,1936.671,1824->1969->193->2023->2008->2006->1233->157->2001->253->1232->1245->342->75->259->1847->1995->1844->1845->346->936->347->348->1996->1210->1115->343->1911->1800->344->959->1717->1243->1371->1909->897->500->1908->1687->135->1895->1517->1894->389->1893->386->1999->1900->1998->1935->1901->1981->1983->1902->1982->1903->194->1977->40->1904->2025->227->2011->270->501->1938->1958->1771->1957->1937->526->213->1956->471->1955->129->655->1954->1811->2027->1808->1253->1601->138->775->774->2->773->771->3->1427->60->1967->801->1723->1724->1728->151->1673->489->488->487,487->283
ACO,N2055_PS_traffic_high_I1.dat,2055,5299,103,1824,283,0.9,0.5,20.5,0.9,1,487,0.5286000000000001,0.0655,0.0131,19.13,31.164800000000003,31.716000000000005,0.786,32.502,19.13,31.164800000000003,1895.475,1824->1969->193->2023->2008->2006->1233->157->2001->253->1232->1245->342->75->259->1847->1995->1844->1845->346->936->347->348->1996->1210->1115->343->1911->1800->344->959->1717->1243->1371->1909->897->500->1908->1687->135->1895->1517->1894->389->1893->386->1999->1900->1998->1935->1901->1981->1983->1902->1982->1903->194->1977->40->1904->2025->227->2011->270->501->1938->1958->1771->1957->1937->526->213->1956->471->1955->129->655->1954->1811->2027->1808->1253->1601->138->775->774->2->773->771->3->1427->60->1967->801->1723->1724->1728->151->1673->489->488->487,487->283
ACO,N2055_PS_traffic_low_I1.dat,2055,5299,103,1824,283,0.9,0.5,20.5,0.9,1,487,0.171,0.0655,0.0131,19.13,11.854400000000002,10.260000000000002,0.786,11.046000000000001,19.13,11.854400000000002,1894.138,1824->1969->193->2023->2008->2006->1233->157->2001->253->1232->1245->342->75->259->1847->1995->1844->1845->346->936->347->348->1996->1210->1115->343->1911->1800->344->959->1717->1243->1371->1909->897->500->1908->1687->135->1895->1517->1894->389->1893->386->1999->1900->1998->1935->1901->1981->1983->1902->1982->1903->194->1977->40->1904->2025->227->2011->270->501->1938->1958->1771->1957->1937->526->213->1956->471->1955->129->655->1954->1811->2027->1808->1253->1601->138->775->774->2->773->771->3->1427->60->1967->801->1723->1724->1728->151->1673->489->488->487,487->283
ACO,N2055_PS_traffic_medium_I1.dat,2055,5299,103,1824,283,0.9,0.5,20.5,0.9,1,487,0.2613000000000001,0.0655,0.0131,19.13,16.730600000000006,15.678000000000004,0.786,16.464000000000006,19.13,16.730600000000006,1903.435,1824->1969->193->2023->2008->2006->1233->157->2001->253->1232->1245->342->75->259->1847->1995->1844->1845->346->936->347->348->1996->1210->1115->343->1911->1800->344->959->1717->1243->1371->1909->897->500->1908->1687->135->1895->1517->1894->389->1893->386->1999->1900->1998->1935->1901->1981->1983->1902->1982->1903->194->1977->40->1904->2025->227->2011->270->501->1938->1958->1771->1957->1937->526->213->1956->471->1955->129->655->1954->1811->2027->1808->1253->1601->138->775->774->2->773->771->3->1427->60->1967->801->1723->1724->1728->151->1673->489->488->487,487->283
ACO,N2055_PS_traffic_very_low_I1.dat,2055,5299,103,1824,283,0.9,0.5,20.5,0.9,1,487,0.14690000000000006,0.0655,0.0131,19.13,10.553,8.814000000000004,0.786,9.600000000000003,19.13,10.553,1753.01,1824->1969->193->2023->2008->2006->1233->157->2001->253->1232->1245->342->75->259->1847->1995->1844->1845->346->936->347->348->1996->1210->1115->343->1911->1800->344->959->1717->1243->1371->1909->897->500->1908->1687->135->1895->1517->1894->389->1893->386->1999->1900->1998->1935->1901->1981->1983->1902->1982->1903->194->1977->40->1904->2025->227->2011->270->501->1938->1958->1771->1957->1937->526->213->1956->471->1955->129->655->1954->1811->2027->1808->1253->1601->138->775->774->2->773->771->3->1427->60->1967->801->1723->1724->1728->151->1673->489->488->487,487->283
ACO,N2055_PS_walking_distance_W025_I1.dat,2055,5299,103,1824,283,0.9,0.25,20.5,0.9,1,487,0.171,0.0655,0.0131,19.13,11.854400000000002,10.260000000000002,0.786,11.046000000000001,19.13,11.854400000000002,694.693,1824->1969->193->2023->2008->2006->1233->157->2001->253->1232->1245->342->75->259->1847->1995->1844->1845->346->936->347->348->1996->1210->1115->343->1911->1800->344->959->1717->1243->1371->1909->897->500->1908->1687->135->1895->1517->1894->389->1893->386->1999->1900->1998->1935->1901->1981->1983->1902->1982->1903->194->1977->40->1904->2025->227->2011->270->501->1938->1958->1771->1957->1937->526->213->1956->471->1955->129->655->1954->1811->2027->1808->1253->1601->138->775->774->2->773->771->3->1427->60->1967->801->1723->1724->1728->151->1673->489->488->487,487->283
ACO,N2055_PS_walking_distance_W050_I1.dat,2055,5299,103,1824,283,0.9,0.5,20.5,0.9,1,487,0.171,0.0655,0.0131,19.13,11.854400000000002,10.260000000000002,0.786,11.046000000000001,19.13,11.854400000000002,1901.206,1824->1969->193->2023->2008->2006->1233->157->2001->253->1232->1245->342->75->259->1847->1995->1844->1845->346->936->347->348->1996->1210->1115->343->1911->1800->344->959->1717->1243->1371->1909->897->500->1908->1687->135->1895->1517->1894->389->1893->386->1999->1900->1998->1935->1901->1981->1983->1902->1982->1903->194->1977->40->1904->2025->227->2011->270->501->1938->1958->1771->1957->1937->526->213->1956->471->1955->129->655->1954->1811->2027->1808->1253->1601->138->775->774->2->773->771->3->1427->60->1967->801->1723->1724->1728->151->1673->489->488->487,487->283
ACO,N2055_PS_walking_distance_W075_I1.dat,2055,5299,103,1824,283,0.9,0.75,20.5,0.9,1,487,0.171,0.0655,0.0131,19.13,11.854400000000002,10.260000000000002,0.786,11.046000000000001,19.13,11.854400000000002,2567.27,1824->1969->193->2023->2008->2006->1233->157->2001->253->1232->1245->342->75->259->1847->1995->1844->1845->346->936->347->348->1996->1210->1115->343->1911->1800->344->959->1717->1243->1371->1909->897->500->1908->1687->135->1895->1517->1894->389->1893->386->1999->1900->1998->1935->1901->1981->1983->1902->1982->1903->194->1977->40->1904->2025->227->2011->270->501->1938->1958->1771->1957->1937->526->213->1956->471->1955->129->655->1954->1811->2027->1808->1253->1601->138->775->774->2->773->771->3->1427->60->1967->801->1723->1724->1728->151->1673->489->488->487,487->283
ACO,N2055_PS_walking_distance_W100_I1.dat,2055,5299,103,1824,283,0.9,1.0,20.5,0.9,1,487,0.171,0.0655,0.0131,19.13,11.854400000000002,10.260000000000002,0.786,11.046000000000001,19.13,11.854400000000002,3369.933,1824->1969->193->2023->2008->2006->1233->157->2001->253->1232->1245->342->75->259->1847->1995->1844->1845->346->936->347->348->1996->1210->1115->343->1911->1800->344->959->1717->1243->1371->1909->897->500->1908->1687->135->1895->1517->1894->389->1893->386->1999->1900->1998->1935->1901->1981->1983->1902->1982->1903->194->1977->40->1904->2025->227->2011->270->501->1938->1958->1771->1957->1937->526->213->1956->471->1955->129->655->1954->1811->2027->1808->1253->1601->138->775->774->2->773->771->3->1427->60->1967->801->1723->1724->1728->151->1673->489->488->487,487->283
ACO,N2055_C1_I1.dat,2055,5299,103,1824,283,0.9,0.5,20.5,0.9,1,487,0.171,0.0655,0.0131,19.13,11.854400000000002,10.260000000000002,0.786,11.046000000000001,19.13,11.854400000000002,1931.789,1824->1969->193->2023->2008->2006->1233->157->2001->253->1232->1245->342->75->259->1847->1995->1844->1845->346->936->347->348->1996->1210->1115->343->1911->1800->344->959->1717->1243->1371->1909->897->500->1908->1687->135->1895->1517->1894->389->1893->386->1999->1900->1998->1935->1901->1981->1983->1902->1982->1903->194->1977->40->1904->2025->227->2011->270->501->1938->1958->1771->1957->1937->526->213->1956->471->1955->129->655->1954->1811->2027->1808->1253->1601->138->775->774->2->773->771->3->1427->60->1967->801->1723->1724->1728->151->1673->489->488->487,487->283
ACO,N2055_C2_I1.dat,2055,5983,103,1824,283,0.9,0.5,20.5,0.9,1,487,0.16629999999999998,0.0655,0.0131,19.13,11.600599999999996,9.977999999999998,0.786,10.764,19.13,11.600599999999996,700.485,1824->1969->193->2023->2008->2006->1233->157->1844->1845->346->936->347->348->1988->928->899->52->683->220->1999->1900->1998->1150->87->112->176->672->677->674->676->1643->127->1879->764->501->1938->1958->1771->1957->1937->526->213->1956->471->1955->129->655->1954->1811->2027->1808->1253->772->1377->1726->1724->1728->151->1673->489->488->487,487->283
ACO,N2055_C3_I1.dat,2055,5503,205,1824,283,0.9,0.5,20.5,0.9,1,487,0.171,0.0655,0.0131,19.13,0.7138710049613477,10.260000000000002,0.786,11.046000000000001,19.13,11.854400000000002,7336.526,1824->1969->193->2023->2008->2006->1233->157->2001->253->1232->1245->342->75->259->1847->1995->1844->1845->346->936->347->348->1996->1210->1115->343->1911->1800->344->959->1717->1243->1371->1909->897->500->1908->1687->135->1895->1517->1894->389->1893->386->1999->1900->1998->1935->1901->1981->1983->1902->1982->1903->194->1977->40->1904->2025->227->2011->270->501->1938->1958->1771->1957->1937->526->213->1956->471->1955->129->655->1954->1811->2027->1808->1253->1601->138->775->774->2->773->771->3->1427->60->1967->801->1723->1724->1728->151->1673->489->488->487,487->283
ACO,N2055_C4_I1.dat,2055,5299,103,1824,283,0.9,1.0,20.5,0.9,1,487,0.171,0.0655,0.0131,19.13,0.5540348048740621,10.260000000000002,0.786,11.046000000000001,19.13,11.854400000000002,11695.426,1824->1969->193->2023->2008->2006->1233->157->2001->253->1232->1245->342->75->259->1847->1995->1844->1845->346->936->347->348->1996->1210->1115->343->1911->1800->344->959->1717->1243->1371->1909->897->500->1908->1687->135->1895->1517->1894->389->1893->386->1999->1900->1998->1935->1901->1981->1983->1902->1982->1903->194->1977->40->1904->2025->227->2011->270->501->1938->1958->1771->1957->1937->526->213->1956->471->1955->129->655->1954->1811->2027->1808->1253->1601->138->775->774->2->773->771->3->1427->60->1967->801->1723->1724->1728->151->1673->489->488->487,487->283
ACO,N2055_C5_I1.dat,2055,5299,103,1824,283,0.9,0.5,20.5,0.9,1,487,0.2115,0.0655,0.0131,19.13,0.7635853224956171,12.69,0.786,13.475999999999999,19.13,14.0414,6339.642,1824->1969->193->2023->2008->2006->1233->157->2001->253->1232->1245->342->75->259->1847->1995->1846->567->1971->1211->933->22->1220->23->932->1236->565->930->835->919->2035->2021->248->2037->2043->2044->1776->2051->2045->2042->1148->1151->86->160->161->162->163->478->83->235->477->1586->925->205->476->1583->475->1589->1590->1630->1252->474->963->490->1832->92->775->774->2->773->771->3->1427->60->1967->801->1723->1724->1728->151->1673->489->488->487,487->283
ACO,N2055_C6_I1.dat,2055,5299,103,1824,283,0.9,0.5,20.5,0.9,1,915,0.44499999999999995,0.1965,0.0393,10.64,0.8586649039767835,26.699999999999996,2.358,29.057999999999996,10.64,27.216199999999997,1401.584,1824->1969->193->2023->2008->2006->1233->157->2001->253->1232->1245->342->75->259->1847->1995->1846->567->1971->1211->933->22->1220->23->1126->1123->1221->1125->1124->2032->212->24->2046->2041->2033->2034->920->948->1054->1156->633->1421->909->660->659->658->657->1276->1274->1269->427->65->1313->637->1311->2013->1961->1172->1170->1962->636->802->803->804->1112->1087->800->168->1679->6->5->1365->915,915->283
ACO,N2055_C7_I1.dat,2055,5299,103,1824,283,0.9,0.5,20.5,0.9,1,487,0.171,0.0655,0.0131,19.13,0.7138710049613477,10.260000000000002,0.786,11.046000000000001,19.13,11.854400000000002,4806.679,1824->1969->193->2023->2008->2006->1233->157->2001->253->1232->1245->342->75->259->1847->1995->1844->1845->346->936->347->348->1996->1210->1115->343->1911->1800->344->959->1717->1243->1371->1909->897->500->1908->1687->135->1895->1517->1894->389->1893->386->1999->1900->1998->1935->1901->1981->1983->1902->1982->1903->194->1977->40->1904->2025->227->2011->270->501->1938->1958->1771->1957->1937->526->213->1956->471->1955->129->655->1954->1811->2027->1808->1253->1601->138->775->774->2->773->771->3->1427->60->1967->801->1723->1724->1728->151->1673->489->488->487,487->283
ACO,N2055_C8_I1.dat,2055,5299,103,1824,283,0.1,0.5,20.5,0.1,1,487,0.171,0.0655,0.0131,19.13,0.7138710049613477,10.260000000000002,0.786,11.046000000000001,19.13,18.3216,4675.449,1824->1969->193->2023->2008->2006->1233->157->2001->253->1232->1245->342->75->259->1847->1995->1844->1845->346->936->347->348->1996->1210->1115->343->1911->1800->344->959->1717->1243->1371->1909->897->500->1908->1687->135->1895->1517->1894->389->1893->386->1999->1900->1998->1935->1901->1981->1983->1902->1982->1903->194->1977->40->1904->2025->227->2011->270->501->1938->1958->1771->1957->1937->526->213->1956->471->1955->129->655->1954->1811->2027->1808->1253->1601->138->775->774->2->773->771->3->1427->60->1967->801->1723->1724->1728->151->1673->489->488->487,487->283
ACO,N2055_C9_I1.dat,2055,5299,103,1824,283,0.9,0.5,15.0,0.9,1,915,0.17120000000000002,0.1965,0.0393,10.64,0.8144803978392219,10.272000000000002,2.358,12.630000000000003,10.64,12.431000000000003,1999.048,1824->1969->193->2023->2008->2006->1233->157->2001->253->1232->1245->342->75->259->1847->1995->1844->1845->346->936->347->348->1996->1210->1115->343->1911->1800->344->959->1717->1243->1371->1909->897->500->1908->1687->135->1895->1517->1894->389->1893->386->1999->1900->1998->1935->1901->1981->1983->1902->1982->1903->194->1977->40->1904->2025->227->2011->270->501->1938->1958->1771->1957->1937->526->213->1956->471->1955->129->655->1954->1811->2027->1808->1253->1601->138->775->774->2->773->771->3->1427->60->1967->801->1723->1724->1728->151->1673->489->488->1677->1676->915,915->283
ACO,N2055_C10_I1.dat,2055,5299,103,1824,283,0.9,0.5,20.5,0.9,1,915,0.17120000000000002,0.1965,0.0393,18.17,0.8445369406867846,10.272000000000002,2.358,12.630000000000003,18.17,13.184000000000003,2441.359,1824->1969->193->2023->2008->2006->1233->157->2001->253->1232->1245->342->75->259->1847->1995->1844->1845->346->936->347->348->1996->1210->1115->343->1911->1800->344->959->1717->1243->1371->1909->897->500->1908->1687->135->1895->1517->1894->389->1893->386->1999->1900->1998->1935->1901->1981->1983->1902->1982->1903->194->1977->40->1904->2025->227->2011->270->501->1938->1958->1771->1957->1937->526->213->1956->471->1955->129->655->1954->1811->2027->1808->1253->1601->138->775->774->2->773->771->3->1427->60->1967->801->1723->1724->1728->151->1673->489->488->1677->1676->915,915->283
ACO,N2500_PS_edge_density_baseline_7446_I1.dat,2500,7696,125,2491,2500,0.9,0.5,20.5,0.9,1,2490,0.20770000000000036,0.1348,0.027,10.63,13.736800000000018,12.462000000000021,1.6199999999999999,14.082000000000022,10.63,13.736800000000018,12003.855,2491->2341->2328->2326->2320->2317->2305->2300->2282->2268->2263->2256->2252->2251->2247->2244->2240->2226->2237->2220->2235->2218->2228->2214->2211->2202->2178->2156->2183->2170->2155->2154->2130->2109->2098->2085->2072->2082->2069->2046->2038->2033->2030->2044->2028->2014->1968->1955->1902->1895->1894->1893->1882->1872->1864->1869->1863->1860->1841->1840->1832->1827->1826->1814->1813->1807->1789->1788->1781->1779->1774->1784->1780->1778->1767->1764->1740->1736->1735->1731->1718->1713->1707->1693->1681->1677->1687->1672->1665->1673->1664->1655->1649->1643->1637->1628->1610->1587->1579->1552->1550->1548->1530->1537->1525->1492->1490->1488->1495->1479->1486->1471->1465->1460->1430->1423->1406->1401->1391->1384->1380->1374->1373->1369->1359->1355->1344->1311->1301->1310->1298->1290->1281->1274->1270->1279->1262->1257->1254->1252->1219->1206->1228->1212->1203->1194->1197->1177->1170->1153->1152->1149->1142->1134->1130->1125->1117->1113->1129->1111->1099->1089->1075->1069->1065->1064->1063->1051->1042->1039->1050->1037->1036->1027->1006->988->981->969->929->924->917->912->904->903->896->892->905->888->885->878->877->874->865->861->857->856->851->818->813->810->812->805->786->762->761->757->755->725->715->711->723->705->696->691->697->698->689->687->681->674->667->659->657->636->609->599->592->588->576->574->586->568->575->564->560->549->547->545->543->540->538->561->532->542->534->539->526->525->527->508->501->476->469->463->450->437->436->430->408->393->387->372->375->371->362->373->356->350->353->348->346->349->334->337->331->329->324->321->309->298->299->296->289->284->266->262->259->254->235->233->232->230->229->217->228->210->206->209->201->198->196->193->190->183->178->174->168->164->163->162->155->108->51->50->82->81->77->69->68->63->21->1->5->6->10->11->15->24->19->28->22->30->34->54->29->49->85->100->119->114->122->123->125->133->134->181->143->146->156->166->158->173->185->192->204->202->260->263->275->288->290->293->306->317->358->363->379->384->394->407->396->397->401->406->398->403->413->440->449->455->460->468->471->482->497->517->518->537->546->551->553->555->562->569->570->573->593->600->602->615->628->637->642->658->668->694->700->713->721->734->745->748->749->753->763->765->764->766->783->784->791->815->816->821->826->830->839->854->849->852->860->864->866->867->870->880->882->887->893->894->910->933->944->946->948->976->978->985->991->995->1017->1024->1031->1071->1077->1079->1091->1100->1110->1120->1122->1139->1167->1168->1181->1175->1178->1192->1204->1182->1184->1193->1205->1210->1223->1229->1230->1241->1232->1237->1242->1244->1251->1269->1275->1278->1296->1322->1330->1348->1364->1353->1358->1361->1362->1368->1379->1381->1387->1390->1403->1417->1434->1426->1428->1453->1462->1463->1481->1497->1500->1502->1503->1508->1510->1512->1531->1518->1528->1540->1542->1554->1555->1568->1576->1582->1583->1594->1586->1590->1600->1618->1593->1601->1604->1607->1616->1620->1630->1633->1641->1680->1688->1719->1739->1751->1755->1757->1776->1777->1798->1782->1791->1785->1818->1821->1823->1824->1857->1859->1861->1871->1890->1907->1906->1940->1941->1951->1969->1980->1978->1982->1987->1991->2001->2002->2005->2013->2047->2059->2063->2071->2074->2077->2079->2099->2100->2116->2118->2121->2134->2137->2148->2158->2169->2171->2174->2181->2195->2186->2196->2204->2208->2212->2217->2229->2248->2262->2270->2295->2308->2312->2327->2334->2343->2351->2361->2365->2383->2371->2382->2388->2389->2394->2409->2405->2416->2417->2422->2425->2455->2430->2439->2441->2452->2456->2473->2461->2466->2476->2485->2490,2490->2500
ACO,N2500_PS_edge_density_dense_8278_I1.dat,2500,8528,125,2491,2500,0.9,0.5,20.5,0.9,1,2490,0.16889999999999997,0.1348,0.027,10.63,11.641599999999999,10.133999999999999,1.6199999999999999,11.753999999999998,10.63,11.641599999999999,1329.682,2491->2487->2484->2481->2478->2468->2448->2443->2458->2442->2426->2412->2401->2400->2395->2379->2374->2370->2369->2372->2028->1673->1664->1655->1649->1643->1262->1257->1254->1234->896->892->905->888->885->878->877->874->865->857->856->851->818->813->810->805->786->762->450->436->430->408->393->387->372->375->371->362->175->105->96->107->92->90->88->189->216->223->569->570->573->593->600->602->615->628->637->642->658->668->694->700->713->721->734->745->748->1092->1100->1110->1120->1463->1481->1497->1499->1821->1818->2186->2196->2204->2208->2212->2217->2229->2248->2262->2270->2295->2308->2312->2327->2334->2343->2351->2361->2365->2383->2371->2382->2388->2389->2394->2409->2405->2416->2417->2422->2425->2455->2430->2439->2441->2452->2456->2473->2461->2466->2476->2485->2490,2490->2500
ACO,N2500_PS_edge_density_denser_9110_I1.dat,2500,9360,125,2491,2500,0.9,0.5,20.5,0.9,1,2490,0.16340000000000002,0.1348,0.027,10.63,11.3446,9.804,1.6199999999999999,11.424000000000001,10.63,11.3446,950.021,2491->2341->2328->2326->2320->2317->2305->1863->1860->1841->1840->1832->1827->1826->1814->1813->1807->1465->1460->1430->1423->1113->1129->1111->1099->1089->1075->1069->711->708->387->164->8->4->3->2->401->406->748->749->753->763->765->764->766->783->784->791->1175->1178->1192->1204->1182->1184->1193->1205->1528->1540->1542->1554->1555->1568->1576->1582->1583->1594->1586->1590->1600->1618->1593->1601->1604->1595->2013->2047->2050->2382->2388->2389->2409->2405->2416->2417->2422->2425->2455->2430->2439->2441->2452->2456->2473->2461->2466->2476->2485->2490,2490->2500
ACO,N2500_PS_edge_density_densest_9942_I1.dat,2500,10192,125,2491,2500,0.9,0.5,20.5,0.9,1,2490,0.16179999999999994,0.1348,0.027,10.63,11.258199999999997,9.707999999999997,1.6199999999999999,11.327999999999996,10.63,11.258199999999997,3404.237,2491->2341->1895->1894->1893->1882->1587->1252->1219->1206->1228->888->885->878->877->874->865->857->856->851->818->813->810->805->786->762->450->193->81->77->72->379->384->394->407->396->397->401->406->398->403->749->753->763->765->764->766->783->784->791->815->816->821->826->830->839->1223->1229->1230->1241->1232->1237->1242->1244->1251->1583->1594->1586->1590->2002->2351->2361->2365->2383->2371->2382->2388->2389->2409->2405->2416->2417->2422->2425->2455->2430->2439->2441->2452->2456->2473->2461->2466->2476->2485->2490,2490->2500
ACO,N2500_PS_parking_budget_Cmax100_I1.dat,2500,7696,125,2491,2500,0.9,0.5,10.0,0.9,1,2476,0.2046000000000003,0.1661,0.0332,8.29,13.670200000000015,12.27600000000002,1.992,14.268000000000018,8.29,13.670200000000015,11656.647,2491->2341->2328->2326->2320->2317->2305->2300->2282->2268->2263->2256->2252->2251->2247->2244->2240->2226->2237->2220->2235->2218->2228->2214->2211->2202->2178->2156->2183->2170->2155->2154->2130->2109->2098->2085->2072->2082->2069->2046->2038->2033->2030->2044->2028->2014->1968->1955->1902->1895->1894->1893->1882->1872->1864->1869->1863->1860->1841->1840->1832->1827->1826->1814->1813->1807->1789->1788->1781->1779->1774->1784->1780->1778->1767->1764->1740->1736->1735->1731->1718->1713->1707->1693->1681->1677->1687->1672->1665->1673->1664->1655->1649->1643->1637->1628->1610->1587->1579->1552->1550->1548->1530->1537->1525->1492->1490->1488->1495->1479->1486->1471->1465->1460->1430->1423->1406->1401->1391->1384->1380->1374->1373->1369->1359->1355->1344->1311->1301->1310->1298->1290->1281->1274->1270->1279->1262->1257->1254->1252->1219->1206->1228->1212->1203->1194->1197->1177->1170->1153->1152->1149->1142->1134->1130->1125->1117->1113->1129->1111->1099->1089->1075->1069->1065->1064->1063->1051->1042->1039->1050->1037->1036->1027->1006->988->981->969->929->924->917->912->904->903->896->892->905->888->885->878->877->874->865->861->857->856->851->818->813->810->812->805->786->762->761->757->755->725->715->711->723->705->696->691->697->698->689->687->681->674->667->659->657->636->609->599->592->588->576->574->586->568->575->564->560->549->547->545->543->540->538->561->532->542->534->539->526->525->527->508->501->476->469->463->450->436->430->408->393->387->372->375->371->362->373->356->350->353->348->346->349->334->337->331->329->324->321->309->298->299->296->289->284->266->262->259->254->235->233->232->230->229->217->228->210->206->209->201->198->196->193->190->183->178->174->168->164->163->162->155->108->51->50->82->81->77->69->68->63->21->1->5->6->10->11->15->24->19->28->22->30->34->54->29->49->85->100->119->114->122->123->125->133->134->181->143->146->156->166->158->173->185->192->204->202->260->263->275->288->290->293->306->317->358->363->379->384->394->407->396->397->401->406->398->403->413->440->449->455->460->468->471->482->497->517->518->537->546->551->553->555->562->569->570->573->593->600->602->615->628->637->642->658->668->694->700->713->721->734->745->748->749->753->763->765->764->766->783->784->791->815->816->821->826->830->839->854->849->852->860->864->866->867->870->880->882->887->893->894->910->933->944->946->948->976->978->985->991->995->1017->1024->1031->1071->1077->1079->1091->1100->1110->1120->1122->1139->1167->1168->1181->1175->1178->1192->1204->1182->1184->1193->1205->1210->1223->1229->1230->1241->1232->1237->1242->1244->1251->1269->1275->1278->1296->1322->1330->1348->1364->1353->1358->1361->1362->1368->1379->1381->1387->1390->1403->1417->1434->1426->1428->1453->1462->1463->1481->1497->1500->1502->1503->1508->1510->1512->1531->1518->1528->1540->1542->1554->1555->1568->1576->1582->1583->1594->1586->1590->1600->1618->1593->1601->1604->1607->1616->1620->1633->1641->1680->1688->1719->1739->1751->1755->1757->1776->1777->1798->1782->1791->1785->1818->1821->1823->1824->1857->1859->1861->1871->1890->1907->1906->1940->1941->1951->1969->1980->1978->1982->1987->1991->2001->2002->2005->2013->2047->2059->2063->2071->2074->2077->2079->2099->2100->2116->2118->2121->2134->2137->2148->2158->2169->2171->2174->2181->2195->2186->2196->2204->2208->2212->2217->2229->2461->2466->2476,2476->2500
ACO,N2500_PS_parking_budget_Cmax150_I1.dat,2500,7696,125,2491,2500,0.9,0.5,15.0,0.9,1,2490,0.20500000000000035,0.1348,0.027,10.63,13.591000000000019,12.30000000000002,1.6199999999999999,13.920000000000021,10.63,13.591000000000019,12027.911,2491->2341->2328->2326->2320->2317->2305->2300->2282->2268->2263->2256->2252->2251->2247->2244->2240->2226->2237->2220->2235->2218->2228->2214->2211->2202->2178->2156->2183->2170->2155->2154->2130->2109->2098->2085->2072->2082->2069->2046->2038->2033->2030->2044->2028->2014->1968->1955->1902->1895->1894->1893->1882->1872->1864->1869->1863->1860->1841->1840->1832->1827->1826->1814->1813->1807->1789->1788->1781->1779->1774->1784->1780->1778->1767->1764->1740->1736->1735->1731->1718->1713->1707->1693->1681->1677->1687->1672->1665->1673->1664->1655->1649->1643->1637->1628->1610->1587->1579->1552->1550->1548->1530->1537->1525->1492->1490->1488->1495->1479->1486->1471->1465->1460->1430->1423->1406->1401->1391->1384->1380->1374->1373->1369->1359->1355->1344->1311->1301->1310->1298->1290->1281->1274->1270->1279->1262->1257->1254->1252->1219->1206->1228->1212->1203->1194->1197->1177->1170->1153->1152->1149->1142->1134->1130->1125->1117->1113->1129->1111->1099->1089->1075->1069->1065->1064->1063->1051->1042->1039->1050->1037->1036->1027->1006->988->981->969->929->924->917->912->904->903->896->892->905->888->885->878->877->874->865->861->857->856->851->818->813->810->812->805->786->762->761->757->755->725->715->711->723->705->696->691->697->698->689->687->681->674->667->659->657->636->609->599->592->588->576->574->586->568->575->564->560->549->547->545->543->540->538->561->532->542->534->539->526->525->527->508->501->476->469->463->450->437->436->430->408->393->387->372->375->371->362->373->356->350->353->348->346->349->334->337->331->329->324->321->309->298->299->296->289->284->266->262->259->254->235->233->232->230->229->217->228->210->206->209->201->198->196->193->190->183->178->174->168->164->163->162->155->108->51->50->82->81->77->69->68->63->21->1->5->6->10->11->15->24->19->28->22->30->34->54->29->49->85->100->119->114->122->123->125->133->134->181->143->146->156->166->158->173->185->192->204->202->260->263->275->288->290->293->306->317->358->363->379->384->394->407->396->397->401->406->398->403->413->440->449->455->460->468->471->482->497->517->518->537->546->551->553->555->562->569->570->573->593->600->602->615->628->637->642->658->668->694->700->713->721->734->745->748->749->753->763->765->764->766->783->784->791->815->816->821->826->830->839->854->849->852->860->864->866->867->870->880->882->887->893->894->910->933->944->946->948->976->978->985->991->995->1017->1024->1031->1071->1077->1079->1091->1100->1110->1120->1122->1139->1167->1168->1181->1175->1178->1192->1204->1182->1184->1193->1205->1210->1223->1229->1230->1241->1232->1237->1242->1244->1251->1269->1275->1278->1296->1322->1330->1348->1364->1353->1358->1361->1362->1368->1379->1381->1387->1390->1403->1417->1434->1426->1428->1453->1462->1463->1481->1497->1500->1502->1503->1508->1510->1512->1531->1518->1528->1540->1542->1554->1555->1568->1576->1582->1583->1594->1586->1590->1600->1618->1593->1601->1604->1607->1616->1620->1633->1641->1680->1688->1719->1739->1751->1755->1757->1776->1777->1798->1782->1791->1785->1818->1821->1823->1824->1857->1859->1861->1871->1890->1907->1906->1940->1941->1951->1969->1980->1978->1982->1987->1991->2001->2002->2005->2013->2047->2059->2063->2071->2074->2077->2079->2099->2100->2116->2118->2121->2134->2137->2148->2158->2169->2171->2174->2181->2195->2186->2196->2204->2208->2212->2217->2229->2490,2490->2500
ACO,N2500_PS_parking_budget_Cmax205_I1.dat,2500,7696,125,2491,2500,0.9,0.5,20.5,0.9,1,2490,0.20770000000000036,0.1348,0.027,10.63,13.736800000000018,12.462000000000021,1.6199999999999999,14.082000000000022,10.63,13.736800000000018,12190.223,2491->2341->2328->2326->2320->2317->2305->2300->2282->2268->2263->2256->2252->2251->2247->2244->2240->2226->2237->2220->2235->2218->2228->2214->2211->2202->2178->2156->2183->2170->2155->2154->2130->2109->2098->2085->2072->2082->2069->2046->2038->2033->2030->2044->2028->2014->1968->1955->1902->1895->1894->1893->1882->1872->1864->1869->1863->1860->1841->1840->1832->1827->1826->1814->1813->1807->1789->1788->1781->1779->1774->1784->1780->1778->1767->1764->1740->1736->1735->1731->1718->1713->1707->1693->1681->1677->1687->1672->1665->1673->1664->1655->1649->1643->1637->1628->1610->1587->1579->1552->1550->1548->1530->1537->1525->1492->1490->1488->1495->1479->1486->1471->1465->1460->1430->1423->1406->1401->1391->1384->1380->1374->1373->1369->1359->1355->1344->1311->1301->1310->1298->1290->1281->1274->1270->1279->1262->1257->1254->1252->1219->1206->1228->1212->1203->1194->1197->1177->1170->1153->1152->1149->1142->1134->1130->1125->1117->1113->1129->1111->1099->1089->1075->1069->1065->1064->1063->1051->1042->1039->1050->1037->1036->1027->1006->988->981->969->929->924->917->912->904->903->896->892->905->888->885->878->877->874->865->861->857->856->851->818->813->810->812->805->786->762->761->757->755->725->715->711->723->705->696->691->697->698->689->687->681->674->667->659->657->636->609->599->592->588->576->574->586->568->575->564->560->549->547->545->543->540->538->561->532->542->534->539->526->525->527->508->501->476->469->463->450->437->436->430->408->393->387->372->375->371->362->373->356->350->353->348->346->349->334->337->331->329->324->321->309->298->299->296->289->284->266->262->259->254->235->233->232->230->229->217->228->210->206->209->201->198->196->193->190->183->178->174->168->164->163->162->155->108->51->50->82->81->77->69->68->63->21->1->5->6->10->11->15->24->19->28->22->30->34->54->29->49->85->100->119->114->122->123->125->133->134->181->143->146->156->166->158->173->185->192->204->202->260->263->275->288->290->293->306->317->358->363->379->384->394->407->396->397->401->406->398->403->413->440->449->455->460->468->471->482->497->517->518->537->546->551->553->555->562->569->570->573->593->600->602->615->628->637->642->658->668->694->700->713->721->734->745->748->749->753->763->765->764->766->783->784->791->815->816->821->826->830->839->854->849->852->860->864->866->867->870->880->882->887->893->894->910->933->944->946->948->976->978->985->991->995->1017->1024->1031->1071->1077->1079->1091->1100->1110->1120->1122->1139->1167->1168->1181->1175->1178->1192->1204->1182->1184->1193->1205->1210->1223->1229->1230->1241->1232->1237->1242->1244->1251->1269->1275->1278->1296->1322->1330->1348->1364->1353->1358->1361->1362->1368->1379->1381->1387->1390->1403->1417->1434->1426->1428->1453->1462->1463->1481->1497->1500->1502->1503->1508->1510->1512->1531->1518->1528->1540->1542->1554->1555->1568->1576->1582->1583->1594->1586->1590->1600->1618->1593->1601->1604->1607->1616->1620->1630->1633->1641->1680->1688->1719->1739->1751->1755->1757->1776->1777->1798->1782->1791->1785->1818->1821->1823->1824->1857->1859->1861->1871->1890->1907->1906->1940->1941->1951->1969->1980->1978->1982->1987->1991->2001->2002->2005->2013->2047->2059->2063->2071->2074->2077->2079->2099->2100->2116->2118->2121->2134->2137->2148->2158->2169->2171->2174->2181->2195->2186->2196->2204->2208->2212->2217->2229->2248->2262->2270->2295->2308->2312->2327->2334->2343->2351->2361->2365->2383->2371->2382->2388->2389->2394->2409->2405->2416->2417->2422->2425->2455->2430->2439->2441->2452->2456->2473->2461->2466->2476->2485->2490,2490->2500
ACO,N2500_PS_parking_budget_Cmax250_I1.dat,2500,7696,125,2491,2500,0.9,0.5,25.0,0.9,1,2490,0.20770000000000036,0.1348,0.027,10.63,13.736800000000018,12.462000000000021,1.6199999999999999,14.082000000000022,10.63,13.736800000000018,12070.941,2491->2341->2328->2326->2320->2317->2305->2300->2282->2268->2263->2256->2252->2251->2247->2244->2240->2226->2237->2220->2235->2218->2228->2214->2211->2202->2178->2156->2183->2170->2155->2154->2130->2109->2098->2085->2072->2082->2069->2046->2038->2033->2030->2044->2028->2014->1968->1955->1902->1895->1894->1893->1882->1872->1864->1869->1863->1860->1841->1840->1832->1827->1826->1814->1813->1807->1789->1788->1781->1779->1774->1784->1780->1778->1767->1764->1740->1736->1735->1731->1718->1713->1707->1693->1681->1677->1687->1672->1665->1673->1664->1655->1649->1643->1637->1628->1610->1587->1579->1552->1550->1548->1530->1537->1525->1492->1490->1488->1495->1479->1486->1471->1465->1460->1430->1423->1406->1401->1391->1384->1380->1374->1373->1369->1359->1355->1344->1311->1301->1310->1298->1290->1281->1274->1270->1279->1262->1257->1254->1252->1219->1206->1228->1212->1203->1194->1197->1177->1170->1153->1152->1149->1142->1134->1130->1125->1117->1113->1129->1111->1099->1089->1075->1069->1065->1064->1063->1051->1042->1039->1050->1037->1036->1027->1006->988->981->969->929->924->917->912->904->903->896->892->905->888->885->878->877->874->865->861->857->856->851->818->813->810->812->805->786->762->761->757->755->725->715->711->723->705->696->691->697->698->689->687->681->674->667->659->657->636->609->599->592->588->576->574->586->568->575->564->560->549->547->545->543->540->538->561->532->542->534->539->526->525->527->508->501->476->469->463->450->437->436->430->408->393->387->372->375->371->362->373->356->350->353->348->346->349->334->337->331->329->324->321->309->298->299->296->289->284->266->262->259->254->235->233->232->230->229->217->228->210->206->209->201->198->196->193->190->183->178->174->168->164->163->162->155->108->51->50->82->81->77->69->68->63->21->1->5->6->10->11->15->24->19->28->22->30->34->54->29->49->85->100->119->114->122->123->125->133->134->181->143->146->156->166->158->173->185->192->204->202->260->263->275->288->290->293->306->317->358->363->379->384->394->407->396->397->401->406->398->403->413->440->449->455->460->468->471->482->497->517->518->537->546->551->553->555->562->569->570->573->593->600->602->615->628->637->642->658->668->694->700->713->721->734->745->748->749->753->763->765->764->766->783->784->791->815->816->821->826->830->839->854->849->852->860->864->866->867->870->880->882->887->893->894->910->933->944->946->948->976->978->985->991->995->1017->1024->1031->1071->1077->1079->1091->1100->1110->1120->1122->1139->1167->1168->1181->1175->1178->1192->1204->1182->1184->1193->1205->1210->1223->1229->1230->1241->1232->1237->1242->1244->1251->1269->1275->1278->1296->1322->1330->1348->1364->1353->1358->1361->1362->1368->1379->1381->1387->1390->1403->1417->1434->1426->1428->1453->1462->1463->1481->1497->1500->1502->1503->1508->1510->1512->1531->1518->1528->1540->1542->1554->1555->1568->1576->1582->1583->1594->1586->1590->1600->1618->1593->1601->1604->1607->1616->1620->1630->1633->1641->1680->1688->1719->1739->1751->1755->1757->1776->1777->1798->1782->1791->1785->1818->1821->1823->1824->1857->1859->1861->1871->1890->1907->1906->1940->1941->1951->1969->1980->1978->1982->1987->1991->2001->2002->2005->2013->2047->2059->2063->2071->2074->2077->2079->2099->2100->2116->2118->2121->2134->2137->2148->2158->2169->2171->2174->2181->2195->2186->2196->2204->2208->2212->2217->2229->2248->2262->2270->2295->2308->2312->2327->2334->2343->2351->2361->2365->2383->2371->2382->2388->2389->2394->2409->2405->2416->2417->2422->2425->2455->2430->2439->2441->2452->2456->2473->2461->2466->2476->2485->2490,2490->2500
ACO,N2500_PS_parking_cost_100_225_I1.dat,2500,7696,125,2491,2500,0.9,0.5,20.5,0.9,1,2490,0.20500000000000035,0.1348,0.027,12.73,13.801000000000018,12.30000000000002,1.6199999999999999,13.920000000000021,12.73,13.801000000000018,11924.666,2491->2341->2328->2326->2320->2317->2305->2300->2282->2268->2263->2256->2252->2251->2247->2244->2240->2226->2237->2220->2235->2218->2228->2214->2211->2202->2178->2156->2183->2170->2155->2154->2130->2109->2098->2085->2072->2082->2069->2046->2038->2033->2030->2044->2028->2014->1968->1955->1902->1895->1894->1893->1882->1872->1864->1869->1863->1860->1841->1840->1832->1827->1826->1814->1813->1807->1789->1788->1781->1779->1774->1784->1780->1778->1767->1764->1740->1736->1735->1731->1718->1713->1707->1693->1681->1677->1687->1672->1665->1673->1664->1655->1649->1643->1637->1628->1610->1587->1579->1552->1550->1548->1530->1537->1525->1492->1490->1488->1495->1479->1486->1471->1465->1460->1430->1423->1406->1401->1391->1384->1380->1374->1373->1369->1359->1355->1344->1311->1301->1310->1298->1290->1281->1274->1270->1279->1262->1257->1254->1252->1219->1206->1228->1212->1203->1194->1197->1177->1170->1153->1152->1149->1142->1134->1130->1125->1117->1113->1129->1111->1099->1089->1075->1069->1065->1064->1063->1051->1042->1039->1050->1037->1036->1027->1006->988->981->969->929->924->917->912->904->903->896->892->905->888->885->878->877->874->865->861->857->856->851->818->813->810->812->805->786->762->761->757->755->725->715->711->723->705->696->691->697->698->689->687->681->674->667->659->657->636->609->599->592->588->576->574->586->568->575->564->560->549->547->545->543->540->538->561->532->542->534->539->526->525->527->508->501->476->469->463->450->437->436->430->408->393->387->372->375->371->362->373->356->350->353->348->346->349->334->337->331->329->324->321->309->298->299->296->289->284->266->262->259->254->235->233->232->230->229->217->228->210->206->209->201->198->196->193->190->183->178->174->168->164->163->162->155->108->51->50->82->81->77->69->68->63->21->1->5->6->10->11->15->24->19->28->22->30->34->54->29->49->85->100->119->114->122->123->125->133->134->181->143->146->156->166->158->173->185->192->204->202->260->263->275->288->290->293->306->317->358->363->379->384->394->407->396->397->401->406->398->403->413->440->449->455->460->468->471->482->497->517->518->537->546->551->553->555->562->569->570->573->593->600->602->615->628->637->642->658->668->694->700->713->721->734->745->748->749->753->763->765->764->766->783->784->791->815->816->821->826->830->839->854->849->852->860->864->866->867->870->880->882->887->893->894->910->933->944->946->948->976->978->985->991->995->1017->1024->1031->1071->1077->1079->1091->1100->1110->1120->1122->1139->1167->1168->1181->1175->1178->1192->1204->1182->1184->1193->1205->1210->1223->1229->1230->1241->1232->1237->1242->1244->1251->1269->1275->1278->1296->1322->1330->1348->1364->1353->1358->1361->1362->1368->1379->1381->1387->1390->1403->1417->1434->1426->1428->1453->1462->1463->1481->1497->1500->1502->1503->1508->1510->1512->1531->1518->1528->1540->1542->1554->1555->1568->1576->1582->1583->1594->1586->1590->1600->1618->1593->1601->1604->1607->1616->1620->1633->1641->1680->1688->1719->1739->1751->1755->1757->1776->1777->1798->1782->1791->1785->1818->1821->1823->1824->1857->1859->1861->1871->1890->1907->1906->1940->1941->1951->1969->1980->1978->1982->1987->1991->2001->2002->2005->2013->2047->2059->2063->2071->2074->2077->2079->2099->2100->2116->2118->2121->2134->2137->2148->2158->2169->2171->2174->2181->2195->2186->2196->2204->2208->2212->2217->2229->2490,2490->2500
ACO,N2500_PS_parking_cost_125_250_I1.dat,2500,7696,125,2491,2500,0.9,0.5,20.5,0.9,1,2490,0.20500000000000035,0.1348,0.027,15.42,14.070000000000018,12.30000000000002,1.6199999999999999,13.920000000000021,15.42,14.070000000000018,11938.245,2491->2341->2328->2326->2320->2317->2305->2300->2282->2268->2263->2256->2252->2251->2247->2244->2240->2226->2237->2220->2235->2218->2228->2214->2211->2202->2178->2156->2183->2170->2155->2154->2130->2109->2098->2085->2072->2082->2069->2046->2038->2033->2030->2044->2028->2014->1968->1955->1902->1895->1894->1893->1882->1872->1864->1869->1863->1860->1841->1840->1832->1827->1826->1814->1813->1807->1789->1788->1781->1779->1774->1784->1780->1778->1767->1764->1740->1736->1735->1731->1718->1713->1707->1693->1681->1677->1687->1672->1665->1673->1664->1655->1649->1643->1637->1628->1610->1587->1579->1552->1550->1548->1530->1537->1525->1492->1490->1488->1495->1479->1486->1471->1465->1460->1430->1423->1406->1401->1391->1384->1380->1374->1373->1369->1359->1355->1344->1311->1301->1310->1298->1290->1281->1274->1270->1279->1262->1257->1254->1252->1219->1206->1228->1212->1203->1194->1197->1177->1170->1153->1152->1149->1142->1134->1130->1125->1117->1113->1129->1111->1099->1089->1075->1069->1065->1064->1063->1051->1042->1039->1050->1037->1036->1027->1006->988->981->969->929->924->917->912->904->903->896->892->905->888->885->878->877->874->865->861->857->856->851->818->813->810->812->805->786->762->761->757->755->725->715->711->723->705->696->691->697->698->689->687->681->674->667->659->657->636->609->599->592->588->576->574->586->568->575->564->560->549->547->545->543->540->538->561->532->542->534->539->526->525->527->508->501->476->469->463->450->437->436->430->408->393->387->372->375->371->362->373->356->350->353->348->346->349->334->337->331->329->324->321->309->298->299->296->289->284->266->262->259->254->235->233->232->230->229->217->228->210->206->209->201->198->196->193->190->183->178->174->168->164->163->162->155->108->51->50->82->81->77->69->68->63->21->1->5->6->10->11->15->24->19->28->22->30->34->54->29->49->85->100->119->114->122->123->125->133->134->181->143->146->156->166->158->173->185->192->204->202->260->263->275->288->290->293->306->317->358->363->379->384->394->407->396->397->401->406->398->403->413->440->449->455->460->468->471->482->497->517->518->537->546->551->553->555->562->569->570->573->593->600->602->615->628->637->642->658->668->694->700->713->721->734->745->748->749->753->763->765->764->766->783->784->791->815->816->821->826->830->839->854->849->852->860->864->866->867->870->880->882->887->893->894->910->933->944->946->948->976->978->985->991->995->1017->1024->1031->1071->1077->1079->1091->1100->1110->1120->1122->1139->1167->1168->1181->1175->1178->1192->1204->1182->1184->1193->1205->1210->1223->1229->1230->1241->1232->1237->1242->1244->1251->1269->1275->1278->1296->1322->1330->1348->1364->1353->1358->1361->1362->1368->1379->1381->1387->1390->1403->1417->1434->1426->1428->1453->1462->1463->1481->1497->1500->1502->1503->1508->1510->1512->1531->1518->1528->1540->1542->1554->1555->1568->1576->1582->1583->1594->1586->1590->1600->1618->1593->1601->1604->1607->1616->1620->1633->1641->1680->1688->1719->1739->1751->1755->1757->1776->1777->1798->1782->1791->1785->1818->1821->1823->1824->1857->1859->1861->1871->1890->1907->1906->1940->1941->1951->1969->1980->1978->1982->1987->1991->2001->2002->2005->2013->2047->2059->2063->2071->2074->2077->2079->2099->2100->2116->2118->2121->2134->2137->2148->2158->2169->2171->2174->2181->2195->2186->2196->2204->2208->2212->2217->2229->2490,2490->2500
ACO,N2500_PS_parking_cost_150_300_I1.dat,2500,7696,125,2491,2500,0.9,0.5,20.5,0.9,1,2476,0.2046000000000003,0.1661,0.0332,15.45,14.386200000000017,12.27600000000002,1.992,14.268000000000018,15.45,14.386200000000017,11894.873,2491->2341->2328->2326->2320->2317->2305->2300->2282->2268->2263->2256->2252->2251->2247->2244->2240->2226->2237->2220->2235->2218->2228->2214->2211->2202->2178->2156->2183->2170->2155->2154->2130->2109->2098->2085->2072->2082->2069->2046->2038->2033->2030->2044->2028->2014->1968->1955->1902->1895->1894->1893->1882->1872->1864->1869->1863->1860->1841->1840->1832->1827->1826->1814->1813->1807->1789->1788->1781->1779->1774->1784->1780->1778->1767->1764->1740->1736->1735->1731->1718->1713->1707->1693->1681->1677->1687->1672->1665->1673->1664->1655->1649->1643->1637->1628->1610->1587->1579->1552->1550->1548->1530->1537->1525->1492->1490->1488->1495->1479->1486->1471->1465->1460->1430->1423->1406->1401->1391->1384->1380->1374->1373->1369->1359->1355->1344->1311->1301->1310->1298->1290->1281->1274->1270->1279->1262->1257->1254->1252->1219->1206->1228->1212->1203->1194->1197->1177->1170->1153->1152->1149->1142->1134->1130->1125->1117->1113->1129->1111->1099->1089->1075->1069->1065->1064->1063->1051->1042->1039->1050->1037->1036->1027->1006->988->981->969->929->924->917->912->904->903->896->892->905->888->885->878->877->874->865->861->857->856->851->818->813->810->812->805->786->762->761->757->755->725->715->711->723->705->696->691->697->698->689->687->681->674->667->659->657->636->609->599->592->588->576->574->586->568->575->564->560->549->547->545->543->540->538->561->532->542->534->539->526->525->527->508->501->476->469->463->450->436->430->408->393->387->372->375->371->362->373->356->350->353->348->346->349->334->337->331->329->324->321->309->298->299->296->289->284->266->262->259->254->235->233->232->230->229->217->228->210->206->209->201->198->196->193->190->183->178->174->168->164->163->162->155->108->51->50->82->81->77->69->68->63->21->1->5->6->10->11->15->24->19->28->22->30->34->54->29->49->85->100->119->114->122->123->125->133->134->181->143->146->156->166->158->173->185->192->204->202->260->263->275->288->290->293->306->317->358->363->379->384->394->407->396->397->401->406->398->403->413->440->449->455->460->468->471->482->497->517->518->537->546->551->553->555->562->569->570->573->593->600->602->615->628->637->642->658->668->694->700->713->721->734->745->748->749->753->763->765->764->766->783->784->791->815->816->821->826->830->839->854->849->852->860->864->866->867->870->880->882->887->893->894->910->933->944->946->948->976->978->985->991->995->1017->1024->1031->1071->1077->1079->1091->1100->1110->1120->1122->1139->1167->1168->1181->1175->1178->1192->1204->1182->1184->1193->1205->1210->1223->1229->1230->1241->1232->1237->1242->1244->1251->1269->1275->1278->1296->1322->1330->1348->1364->1353->1358->1361->1362->1368->1379->1381->1387->1390->1403->1417->1434->1426->1428->1453->1462->1463->1481->1497->1500->1502->1503->1508->1510->1512->1531->1518->1528->1540->1542->1554->1555->1568->1576->1582->1583->1594->1586->1590->1600->1618->1593->1601->1604->1607->1616->1620->1633->1641->1680->1688->1719->1739->1751->1755->1757->1776->1777->1798->1782->1791->1785->1818->1821->1823->1824->1857->1859->1861->1871->1890->1907->1906->1940->1941->1951->1969->1980->1978->1982->1987->1991->2001->2002->2005->2013->2047->2059->2063->2071->2074->2077->2079->2099->2100->2116->2118->2121->2134->2137->2148->2158->2169->2171->2174->2181->2195->2186->2196->2204->2208->2212->2217->2229->2461->2466->2476,2476->2500
ACO,N2500_PS_parking_cost_80_205_I1.dat,2500,7696,125,2491,2500,0.9,0.5,20.5,0.9,1,2490,0.20770000000000036,0.1348,0.027,10.63,13.736800000000018,12.462000000000021,1.6199999999999999,14.082000000000022,10.63,13.736800000000018,12052.496,2491->2341->2328->2326->2320->2317->2305->2300->2282->2268->2263->2256->2252->2251->2247->2244->2240->2226->2237->2220->2235->2218->2228->2214->2211->2202->2178->2156->2183->2170->2155->2154->2130->2109->2098->2085->2072->2082->2069->2046->2038->2033->2030->2044->2028->2014->1968->1955->1902->1895->1894->1893->1882->1872->1864->1869->1863->1860->1841->1840->1832->1827->1826->1814->1813->1807->1789->1788->1781->1779->1774->1784->1780->1778->1767->1764->1740->1736->1735->1731->1718->1713->1707->1693->1681->1677->1687->1672->1665->1673->1664->1655->1649->1643->1637->1628->1610->1587->1579->1552->1550->1548->1530->1537->1525->1492->1490->1488->1495->1479->1486->1471->1465->1460->1430->1423->1406->1401->1391->1384->1380->1374->1373->1369->1359->1355->1344->1311->1301->1310->1298->1290->1281->1274->1270->1279->1262->1257->1254->1252->1219->1206->1228->1212->1203->1194->1197->1177->1170->1153->1152->1149->1142->1134->1130->1125->1117->1113->1129->1111->1099->1089->1075->1069->1065->1064->1063->1051->1042->1039->1050->1037->1036->1027->1006->988->981->969->929->924->917->912->904->903->896->892->905->888->885->878->877->874->865->861->857->856->851->818->813->810->812->805->786->762->761->757->755->725->715->711->723->705->696->691->697->698->689->687->681->674->667->659->657->636->609->599->592->588->576->574->586->568->575->564->560->549->547->545->543->540->538->561->532->542->534->539->526->525->527->508->501->476->469->463->450->437->436->430->408->393->387->372->375->371->362->373->356->350->353->348->346->349->334->337->331->329->324->321->309->298->299->296->289->284->266->262->259->254->235->233->232->230->229->217->228->210->206->209->201->198->196->193->190->183->178->174->168->164->163->162->155->108->51->50->82->81->77->69->68->63->21->1->5->6->10->11->15->24->19->28->22->30->34->54->29->49->85->100->119->114->122->123->125->133->134->181->143->146->156->166->158->173->185->192->204->202->260->263->275->288->290->293->306->317->358->363->379->384->394->407->396->397->401->406->398->403->413->440->449->455->460->468->471->482->497->517->518->537->546->551->553->555->562->569->570->573->593->600->602->615->628->637->642->658->668->694->700->713->721->734->745->748->749->753->763->765->764->766->783->784->791->815->816->821->826->830->839->854->849->852->860->864->866->867->870->880->882->887->893->894->910->933->944->946->948->976->978->985->991->995->1017->1024->1031->1071->1077->1079->1091->1100->1110->1120->1122->1139->1167->1168->1181->1175->1178->1192->1204->1182->1184->1193->1205->1210->1223->1229->1230->1241->1232->1237->1242->1244->1251->1269->1275->1278->1296->1322->1330->1348->1364->1353->1358->1361->1362->1368->1379->1381->1387->1390->1403->1417->1434->1426->1428->1453->1462->1463->1481->1497->1500->1502->1503->1508->1510->1512->1531->1518->1528->1540->1542->1554->1555->1568->1576->1582->1583->1594->1586->1590->1600->1618->1593->1601->1604->1607->1616->1620->1630->1633->1641->1680->1688->1719->1739->1751->1755->1757->1776->1777->1798->1782->1791->1785->1818->1821->1823->1824->1857->1859->1861->1871->1890->1907->1906->1940->1941->1951->1969->1980->1978->1982->1987->1991->2001->2002->2005->2013->2047->2059->2063->2071->2074->2077->2079->2099->2100->2116->2118->2121->2134->2137->2148->2158->2169->2171->2174->2181->2195->2186->2196->2204->2208->2212->2217->2229->2248->2262->2270->2295->2308->2312->2327->2334->2343->2351->2361->2365->2383->2371->2382->2388->2389->2394->2409->2405->2416->2417->2422->2425->2455->2430->2439->2441->2452->2456->2473->2461->2466->2476->2485->2490,2490->2500
ACO,N2500_PS_parking_supply_P10_I1.dat,2500,7892,223,2491,2500,0.9,0.5,20.5,0.9,1,2490,0.20770000000000036,0.1348,0.027,10.63,13.736800000000018,12.462000000000021,1.6199999999999999,14.082000000000022,10.63,13.736800000000018,13247.269,2491->2341->2328->2326->2320->2317->2305->2300->2282->2268->2263->2256->2252->2251->2247->2244->2240->2226->2237->2220->2235->2218->2228->2214->2211->2202->2178->2156->2183->2170->2155->2154->2130->2109->2098->2085->2072->2082->2069->2046->2038->2033->2030->2044->2028->2014->1968->1955->1902->1895->1894->1893->1882->1872->1864->1869->1863->1860->1841->1840->1832->1827->1826->1814->1813->1807->1789->1788->1781->1779->1774->1784->1780->1778->1767->1764->1740->1736->1735->1731->1718->1713->1707->1693->1681->1677->1687->1672->1665->1673->1664->1655->1649->1643->1637->1628->1610->1587->1579->1552->1550->1548->1530->1537->1525->1492->1490->1488->1495->1479->1486->1471->1465->1460->1430->1423->1406->1401->1391->1384->1380->1374->1373->1369->1359->1355->1344->1311->1301->1310->1298->1290->1281->1274->1270->1279->1262->1257->1254->1252->1219->1206->1228->1212->1203->1194->1197->1177->1170->1153->1152->1149->1142->1134->1130->1125->1117->1113->1129->1111->1099->1089->1075->1069->1065->1064->1063->1051->1042->1039->1050->1037->1036->1027->1006->988->981->969->929->924->917->912->904->903->896->892->905->888->885->878->877->874->865->861->857->856->851->818->813->810->812->805->786->762->761->757->755->725->715->711->723->705->696->691->697->698->689->687->681->674->667->659->657->636->609->599->592->588->576->574->586->568->575->564->560->549->547->545->543->540->538->561->532->542->534->539->526->525->527->508->501->476->469->463->450->437->436->430->408->393->387->372->375->371->362->373->356->350->353->348->346->349->334->337->331->329->324->321->309->298->299->296->289->284->266->262->259->254->235->233->232->230->229->217->228->210->206->209->201->198->196->193->190->183->178->174->168->164->163->162->155->108->51->50->82->81->77->69->68->63->21->1->5->6->10->11->15->24->19->28->22->30->34->54->29->49->85->100->119->114->122->123->125->133->134->181->143->146->156->166->158->173->185->192->204->202->260->263->275->288->290->293->306->317->358->363->379->384->394->407->396->397->401->406->398->403->413->440->449->455->460->468->471->482->497->517->518->537->546->551->553->555->562->569->570->573->593->600->602->615->628->637->642->658->668->694->700->713->721->734->745->748->749->753->763->765->764->766->783->784->791->815->816->821->826->830->839->854->849->852->860->864->866->867->870->880->882->887->893->894->910->933->944->946->948->976->978->985->991->995->1017->1024->1031->1071->1077->1079->1091->1100->1110->1120->1122->1139->1167->1168->1181->1175->1178->1192->1204->1182->1184->1193->1205->1210->1223->1229->1230->1241->1232->1237->1242->1244->1251->1269->1275->1278->1296->1322->1330->1348->1364->1353->1358->1361->1362->1368->1379->1381->1387->1390->1403->1417->1434->1426->1428->1453->1462->1463->1481->1497->1500->1502->1503->1508->1510->1512->1531->1518->1528->1540->1542->1554->1555->1568->1576->1582->1583->1594->1586->1590->1600->1618->1593->1601->1604->1607->1616->1620->1630->1633->1641->1680->1688->1719->1739->1751->1755->1757->1776->1777->1798->1782->1791->1785->1818->1821->1823->1824->1857->1859->1861->1871->1890->1907->1906->1940->1941->1951->1969->1980->1978->1982->1987->1991->2001->2002->2005->2013->2047->2059->2063->2071->2074->2077->2079->2099->2100->2116->2118->2121->2134->2137->2148->2158->2169->2171->2174->2181->2195->2186->2196->2204->2208->2212->2217->2229->2248->2262->2270->2295->2308->2312->2327->2334->2343->2351->2361->2365->2383->2371->2382->2388->2389->2394->2409->2405->2416->2417->2422->2425->2455->2430->2439->2441->2452->2456->2473->2461->2466->2476->2485->2490,2490->2500
ACO,N2500_PS_parking_supply_P15_I1.dat,2500,7892,223,2491,2500,0.9,0.5,20.5,0.9,1,2490,0.20770000000000036,0.1348,0.027,10.63,13.736800000000018,12.462000000000021,1.6199999999999999,14.082000000000022,10.63,13.736800000000018,13158.97,2491->2341->2328->2326->2320->2317->2305->2300->2282->2268->2263->2256->2252->2251->2247->2244->2240->2226->2237->2220->2235->2218->2228->2214->2211->2202->2178->2156->2183->2170->2155->2154->2130->2109->2098->2085->2072->2082->2069->2046->2038->2033->2030->2044->2028->2014->1968->1955->1902->1895->1894->1893->1882->1872->1864->1869->1863->1860->1841->1840->1832->1827->1826->1814->1813->1807->1789->1788->1781->1779->1774->1784->1780->1778->1767->1764->1740->1736->1735->1731->1718->1713->1707->1693->1681->1677->1687->1672->1665->1673->1664->1655->1649->1643->1637->1628->1610->1587->1579->1552->1550->1548->1530->1537->1525->1492->1490->1488->1495->1479->1486->1471->1465->1460->1430->1423->1406->1401->1391->1384->1380->1374->1373->1369->1359->1355->1344->1311->1301->1310->1298->1290->1281->1274->1270->1279->1262->1257->1254->1252->1219->1206->1228->1212->1203->1194->1197->1177->1170->1153->1152->1149->1142->1134->1130->1125->1117->1113->1129->1111->1099->1089->1075->1069->1065->1064->1063->1051->1042->1039->1050->1037->1036->1027->1006->988->981->969->929->924->917->912->904->903->896->892->905->888->885->878->877->874->865->861->857->856->851->818->813->810->812->805->786->762->761->757->755->725->715->711->723->705->696->691->697->698->689->687->681->674->667->659->657->636->609->599->592->588->576->574->586->568->575->564->560->549->547->545->543->540->538->561->532->542->534->539->526->525->527->508->501->476->469->463->450->437->436->430->408->393->387->372->375->371->362->373->356->350->353->348->346->349->334->337->331->329->324->321->309->298->299->296->289->284->266->262->259->254->235->233->232->230->229->217->228->210->206->209->201->198->196->193->190->183->178->174->168->164->163->162->155->108->51->50->82->81->77->69->68->63->21->1->5->6->10->11->15->24->19->28->22->30->34->54->29->49->85->100->119->114->122->123->125->133->134->181->143->146->156->166->158->173->185->192->204->202->260->263->275->288->290->293->306->317->358->363->379->384->394->407->396->397->401->406->398->403->413->440->449->455->460->468->471->482->497->517->518->537->546->551->553->555->562->569->570->573->593->600->602->615->628->637->642->658->668->694->700->713->721->734->745->748->749->753->763->765->764->766->783->784->791->815->816->821->826->830->839->854->849->852->860->864->866->867->870->880->882->887->893->894->910->933->944->946->948->976->978->985->991->995->1017->1024->1031->1071->1077->1079->1091->1100->1110->1120->1122->1139->1167->1168->1181->1175->1178->1192->1204->1182->1184->1193->1205->1210->1223->1229->1230->1241->1232->1237->1242->1244->1251->1269->1275->1278->1296->1322->1330->1348->1364->1353->1358->1361->1362->1368->1379->1381->1387->1390->1403->1417->1434->1426->1428->1453->1462->1463->1481->1497->1500->1502->1503->1508->1510->1512->1531->1518->1528->1540->1542->1554->1555->1568->1576->1582->1583->1594->1586->1590->1600->1618->1593->1601->1604->1607->1616->1620->1630->1633->1641->1680->1688->1719->1739->1751->1755->1757->1776->1777->1798->1782->1791->1785->1818->1821->1823->1824->1857->1859->1861->1871->1890->1907->1906->1940->1941->1951->1969->1980->1978->1982->1987->1991->2001->2002->2005->2013->2047->2059->2063->2071->2074->2077->2079->2099->2100->2116->2118->2121->2134->2137->2148->2158->2169->2171->2174->2181->2195->2186->2196->2204->2208->2212->2217->2229->2248->2262->2270->2295->2308->2312->2327->2334->2343->2351->2361->2365->2383->2371->2382->2388->2389->2394->2409->2405->2416->2417->2422->2425->2455->2430->2439->2441->2452->2456->2473->2461->2466->2476->2485->2490,2490->2500
ACO,N2500_PS_parking_supply_P20_I1.dat,2500,7892,223,2491,2500,0.9,0.5,20.5,0.9,1,2490,0.20770000000000036,0.1348,0.027,10.63,13.736800000000018,12.462000000000021,1.6199999999999999,14.082000000000022,10.63,13.736800000000018,13087.005,2491->2341->2328->2326->2320->2317->2305->2300->2282->2268->2263->2256->2252->2251->2247->2244->2240->2226->2237->2220->2235->2218->2228->2214->2211->2202->2178->2156->2183->2170->2155->2154->2130->2109->2098->2085->2072->2082->2069->2046->2038->2033->2030->2044->2028->2014->1968->1955->1902->1895->1894->1893->1882->1872->1864->1869->1863->1860->1841->1840->1832->1827->1826->1814->1813->1807->1789->1788->1781->1779->1774->1784->1780->1778->1767->1764->1740->1736->1735->1731->1718->1713->1707->1693->1681->1677->1687->1672->1665->1673->1664->1655->1649->1643->1637->1628->1610->1587->1579->1552->1550->1548->1530->1537->1525->1492->1490->1488->1495->1479->1486->1471->1465->1460->1430->1423->1406->1401->1391->1384->1380->1374->1373->1369->1359->1355->1344->1311->1301->1310->1298->1290->1281->1274->1270->1279->1262->1257->1254->1252->1219->1206->1228->1212->1203->1194->1197->1177->1170->1153->1152->1149->1142->1134->1130->1125->1117->1113->1129->1111->1099->1089->1075->1069->1065->1064->1063->1051->1042->1039->1050->1037->1036->1027->1006->988->981->969->929->924->917->912->904->903->896->892->905->888->885->878->877->874->865->861->857->856->851->818->813->810->812->805->786->762->761->757->755->725->715->711->723->705->696->691->697->698->689->687->681->674->667->659->657->636->609->599->592->588->576->574->586->568->575->564->560->549->547->545->543->540->538->561->532->542->534->539->526->525->527->508->501->476->469->463->450->437->436->430->408->393->387->372->375->371->362->373->356->350->353->348->346->349->334->337->331->329->324->321->309->298->299->296->289->284->266->262->259->254->235->233->232->230->229->217->228->210->206->209->201->198->196->193->190->183->178->174->168->164->163->162->155->108->51->50->82->81->77->69->68->63->21->1->5->6->10->11->15->24->19->28->22->30->34->54->29->49->85->100->119->114->122->123->125->133->134->181->143->146->156->166->158->173->185->192->204->202->260->263->275->288->290->293->306->317->358->363->379->384->394->407->396->397->401->406->398->403->413->440->449->455->460->468->471->482->497->517->518->537->546->551->553->555->562->569->570->573->593->600->602->615->628->637->642->658->668->694->700->713->721->734->745->748->749->753->763->765->764->766->783->784->791->815->816->821->826->830->839->854->849->852->860->864->866->867->870->880->882->887->893->894->910->933->944->946->948->976->978->985->991->995->1017->1024->1031->1071->1077->1079->1091->1100->1110->1120->1122->1139->1167->1168->1181->1175->1178->1192->1204->1182->1184->1193->1205->1210->1223->1229->1230->1241->1232->1237->1242->1244->1251->1269->1275->1278->1296->1322->1330->1348->1364->1353->1358->1361->1362->1368->1379->1381->1387->1390->1403->1417->1434->1426->1428->1453->1462->1463->1481->1497->1500->1502->1503->1508->1510->1512->1531->1518->1528->1540->1542->1554->1555->1568->1576->1582->1583->1594->1586->1590->1600->1618->1593->1601->1604->1607->1616->1620->1630->1633->1641->1680->1688->1719->1739->1751->1755->1757->1776->1777->1798->1782->1791->1785->1818->1821->1823->1824->1857->1859->1861->1871->1890->1907->1906->1940->1941->1951->1969->1980->1978->1982->1987->1991->2001->2002->2005->2013->2047->2059->2063->2071->2074->2077->2079->2099->2100->2116->2118->2121->2134->2137->2148->2158->2169->2171->2174->2181->2195->2186->2196->2204->2208->2212->2217->2229->2248->2262->2270->2295->2308->2312->2327->2334->2343->2351->2361->2365->2383->2371->2382->2388->2389->2394->2409->2405->2416->2417->2422->2425->2455->2430->2439->2441->2452->2456->2473->2461->2466->2476->2485->2490,2490->2500
ACO,N2500_PS_parking_supply_P5_I1.dat,2500,7696,125,2491,2500,0.9,0.5,20.5,0.9,1,2490,0.20770000000000036,0.1348,0.027,10.63,13.736800000000018,12.462000000000021,1.6199999999999999,14.082000000000022,10.63,13.736800000000018,12049.688,2491->2341->2328->2326->2320->2317->2305->2300->2282->2268->2263->2256->2252->2251->2247->2244->2240->2226->2237->2220->2235->2218->2228->2214->2211->2202->2178->2156->2183->2170->2155->2154->2130->2109->2098->2085->2072->2082->2069->2046->2038->2033->2030->2044->2028->2014->1968->1955->1902->1895->1894->1893->1882->1872->1864->1869->1863->1860->1841->1840->1832->1827->1826->1814->1813->1807->1789->1788->1781->1779->1774->1784->1780->1778->1767->1764->1740->1736->1735->1731->1718->1713->1707->1693->1681->1677->1687->1672->1665->1673->1664->1655->1649->1643->1637->1628->1610->1587->1579->1552->1550->1548->1530->1537->1525->1492->1490->1488->1495->1479->1486->1471->1465->1460->1430->1423->1406->1401->1391->1384->1380->1374->1373->1369->1359->1355->1344->1311->1301->1310->1298->1290->1281->1274->1270->1279->1262->1257->1254->1252->1219->1206->1228->1212->1203->1194->1197->1177->1170->1153->1152->1149->1142->1134->1130->1125->1117->1113->1129->1111->1099->1089->1075->1069->1065->1064->1063->1051->1042->1039->1050->1037->1036->1027->1006->988->981->969->929->924->917->912->904->903->896->892->905->888->885->878->877->874->865->861->857->856->851->818->813->810->812->805->786->762->761->757->755->725->715->711->723->705->696->691->697->698->689->687->681->674->667->659->657->636->609->599->592->588->576->574->586->568->575->564->560->549->547->545->543->540->538->561->532->542->534->539->526->525->527->508->501->476->469->463->450->437->436->430->408->393->387->372->375->371->362->373->356->350->353->348->346->349->334->337->331->329->324->321->309->298->299->296->289->284->266->262->259->254->235->233->232->230->229->217->228->210->206->209->201->198->196->193->190->183->178->174->168->164->163->162->155->108->51->50->82->81->77->69->68->63->21->1->5->6->10->11->15->24->19->28->22->30->34->54->29->49->85->100->119->114->122->123->125->133->134->181->143->146->156->166->158->173->185->192->204->202->260->263->275->288->290->293->306->317->358->363->379->384->394->407->396->397->401->406->398->403->413->440->449->455->460->468->471->482->497->517->518->537->546->551->553->555->562->569->570->573->593->600->602->615->628->637->642->658->668->694->700->713->721->734->745->748->749->753->763->765->764->766->783->784->791->815->816->821->826->830->839->854->849->852->860->864->866->867->870->880->882->887->893->894->910->933->944->946->948->976->978->985->991->995->1017->1024->1031->1071->1077->1079->1091->1100->1110->1120->1122->1139->1167->1168->1181->1175->1178->1192->1204->1182->1184->1193->1205->1210->1223->1229->1230->1241->1232->1237->1242->1244->1251->1269->1275->1278->1296->1322->1330->1348->1364->1353->1358->1361->1362->1368->1379->1381->1387->1390->1403->1417->1434->1426->1428->1453->1462->1463->1481->1497->1500->1502->1503->1508->1510->1512->1531->1518->1528->1540->1542->1554->1555->1568->1576->1582->1583->1594->1586->1590->1600->1618->1593->1601->1604->1607->1616->1620->1630->1633->1641->1680->1688->1719->1739->1751->1755->1757->1776->1777->1798->1782->1791->1785->1818->1821->1823->1824->1857->1859->1861->1871->1890->1907->1906->1940->1941->1951->1969->1980->1978->1982->1987->1991->2001->2002->2005->2013->2047->2059->2063->2071->2074->2077->2079->2099->2100->2116->2118->2121->2134->2137->2148->2158->2169->2171->2174->2181->2195->2186->2196->2204->2208->2212->2217->2229->2248->2262->2270->2295->2308->2312->2327->2334->2343->2351->2361->2365->2383->2371->2382->2388->2389->2394->2409->2405->2416->2417->2422->2425->2455->2430->2439->2441->2452->2456->2473->2461->2466->2476->2485->2490,2490->2500
ACO,N2500_PS_traffic_high_I1.dat,2500,7696,125,2491,2500,0.9,0.5,20.5,0.9,1,2490,0.6238,0.1348,0.027,10.63,36.2062,37.428000000000004,1.6199999999999999,39.048,10.63,36.2062,11949.895,2491->2341->2328->2326->2320->2317->2305->2300->2282->2268->2263->2256->2252->2251->2247->2244->2240->2226->2237->2220->2235->2218->2228->2214->2211->2202->2178->2156->2183->2170->2155->2154->2130->2109->2098->2085->2072->2082->2069->2046->2038->2033->2030->2044->2028->2014->1968->1955->1902->1895->1894->1893->1882->1872->1864->1869->1863->1860->1841->1840->1832->1827->1826->1814->1813->1807->1789->1788->1781->1779->1774->1784->1780->1778->1767->1764->1740->1736->1735->1731->1718->1713->1707->1693->1681->1677->1687->1672->1665->1673->1664->1655->1649->1643->1637->1628->1610->1587->1579->1552->1550->1548->1530->1537->1525->1492->1490->1488->1495->1479->1486->1471->1465->1460->1430->1423->1406->1401->1391->1384->1380->1374->1373->1369->1359->1355->1344->1311->1301->1310->1298->1290->1281->1274->1270->1279->1262->1257->1254->1252->1219->1206->1228->1203->1194->1197->1177->1170->1153->1152->1149->1142->1134->1130->1125->1117->1113->1129->1111->1099->1089->1075->1069->1065->1064->1063->1051->1042->1039->1050->1037->1036->1027->1006->988->981->969->929->924->917->912->904->903->896->892->905->888->885->878->877->874->865->861->857->856->851->813->810->812->805->786->762->761->757->755->725->715->711->723->705->696->691->697->698->689->687->681->674->667->659->657->636->609->599->592->588->576->574->586->568->575->564->560->549->547->545->543->540->538->561->532->542->530->539->526->525->527->508->501->476->469->463->450->437->436->430->408->393->387->372->375->371->362->373->356->350->353->348->346->349->334->337->331->329->324->321->309->298->296->289->284->266->262->259->254->235->233->232->230->229->217->228->210->206->209->201->198->196->193->190->183->178->174->168->164->163->162->155->108->51->50->82->81->77->69->68->63->21->1->5->6->10->11->15->24->19->28->22->30->34->54->53->89->49->85->100->119->114->129->122->123->125->133->134->181->143->146->156->166->158->173->185->197->204->202->260->265->263->275->288->290->293->306->317->358->363->379->384->394->407->396->397->401->406->398->403->413->440->449->455->460->468->471->482->497->517->518->537->546->551->553->555->562->569->570->573->593->600->602->615->628->637->642->658->668->694->700->713->721->734->745->748->749->753->763->765->764->766->783->784->791->815->816->821->826->830->839->854->842->849->852->860->864->866->867->870->880->882->887->893->894->910->933->944->946->948->976->978->985->991->995->1017->1024->1031->1071->1077->1079->1091->1100->1110->1120->1116->1122->1139->1167->1168->1181->1175->1178->1192->1204->1182->1184->1193->1205->1210->1223->1229->1230->1241->1232->1237->1242->1244->1251->1269->1275->1278->1296->1322->1330->1348->1364->1353->1358->1361->1362->1368->1379->1381->1387->1390->1403->1417->1434->1426->1428->1453->1462->1463->1481->1497->1500->1502->1503->1508->1510->1512->1531->1518->1528->1540->1542->1554->1555->1568->1576->1582->1583->1594->1586->1590->1600->1618->1593->1601->1604->1607->1616->1620->1633->1641->1680->1688->1719->1739->1751->1755->1757->1776->1777->1798->1782->1791->1785->1818->1821->1823->1824->1857->1861->1871->1890->1907->1906->1940->1941->1951->1969->1980->1978->1982->1987->1991->2001->2002->2005->2013->2047->2059->2063->2071->2074->2077->2079->2099->2100->2116->2118->2121->2134->2137->2148->2158->2169->2171->2174->2181->2195->2186->2196->2204->2208->2212->2217->2229->2248->2262->2270->2295->2308->2312->2327->2334->2343->2351->2361->2365->2383->2371->2382->2388->2389->2409->2405->2416->2417->2422->2425->2455->2430->2439->2441->2452->2456->2473->2461->2466->2476->2485->2490,2490->2500
ACO,N2500_PS_traffic_low_I1.dat,2500,7696,125,2491,2500,0.9,0.5,20.5,0.9,1,2490,0.20770000000000036,0.1348,0.027,10.63,13.736800000000018,12.462000000000021,1.6199999999999999,14.082000000000022,10.63,13.736800000000018,12003.894,2491->2341->2328->2326->2320->2317->2305->2300->2282->2268->2263->2256->2252->2251->2247->2244->2240->2226->2237->2220->2235->2218->2228->2214->2211->2202->2178->2156->2183->2170->2155->2154->2130->2109->2098->2085->2072->2082->2069->2046->2038->2033->2030->2044->2028->2014->1968->1955->1902->1895->1894->1893->1882->1872->1864->1869->1863->1860->1841->1840->1832->1827->1826->1814->1813->1807->1789->1788->1781->1779->1774->1784->1780->1778->1767->1764->1740->1736->1735->1731->1718->1713->1707->1693->1681->1677->1687->1672->1665->1673->1664->1655->1649->1643->1637->1628->1610->1587->1579->1552->1550->1548->1530->1537->1525->1492->1490->1488->1495->1479->1486->1471->1465->1460->1430->1423->1406->1401->1391->1384->1380->1374->1373->1369->1359->1355->1344->1311->1301->1310->1298->1290->1281->1274->1270->1279->1262->1257->1254->1252->1219->1206->1228->1212->1203->1194->1197->1177->1170->1153->1152->1149->1142->1134->1130->1125->1117->1113->1129->1111->1099->1089->1075->1069->1065->1064->1063->1051->1042->1039->1050->1037->1036->1027->1006->988->981->969->929->924->917->912->904->903->896->892->905->888->885->878->877->874->865->861->857->856->851->818->813->810->812->805->786->762->761->757->755->725->715->711->723->705->696->691->697->698->689->687->681->674->667->659->657->636->609->599->592->588->576->574->586->568->575->564->560->549->547->545->543->540->538->561->532->542->534->539->526->525->527->508->501->476->469->463->450->437->436->430->408->393->387->372->375->371->362->373->356->350->353->348->346->349->334->337->331->329->324->321->309->298->299->296->289->284->266->262->259->254->235->233->232->230->229->217->228->210->206->209->201->198->196->193->190->183->178->174->168->164->163->162->155->108->51->50->82->81->77->69->68->63->21->1->5->6->10->11->15->24->19->28->22->30->34->54->29->49->85->100->119->114->122->123->125->133->134->181->143->146->156->166->158->173->185->192->204->202->260->263->275->288->290->293->306->317->358->363->379->384->394->407->396->397->401->406->398->403->413->440->449->455->460->468->471->482->497->517->518->537->546->551->553->555->562->569->570->573->593->600->602->615->628->637->642->658->668->694->700->713->721->734->745->748->749->753->763->765->764->766->783->784->791->815->816->821->826->830->839->854->849->852->860->864->866->867->870->880->882->887->893->894->910->933->944->946->948->976->978->985->991->995->1017->1024->1031->1071->1077->1079->1091->1100->1110->1120->1122->1139->1167->1168->1181->1175->1178->1192->1204->1182->1184->1193->1205->1210->1223->1229->1230->1241->1232->1237->1242->1244->1251->1269->1275->1278->1296->1322->1330->1348->1364->1353->1358->1361->1362->1368->1379->1381->1387->1390->1403->1417->1434->1426->1428->1453->1462->1463->1481->1497->1500->1502->1503->1508->1510->1512->1531->1518->1528->1540->1542->1554->1555->1568->1576->1582->1583->1594->1586->1590->1600->1618->1593->1601->1604->1607->1616->1620->1630->1633->1641->1680->1688->1719->1739->1751->1755->1757->1776->1777->1798->1782->1791->1785->1818->1821->1823->1824->1857->1859->1861->1871->1890->1907->1906->1940->1941->1951->1969->1980->1978->1982->1987->1991->2001->2002->2005->2013->2047->2059->2063->2071->2074->2077->2079->2099->2100->2116->2118->2121->2134->2137->2148->2158->2169->2171->2174->2181->2195->2186->2196->2204->2208->2212->2217->2229->2248->2262->2270->2295->2308->2312->2327->2334->2343->2351->2361->2365->2383->2371->2382->2388->2389->2394->2409->2405->2416->2417->2422->2425->2455->2430->2439->2441->2452->2456->2473->2461->2466->2476->2485->2490,2490->2500
ACO,N2500_PS_traffic_medium_I1.dat,2500,7696,125,2491,2500,0.9,0.5,20.5,0.9,1,2490,0.3274999999999997,0.1348,0.027,10.63,20.20599999999998,19.64999999999998,1.6199999999999999,21.269999999999982,10.63,20.20599999999998,12039.957,2491->2341->2328->2326->2320->2317->2305->2300->2282->2268->2263->2256->2252->2251->2247->2244->2240->2226->2237->2220->2235->2218->2228->2211->2202->2178->2156->2183->2170->2155->2154->2130->2109->2098->2085->2072->2082->2069->2046->2038->2033->2030->2044->2028->2014->1968->1955->1902->1895->1894->1893->1882->1872->1864->1869->1863->1860->1841->1840->1832->1827->1826->1814->1813->1807->1789->1788->1781->1779->1774->1784->1780->1778->1767->1764->1740->1736->1735->1731->1718->1713->1707->1693->1681->1677->1687->1672->1665->1664->1655->1649->1643->1637->1628->1610->1587->1579->1552->1550->1548->1530->1537->1525->1492->1490->1488->1495->1479->1486->1471->1465->1460->1430->1423->1401->1391->1384->1380->1374->1373->1369->1359->1355->1344->1311->1301->1310->1298->1290->1281->1274->1270->1279->1262->1257->1254->1234->1219->1206->1228->1203->1194->1197->1177->1170->1153->1152->1149->1142->1134->1130->1125->1117->1113->1129->1111->1099->1089->1075->1069->1065->1064->1063->1051->1042->1039->1050->1037->1036->1027->1006->988->981->969->929->924->917->912->904->903->896->892->905->888->885->878->877->874->865->861->857->856->851->813->810->812->805->786->762->761->757->755->725->715->711->723->705->696->691->697->698->689->687->681->674->667->659->657->636->609->599->592->588->576->574->586->568->575->564->560->549->547->545->543->540->538->561->532->542->530->539->526->525->527->508->501->476->469->463->450->437->436->430->408->393->387->372->375->371->362->373->356->350->353->348->346->349->334->337->331->329->324->321->309->298->296->289->284->266->262->259->254->235->233->232->230->229->217->228->210->206->209->201->198->196->193->190->183->178->174->168->164->163->162->155->108->51->50->82->81->77->69->68->63->21->1->5->6->10->11->15->24->19->28->22->30->34->54->53->89->49->85->100->119->114->129->122->123->125->133->134->181->143->146->156->166->158->173->185->197->204->202->260->265->263->275->288->290->293->306->317->358->363->379->384->394->407->396->397->401->406->398->403->413->440->449->455->460->468->471->482->497->517->518->537->546->551->553->555->562->569->570->573->593->600->602->615->628->637->642->658->668->694->700->713->721->734->745->748->749->753->763->765->764->766->783->784->791->815->816->821->826->830->839->842->849->852->860->864->866->867->870->880->882->887->893->894->910->933->944->946->948->976->978->985->991->995->1017->1024->1031->1071->1077->1079->1091->1100->1110->1120->1116->1122->1139->1167->1168->1181->1175->1178->1192->1204->1182->1184->1193->1205->1210->1223->1229->1230->1241->1232->1237->1242->1244->1251->1269->1275->1278->1296->1322->1330->1348->1364->1353->1358->1361->1362->1368->1379->1381->1387->1390->1403->1417->1434->1426->1428->1453->1462->1463->1481->1497->1500->1502->1503->1508->1510->1512->1531->1518->1528->1540->1542->1554->1555->1568->1576->1582->1583->1594->1586->1590->1600->1618->1593->1601->1604->1607->1616->1620->1633->1641->1680->1688->1719->1739->1751->1755->1757->1776->1777->1798->1782->1791->1785->1818->1821->1823->1824->1857->1861->1871->1890->1907->1906->1940->1941->1951->1969->1980->1978->1982->1987->1991->2001->2002->2005->2013->2047->2059->2063->2071->2074->2077->2079->2099->2100->2116->2118->2121->2134->2137->2148->2158->2169->2171->2174->2181->2195->2186->2196->2204->2208->2212->2217->2229->2248->2262->2270->2295->2308->2312->2327->2334->2343->2351->2361->2365->2383->2371->2382->2388->2389->2394->2409->2405->2416->2417->2422->2425->2455->2430->2439->2441->2452->2456->2473->2461->2466->2476->2485->2490,2490->2500
ACO,N2500_PS_traffic_very_low_I1.dat,2500,7696,125,2491,2500,0.9,0.5,20.5,0.9,1,2490,0.18399999999999958,0.1348,0.027,10.63,12.456999999999978,11.039999999999974,1.6199999999999999,12.659999999999975,10.63,12.456999999999978,11706.625,2491->2493->2341->2328->2326->2320->2317->2305->2300->2282->2268->2263->2256->2252->2251->2247->2244->2240->2226->2237->2220->2235->2218->2228->2211->2202->2178->2156->2183->2170->2155->2154->2130->2109->2098->2085->2072->2082->2069->2046->2038->2033->2030->2044->2028->2014->1968->1955->1902->1895->1894->1893->1882->1872->1864->1869->1863->1860->1841->1840->1832->1827->1826->1814->1813->1807->1789->1788->1781->1779->1774->1784->1780->1778->1767->1764->1740->1736->1735->1731->1718->1713->1707->1693->1681->1677->1687->1672->1665->1664->1655->1649->1643->1637->1628->1610->1587->1579->1552->1550->1548->1530->1537->1525->1492->1490->1488->1495->1479->1486->1471->1465->1460->1430->1423->1401->1391->1384->1380->1374->1373->1369->1359->1355->1344->1311->1301->1310->1298->1290->1281->1274->1270->1279->1262->1257->1254->1234->1219->1206->1228->1212->1203->1194->1197->1177->1170->1153->1152->1149->1142->1134->1130->1125->1117->1113->1129->1111->1099->1089->1075->1069->1065->1064->1063->1051->1042->1039->1050->1037->1036->1027->1006->988->981->969->929->924->917->912->904->903->896->892->905->888->885->878->877->874->865->861->857->856->851->813->810->805->786->762->761->757->755->725->715->711->723->705->696->691->697->689->687->681->674->667->659->657->636->609->599->592->588->576->574->586->568->575->564->560->549->547->545->543->540->566->561->532->542->530->539->526->525->527->508->501->476->469->463->450->436->430->408->393->387->372->375->371->362->373->356->350->353->348->346->349->334->337->331->329->324->321->309->298->299->289->284->266->262->259->254->235->233->232->230->229->217->228->210->206->209->201->198->196->193->190->183->178->174->168->164->163->162->155->108->51->50->48->78->77->69->68->63->21->1->9->10->11->15->24->19->28->22->30->34->54->29->49->85->111->119->114->122->123->125->133->134->181->143->146->156->166->158->173->185->197->204->202->260->263->275->288->290->293->306->317->358->363->379->384->394->407->396->397->401->406->398->403->413->440->449->455->460->468->471->482->497->517->518->537->546->551->553->555->562->569->570->573->593->600->602->615->628->637->642->658->668->694->700->713->721->734->745->748->749->753->763->765->764->766->783->784->791->815->816->821->826->830->839->842->849->852->860->864->866->867->870->880->882->887->893->894->910->933->944->946->948->976->978->985->991->995->1017->1024->1031->1071->1077->1079->1091->1100->1110->1120->1122->1139->1167->1168->1181->1175->1189->1192->1204->1182->1184->1193->1205->1210->1223->1229->1230->1241->1232->1237->1242->1244->1251->1269->1275->1278->1296->1322->1330->1348->1364->1353->1358->1366->1362->1368->1379->1381->1387->1390->1403->1417->1434->1428->1453->1462->1463->1481->1497->1500->1502->1503->1508->1510->1512->1531->1518->1528->1540->1542->1554->1555->1568->1576->1582->1583->1594->1586->1590->1600->1618->1593->1601->1604->1607->1616->1620->1633->1641->1680->1688->1719->1739->1751->1755->1757->1776->1777->1798->1782->1785->1818->1821->1823->1824->1857->1861->1871->1890->1907->1906->1940->1941->1951->1969->1980->1978->1982->1987->1991->2001->2002->2005->2013->2047->2059->2063->2071->2074->2077->2079->2099->2100->2116->2118->2121->2134->2137->2148->2158->2169->2171->2174->2181->2186->2196->2204->2208->2212->2217->2229->2248->2262->2270->2295->2308->2312->2327->2343->2351->2361->2365->2383->2371->2382->2388->2389->2394->2409->2405->2416->2417->2422->2425->2455->2430->2439->2441->2452->2456->2473->2461->2466->2476->2485->2490,2490->2500
ACO,N2500_PS_walking_distance_W025_I1.dat,2500,7696,125,2491,2500,0.9,0.25,20.5,0.9,1,2490,0.20500000000000035,0.1348,0.027,10.63,13.591000000000019,12.30000000000002,1.6199999999999999,13.920000000000021,10.63,13.591000000000019,11027.095,2491->2341->2328->2326->2320->2317->2305->2300->2282->2268->2263->2256->2252->2251->2247->2244->2240->2226->2237->2220->2235->2218->2228->2214->2211->2202->2178->2156->2183->2170->2155->2154->2130->2109->2098->2085->2072->2082->2069->2046->2038->2033->2030->2044->2028->2014->1968->1955->1902->1895->1894->1893->1882->1872->1864->1869->1863->1860->1841->1840->1832->1827->1826->1814->1813->1807->1789->1788->1781->1779->1774->1784->1780->1778->1767->1764->1740->1736->1735->1731->1718->1713->1707->1693->1681->1677->1687->1672->1665->1673->1664->1655->1649->1643->1637->1628->1610->1587->1579->1552->1550->1548->1530->1537->1525->1492->1490->1488->1495->1479->1486->1471->1465->1460->1430->1423->1406->1401->1391->1384->1380->1374->1373->1369->1359->1355->1344->1311->1301->1310->1298->1290->1281->1274->1270->1279->1262->1257->1254->1252->1219->1206->1228->1212->1203->1194->1197->1177->1170->1153->1152->1149->1142->1134->1130->1125->1117->1113->1129->1111->1099->1089->1075->1069->1065->1064->1063->1051->1042->1039->1050->1037->1036->1027->1006->988->981->969->929->924->917->912->904->903->896->892->905->888->885->878->877->874->865->861->857->856->851->818->813->810->812->805->786->762->761->757->755->725->715->711->723->705->696->691->697->698->689->687->681->674->667->659->657->636->609->599->592->588->576->574->586->568->575->564->560->549->547->545->543->540->538->561->532->542->534->539->526->525->527->508->501->476->469->463->450->437->436->430->408->393->387->372->375->371->362->373->356->350->353->348->346->349->334->337->331->329->324->321->309->298->299->296->289->284->266->262->259->254->235->233->232->230->229->217->228->210->206->209->201->198->196->193->190->183->178->174->168->164->163->162->155->108->51->50->82->81->77->69->68->63->21->1->5->6->10->11->15->24->19->28->22->30->34->54->29->49->85->100->119->114->122->123->125->133->134->181->143->146->156->166->158->173->185->192->204->202->260->263->275->288->290->293->306->317->358->363->379->384->394->407->396->397->401->406->398->403->413->440->449->455->460->468->471->482->497->517->518->537->546->551->553->555->562->569->570->573->593->600->602->615->628->637->642->658->668->694->700->713->721->734->745->748->749->753->763->765->764->766->783->784->791->815->816->821->826->830->839->854->849->852->860->864->866->867->870->880->882->887->893->894->910->933->944->946->948->976->978->985->991->995->1017->1024->1031->1071->1077->1079->1091->1100->1110->1120->1122->1139->1167->1168->1181->1175->1178->1192->1204->1182->1184->1193->1205->1210->1223->1229->1230->1241->1232->1237->1242->1244->1251->1269->1275->1278->1296->1322->1330->1348->1364->1353->1358->1361->1362->1368->1379->1381->1387->1390->1403->1417->1434->1426->1428->1453->1462->1463->1481->1497->1500->1502->1503->1508->1510->1512->1531->1518->1528->1540->1542->1554->1555->1568->1576->1582->1583->1594->1586->1590->1600->1618->1593->1601->1604->1607->1616->1620->1633->1641->1680->1688->1719->1739->1751->1755->1757->1776->1777->1798->1782->1791->1785->1818->1821->1823->1824->1857->1859->1861->1871->1890->1907->1906->1940->1941->1951->1969->1980->1978->1982->1987->1991->2001->2002->2005->2013->2047->2059->2063->2071->2074->2077->2079->2099->2100->2116->2118->2121->2134->2137->2148->2158->2169->2171->2174->2181->2195->2186->2196->2204->2208->2212->2217->2229->2490,2490->2500
ACO,N2500_PS_walking_distance_W050_I1.dat,2500,7696,125,2491,2500,0.9,0.5,20.5,0.9,1,2490,0.20770000000000036,0.1348,0.027,10.63,13.736800000000018,12.462000000000021,1.6199999999999999,14.082000000000022,10.63,13.736800000000018,12037.975,2491->2341->2328->2326->2320->2317->2305->2300->2282->2268->2263->2256->2252->2251->2247->2244->2240->2226->2237->2220->2235->2218->2228->2214->2211->2202->2178->2156->2183->2170->2155->2154->2130->2109->2098->2085->2072->2082->2069->2046->2038->2033->2030->2044->2028->2014->1968->1955->1902->1895->1894->1893->1882->1872->1864->1869->1863->1860->1841->1840->1832->1827->1826->1814->1813->1807->1789->1788->1781->1779->1774->1784->1780->1778->1767->1764->1740->1736->1735->1731->1718->1713->1707->1693->1681->1677->1687->1672->1665->1673->1664->1655->1649->1643->1637->1628->1610->1587->1579->1552->1550->1548->1530->1537->1525->1492->1490->1488->1495->1479->1486->1471->1465->1460->1430->1423->1406->1401->1391->1384->1380->1374->1373->1369->1359->1355->1344->1311->1301->1310->1298->1290->1281->1274->1270->1279->1262->1257->1254->1252->1219->1206->1228->1212->1203->1194->1197->1177->1170->1153->1152->1149->1142->1134->1130->1125->1117->1113->1129->1111->1099->1089->1075->1069->1065->1064->1063->1051->1042->1039->1050->1037->1036->1027->1006->988->981->969->929->924->917->912->904->903->896->892->905->888->885->878->877->874->865->861->857->856->851->818->813->810->812->805->786->762->761->757->755->725->715->711->723->705->696->691->697->698->689->687->681->674->667->659->657->636->609->599->592->588->576->574->586->568->575->564->560->549->547->545->543->540->538->561->532->542->534->539->526->525->527->508->501->476->469->463->450->437->436->430->408->393->387->372->375->371->362->373->356->350->353->348->346->349->334->337->331->329->324->321->309->298->299->296->289->284->266->262->259->254->235->233->232->230->229->217->228->210->206->209->201->198->196->193->190->183->178->174->168->164->163->162->155->108->51->50->82->81->77->69->68->63->21->1->5->6->10->11->15->24->19->28->22->30->34->54->29->49->85->100->119->114->122->123->125->133->134->181->143->146->156->166->158->173->185->192->204->202->260->263->275->288->290->293->306->317->358->363->379->384->394->407->396->397->401->406->398->403->413->440->449->455->460->468->471->482->497->517->518->537->546->551->553->555->562->569->570->573->593->600->602->615->628->637->642->658->668->694->700->713->721->734->745->748->749->753->763->765->764->766->783->784->791->815->816->821->826->830->839->854->849->852->860->864->866->867->870->880->882->887->893->894->910->933->944->946->948->976->978->985->991->995->1017->1024->1031->1071->1077->1079->1091->1100->1110->1120->1122->1139->1167->1168->1181->1175->1178->1192->1204->1182->1184->1193->1205->1210->1223->1229->1230->1241->1232->1237->1242->1244->1251->1269->1275->1278->1296->1322->1330->1348->1364->1353->1358->1361->1362->1368->1379->1381->1387->1390->1403->1417->1434->1426->1428->1453->1462->1463->1481->1497->1500->1502->1503->1508->1510->1512->1531->1518->1528->1540->1542->1554->1555->1568->1576->1582->1583->1594->1586->1590->1600->1618->1593->1601->1604->1607->1616->1620->1630->1633->1641->1680->1688->1719->1739->1751->1755->1757->1776->1777->1798->1782->1791->1785->1818->1821->1823->1824->1857->1859->1861->1871->1890->1907->1906->1940->1941->1951->1969->1980->1978->1982->1987->1991->2001->2002->2005->2013->2047->2059->2063->2071->2074->2077->2079->2099->2100->2116->2118->2121->2134->2137->2148->2158->2169->2171->2174->2181->2195->2186->2196->2204->2208->2212->2217->2229->2248->2262->2270->2295->2308->2312->2327->2334->2343->2351->2361->2365->2383->2371->2382->2388->2389->2394->2409->2405->2416->2417->2422->2425->2455->2430->2439->2441->2452->2456->2473->2461->2466->2476->2485->2490,2490->2500
ACO,N2500_PS_walking_distance_W075_I1.dat,2500,7696,125,2491,2500,0.9,0.75,20.5,0.9,1,2476,0.2046000000000003,0.1661,0.0332,8.29,13.670200000000015,12.27600000000002,1.992,14.268000000000018,8.29,13.670200000000015,11866.992,2491->2341->2328->2326->2320->2317->2305->2300->2282->2268->2263->2256->2252->2251->2247->2244->2240->2226->2237->2220->2235->2218->2228->2214->2211->2202->2178->2156->2183->2170->2155->2154->2130->2109->2098->2085->2072->2082->2069->2046->2038->2033->2030->2044->2028->2014->1968->1955->1902->1895->1894->1893->1882->1872->1864->1869->1863->1860->1841->1840->1832->1827->1826->1814->1813->1807->1789->1788->1781->1779->1774->1784->1780->1778->1767->1764->1740->1736->1735->1731->1718->1713->1707->1693->1681->1677->1687->1672->1665->1673->1664->1655->1649->1643->1637->1628->1610->1587->1579->1552->1550->1548->1530->1537->1525->1492->1490->1488->1495->1479->1486->1471->1465->1460->1430->1423->1406->1401->1391->1384->1380->1374->1373->1369->1359->1355->1344->1311->1301->1310->1298->1290->1281->1274->1270->1279->1262->1257->1254->1252->1219->1206->1228->1212->1203->1194->1197->1177->1170->1153->1152->1149->1142->1134->1130->1125->1117->1113->1129->1111->1099->1089->1075->1069->1065->1064->1063->1051->1042->1039->1050->1037->1036->1027->1006->988->981->969->929->924->917->912->904->903->896->892->905->888->885->878->877->874->865->861->857->856->851->818->813->810->812->805->786->762->761->757->755->725->715->711->723->705->696->691->697->698->689->687->681->674->667->659->657->636->609->599->592->588->576->574->586->568->575->564->560->549->547->545->543->540->538->561->532->542->534->539->526->525->527->508->501->476->469->463->450->436->430->408->393->387->372->375->371->362->373->356->350->353->348->346->349->334->337->331->329->324->321->309->298->299->296->289->284->266->262->259->254->235->233->232->230->229->217->228->210->206->209->201->198->196->193->190->183->178->174->168->164->163->162->155->108->51->50->82->81->77->69->68->63->21->1->5->6->10->11->15->24->19->28->22->30->34->54->29->49->85->100->119->114->122->123->125->133->134->181->143->146->156->166->158->173->185->192->204->202->260->263->275->288->290->293->306->317->358->363->379->384->394->407->396->397->401->406->398->403->413->440->449->455->460->468->471->482->497->517->518->537->546->551->553->555->562->569->570->573->593->600->602->615->628->637->642->658->668->694->700->713->721->734->745->748->749->753->763->765->764->766->783->784->791->815->816->821->826->830->839->854->849->852->860->864->866->867->870->880->882->887->893->894->910->933->944->946->948->976->978->985->991->995->1017->1024->1031->1071->1077->1079->1091->1100->1110->1120->1122->1139->1167->1168->1181->1175->1178->1192->1204->1182->1184->1193->1205->1210->1223->1229->1230->1241->1232->1237->1242->1244->1251->1269->1275->1278->1296->1322->1330->1348->1364->1353->1358->1361->1362->1368->1379->1381->1387->1390->1403->1417->1434->1426->1428->1453->1462->1463->1481->1497->1500->1502->1503->1508->1510->1512->1531->1518->1528->1540->1542->1554->1555->1568->1576->1582->1583->1594->1586->1590->1600->1618->1593->1601->1604->1607->1616->1620->1633->1641->1680->1688->1719->1739->1751->1755->1757->1776->1777->1798->1782->1791->1785->1818->1821->1823->1824->1857->1859->1861->1871->1890->1907->1906->1940->1941->1951->1969->1980->1978->1982->1987->1991->2001->2002->2005->2013->2047->2059->2063->2071->2074->2077->2079->2099->2100->2116->2118->2121->2134->2137->2148->2158->2169->2171->2174->2181->2195->2186->2196->2204->2208->2212->2217->2229->2461->2466->2476,2476->2500
ACO,N2500_PS_walking_distance_W100_I1.dat,2500,7696,125,2491,2500,0.9,1.0,20.5,0.9,1,2490,0.20760000000000037,0.1348,0.027,10.63,13.73140000000002,12.456000000000023,1.6199999999999999,14.076000000000022,10.63,13.73140000000002,11503.499,2491->2341->2328->2326->2320->2317->2305->2300->2282->2268->2263->2256->2252->2251->2247->2244->2240->2226->2237->2220->2235->2218->2228->2214->2211->2202->2178->2156->2183->2170->2155->2154->2130->2109->2098->2085->2072->2082->2069->2046->2038->2033->2030->2044->2028->2014->1968->1955->1902->1895->1894->1893->1882->1872->1864->1869->1863->1860->1841->1840->1832->1827->1826->1814->1813->1807->1789->1788->1781->1779->1774->1784->1780->1778->1767->1764->1740->1736->1735->1731->1718->1713->1707->1693->1681->1677->1687->1672->1665->1673->1664->1655->1649->1643->1637->1628->1610->1587->1579->1552->1550->1548->1530->1537->1525->1492->1490->1488->1495->1479->1486->1471->1465->1460->1430->1423->1406->1401->1391->1384->1380->1374->1373->1369->1359->1355->1344->1311->1301->1310->1298->1290->1281->1274->1270->1279->1262->1257->1254->1252->1219->1206->1228->1212->1203->1194->1197->1177->1170->1153->1152->1149->1142->1134->1130->1125->1117->1113->1129->1111->1099->1089->1075->1069->1065->1064->1063->1051->1042->1039->1050->1037->1036->1027->1006->988->981->969->929->924->917->912->904->903->896->892->905->888->885->878->877->874->865->861->857->856->851->818->813->810->812->805->786->762->761->757->755->725->715->711->723->705->696->691->697->698->689->687->681->674->667->659->657->636->609->599->592->588->576->574->586->568->575->564->560->549->547->545->543->540->538->561->532->542->534->539->526->525->527->508->501->476->469->463->450->437->436->430->408->393->387->372->375->371->362->373->356->350->353->348->346->349->334->337->331->329->324->321->309->298->299->296->289->284->266->262->259->254->235->233->232->230->229->217->228->210->206->209->201->198->196->193->190->183->178->174->168->164->163->162->155->108->51->50->82->81->77->69->68->63->21->1->5->6->10->11->15->24->19->28->22->30->34->54->29->49->85->100->119->114->122->123->125->133->134->181->143->146->156->166->158->173->185->192->204->202->260->263->275->288->290->293->306->317->358->363->379->384->394->407->396->397->401->406->398->403->413->440->449->455->460->468->471->482->497->517->518->537->546->551->553->555->562->569->570->573->593->600->602->615->628->637->642->658->668->694->700->713->721->734->745->748->749->753->763->765->764->766->783->784->791->815->816->821->826->830->839->842->849->852->860->864->866->867->870->880->882->887->893->894->910->933->944->946->948->976->978->985->991->995->1017->1024->1031->1071->1077->1079->1091->1100->1110->1120->1122->1139->1167->1168->1181->1175->1178->1192->1204->1182->1184->1193->1205->1210->1223->1229->1230->1241->1232->1237->1242->1244->1251->1269->1275->1278->1296->1322->1330->1348->1364->1353->1358->1361->1362->1368->1379->1381->1387->1390->1403->1417->1434->1426->1428->1453->1462->1463->1481->1497->1500->1502->1503->1508->1510->1512->1531->1518->1528->1540->1542->1554->1555->1568->1576->1582->1583->1594->1586->1590->1600->1618->1593->1601->1604->1607->1616->1620->1630->1633->1641->1680->1688->1719->1739->1751->1755->1757->1776->1777->1798->1782->1791->1785->1818->1821->1823->1824->1857->1859->1861->1871->1890->1907->1906->1940->1941->1951->1969->1980->1978->1982->1987->1991->2001->2002->2005->2013->2047->2059->2063->2071->2074->2077->2079->2099->2100->2116->2118->2121->2134->2137->2148->2158->2169->2171->2174->2181->2195->2186->2196->2204->2208->2212->2217->2229->2248->2262->2270->2295->2308->2312->2327->2334->2343->2351->2361->2365->2383->2371->2382->2388->2389->2409->2405->2416->2417->2422->2425->2455->2430->2439->2441->2452->2456->2473->2461->2466->2476->2485->2490,2490->2500
ACO,N2500_C1_I1.dat,2500,7696,125,2491,2500,0.9,0.5,20.5,0.9,1,2490,0.20770000000000036,0.1348,0.027,10.63,13.736800000000018,12.462000000000021,1.6199999999999999,14.082000000000022,10.63,13.736800000000018,12182.989,2491->2341->2328->2326->2320->2317->2305->2300->2282->2268->2263->2256->2252->2251->2247->2244->2240->2226->2237->2220->2235->2218->2228->2214->2211->2202->2178->2156->2183->2170->2155->2154->2130->2109->2098->2085->2072->2082->2069->2046->2038->2033->2030->2044->2028->2014->1968->1955->1902->1895->1894->1893->1882->1872->1864->1869->1863->1860->1841->1840->1832->1827->1826->1814->1813->1807->1789->1788->1781->1779->1774->1784->1780->1778->1767->1764->1740->1736->1735->1731->1718->1713->1707->1693->1681->1677->1687->1672->1665->1673->1664->1655->1649->1643->1637->1628->1610->1587->1579->1552->1550->1548->1530->1537->1525->1492->1490->1488->1495->1479->1486->1471->1465->1460->1430->1423->1406->1401->1391->1384->1380->1374->1373->1369->1359->1355->1344->1311->1301->1310->1298->1290->1281->1274->1270->1279->1262->1257->1254->1252->1219->1206->1228->1212->1203->1194->1197->1177->1170->1153->1152->1149->1142->1134->1130->1125->1117->1113->1129->1111->1099->1089->1075->1069->1065->1064->1063->1051->1042->1039->1050->1037->1036->1027->1006->988->981->969->929->924->917->912->904->903->896->892->905->888->885->878->877->874->865->861->857->856->851->818->813->810->812->805->786->762->761->757->755->725->715->711->723->705->696->691->697->698->689->687->681->674->667->659->657->636->609->599->592->588->576->574->586->568->575->564->560->549->547->545->543->540->538->561->532->542->534->539->526->525->527->508->501->476->469->463->450->437->436->430->408->393->387->372->375->371->362->373->356->350->353->348->346->349->334->337->331->329->324->321->309->298->299->296->289->284->266->262->259->254->235->233->232->230->229->217->228->210->206->209->201->198->196->193->190->183->178->174->168->164->163->162->155->108->51->50->82->81->77->69->68->63->21->1->5->6->10->11->15->24->19->28->22->30->34->54->29->49->85->100->119->114->122->123->125->133->134->181->143->146->156->166->158->173->185->192->204->202->260->263->275->288->290->293->306->317->358->363->379->384->394->407->396->397->401->406->398->403->413->440->449->455->460->468->471->482->497->517->518->537->546->551->553->555->562->569->570->573->593->600->602->615->628->637->642->658->668->694->700->713->721->734->745->748->749->753->763->765->764->766->783->784->791->815->816->821->826->830->839->854->849->852->860->864->866->867->870->880->882->887->893->894->910->933->944->946->948->976->978->985->991->995->1017->1024->1031->1071->1077->1079->1091->1100->1110->1120->1122->1139->1167->1168->1181->1175->1178->1192->1204->1182->1184->1193->1205->1210->1223->1229->1230->1241->1232->1237->1242->1244->1251->1269->1275->1278->1296->1322->1330->1348->1364->1353->1358->1361->1362->1368->1379->1381->1387->1390->1403->1417->1434->1426->1428->1453->1462->1463->1481->1497->1500->1502->1503->1508->1510->1512->1531->1518->1528->1540->1542->1554->1555->1568->1576->1582->1583->1594->1586->1590->1600->1618->1593->1601->1604->1607->1616->1620->1630->1633->1641->1680->1688->1719->1739->1751->1755->1757->1776->1777->1798->1782->1791->1785->1818->1821->1823->1824->1857->1859->1861->1871->1890->1907->1906->1940->1941->1951->1969->1980->1978->1982->1987->1991->2001->2002->2005->2013->2047->2059->2063->2071->2074->2077->2079->2099->2100->2116->2118->2121->2134->2137->2148->2158->2169->2171->2174->2181->2195->2186->2196->2204->2208->2212->2217->2229->2248->2262->2270->2295->2308->2312->2327->2334->2343->2351->2361->2365->2383->2371->2382->2388->2389->2394->2409->2405->2416->2417->2422->2425->2455->2430->2439->2441->2452->2456->2473->2461->2466->2476->2485->2490,2490->2500
ACO,N2500_C2_I1.dat,2500,8528,125,2491,2500,0.9,0.5,20.5,0.9,1,2490,0.16669999999999996,0.1348,0.027,10.63,11.522799999999998,10.001999999999997,1.6199999999999999,11.621999999999998,10.63,11.522799999999998,5559.219,2491->2341->2332->1894->1893->1882->1872->1864->1869->1863->1860->1841->1840->1832->1827->1826->1814->1813->1807->1465->1460->1430->1423->1406->1401->1391->1384->1380->1374->1063->1051->1042->1039->1050->1037->681->687->689->362->373->356->350->353->348->346->138->88->189->216->223->569->570->573->893->894->910->933->944->946->948->976->978->985->991->995->1017->1390->1403->1417->1434->1426->1428->1453->1462->1463->1481->1497->1499->1821->1818->2186->2196->2204->2208->2212->2217->2229->2441->2452->2456->2473->2461->2466->2476->2485->2490,2490->2500
ACO,N2500_C3_I1.dat,2500,7892,223,2491,2500,0.9,0.5,20.5,0.9,1,2490,0.20780000000000035,0.1348,0.027,10.63,0.757556400031022,12.468000000000021,1.6199999999999999,14.08800000000002,10.63,13.74220000000002,29272.15,2491->2341->2328->2326->2320->2317->2305->2300->2282->2268->2263->2256->2252->2251->2247->2244->2240->2226->2237->2220->2235->2218->2228->2214->2211->2202->2178->2156->2183->2170->2155->2154->2130->2109->2098->2085->2072->2082->2069->2046->2038->2033->2030->2044->2028->2014->1968->1955->1902->1895->1894->1893->1882->1872->1864->1869->1863->1860->1841->1840->1832->1827->1826->1814->1813->1807->1789->1788->1781->1779->1774->1784->1780->1778->1767->1764->1740->1736->1735->1731->1718->1713->1707->1693->1681->1677->1687->1672->1665->1673->1664->1655->1649->1643->1637->1628->1610->1587->1579->1552->1550->1548->1530->1537->1525->1492->1490->1488->1495->1479->1486->1471->1465->1460->1430->1423->1406->1401->1391->1384->1380->1374->1373->1369->1359->1355->1344->1311->1301->1310->1298->1290->1281->1274->1270->1279->1262->1257->1254->1252->1219->1206->1228->1212->1203->1194->1197->1177->1170->1153->1152->1149->1142->1134->1130->1125->1117->1113->1129->1111->1099->1089->1075->1069->1065->1064->1063->1051->1042->1039->1050->1037->1036->1027->1006->988->981->969->929->924->917->912->904->903->896->892->905->888->885->878->877->874->865->861->857->856->851->818->813->810->812->805->786->762->761->757->755->725->715->711->723->705->696->691->697->698->689->687->681->674->667->659->657->636->609->599->592->588->576->574->586->568->575->564->560->549->547->545->543->540->538->561->532->542->534->539->526->525->527->508->501->476->469->463->450->437->436->430->408->393->387->372->375->371->362->373->356->350->353->348->346->349->334->337->331->329->324->321->309->298->299->296->289->284->266->262->259->254->235->233->232->230->229->217->228->210->206->209->201->198->196->193->190->183->178->174->168->164->163->162->155->108->51->50->82->81->77->69->68->63->21->1->5->6->10->11->15->24->19->28->22->30->34->54->29->49->85->100->119->114->122->123->125->133->134->181->143->146->156->166->158->173->185->192->204->202->260->263->275->288->290->293->306->317->358->363->379->384->394->407->396->397->401->406->398->403->413->440->449->455->460->468->471->482->497->517->518->537->546->551->553->555->562->569->570->573->593->600->602->615->628->637->642->658->668->694->700->713->721->734->745->748->749->753->763->765->764->766->783->784->791->815->816->821->826->830->839->854->849->852->860->864->866->867->870->880->882->887->893->894->910->933->944->946->948->976->978->985->991->995->1017->1024->1031->1071->1077->1079->1091->1100->1110->1120->1122->1139->1167->1168->1181->1175->1178->1192->1204->1182->1184->1193->1205->1210->1223->1229->1230->1241->1232->1237->1242->1244->1251->1269->1275->1278->1296->1322->1330->1348->1364->1353->1358->1361->1362->1368->1379->1381->1387->1390->1403->1417->1434->1426->1428->1453->1462->1463->1481->1497->1500->1502->1503->1508->1510->1512->1531->1518->1528->1540->1542->1554->1555->1568->1576->1582->1583->1594->1586->1590->1600->1618->1593->1601->1604->1607->1616->1620->1630->1633->1641->1680->1688->1719->1739->1751->1755->1757->1776->1777->1798->1782->1791->1785->1818->1821->1823->1824->1857->1859->1861->1871->1890->1907->1906->1940->1941->1951->1969->1980->1978->1982->1987->1991->2001->2002->2005->2013->2047->2059->2063->2071->2074->2077->2079->2099->2100->2116->2118->2121->2134->2137->2148->2158->2169->2171->2174->2181->2195->2186->2196->2204->2208->2212->2217->2229->2248->2262->2270->2295->2308->2312->2327->2334->2343->2351->2361->2365->2383->2371->2382->2388->2389->2394->2409->2405->2416->2417->2422->2425->2455->2430->2439->2441->2452->2456->2460->2473->2461->2466->2476->2485->2490,2490->2500
ACO,N2500_C4_I1.dat,2500,7696,125,2491,2500,0.9,1.0,20.5,0.9,1,2490,0.20800000000000038,0.1348,0.027,10.63,0.5948449164838372,12.480000000000024,1.6199999999999999,14.100000000000023,10.63,13.753000000000021,26227.447,2491->2341->2328->2326->2320->2317->2305->2300->2282->2268->2263->2256->2252->2251->2247->2244->2240->2226->2237->2220->2235->2218->2228->2214->2211->2202->2178->2156->2183->2170->2155->2154->2130->2109->2098->2085->2072->2082->2069->2046->2038->2033->2030->2044->2028->2014->1968->1955->1902->1895->1894->1893->1882->1872->1864->1869->1863->1860->1841->1840->1832->1827->1826->1814->1813->1807->1789->1788->1781->1779->1774->1784->1780->1778->1767->1764->1740->1736->1735->1731->1718->1713->1707->1693->1681->1677->1687->1672->1665->1673->1664->1655->1649->1643->1637->1628->1610->1587->1579->1552->1550->1548->1530->1537->1525->1492->1490->1488->1495->1479->1486->1471->1465->1460->1430->1423->1406->1401->1391->1384->1380->1374->1373->1369->1359->1355->1344->1311->1301->1310->1298->1290->1281->1274->1270->1279->1262->1257->1254->1252->1219->1206->1228->1212->1203->1194->1197->1177->1170->1153->1152->1149->1142->1134->1130->1125->1117->1113->1129->1111->1099->1089->1075->1069->1065->1064->1063->1051->1042->1039->1050->1037->1036->1027->1006->988->981->969->929->924->917->912->904->903->896->892->905->888->885->878->877->874->865->861->857->856->851->818->813->810->812->805->786->762->761->757->755->725->715->711->723->705->696->691->697->698->689->687->681->674->667->659->657->636->609->599->592->588->576->574->586->568->575->564->560->549->547->545->543->540->538->561->532->542->534->539->526->525->527->508->501->476->469->463->450->437->436->430->408->393->387->372->375->371->362->373->356->350->353->348->346->349->334->337->331->329->324->321->309->298->299->296->289->284->266->262->259->254->235->233->232->230->229->217->228->210->206->209->201->198->196->193->190->183->178->174->168->164->163->162->155->108->51->50->82->81->77->69->68->63->21->1->5->6->10->11->15->24->19->28->22->30->34->54->29->49->85->100->119->114->122->123->125->133->134->181->143->146->156->166->158->173->185->192->204->202->260->263->275->288->290->293->306->317->358->363->379->384->394->407->396->397->401->406->398->403->413->440->449->455->460->468->471->482->497->517->518->537->546->551->553->555->562->569->570->573->593->600->602->615->628->637->642->658->668->694->700->713->721->734->745->748->749->753->763->765->764->766->783->784->791->815->816->821->826->830->839->842->849->852->860->864->866->867->870->880->882->887->893->894->910->933->944->946->948->976->978->985->991->995->1017->1024->1031->1071->1077->1079->1091->1100->1110->1120->1122->1139->1167->1168->1181->1175->1178->1192->1204->1182->1184->1193->1205->1210->1223->1229->1230->1241->1232->1237->1242->1244->1251->1269->1275->1278->1296->1322->1330->1348->1364->1353->1358->1361->1362->1368->1379->1381->1387->1390->1403->1417->1434->1426->1428->1453->1462->1463->1481->1497->1500->1502->1503->1508->1510->1512->1531->1518->1528->1540->1542->1554->1555->1568->1576->1582->1583->1594->1586->1590->1600->1618->1593->1601->1604->1607->1616->1620->1630->1633->1641->1680->1688->1719->1739->1751->1755->1757->1776->1777->1798->1782->1791->1785->1818->1821->1823->1824->1857->1859->1861->1871->1890->1907->1906->1940->1941->1951->1969->1980->1978->1982->1987->1991->2001->2002->2005->2013->2047->2059->2063->2071->2074->2077->2079->2099->2100->2116->2118->2121->2134->2137->2148->2158->2169->2171->2174->2181->2195->2186->2196->2204->2208->2212->2217->2229->2248->2262->2270->2295->2308->2312->2327->2334->2343->2351->2361->2365->2383->2371->2382->2388->2399->2389->2409->2405->2416->2417->2422->2425->2455->2430->2439->2441->2451->2452->2456->2473->2461->2466->2476->2485->2490,2490->2500
ACO,N2500_C5_I1.dat,2500,7696,125,2491,2500,0.9,0.5,20.5,0.9,1,2490,0.2908000000000005,0.1348,0.027,10.63,0.8007238955951823,17.44800000000003,1.6199999999999999,19.06800000000003,10.63,18.224200000000025,29897.236,2491->2487->2484->2481->2478->2341->2328->2326->2320->2317->2305->2300->2282->2268->2263->2256->2252->2251->2247->2244->2240->2226->2237->2220->2235->2218->2214->2211->2202->2187->2178->2156->2183->2155->2154->2136->2130->2109->2098->2085->2072->2082->2069->2046->2038->2033->2030->2044->2028->2014->1968->1955->1902->1895->1894->1893->1882->1872->1864->1869->1863->1860->1841->1840->1832->1827->1826->1814->1813->1807->1789->1788->1781->1779->1774->1784->1780->1778->1767->1764->1740->1736->1735->1731->1718->1713->1707->1693->1681->1677->1672->1665->1664->1655->1649->1640->1643->1637->1628->1610->1587->1579->1552->1550->1548->1530->1537->1525->1492->1490->1488->1495->1479->1486->1471->1465->1460->1430->1423->1406->1401->1391->1384->1380->1374->1373->1369->1359->1355->1344->1311->1301->1310->1298->1290->1281->1274->1270->1279->1262->1257->1254->1252->1219->1206->1212->1203->1194->1197->1177->1170->1153->1152->1149->1142->1134->1130->1125->1117->1113->1129->1111->1099->1089->1075->1069->1065->1064->1063->1051->1042->1039->1050->1037->1036->1027->1006->988->981->969->961->929->924->917->912->907->904->903->896->892->905->888->885->878->877->874->865->857->856->851->818->813->810->812->805->786->762->761->757->755->741->725->715->711->723->705->696->691->697->698->689->687->681->674->667->659->657->636->609->599->592->588->576->574->586->568->575->564->560->549->547->545->543->540->538->561->532->542->534->539->526->525->527->508->501->476->469->463->467->450->437->436->430->415->408->393->387->372->375->371->362->373->356->350->353->348->346->344->349->334->337->331->329->324->321->309->298->296->289->284->266->262->259->254->235->233->232->230->229->217->228->210->206->209->201->198->196->193->190->183->178->174->168->164->163->175->172->105->96->60->48->47->77->69->68->63->21->1->5->6->10->11->15->24->19->28->22->30->34->54->53->89->49->85->100->119->114->129->122->123->125->133->134->181->143->146->156->166->158->170->173->185->197->204->202->260->265->263->275->288->290->293->306->317->358->363->379->384->394->407->396->397->401->406->398->403->413->440->449->455->460->461->462->471->482->497->517->518->537->546->551->553->555->562->569->570->573->593->600->602->615->628->637->642->658->668->694->700->713->721->734->745->748->749->753->763->765->764->766->783->784->791->815->816->821->826->830->839->842->849->852->860->864->866->867->870->880->882->887->893->894->910->933->944->946->956->976->978->985->991->995->1017->1024->1031->1071->1077->1079->1091->1100->1110->1120->1122->1139->1167->1168->1173->1175->1178->1192->1204->1182->1184->1193->1205->1210->1223->1229->1230->1241->1232->1237->1242->1244->1251->1269->1275->1278->1296->1322->1330->1348->1364->1353->1358->1361->1362->1368->1379->1381->1387->1390->1403->1417->1434->1428->1453->1462->1463->1481->1497->1500->1502->1503->1508->1510->1512->1531->1518->1528->1540->1542->1554->1555->1568->1576->1582->1583->1594->1586->1588->1599->1618->1593->1601->1604->1607->1616->1620->1633->1641->1680->1688->1719->1739->1751->1755->1757->1776->1777->1798->1782->1785->1818->1821->1823->1824->1857->1861->1871->1875->1890->1907->1906->1940->1941->1951->1969->1980->1978->1982->1987->1991->2001->2002->2005->2013->2047->2050->2059->2063->2071->2074->2077->2079->2099->2100->2116->2118->2121->2134->2137->2148->2158->2169->2159->2174->2181->2186->2196->2204->2208->2212->2217->2229->2455->2430->2439->2441->2452->2456->2473->2461->2466->2476->2485->2490,2490->2500
ACO,N2500_C6_I1.dat,2500,7696,125,2491,2500,0.9,0.5,20.5,0.9,1,2476,0.6259000000000015,0.1661,0.0332,8.29,0.8790875156311246,37.55400000000009,1.992,39.546000000000085,8.29,36.42040000000008,29846.677,2491->2487->2341->2332->2328->2326->2320->2317->2300->2282->2268->2263->2256->2252->2251->2247->2257->2240->2226->2237->2220->2235->2218->2228->2211->2202->2187->2178->2156->2170->2155->2154->2130->2109->2098->2085->2072->2082->2069->2046->2038->2033->2030->2044->2028->2014->1968->1955->1902->1900->1894->1893->1882->1872->1864->1869->1863->1860->1841->1840->1832->1827->1826->1814->1813->1807->1789->1788->1781->1779->1774->1784->1780->1778->1767->1764->1740->1736->1735->1731->1718->1713->1707->1693->1689->1681->1677->1687->1672->1665->1673->1664->1655->1649->1643->1637->1628->1610->1587->1579->1552->1550->1548->1530->1537->1525->1524->1492->1490->1488->1495->1479->1486->1471->1465->1460->1430->1423->1401->1391->1384->1380->1374->1373->1369->1359->1355->1344->1311->1301->1310->1298->1290->1281->1274->1270->1279->1262->1257->1254->1234->1219->1206->1228->1203->1194->1197->1183->1177->1170->1153->1152->1149->1142->1134->1130->1125->1117->1113->1129->1111->1099->1089->1075->1069->1065->1064->1063->1051->1042->1039->1050->1037->1036->1027->1006->988->981->969->929->924->917->912->907->904->903->896->892->905->888->885->878->877->874->865->857->856->851->818->813->810->812->805->786->762->761->757->755->725->715->711->708->705->696->691->697->689->687->681->674->667->659->657->636->609->599->592->588->576->574->586->568->575->581->560->549->547->545->543->540->566->561->532->542->534->539->526->525->527->508->501->476->469->463->467->450->436->430->408->393->387->372->375->371->362->361->356->350->353->348->346->349->334->337->331->329->324->321->309->298->296->289->284->266->262->259->254->235->233->232->230->229->217->228->210->206->209->201->198->196->193->190->183->178->174->168->164->163->175->105->96->60->48->47->42->41->40->56->39->38->55->37->31->25->36->46->35->23->21->1->2->6->10->11->15->24->19->28->22->30->34->54->53->89->49->85->100->119->114->122->123->125->133->134->181->143->146->156->166->158->173->185->192->204->202->260->263->275->288->290->293->306->317->358->363->379->384->394->407->396->397->401->406->398->403->413->440->449->453->455->460->461->462->471->482->497->517->518->537->546->551->553->555->562->569->570->573->593->600->602->615->628->637->642->658->668->694->700->709->713->721->734->745->748->749->753->763->764->766->783->784->791->815->816->821->826->830->839->842->849->852->860->864->866->867->870->880->882->887->893->894->910->933->944->946->948->976->978->985->991->995->1017->1024->1031->1071->1077->1079->1091->1100->1110->1120->1122->1139->1167->1168->1173->1175->1178->1192->1204->1182->1184->1193->1205->1210->1223->1229->1230->1241->1232->1237->1242->1244->1251->1269->1275->1278->1296->1322->1330->1348->1364->1353->1358->1361->1362->1368->1385->1379->1381->1387->1390->1403->1417->1434->1428->1453->1462->1463->1481->1497->1500->1502->1503->1508->1510->1512->1531->1518->1528->1540->1542->1554->1555->1568->1576->1582->1583->1594->1586->1590->1600->1618->1593->1601->1604->1607->1616->1620->1633->1641->1680->1688->1719->1739->1751->1755->1757->1776->1777->1798->1782->1785->1818->1821->1823->1824->1857->1861->1871->1875->1890->1907->1906->1940->1941->1951->1969->1980->1978->1982->1987->1991->1992->2002->2005->2013->2047->2050->2059->2063->2071->2074->2077->2079->2099->2108->2100->2116->2118->2121->2134->2137->2148->2158->2169->2159->2174->2181->2186->2196->2204->2208->2212->2217->2229->2248->2262->2270->2295->2308->2312->2327->2343->2351->2368->2361->2365->2383->2371->2382->2388->2399->2389->2394->2409->2405->2416->2417->2422->2425->2455->2430->2439->2441->2452->2456->2460->2473->2461->2466->2476,2476->2500
ACO,N2500_C7_I1.dat,2500,7696,125,2491,2500,0.9,0.5,20.5,0.9,1,2490,0.20780000000000035,0.1348,0.027,10.63,0.757556400031022,12.468000000000021,1.6199999999999999,14.08800000000002,10.63,13.74220000000002,26271.631,2491->2341->2328->2326->2320->2317->2305->2300->2282->2268->2263->2256->2252->2251->2247->2244->2240->2226->2237->2220->2235->2218->2228->2214->2211->2202->2178->2156->2183->2170->2155->2154->2130->2109->2098->2085->2072->2082->2069->2046->2038->2033->2030->2044->2028->2014->1968->1955->1902->1895->1894->1893->1882->1872->1864->1869->1863->1860->1841->1840->1832->1827->1826->1814->1813->1807->1789->1788->1781->1779->1774->1784->1780->1778->1767->1764->1740->1736->1735->1731->1718->1713->1707->1693->1681->1677->1687->1672->1665->1673->1664->1655->1649->1643->1637->1628->1610->1587->1579->1552->1550->1548->1530->1537->1525->1492->1490->1488->1495->1479->1486->1471->1465->1460->1430->1423->1406->1401->1391->1384->1380->1374->1373->1369->1359->1355->1344->1311->1301->1310->1298->1290->1281->1274->1270->1279->1262->1257->1254->1252->1219->1206->1228->1212->1203->1194->1197->1177->1170->1153->1152->1149->1142->1134->1130->1125->1117->1113->1129->1111->1099->1089->1075->1069->1065->1064->1063->1051->1042->1039->1050->1037->1036->1027->1006->988->981->969->929->924->917->912->904->903->896->892->905->888->885->878->877->874->865->861->857->856->851->818->813->810->812->805->786->762->761->757->755->725->715->711->723->705->696->691->697->698->689->687->681->674->667->659->657->636->609->599->592->588->576->574->586->568->575->564->560->549->547->545->543->540->538->561->532->542->534->539->526->525->527->508->501->476->469->463->450->437->436->430->408->393->387->372->375->371->362->373->356->350->353->348->346->349->334->337->331->329->324->321->309->298->299->296->289->284->266->262->259->254->235->233->232->230->229->217->228->210->206->209->201->198->196->193->190->183->178->174->168->164->163->162->155->108->51->50->82->81->77->69->68->63->21->1->5->6->10->11->15->24->19->28->22->30->34->54->29->49->85->100->119->114->122->123->125->133->134->181->143->146->156->166->158->173->185->192->204->202->260->263->275->288->290->293->306->317->358->363->379->384->394->407->396->397->401->406->398->403->413->440->449->455->460->468->471->482->497->517->518->537->546->551->553->555->562->569->570->573->593->600->602->615->628->637->642->658->668->694->700->713->721->734->745->748->749->753->763->765->764->766->783->784->791->815->816->821->826->830->839->854->849->852->860->864->866->867->870->880->882->887->893->894->910->933->944->946->948->976->978->985->991->995->1017->1024->1031->1071->1077->1079->1091->1100->1110->1120->1122->1139->1167->1168->1181->1175->1178->1192->1204->1182->1184->1193->1205->1210->1223->1229->1230->1241->1232->1237->1242->1244->1251->1269->1275->1278->1296->1322->1330->1348->1364->1353->1358->1361->1362->1368->1379->1381->1387->1390->1403->1417->1434->1426->1428->1453->1462->1463->1481->1497->1500->1502->1503->1508->1510->1512->1531->1518->1528->1540->1542->1554->1555->1568->1576->1582->1583->1594->1586->1590->1600->1618->1593->1601->1604->1607->1616->1620->1630->1633->1641->1680->1688->1719->1739->1751->1755->1757->1776->1777->1798->1782->1791->1785->1818->1821->1823->1824->1857->1859->1861->1871->1890->1907->1906->1940->1941->1951->1969->1980->1978->1982->1987->1991->2001->2002->2005->2013->2047->2059->2063->2071->2074->2077->2079->2099->2100->2116->2118->2121->2134->2137->2148->2158->2169->2171->2174->2181->2195->2186->2196->2204->2208->2212->2217->2229->2248->2262->2270->2295->2308->2312->2327->2334->2343->2351->2361->2365->2383->2371->2382->2388->2389->2394->2409->2405->2416->2417->2422->2425->2455->2430->2439->2441->2452->2456->2460->2473->2461->2466->2476->2485->2490,2490->2500
ACO,N2500_C8_I1.dat,2500,7696,125,2491,2500,0.1,0.5,20.5,0.1,1,2490,0.20780000000000035,0.1348,0.027,10.63,0.757556400031022,12.468000000000021,1.6199999999999999,14.08800000000002,10.63,10.975800000000003,25438.944,2491->2341->2328->2326->2320->2317->2305->2300->2282->2268->2263->2256->2252->2251->2247->2244->2240->2226->2237->2220->2235->2218->2228->2214->2211->2202->2178->2156->2183->2170->2155->2154->2130->2109->2098->2085->2072->2082->2069->2046->2038->2033->2030->2044->2028->2014->1968->1955->1902->1895->1894->1893->1882->1872->1864->1869->1863->1860->1841->1840->1832->1827->1826->1814->1813->1807->1789->1788->1781->1779->1774->1784->1780->1778->1767->1764->1740->1736->1735->1731->1718->1713->1707->1693->1681->1677->1687->1672->1665->1673->1664->1655->1649->1643->1637->1628->1610->1587->1579->1552->1550->1548->1530->1537->1525->1492->1490->1488->1495->1479->1486->1471->1465->1460->1430->1423->1406->1401->1391->1384->1380->1374->1373->1369->1359->1355->1344->1311->1301->1310->1298->1290->1281->1274->1270->1279->1262->1257->1254->1252->1219->1206->1228->1212->1203->1194->1197->1177->1170->1153->1152->1149->1142->1134->1130->1125->1117->1113->1129->1111->1099->1089->1075->1069->1065->1064->1063->1051->1042->1039->1050->1037->1036->1027->1006->988->981->969->929->924->917->912->904->903->896->892->905->888->885->878->877->874->865->861->857->856->851->818->813->810->812->805->786->762->761->757->755->725->715->711->723->705->696->691->697->698->689->687->681->674->667->659->657->636->609->599->592->588->576->574->586->568->575->564->560->549->547->545->543->540->538->561->532->542->534->539->526->525->527->508->501->476->469->463->450->437->436->430->408->393->387->372->375->371->362->373->356->350->353->348->346->349->334->337->331->329->324->321->309->298->299->296->289->284->266->262->259->254->235->233->232->230->229->217->228->210->206->209->201->198->196->193->190->183->178->174->168->164->163->162->155->108->51->50->82->81->77->69->68->63->21->1->5->6->10->11->15->24->19->28->22->30->34->54->29->49->85->100->119->114->122->123->125->133->134->181->143->146->156->166->158->173->185->192->204->202->260->263->275->288->290->293->306->317->358->363->379->384->394->407->396->397->401->406->398->403->413->440->449->455->460->468->471->482->497->517->518->537->546->551->553->555->562->569->570->573->593->600->602->615->628->637->642->658->668->694->700->713->721->734->745->748->749->753->763->765->764->766->783->784->791->815->816->821->826->830->839->854->849->852->860->864->866->867->870->880->882->887->893->894->910->933->944->946->948->976->978->985->991->995->1017->1024->1031->1071->1077->1079->1091->1100->1110->1120->1122->1139->1167->1168->1181->1175->1178->1192->1204->1182->1184->1193->1205->1210->1223->1229->1230->1241->1232->1237->1242->1244->1251->1269->1275->1278->1296->1322->1330->1348->1364->1353->1358->1361->1362->1368->1379->1381->1387->1390->1403->1417->1434->1426->1428->1453->1462->1463->1481->1497->1500->1502->1503->1508->1510->1512->1531->1518->1528->1540->1542->1554->1555->1568->1576->1582->1583->1594->1586->1590->1600->1618->1593->1601->1604->1607->1616->1620->1630->1633->1641->1680->1688->1719->1739->1751->1755->1757->1776->1777->1798->1782->1791->1785->1818->1821->1823->1824->1857->1859->1861->1871->1890->1907->1906->1940->1941->1951->1969->1980->1978->1982->1987->1991->2001->2002->2005->2013->2047->2059->2063->2071->2074->2077->2079->2099->2100->2116->2118->2121->2134->2137->2148->2158->2169->2171->2174->2181->2195->2186->2196->2204->2208->2212->2217->2229->2248->2262->2270->2295->2308->2312->2327->2334->2343->2351->2361->2365->2383->2371->2382->2388->2389->2394->2409->2405->2416->2417->2422->2425->2455->2430->2439->2441->2452->2456->2460->2473->2461->2466->2476->2485->2490,2490->2500
ACO,N2500_C9_I1.dat,2500,7696,125,2491,2500,0.9,0.5,15.0,0.9,1,2490,0.20500000000000035,0.1348,0.027,10.63,0.7866166951619088,12.30000000000002,1.6199999999999999,13.92000000000002,10.63,13.591000000000019,26221.436,2491->2341->2328->2326->2320->2317->2305->2300->2282->2268->2263->2256->2252->2251->2247->2244->2240->2226->2237->2220->2235->2218->2228->2214->2211->2202->2178->2156->2183->2170->2155->2154->2130->2109->2098->2085->2072->2082->2069->2046->2038->2033->2030->2044->2028->2014->1968->1955->1902->1895->1894->1893->1882->1872->1864->1869->1863->1860->1841->1840->1832->1827->1826->1814->1813->1807->1789->1788->1781->1779->1774->1784->1780->1778->1767->1764->1740->1736->1735->1731->1718->1713->1707->1693->1681->1677->1687->1672->1665->1673->1664->1655->1649->1643->1637->1628->1610->1587->1579->1552->1550->1548->1530->1537->1525->1492->1490->1488->1495->1479->1486->1471->1465->1460->1430->1423->1406->1401->1391->1384->1380->1374->1373->1369->1359->1355->1344->1311->1301->1310->1298->1290->1281->1274->1270->1279->1262->1257->1254->1252->1219->1206->1228->1212->1203->1194->1197->1177->1170->1153->1152->1149->1142->1134->1130->1125->1117->1113->1129->1111->1099->1089->1075->1069->1065->1064->1063->1051->1042->1039->1050->1037->1036->1027->1006->988->981->969->929->924->917->912->904->903->896->892->905->888->885->878->877->874->865->861->857->856->851->818->813->810->812->805->786->762->761->757->755->725->715->711->723->705->696->691->697->698->689->687->681->674->667->659->657->636->609->599->592->588->576->574->586->568->575->564->560->549->547->545->543->540->538->561->532->542->534->539->526->525->527->508->501->476->469->463->450->437->436->430->408->393->387->372->375->371->362->373->356->350->353->348->346->349->334->337->331->329->324->321->309->298->299->296->289->284->266->262->259->254->235->233->232->230->229->217->228->210->206->209->201->198->196->193->190->183->178->174->168->164->163->162->155->108->51->50->82->81->77->69->68->63->21->1->5->6->10->11->15->24->19->28->22->30->34->54->29->49->85->100->119->114->122->123->125->133->134->181->143->146->156->166->158->173->185->192->204->202->260->263->275->288->290->293->306->317->358->363->379->384->394->407->396->397->401->406->398->403->413->440->449->455->460->468->471->482->497->517->518->537->546->551->553->555->562->569->570->573->593->600->602->615->628->637->642->658->668->694->700->713->721->734->745->748->749->753->763->765->764->766->783->784->791->815->816->821->826->830->839->854->849->852->860->864->866->867->870->880->882->887->893->894->910->933->944->946->948->976->978->985->991->995->1017->1024->1031->1071->1077->1079->1091->1100->1110->1120->1122->1139->1167->1168->1181->1175->1178->1192->1204->1182->1184->1193->1205->1210->1223->1229->1230->1241->1232->1237->1242->1244->1251->1269->1275->1278->1296->1322->1330->1348->1364->1353->1358->1361->1362->1368->1379->1381->1387->1390->1403->1417->1434->1426->1428->1453->1462->1463->1481->1497->1500->1502->1503->1508->1510->1512->1531->1518->1528->1540->1542->1554->1555->1568->1576->1582->1583->1594->1586->1590->1600->1618->1593->1601->1604->1607->1616->1620->1633->1641->1680->1688->1719->1739->1751->1755->1757->1776->1777->1798->1782->1791->1785->1818->1821->1823->1824->1857->1859->1861->1871->1890->1907->1906->1940->1941->1951->1969->1980->1978->1982->1987->1991->2001->2002->2005->2013->2047->2059->2063->2071->2074->2077->2079->2099->2100->2116->2118->2121->2134->2137->2148->2158->2169->2171->2174->2181->2195->2186->2196->2204->2208->2212->2217->2229->2490,2490->2500
ACO,N2500_C10_I1.dat,2500,7696,125,2491,2500,0.9,0.5,20.5,0.9,1,2490,0.20500000000000035,0.1348,0.027,18.63,0.8059089479720319,12.30000000000002,1.6199999999999999,13.92000000000002,18.63,14.391000000000018,28070.344,2491->2341->2328->2326->2320->2317->2305->2300->2282->2268->2263->2256->2252->2251->2247->2244->2240->2226->2237->2220->2235->2218->2228->2214->2211->2202->2178->2156->2183->2170->2155->2154->2130->2109->2098->2085->2072->2082->2069->2046->2038->2033->2030->2044->2028->2014->1968->1955->1902->1895->1894->1893->1882->1872->1864->1869->1863->1860->1841->1840->1832->1827->1826->1814->1813->1807->1789->1788->1781->1779->1774->1784->1780->1778->1767->1764->1740->1736->1735->1731->1718->1713->1707->1693->1681->1677->1687->1672->1665->1673->1664->1655->1649->1643->1637->1628->1610->1587->1579->1552->1550->1548->1530->1537->1525->1492->1490->1488->1495->1479->1486->1471->1465->1460->1430->1423->1406->1401->1391->1384->1380->1374->1373->1369->1359->1355->1344->1311->1301->1310->1298->1290->1281->1274->1270->1279->1262->1257->1254->1252->1219->1206->1228->1212->1203->1194->1197->1177->1170->1153->1152->1149->1142->1134->1130->1125->1117->1113->1129->1111->1099->1089->1075->1069->1065->1064->1063->1051->1042->1039->1050->1037->1036->1027->1006->988->981->969->929->924->917->912->904->903->896->892->905->888->885->878->877->874->865->861->857->856->851->818->813->810->812->805->786->762->761->757->755->725->715->711->723->705->696->691->697->698->689->687->681->674->667->659->657->636->609->599->592->588->576->574->586->568->575->564->560->549->547->545->543->540->538->561->532->542->534->539->526->525->527->508->501->476->469->463->450->437->436->430->408->393->387->372->375->371->362->373->356->350->353->348->346->349->334->337->331->329->324->321->309->298->299->296->289->284->266->262->259->254->235->233->232->230->229->217->228->210->206->209->201->198->196->193->190->183->178->174->168->164->163->162->155->108->51->50->82->81->77->69->68->63->21->1->5->6->10->11->15->24->19->28->22->30->34->54->29->49->85->100->119->114->122->123->125->133->134->181->143->146->156->166->158->173->185->192->204->202->260->263->275->288->290->293->306->317->358->363->379->384->394->407->396->397->401->406->398->403->413->440->449->455->460->468->471->482->497->517->518->537->546->551->553->555->562->569->570->573->593->600->602->615->628->637->642->658->668->694->700->713->721->734->745->748->749->753->763->765->764->766->783->784->791->815->816->821->826->830->839->854->849->852->860->864->866->867->870->880->882->887->893->894->910->933->944->946->948->976->978->985->991->995->1017->1024->1031->1071->1077->1079->1091->1100->1110->1120->1122->1139->1167->1168->1181->1175->1178->1192->1204->1182->1184->1193->1205->1210->1223->1229->1230->1241->1232->1237->1242->1244->1251->1269->1275->1278->1296->1322->1330->1348->1364->1353->1358->1361->1362->1368->1379->1381->1387->1390->1403->1417->1434->1426->1428->1453->1462->1463->1481->1497->1500->1502->1503->1508->1510->1512->1531->1518->1528->1540->1542->1554->1555->1568->1576->1582->1583->1594->1586->1590->1600->1618->1593->1601->1604->1607->1616->1620->1633->1641->1680->1688->1719->1739->1751->1755->1757->1776->1777->1798->1782->1791->1785->1818->1821->1823->1824->1857->1859->1861->1871->1890->1907->1906->1940->1941->1951->1969->1980->1978->1982->1987->1991->2001->2002->2005->2013->2047->2059->2063->2071->2074->2077->2079->2099->2100->2116->2118->2121->2134->2137->2148->2158->2169->2171->2174->2181->2195->2186->2196->2204->2208->2212->2217->2229->2490,2490->2500
