method,dat_file,nodes,edges,parking_lots,S,D,Alpha,Wmax,Cmax,w,feasible,parking_node,drive_time_hr,walk_distance_km,walk_time_hr,parking_cost,objective,non_normalized_drive_time_min,non_normalized_walk_time_min,non_normalized_travel_time_min,non_normalized_parking_cost,non_normalized_objective,runtime_ms,drive_path,walk_path
GA_ROUTE_EVOLUTION,N10_C1_I1.dat,10,46,2,8,10,0.9,0.5,20.5,0.9,1,5,0.0087,0.2661,0.0532,10.77,0.804712529240831,0.522,3.1919999999999997,3.7139999999999995,10.77,4.419599999999999,67.811,8->7->5,5->10
GA_ROUTE_EVOLUTION,N10_C2_I1.dat,10,52,2,8,10,0.9,0.5,20.5,0.9,1,5,0.0076,0.2661,0.0532,10.77,0.7913702111815318,0.456,3.1919999999999997,3.6479999999999997,10.77,4.3602,53.98,8->5,5->10
GA_ROUTE_EVOLUTION,N10_C3_I1.dat,10,46,2,8,10,0.9,0.5,20.5,0.9,1,5,0.0087,0.2661,0.0532,10.77,0.804712529240831,0.522,3.1919999999999997,3.7139999999999995,10.77,4.419599999999999,61.436,8->7->5,5->10
GA_ROUTE_EVOLUTION,N10_C4_I1.dat,10,46,2,8,10,0.9,1.0,20.5,0.9,1,5,0.0087,0.2661,0.0532,10.77,0.804712529240831,0.522,3.1919999999999997,3.7139999999999995,10.77,4.419599999999999,68.05,8->7->5,5->10
GA_ROUTE_EVOLUTION,N10_C5_I1.dat,10,46,2,8,10,0.9,0.5,20.5,0.9,1,5,0.0113,0.2661,0.0532,10.77,0.8177196933775881,0.6779999999999999,3.1919999999999997,3.8699999999999997,10.77,4.56,76.986,8->7->6->5,5->10
GA_ROUTE_EVOLUTION,N10_C6_I1.dat,10,46,2,8,10,0.9,0.5,20.5,0.9,1,5,0.0259,0.2661,0.0532,10.77,0.8268680732850114,1.554,3.1919999999999997,4.7459999999999996,10.77,5.3484,84.977,8->7->5,5->10
GA_ROUTE_EVOLUTION,N10_C7_I1.dat,10,46,2,8,10,0.9,0.5,20.5,0.9,1,5,0.0087,0.2661,0.0532,10.77,0.804712529240831,0.522,3.1919999999999997,3.7139999999999995,10.77,4.419599999999999,65.159,8->7->5,5->10
GA_ROUTE_EVOLUTION,N10_C8_I1.dat,10,46,2,8,10,0.1,0.5,20.5,0.1,1,5,0.0087,0.2661,0.0532,10.77,0.804712529240831,0.522,3.1919999999999997,3.7139999999999995,10.77,10.0644,55.433,8->7->5,5->10
GA_ROUTE_EVOLUTION,N10_C9_I1.dat,10,46,2,8,10,0.9,0.5,15.0,0.9,1,5,0.0087,0.2661,0.0532,10.77,1.0,0.522,3.1919999999999997,3.7139999999999995,10.77,4.419599999999999,58.249,8->7->5,5->10
GA_ROUTE_EVOLUTION,N10_C10_I1.dat,10,46,2,8,10,0.9,0.5,20.5,0.9,1,5,0.0087,0.2661,0.0532,15.39,0.8356020137666792,0.522,3.1919999999999997,3.7139999999999995,15.39,4.881599999999999,61.23,8->7->5,5->10
GA_ROUTE_EVOLUTION,N20_C1_I1.dat,20,62,2,1,20,0.9,0.5,20.5,0.9,1,19,0.0251,0.12,0.024,17.78,0.5882872928176794,1.506,1.44,2.9459999999999997,17.78,4.429399999999999,94.623,1->5->6->10->11->15->18->19,19->20
GA_ROUTE_EVOLUTION,N20_C2_I1.dat,20,68,2,1,20,0.9,0.5,20.5,0.9,1,19,0.023,0.12,0.024,17.78,0.5674033149171269,1.38,1.44,2.82,17.78,4.316,81.178,1->5->6->10->13->19,19->20
GA_ROUTE_EVOLUTION,N20_C3_I1.dat,20,62,2,1,20,0.9,0.5,20.5,0.9,1,19,0.0251,0.12,0.024,17.78,0.5882872928176794,1.506,1.44,2.9459999999999997,17.78,4.429399999999999,94.852,1->5->6->10->11->15->18->19,19->20
GA_ROUTE_EVOLUTION,N20_C4_I1.dat,20,62,2,1,20,0.9,1.0,20.5,0.9,1,19,0.0251,0.12,0.024,17.78,0.5882872928176794,1.506,1.44,2.9459999999999997,17.78,4.429399999999999,93.874,1->5->6->10->11->15->18->19,19->20
GA_ROUTE_EVOLUTION,N20_C5_I1.dat,20,62,2,1,20,0.9,0.5,20.5,0.9,1,19,0.0367,0.12,0.024,17.78,0.6419642857142858,2.2020000000000004,1.44,3.6420000000000003,17.78,5.0558000000000005,102.472,1->5->6->10->11->15->18->19,19->20
GA_ROUTE_EVOLUTION,N20_C6_I1.dat,20,62,2,1,20,0.9,0.5,20.5,0.9,1,19,0.07189999999999999,0.12,0.024,17.78,0.7603672532517214,4.313999999999999,1.44,5.754,17.78,6.956599999999999,93.221,1->5->6->10->11->15->18->19,19->20
GA_ROUTE_EVOLUTION,N20_C7_I1.dat,20,62,2,1,20,0.9,0.5,20.5,0.9,1,19,0.0251,0.12,0.024,17.78,0.5882872928176794,1.506,1.44,2.9459999999999997,17.78,4.429399999999999,95.454,1->5->6->10->11->15->18->19,19->20
GA_ROUTE_EVOLUTION,N20_C8_I1.dat,20,62,2,1,20,0.1,0.5,20.5,0.1,1,19,0.0251,0.12,0.024,17.78,0.5882872928176794,1.506,1.44,2.9459999999999997,17.78,16.2966,94.976,1->5->6->10->11->15->18->19,19->20
GA_ROUTE_EVOLUTION,N20_C9_I1.dat,20,62,2,1,20,0.9,0.5,15.0,0.9,1,18,0.0205,0.35,0.07,9.19,1.0,1.23,4.2,5.43,9.19,5.805999999999999,78.881,1->5->6->10->11->15->18,18->20
GA_ROUTE_EVOLUTION,N20_C10_I1.dat,20,62,2,1,20,0.9,0.5,20.5,0.9,1,19,0.0251,0.12,0.024,20.16,0.5882872928176794,1.506,1.44,2.9459999999999997,20.16,4.667399999999999,93.968,1->5->6->10->11->15->18->19,19->20
GA_ROUTE_EVOLUTION,N30_C1_I1.dat,30,142,2,25,30,0.9,0.5,20.5,0.9,1,29,0.0247,0.12,0.024,14.21,0.7045517241379309,1.482,1.44,2.9219999999999997,14.21,4.0508,129.858,25->23->1->6->11->15->18->20->26->27->29,29->30
GA_ROUTE_EVOLUTION,N30_C2_I1.dat,30,150,2,25,30,0.9,0.5,20.5,0.9,1,29,0.021899999999999996,0.12,0.024,14.21,0.6926829268292682,1.3139999999999998,1.44,2.7539999999999996,14.21,3.8995999999999995,144.147,25->23->1->6->27->29,29->30
GA_ROUTE_EVOLUTION,N30_C3_I1.dat,30,144,3,25,30,0.9,0.5,20.5,0.9,1,29,0.0247,0.12,0.024,14.21,0.543174924165824,1.482,1.44,2.9219999999999997,14.21,4.0508,124.173,25->23->1->6->11->15->18->20->26->27->29,29->30
GA_ROUTE_EVOLUTION,N30_C4_I1.dat,30,142,2,25,30,0.9,1.0,20.5,0.9,1,29,0.0247,0.12,0.024,14.21,0.7045517241379309,1.482,1.44,2.9219999999999997,14.21,4.0508,129.895,25->23->1->6->11->15->18->20->26->27->29,29->30
GA_ROUTE_EVOLUTION,N30_C5_I1.dat,30,142,2,25,30,0.9,0.5,20.5,0.9,1,29,0.0358,0.12,0.024,14.21,0.7555420219244823,2.1479999999999997,1.44,3.5879999999999996,14.21,4.6502,131.032,25->23->1->6->11->15->18->20->26->27->29,29->30
GA_ROUTE_EVOLUTION,N30_C6_I1.dat,30,142,2,25,30,0.9,0.5,20.5,0.9,1,29,0.066,0.12,0.024,14.21,0.8370336669699726,3.96,1.44,5.4,14.21,6.281000000000001,184.847,25->21->5->6->11->15->18->20->26->27->29,29->30
GA_ROUTE_EVOLUTION,N30_C7_I1.dat,30,142,2,25,30,0.9,0.5,20.5,0.9,1,29,0.0247,0.12,0.024,14.21,0.7045517241379309,1.482,1.44,2.9219999999999997,14.21,4.0508,129.825,25->23->1->6->11->15->18->20->26->27->29,29->30
GA_ROUTE_EVOLUTION,N30_C8_I1.dat,30,142,2,25,30,0.1,0.5,20.5,0.1,1,29,0.0247,0.12,0.024,14.21,0.7045517241379309,1.482,1.44,2.9219999999999997,14.21,13.0812,130.079,25->23->1->6->11->15->18->20->26->27->29,29->30
GA_ROUTE_EVOLUTION,N30_C9_I1.dat,30,142,2,25,30,0.9,0.5,15.0,0.9,1,29,0.0247,0.12,0.024,14.21,0.7045517241379309,1.482,1.44,2.9219999999999997,14.21,4.0508,130.314,25->23->1->6->11->15->18->20->26->27->29,29->30
GA_ROUTE_EVOLUTION,N30_C10_I1.dat,30,142,2,25,30,0.9,0.5,20.5,0.9,1,29,0.0247,0.12,0.024,20.27,0.7045517241379309,1.482,1.44,2.9219999999999997,20.27,4.6568,198.313,25->23->1->6->11->15->18->20->26->27->29,29->30
GA_ROUTE_EVOLUTION,N40_PS_edge_density_baseline_180_I1.dat,40,184,2,29,40,0.9,0.5,20.5,0.9,1,39,0.026999999999999996,0.12,0.024,19.16,0.9085930959767567,1.6199999999999997,1.44,3.0599999999999996,19.16,4.669999999999999,247.72,29->33->26->20->18->15->14->5->1->21->23->36->31->39,39->40
GA_ROUTE_EVOLUTION,N40_PS_edge_density_dense_192_I1.dat,40,196,2,29,40,0.9,0.5,20.5,0.9,1,39,0.0234,0.12,0.024,19.16,0.9070238319074927,1.4040000000000001,1.44,2.8440000000000003,19.16,4.4756,85.074,29->10->9->38->39,39->40
GA_ROUTE_EVOLUTION,N40_PS_edge_density_denser_204_I1.dat,40,208,2,29,40,0.9,0.5,20.5,0.9,1,39,0.023200000000000002,0.12,0.024,19.16,0.9066738491905899,1.3920000000000001,1.44,2.832,19.16,4.464799999999999,82.183,29->10->9->38->39,39->40
GA_ROUTE_EVOLUTION,N40_PS_parking_budget_Cmax100_I1.dat,40,184,2,29,40,0.9,0.5,10.0,0.9,1,39,0.026999999999999996,0.12,0.024,8.16,1.0,1.6199999999999997,1.44,3.0599999999999996,8.16,3.5699999999999994,448.869,29->33->26->20->18->15->14->5->1->21->23->36->31->39,39->40
GA_ROUTE_EVOLUTION,N40_PS_parking_budget_Cmax150_I1.dat,40,184,2,29,40,0.9,0.5,15.0,0.9,1,39,0.026999999999999996,0.12,0.024,10.89,1.0,1.6199999999999997,1.44,3.0599999999999996,10.89,3.842999999999999,424.926,29->33->26->20->18->15->14->5->1->21->23->36->31->39,39->40
GA_ROUTE_EVOLUTION,N40_PS_parking_budget_Cmax205_I1.dat,40,184,2,29,40,0.9,0.5,20.5,0.9,1,39,0.026999999999999996,0.12,0.024,19.16,0.9085930959767567,1.6199999999999997,1.44,3.0599999999999996,19.16,4.669999999999999,253.447,29->33->26->20->18->15->14->5->1->21->23->36->31->39,39->40
GA_ROUTE_EVOLUTION,N40_PS_parking_budget_Cmax250_I1.dat,40,184,2,29,40,0.9,0.5,25.0,0.9,1,39,0.026999999999999996,0.12,0.024,19.16,0.9085930959767567,1.6199999999999997,1.44,3.0599999999999996,19.16,4.669999999999999,244.96,29->33->26->20->18->15->14->5->1->21->23->36->31->39,39->40
GA_ROUTE_EVOLUTION,N40_PS_parking_cost_100_225_I1.dat,40,184,2,29,40,0.9,0.5,20.5,0.9,1,39,0.026999999999999996,0.12,0.024,10.95,0.9039203612479474,1.6199999999999997,1.44,3.0599999999999996,10.95,3.8489999999999993,225.736,29->33->26->20->18->15->14->5->1->21->23->36->31->39,39->40
GA_ROUTE_EVOLUTION,N40_PS_parking_cost_125_250_I1.dat,40,184,2,29,40,0.9,0.5,20.5,0.9,1,39,0.026999999999999996,0.12,0.024,15.9,0.9033291192583228,1.6199999999999997,1.44,3.0599999999999996,15.9,4.343999999999999,227.355,29->33->26->20->18->15->14->5->1->21->23->36->31->39,39->40
GA_ROUTE_EVOLUTION,N40_PS_parking_cost_150_300_I1.dat,40,184,2,29,40,0.9,0.5,20.5,0.9,1,39,0.026999999999999996,0.12,0.024,17.9,0.9095238095238095,1.6199999999999997,1.44,3.0599999999999996,17.9,4.543999999999999,248.884,29->33->26->20->18->15->14->5->1->21->23->36->31->39,39->40
GA_ROUTE_EVOLUTION,N40_PS_parking_cost_80_205_I1.dat,40,184,2,29,40,0.9,0.5,20.5,0.9,1,39,0.026999999999999996,0.12,0.024,19.16,0.9085930959767567,1.6199999999999997,1.44,3.0599999999999996,19.16,4.669999999999999,246.124,29->33->26->20->18->15->14->5->1->21->23->36->31->39,39->40
GA_ROUTE_EVOLUTION,N40_PS_parking_supply_P10_I1.dat,40,188,4,29,40,0.9,0.5,20.5,0.9,1,39,0.026999999999999996,0.12,0.024,19.16,0.6622594705020269,1.6199999999999997,1.44,3.0599999999999996,19.16,4.669999999999999,251.606,29->33->26->20->18->15->14->5->1->21->23->36->31->39,39->40
GA_ROUTE_EVOLUTION,N40_PS_parking_supply_P15_I1.dat,40,192,6,29,40,0.9,0.5,20.5,0.9,1,39,0.028499999999999998,0.12,0.024,19.16,0.5569181236622496,1.71,1.44,3.15,19.16,4.7509999999999994,291.627,29->33->30->22->28->24->12->6->1->21->23->36->31->39,39->40
GA_ROUTE_EVOLUTION,N40_PS_parking_supply_P20_I1.dat,40,196,8,29,40,0.9,0.5,20.5,0.9,1,39,0.028499999999999998,0.12,0.024,19.16,0.5274464396714422,1.71,1.44,3.15,19.16,4.7509999999999994,301.91,29->33->30->22->28->24->12->6->1->21->23->36->31->39,39->40
GA_ROUTE_EVOLUTION,N40_PS_parking_supply_P5_I1.dat,40,184,2,29,40,0.9,0.5,20.5,0.9,1,39,0.026999999999999996,0.12,0.024,19.16,0.9085930959767567,1.6199999999999997,1.44,3.0599999999999996,19.16,4.669999999999999,287.564,29->33->26->20->18->15->14->5->1->21->23->36->31->39,39->40
GA_ROUTE_EVOLUTION,N40_PS_traffic_high_I1.dat,40,184,2,29,40,0.9,0.5,20.5,0.9,1,39,0.0717,0.12,0.024,19.16,0.941004770323915,4.302,1.44,5.741999999999999,19.16,7.083799999999999,288.358,29->33->26->20->18->17->16->13->1->21->23->36->25->37->39,39->40
GA_ROUTE_EVOLUTION,N40_PS_traffic_low_I1.dat,40,184,2,29,40,0.9,0.5,20.5,0.9,1,39,0.024599999999999997,0.12,0.024,19.16,0.9090692864529473,1.4759999999999998,1.44,2.9159999999999995,19.16,4.540399999999999,249.971,29->33->26->20->18->15->14->5->1->21->35->25->37->39,39->40
GA_ROUTE_EVOLUTION,N40_PS_traffic_medium_I1.dat,40,184,2,29,40,0.9,0.5,20.5,0.9,1,39,0.0381,0.12,0.024,19.16,0.9282977730998317,2.286,1.44,3.726,19.16,5.269399999999999,220.339,29->27->32->20->18->15->14->5->1->21->23->36->25->37->39,39->40
GA_ROUTE_EVOLUTION,N40_PS_traffic_very_low_I1.dat,40,184,2,29,40,0.9,0.5,20.5,0.9,1,39,0.021500000000000002,0.12,0.024,19.16,0.897314900488035,1.29,1.44,2.73,19.16,4.372999999999999,239.822,29->27->33->26->20->18->17->14->5->1->21->35->25->37->39,39->40
GA_ROUTE_EVOLUTION,N40_PS_walking_distance_W025_I1.dat,40,184,2,29,40,0.9,0.25,20.5,0.9,1,39,0.026999999999999996,0.12,0.024,19.16,0.9085930959767567,1.6199999999999997,1.44,3.0599999999999996,19.16,4.669999999999999,273.996,29->33->26->20->18->15->14->5->1->21->23->36->31->39,39->40
GA_ROUTE_EVOLUTION,N40_PS_walking_distance_W050_I1.dat,40,184,2,29,40,0.9,0.5,20.5,0.9,1,39,0.026999999999999996,0.12,0.024,19.16,0.9085930959767567,1.6199999999999997,1.44,3.0599999999999996,19.16,4.669999999999999,243.672,29->33->26->20->18->15->14->5->1->21->23->36->31->39,39->40
GA_ROUTE_EVOLUTION,N40_PS_walking_distance_W075_I1.dat,40,184,2,29,40,0.9,0.75,20.5,0.9,1,39,0.026999999999999996,0.12,0.024,19.16,0.9085930959767567,1.6199999999999997,1.44,3.0599999999999996,19.16,4.669999999999999,245.842,29->33->26->20->18->15->14->5->1->21->23->36->31->39,39->40
GA_ROUTE_EVOLUTION,N40_PS_walking_distance_W100_I1.dat,40,184,2,29,40,0.9,1.0,20.5,0.9,1,39,0.026999999999999996,0.12,0.024,19.16,0.9085930959767567,1.6199999999999997,1.44,3.0599999999999996,19.16,4.669999999999999,244.546,29->33->26->20->18->15->14->5->1->21->23->36->31->39,39->40
GA_ROUTE_EVOLUTION,N40_C1_I1.dat,40,184,2,29,40,0.9,0.5,20.5,0.9,1,39,0.026999999999999996,0.12,0.024,19.16,0.9085930959767567,1.6199999999999997,1.44,3.0599999999999996,19.16,4.669999999999999,242.15,29->33->26->20->18->15->14->5->1->21->23->36->31->39,39->40
GA_ROUTE_EVOLUTION,N40_C2_I1.dat,40,196,2,29,40,0.9,0.5,20.5,0.9,1,39,0.023,0.12,0.024,19.16,0.9017258329425109,1.38,1.44,2.82,19.16,4.453999999999999,84.585,29->10->6->5->39,39->40
GA_ROUTE_EVOLUTION,N40_C3_I1.dat,40,188,4,29,40,0.9,0.5,20.5,0.9,1,39,0.026999999999999996,0.12,0.024,19.16,0.6622594705020269,1.6199999999999997,1.44,3.0599999999999996,19.16,4.669999999999999,249.753,29->33->26->20->18->15->14->5->1->21->23->36->31->39,39->40
GA_ROUTE_EVOLUTION,N40_C4_I1.dat,40,184,2,29,40,0.9,1.0,20.5,0.9,1,39,0.026999999999999996,0.12,0.024,19.16,0.9085930959767567,1.6199999999999997,1.44,3.0599999999999996,19.16,4.669999999999999,243.981,29->33->26->20->18->15->14->5->1->21->23->36->31->39,39->40
GA_ROUTE_EVOLUTION,N40_C5_I1.dat,40,184,2,29,40,0.9,0.5,20.5,0.9,1,39,0.0381,0.12,0.024,19.16,0.9282977730998317,2.286,1.44,3.726,19.16,5.269399999999999,220.403,29->27->32->20->18->15->14->5->1->21->23->36->25->37->39,39->40
GA_ROUTE_EVOLUTION,N40_C6_I1.dat,40,184,2,29,40,0.9,0.5,20.5,0.9,1,39,0.0717,0.12,0.024,19.16,0.941004770323915,4.302,1.44,5.741999999999999,19.16,7.083799999999999,247.077,29->33->26->20->18->17->16->13->1->21->23->36->25->37->39,39->40
GA_ROUTE_EVOLUTION,N40_C7_I1.dat,40,184,2,29,40,0.9,0.5,20.5,0.9,1,39,0.026999999999999996,0.12,0.024,19.16,0.9085930959767567,1.6199999999999997,1.44,3.0599999999999996,19.16,4.669999999999999,248.484,29->33->26->20->18->15->14->5->1->21->23->36->31->39,39->40
GA_ROUTE_EVOLUTION,N40_C8_I1.dat,40,184,2,29,40,0.1,0.5,20.5,0.1,1,39,0.026999999999999996,0.12,0.024,19.16,0.9085930959767567,1.6199999999999997,1.44,3.0599999999999996,19.16,17.55,244.706,29->33->26->20->18->15->14->5->1->21->23->36->31->39,39->40
GA_ROUTE_EVOLUTION,N40_C9_I1.dat,40,184,2,29,40,0.9,0.5,15.0,0.9,1,39,0.026999999999999996,0.12,0.024,13.65,1.0,1.6199999999999997,1.44,3.0599999999999996,13.65,4.119,441.803,29->33->26->20->18->15->14->5->1->21->23->36->31->39,39->40
GA_ROUTE_EVOLUTION,N40_C10_I1.dat,40,184,2,29,40,0.9,0.5,20.5,0.9,1,39,0.026999999999999996,0.12,0.024,17.9,0.9095238095238095,1.6199999999999997,1.44,3.0599999999999996,17.9,4.543999999999999,243.303,29->33->26->20->18->15->14->5->1->21->23->36->31->39,39->40
GA_ROUTE_EVOLUTION,N50_C1_I1.dat,50,226,2,48,50,0.9,0.5,20.5,0.9,1,49,0.0324,0.12,0.024,13.18,0.8179632248939179,1.944,1.44,3.384,13.18,4.3636,225.863,48->43->41->40->38->37->36->23->4->15->18->20->32->27->29->49,49->50
GA_ROUTE_EVOLUTION,N50_C2_I1.dat,50,242,2,48,50,0.9,0.5,20.5,0.9,1,49,0.0267,0.12,0.024,13.18,0.7871987951807229,1.602,1.44,3.042,13.18,4.0558,106.291,48->47->35->21->27->29->49,49->50
GA_ROUTE_EVOLUTION,N50_C3_I1.dat,50,232,5,48,50,0.9,0.5,20.5,0.9,1,49,0.031,0.12,0.024,13.18,0.6113636363636364,1.8599999999999999,1.44,3.3,13.18,4.287999999999999,217.095,48->43->41->40->38->37->36->23->21->11->15->18->20->32->27->29->49,49->50
GA_ROUTE_EVOLUTION,N50_C4_I1.dat,50,226,2,48,50,0.9,1.0,20.5,0.9,1,49,0.0324,0.12,0.024,13.18,0.8179632248939179,1.944,1.44,3.384,13.18,4.3636,225.176,48->43->41->40->38->37->36->23->4->15->18->20->32->27->29->49,49->50
GA_ROUTE_EVOLUTION,N50_C5_I1.dat,50,226,2,48,50,0.9,0.5,20.5,0.9,1,49,0.043,0.12,0.024,13.18,0.8256317689530688,2.5799999999999996,1.44,4.02,13.18,4.936,190.451,48->42->41->40->38->37->25->23->4->15->18->20->26->45->49,49->50
GA_ROUTE_EVOLUTION,N50_C6_I1.dat,50,226,2,48,50,0.9,0.5,20.5,0.9,1,49,0.08040000000000001,0.12,0.024,13.18,0.8746084089035451,4.824000000000001,1.44,6.264000000000001,13.18,6.9556000000000004,214.251,48->47->42->41->40->38->37->36->23->21->1->2->7->11->15->18->20->26->32->27->49,49->50
GA_ROUTE_EVOLUTION,N50_C7_I1.dat,50,226,2,48,50,0.9,0.5,20.5,0.9,1,49,0.0324,0.12,0.024,13.18,0.8179632248939179,1.944,1.44,3.384,13.18,4.3636,225.435,48->43->41->40->38->37->36->23->4->15->18->20->32->27->29->49,49->50
GA_ROUTE_EVOLUTION,N50_C8_I1.dat,50,226,2,48,50,0.1,0.5,20.5,0.1,1,49,0.0324,0.12,0.024,13.18,0.8179632248939179,1.944,1.44,3.384,13.18,12.2004,224.631,48->43->41->40->38->37->36->23->4->15->18->20->32->27->29->49,49->50
GA_ROUTE_EVOLUTION,N50_C9_I1.dat,50,226,2,48,50,0.9,0.5,15.0,0.9,1,49,0.0324,0.12,0.024,13.18,0.8179632248939179,1.944,1.44,3.384,13.18,4.3636,225.602,48->43->41->40->38->37->36->23->4->15->18->20->32->27->29->49,49->50
GA_ROUTE_EVOLUTION,N50_C10_I1.dat,50,226,2,48,50,0.9,0.5,20.5,0.9,1,49,0.0325,0.12,0.024,16.7,0.8192362093352192,1.9500000000000002,1.44,3.39,16.7,4.721,292.274,48->43->41->40->38->37->36->23->4->15->18->20->26->45->27->29->49,49->50
GA_ROUTE_EVOLUTION,N500_C1_I1.dat,500,1760,25,476,500,0.9,0.5,20.5,0.9,1,497,0.12590000000000007,0.12,0.024,12.57,9.351600000000003,7.554000000000004,1.44,8.994000000000003,12.57,9.351600000000003,10590.024,476->362->373->361->356->350->353->348->346->349->334->337->331->329->324->321->314->309->298->299->296->289->284->266->262->259->254->235->233->232->244->230->229->217->228->210->206->209->201->198->196->193->190->183->178->174->168->164->163->162->155->272->246->242->241->239->238->205->186->161->92->90->264->255->41->40->38->39->44->91->21->1->5->2->3->4->8->12->24->19->28->22->30->34->54->29->49->85->111->119->114->129->122->123->125->133->134->181->143->146->189->216->223->211->212->224->231->260->265->263->275->288->290->293->306->317->358->363->379->384->394->407->396->397->401->406->398->399->403->413->440->454->449->455->460->468->462->471->482->495->497,497->500
GA_ROUTE_EVOLUTION,N500_C2_I1.dat,500,1926,25,476,500,0.9,0.5,20.5,0.9,1,495,0.10060000000000002,0.1408,0.0282,8.88,0.6790734874981752,6.036000000000001,1.692,7.7280000000000015,8.88,7.843200000000001,2222.902,476->463->362->361->356->350->353->348->346->344->334->337->331->329->324->321->309->298->296->289->284->266->262->259->254->235->233->232->230->229->217->277->160->87->12->18->15->184->191->181->363->358->317->482->495,495->500
GA_ROUTE_EVOLUTION,N500_C3_I1.dat,500,1810,50,476,500,0.9,0.5,20.5,0.9,1,495,0.12540000000000007,0.1408,0.0282,8.88,0.7511415811462421,7.5240000000000045,1.692,9.216000000000005,8.88,9.182400000000005,4291.091,476->362->361->356->350->365->348->366->349->334->337->331->329->324->321->309->298->296->299->289->284->266->262->259->254->235->233->232->244->230->229->219->217->228->210->206->209->201->198->196->193->190->183->178->174->168->164->163->162->175->169->153->147->137->132->130->120->117->115->110->105->96->92->90->264->255->64->47->74->66->39->44->91->86->21->1->2->6->10->11->15->24->19->28->22->30->32->33->27->34->54->53->89->98->121->85->100->111->119->114->129->122->123->125->133->134->181->143->146->156->187->166->167->177->195->211->212->227->202->260->263->268->275->288->290->293->306->317->358->363->379->384->402->394->407->396->397->401->406->398->399->403->413->440->454->449->455->460->468->471->482->495,495->500
GA_ROUTE_EVOLUTION,N500_C4_I1.dat,500,1760,25,476,500,0.9,1.0,20.5,0.9,1,495,0.12400000000000007,0.1408,0.0282,8.88,0.6199279793686411,7.440000000000004,1.692,9.132000000000003,8.88,9.106800000000003,4010.083,476->362->361->356->350->353->348->346->349->334->337->331->329->324->321->314->309->298->296->289->284->266->262->259->254->235->233->232->230->229->217->228->210->206->209->201->198->196->193->190->183->178->174->168->164->163->162->175->172->169->153->147->137->132->138->130->120->117->112->110->105->96->92->90->264->42->47->74->66->56->44->91->21->1->9->5->2->3->7->14->15->24->19->28->22->30->34->54->29->53->89->98->94->121->85->111->119->114->129->122->123->125->133->134->181->191->184->189->216->187->195->211->212->224->231->202->260->265->263->275->288->290->293->297->306->317->358->363->379->384->394->407->396->397->401->406->398->399->403->413->440->449->455->460->461->468->471->482->495,495->500
GA_ROUTE_EVOLUTION,N500_C5_I1.dat,500,1760,25,476,500,0.9,0.5,20.5,0.9,1,495,0.1810000000000001,0.1408,0.0282,8.88,0.8391807934925101,10.860000000000007,1.692,12.552000000000007,8.88,12.184800000000006,4362.948,476->362->361->356->350->365->348->366->349->334->337->331->329->324->321->314->309->298->296->289->284->266->262->259->254->235->233->232->230->229->219->217->228->210->206->209->201->198->196->193->190->183->178->174->168->164->163->162->175->172->169->153->272->246->242->251->241->239->120->117->112->108->110->105->96->92->90->264->255->42->65->62->74->66->56->44->91->21->1->9->10->11->15->18->12->24->19->28->22->30->34->54->53->89->49->85->100->119->114->122->123->125->133->134->181->191->184->189->216->187->177->166->167->158->173->185->197->192->204->202->260->265->263->275->288->290->293->306->317->358->363->379->384->402->394->407->396->397->401->406->398->399->403->413->440->449->455->460->461->462->471->482->495,495->500
GA_ROUTE_EVOLUTION,N500_C6_I1.dat,500,1760,25,476,500,0.9,0.5,20.5,0.9,1,497,0.3817000000000001,0.12,0.024,12.57,1.0129509495853966,22.902000000000005,1.44,24.342000000000006,12.57,23.164800000000007,3887.872,476->463->467->450->436->430->415->408->393->387->381->372->375->371->362->361->356->350->365->348->346->349->334->337->331->329->324->321->314->309->298->296->289->284->266->262->259->254->235->233->232->230->229->219->217->228->210->206->209->201->198->196->193->190->183->178->174->168->164->163->162->155->169->153->147->137->132->138->130->120->117->115->112->110->105->96->92->90->88->273->267->42->38->78->81->77->72->46->35->21->1->5->6->10->11->15->24->19->28->22->30->33->45->27->34->54->53->89->49->85->100->119->114->122->123->125->133->152->134->181->143->146->156->166->158->173->185->227->231->260->265->263->275->288->290->293->306->317->358->363->379->384->394->407->396->397->401->406->398->403->413->440->449->455->460->468->462->471->482->497,497->500
GA_ROUTE_EVOLUTION,N500_C7_I1.dat,500,1760,25,476,500,0.9,0.5,20.5,0.9,1,497,0.1233000000000001,0.12,0.024,12.57,0.7428940789640943,7.398000000000006,1.44,8.838000000000006,12.57,9.211200000000005,4128.125,476->362->373->356->350->353->348->366->349->344->334->337->331->329->324->321->314->309->298->296->289->284->266->262->259->254->235->233->232->244->230->229->219->217->228->210->206->209->201->198->196->193->190->183->178->174->168->164->163->162->175->169->153->147->137->132->130->120->117->112->108->110->105->96->295->276->283->273->267->42->41->40->25->36->46->35->21->1->9->10->13->14->16->17->18->24->19->28->22->26->32->45->27->34->54->53->89->49->85->100->119->114->122->123->125->133->152->134->181->143->146->189->216->223->211->212->227->202->260->263->275->288->290->293->297->306->317->358->363->379->384->394->407->396->397->401->406->398->399->403->413->440->449->453->455->460->461->462->471->482->497,497->500
GA_ROUTE_EVOLUTION,N500_C8_I1.dat,500,1760,25,476,500,0.1,0.5,20.5,0.1,1,497,0.1233000000000001,0.12,0.024,12.57,0.7428940789640943,7.398000000000006,1.44,8.838000000000006,12.57,12.196800000000001,4148.645,476->362->373->356->350->353->348->366->349->344->334->337->331->329->324->321->314->309->298->296->289->284->266->262->259->254->235->233->232->244->230->229->219->217->228->210->206->209->201->198->196->193->190->183->178->174->168->164->163->162->175->169->153->147->137->132->130->120->117->112->108->110->105->96->295->276->283->273->267->42->41->40->25->36->46->35->21->1->9->10->13->14->16->17->18->24->19->28->22->26->32->45->27->34->54->53->89->49->85->100->119->114->122->123->125->133->152->134->181->143->146->189->216->223->211->212->227->202->260->263->275->288->290->293->297->306->317->358->363->379->384->394->407->396->397->401->406->398->399->403->413->440->449->453->455->460->461->462->471->482->497,497->500
GA_ROUTE_EVOLUTION,N500_C9_I1.dat,500,1760,25,476,500,0.9,0.5,15.0,0.9,1,495,0.12160000000000008,0.1408,0.0282,8.88,0.7442845105735837,7.296000000000005,1.692,8.988000000000005,8.88,8.977200000000005,3929.592,476->362->361->356->350->365->348->366->349->344->334->337->331->329->324->321->309->298->299->289->284->266->262->259->254->235->233->232->230->229->217->228->210->206->209->201->198->196->193->190->183->178->174->168->164->163->162->155->169->153->147->137->132->130->120->117->115->110->105->96->92->90->264->42->41->66->56->44->91->86->21->1->2->7->14->15->24->19->20->28->22->30->34->54->53->89->98->94->121->85->111->119->114->129->122->123->125->133->152->134->181->143->194->189->216->223->211->212->224->231->202->260->265->263->268->275->288->290->293->297->306->317->358->363->379->384->394->407->396->397->401->406->398->399->403->413->440->454->449->453->455->460->468->461->462->471->482->495,495->500
GA_ROUTE_EVOLUTION,N500_C10_I1.dat,500,1760,25,476,500,0.9,0.5,20.5,0.9,1,495,0.12590000000000004,0.1408,0.0282,15.09,0.7798012120532242,7.554000000000002,1.692,9.246000000000002,15.09,9.830400000000003,4936.86,476->362->361->356->350->353->348->366->349->334->337->331->329->324->321->309->298->296->289->284->266->262->259->254->235->233->232->230->229->219->217->228->210->206->209->201->198->196->193->190->183->178->174->168->164->163->162->175->172->169->153->147->137->132->138->130->120->117->115->112->108->105->96->107->92->90->264->267->42->41->40->25->36->46->35->21->1->2->3->13->14->15->17->18->24->19->28->22->30->34->54->29->89->49->85->100->119->114->129->122->123->125->133->152->134->181->143->191->184->189->146->156->187->177->195->223->211->212->224->227->231->260->265->263->268->275->288->290->293->297->306->317->358->363->379->384->402->394->407->396->397->401->406->398->399->403->413->440->449->455->460->461->462->471->482->495,495->500
GA_ROUTE_EVOLUTION,N1000_C1_I1.dat,1000,3252,50,988,1000,0.9,0.5,20.5,0.9,1,985,0.20110000000000022,0.1733,0.0347,13.61,14.094200000000011,12.066000000000013,2.0820000000000003,14.148000000000014,13.61,14.094200000000011,24299.581,988->969->929->924->917->912->904->903->896->892->905->888->885->878->877->874->865->857->856->851->818->813->810->812->805->786->762->761->776->757->755->741->725->715->711->723->705->696->691->697->689->687->681->674->667->661->659->669->657->636->609->599->592->588->576->574->586->568->575->564->560->549->547->545->543->540->538->561->548->542->530->534->539->526->525->522->527->519->501->476->469->463->467->450->436->430->408->393->387->372->375->371->362->373->361->356->350->365->348->346->349->334->337->331->329->324->321->314->309->298->296->289->487->485->262->259->254->235->233->232->244->438->425->424->420->418->409->410->201->198->196->193->190->370->339->338->341->333->326->318->301->278->277->272->246->242->132->138->130->120->117->115->315->42->80->70->116->55->38->44->68->63->21->1->5->2->3->4->17->15->24->19->28->22->30->34->54->53->89->49->98->94->67->85->100->119->114->122->123->125->133->152->134->143->146->156->166->177->167->158->173->185->197->204->202->260->265->263->275->288->290->293->306->317->358->363->379->384->402->394->407->396->397->401->406->398->403->413->440->449->453->455->460->468->461->462->471->482->495->497->517->518->537->546->551->553->555->562->569->570->573->593->600->602->615->628->637->642->658->668->694->700->713->721->734->745->748->749->753->763->764->766->783->784->793->791->815->822->821->826->830->978->985,985->1000
GA_ROUTE_EVOLUTION,N1000_C2_I1.dat,1000,3584,50,988,1000,0.9,0.5,20.5,0.9,1,976,0.13109999999999997,0.2216,0.0443,11.22,0.7924270648183237,7.865999999999998,2.658,10.523999999999997,11.22,10.593599999999999,16576.273,988->877->874->865->861->857->856->851->813->810->812->805->786->762->761->549->547->545->362->373->361->441->242->241->40->56->44->81->77->191->194->189->216->187->440->449->455->460->461->462->471->482->497->517->518->536->537->546->551->553->554->555->562->569->570->573->593->784->791->976,976->1000
GA_ROUTE_EVOLUTION,N1000_C3_I1.dat,1000,3352,100,988,1000,0.9,0.5,20.5,0.9,1,985,0.21400000000000025,0.1733,0.0347,13.61,1.010878812335366,12.840000000000014,2.0820000000000003,14.922000000000015,13.61,14.790800000000013,13801.688,988->877->874->865->857->856->851->818->813->810->812->805->786->762->776->757->755->725->715->711->708->723->705->696->691->697->698->689->687->695->681->674->667->659->657->636->609->599->592->588->576->574->586->568->575->581->564->560->549->547->545->543->540->538->561->532->542->530->534->539->526->525->524->522->508->519->501->476->469->463->450->437->436->430->415->408->393->387->372->375->371->362->373->356->350->365->348->346->344->349->334->337->331->329->324->321->314->309->298->299->289->487->492->500->266->262->259->254->235->233->232->244->230->229->424->420->418->409->410->404->392->193->190->383->385->380->339->338->341->333->335->178->174->168->164->163->162->155->169->272->246->242->241->239->238->205->131->135->140->141->144->128->142->124->118->95->87->99->83->76->73->264->255->74->66->39->69->91->86->84->58->46->35->23->21->1->5->9->10->13->14->16->17->18->15->8->12->24->19->28->20->32->33->30->34->54->53->89->98->94->67->85->100->119->114->129->122->123->125->133->134->143->146->156->166->167->158->170->173->185->192->204->202->260->263->275->288->290->293->306->317->358->363->379->384->402->394->407->396->397->401->406->398->403->413->440->454->449->455->460->468->461->462->471->482->495->497->517->518->536->537->546->551->553->554->555->562->569->570->573->593->600->602->615->628->637->642->658->668->694->700->713->721->734->745->748->749->753->763->765->764->766->783->784->791->815->822->816->821->826->830->985,985->1000
GA_ROUTE_EVOLUTION,N1000_C4_I1.dat,1000,3252,50,988,1000,0.9,1.0,20.5,0.9,1,976,0.20340000000000014,0.2216,0.0443,11.22,0.7320895308677039,12.204000000000008,2.658,14.862000000000007,11.22,14.497800000000007,13653.827,988->877->874->865->857->856->851->813->810->812->805->786->762->776->761->757->755->725->715->711->723->708->705->696->691->697->689->687->681->674->667->661->659->657->636->609->599->592->588->576->574->586->568->575->581->560->549->547->545->543->540->566->561->532->548->542->530->534->539->526->525->527->508->519->501->476->469->463->450->439->437->436->430->408->393->387->372->375->371->362->373->356->350->365->353->348->346->344->349->334->337->331->329->324->321->314->309->298->299->289->284->500->492->485->262->259->254->235->233->232->230->438->425->424->420->418->409->404->392->390->383->385->380->339->338->164->163->162->175->172->169->153->272->246->243->242->241->239->238->108->79->87->99->93->97->76->57->52->51->50->48->47->42->65->62->59->82->81->78->91->84->86->36->46->35->23->63->21->1->9->10->11->16->14->15->24->19->28->20->26->32->45->33->30->34->54->53->89->49->85->100->119->114->122->123->125->133->152->134->181->143->146->156->166->158->170->173->185->192->204->202->260->265->263->268->275->288->290->293->306->317->358->363->379->384->394->407->396->397->401->406->398->399->403->413->440->454->449->455->460->468->462->471->482->497->517->518->536->537->546->551->553->555->562->569->570->573->593->600->602->615->628->637->642->658->668->694->700->709->713->721->734->745->748->749->753->763->764->766->783->793->816->815->822->821->826->830->976,976->1000
GA_ROUTE_EVOLUTION,N1000_C5_I1.dat,1000,3252,50,988,1000,0.9,0.5,20.5,0.9,1,976,0.31450000000000006,0.2216,0.0443,11.22,1.1456855626086078,18.870000000000005,2.658,21.528000000000006,11.22,20.497200000000007,14223.022,988->981->877->874->865->857->856->851->818->813->810->812->805->786->762->776->757->755->741->725->715->711->723->705->696->691->697->698->689->687->695->681->674->667->659->669->657->636->609->599->592->588->576->574->586->568->575->581->560->549->547->545->543->540->538->566->561->532->542->534->539->526->525->524->522->527->508->501->476->469->463->450->439->437->436->430->408->393->387->381->372->375->371->362->361->356->350->353->348->346->366->349->334->337->331->329->324->321->314->309->298->296->299->289->284->500->492->485->479->475->458->466->456->457->441->438->425->424->420->418->409->404->392->196->193->190->383->385->380->178->338->341->333->326->164->163->162->175->172->277->272->246->137->132->138->130->120->117->115->315->303->41->62->59->82->101->38->55->78->86->68->63->21->1->5->6->10->13->14->15->17->18->12->24->19->28->20->32->45->33->30->34->54->29->89->49->98->67->85->100->119->114->129->122->123->125->133->152->134->181->191->194->184->189->216->187->177->167->158->170->173->185->192->204->202->260->265->263->275->288->290->293->306->317->358->363->379->384->394->407->396->397->401->406->398->399->403->413->440->449->453->455->460->461->462->471->482->497->517->518->537->546->551->553->554->555->562->569->570->573->593->600->602->615->628->637->642->658->668->694->700->713->721->734->745->748->749->753->763->765->764->766->783->784->791->815->822->821->826->830->933->944->946->948->976,976->1000
GA_ROUTE_EVOLUTION,N1000_C6_I1.dat,1000,3252,50,988,1000,0.9,0.5,20.5,0.9,1,948,0.6141999999999999,0.2653,0.0531,14.16,1.204197670719789,36.85199999999999,3.186,40.03799999999999,14.16,37.45019999999999,14063.455,988->969->877->874->865->857->856->851->813->810->812->805->786->762->761->757->755->741->725->715->711->723->705->696->691->697->698->689->687->695->681->674->667->661->659->657->636->609->599->592->588->576->574->586->568->575->564->560->549->547->545->543->540->538->566->561->532->542->530->534->539->526->525->522->527->508->501->476->469->463->467->450->439->437->436->430->422->415->408->393->387->372->375->371->362->361->356->350->365->348->346->366->349->334->337->331->329->324->321->309->298->299->289->284->266->262->259->254->235->233->232->230->229->217->228->410->409->201->198->196->193->190->370->339->338->164->163->162->278->277->272->169->153->137->132->138->130->120->92->52->61->60->80->70->65->74->101->82->44->68->63->21->1->5->9->10->11->16->14->15->18->24->19->28->22->30->34->54->29->89->49->67->85->111->119->114->122->123->125->133->152->134->143->146->156->166->177->167->158->173->185->192->199->197->204->202->260->263->275->288->290->293->297->306->317->358->363->379->384->402->394->407->396->397->401->406->398->403->413->440->449->455->460->461->462->471->482->497->517->518->537->546->551->553->554->555->562->569->570->573->593->600->602->615->628->637->642->658->668->694->700->709->713->721->734->745->748->749->753->763->764->766->783->784->791->815->816->821->826->830->910->933->944->946->956->948,948->1000
GA_ROUTE_EVOLUTION,N1000_C7_I1.dat,1000,3252,50,988,1000,0.9,0.5,20.5,0.9,1,991,0.21440000000000026,0.1457,0.0291,18.12,1.0132915823900297,12.864000000000015,1.746,14.610000000000015,18.12,14.961000000000013,14053.502,988->877->874->865->857->856->851->813->810->812->805->786->762->776->757->755->741->725->715->711->723->708->705->696->691->697->689->687->695->681->674->667->661->659->669->657->636->609->599->592->588->576->574->586->568->575->581->560->549->547->545->543->540->538->561->548->532->542->530->534->539->526->525->524->522->508->501->476->469->463->450->436->430->408->393->387->372->375->371->362->373->361->356->350->353->365->348->346->366->349->334->337->331->329->324->321->314->309->298->299->289->284->266->262->259->254->235->233->232->244->230->425->424->206->209->201->198->196->193->190->370->339->338->335->333->326->318->164->163->162->278->277->155->175->169->153->147->246->242->251->241->120->117->115->315->300->294->43->70->116->59->55->44->68->104->102->46->35->23->63->21->1->5->9->10->6->2->3->13->14->16->17->18->24->19->28->20->26->33->45->27->34->54->53->89->49->85->100->119->114->129->122->123->125->133->152->134->181->191->184->189->216->223->187->177->166->158->170->173->185->197->199->204->202->260->263->268->275->288->290->293->297->306->317->358->363->379->384->402->394->407->396->397->401->406->398->399->403->413->440->449->455->460->461->462->471->482->497->517->518->536->537->546->551->553->555->562->569->570->573->593->600->602->615->628->637->642->658->668->694->700->709->713->721->734->745->748->749->753->763->765->764->766->783->784->791->815->822->821->826->830->985->991,991->1000
GA_ROUTE_EVOLUTION,N1000_C8_I1.dat,1000,3252,50,988,1000,0.1,0.5,20.5,0.1,1,991,0.21440000000000026,0.1457,0.0291,18.12,1.0132915823900297,12.864000000000015,1.746,14.610000000000015,18.12,17.769000000000002,15404.076,988->877->874->865->857->856->851->813->810->812->805->786->762->776->757->755->741->725->715->711->723->708->705->696->691->697->689->687->695->681->674->667->661->659->669->657->636->609->599->592->588->576->574->586->568->575->581->560->549->547->545->543->540->538->561->548->532->542->530->534->539->526->525->524->522->508->501->476->469->463->450->436->430->408->393->387->372->375->371->362->373->361->356->350->353->365->348->346->366->349->334->337->331->329->324->321->314->309->298->299->289->284->266->262->259->254->235->233->232->244->230->425->424->206->209->201->198->196->193->190->370->339->338->335->333->326->318->164->163->162->278->277->155->175->169->153->147->246->242->251->241->120->117->115->315->300->294->43->70->116->59->55->44->68->104->102->46->35->23->63->21->1->5->9->10->6->2->3->13->14->16->17->18->24->19->28->20->26->33->45->27->34->54->53->89->49->85->100->119->114->129->122->123->125->133->152->134->181->191->184->189->216->223->187->177->166->158->170->173->185->197->199->204->202->260->263->268->275->288->290->293->297->306->317->358->363->379->384->402->394->407->396->397->401->406->398->399->403->413->440->449->455->460->461->462->471->482->497->517->518->536->537->546->551->553->555->562->569->570->573->593->600->602->615->628->637->642->658->668->694->700->709->713->721->734->745->748->749->753->763->765->764->766->783->784->791->815->822->821->826->830->985->991,991->1000
GA_ROUTE_EVOLUTION,N1000_C9_I1.dat,1000,3252,50,988,1000,0.9,0.5,15.0,0.9,1,985,0.19270000000000015,0.1733,0.0347,13.61,1.018190520657319,11.562000000000008,2.0820000000000003,13.644000000000009,13.61,13.640600000000008,15441.565,988->981->877->874->865->857->856->851->813->810->805->786->762->761->757->755->741->725->715->711->723->705->696->691->697->698->689->687->681->674->667->661->659->657->636->609->599->592->588->576->574->586->568->575->564->560->549->547->545->543->540->538->566->561->548->542->530->534->539->526->525->527->522->508->519->501->476->469->463->467->450->437->436->430->422->415->408->393->387->372->375->371->362->361->356->350->353->348->346->344->349->334->337->331->329->324->321->309->298->296->289->284->266->262->259->254->235->233->232->230->229->217->228->210->206->209->201->409->404->392->390->193->190->183->178->338->335->333->326->318->301->278->175->169->272->246->242->241->251->138->132->130->120->117->88->95->87->97->76->73->71->80->65->62->59->55->37->31->102->23->21->1->5->2->6->10->11->15->24->19->28->20->26->33->27->45->32->30->34->54->29->49->67->85->100->119->114->129->122->123->125->133->152->134->181->143->146->156->166->167->158->173->185->197->204->202->260->265->263->268->275->288->290->293->297->306->317->358->363->379->384->402->394->407->396->397->401->406->398->403->413->440->454->449->455->460->461->462->471->482->495->497->517->518->537->546->551->553->554->555->562->569->570->573->593->600->602->615->628->637->642->658->668->694->700->709->713->721->734->745->748->749->753->763->764->766->783->784->791->815->816->821->826->830->910->933->944->946->948->976->978->985,985->1000
GA_ROUTE_EVOLUTION,N1000_C10_I1.dat,1000,3252,50,988,1000,0.9,0.5,20.5,0.9,1,995,0.20420000000000013,0.12,0.024,18.16,1.1843717001055967,12.252000000000008,1.44,13.692000000000007,18.16,14.138800000000005,16057.993,988->877->874->865->861->857->856->851->813->810->812->805->786->762->761->776->757->755->741->725->715->711->708->723->705->696->691->697->689->687->681->674->667->659->669->657->636->609->599->592->588->576->574->586->568->575->581->564->560->549->547->545->543->540->538->566->561->532->548->542->534->539->526->525->527->519->501->476->469->463->450->436->430->422->415->408->393->387->372->375->371->362->373->361->356->350->365->353->348->346->366->349->334->337->331->329->324->321->309->298->299->296->289->284->487->492->485->479->475->254->235->233->232->230->229->217->228->410->198->196->390->383->380->339->338->335->333->326->318->301->292->278->277->272->246->242->251->241->120->117->88->50->48->65->74->66->56->38->55->37->102->104->103->171->182->9->10->13->14->15->18->17->16->4->8->12->24->19->28->20->26->33->27->34->54->53->89->98->94->67->85->111->119->114->129->122->123->125->133->134->181->143->146->156->166->177->167->158->170->173->185->192->204->202->260->265->263->275->288->290->293->306->317->358->363->379->384->394->407->396->397->401->406->398->403->413->440->454->449->453->455->460->468->471->482->497->517->518->537->546->551->553->554->555->562->569->570->573->593->600->602->615->628->637->642->658->668->694->700->713->721->734->745->748->749->753->763->764->766->783->793->791->815->822->821->826->830->976->978->985->995,995->1000
GA_ROUTE_EVOLUTION,N1500_C1_I1.dat,1500,4728,75,1492,1500,0.9,0.5,20.5,0.9,1,1497,0.23450000000000043,0.1288,0.0258,15.93,15.649200000000024,14.070000000000025,1.548,15.618000000000025,15.93,15.649200000000024,49128.467,1492->1490->1298->1290->1281->1274->1270->1279->1277->1262->1257->1254->1234->1219->1206->1228->1203->1194->1197->1177->1170->1153->1152->1149->1142->1134->1130->1125->1117->1113->1129->1111->1099->1089->1075->1069->1065->1064->1063->1051->1042->1039->1050->1037->1036->1027->1006->988->981->969->929->924->917->912->907->904->903->896->892->905->888->885->878->877->874->865->861->857->856->851->818->813->810->812->805->786->762->776->761->757->755->725->715->711->723->705->696->691->697->698->689->687->695->681->674->667->661->659->657->636->609->599->592->588->576->574->586->568->575->564->560->549->547->545->543->540->566->538->561->548->532->542->534->539->526->525->524->522->508->519->501->476->469->463->467->450->436->430->408->393->387->381->372->371->362->373->356->350->353->348->346->349->334->337->331->329->587->577->559->558->552->520->514->509->289->284->266->262->259->254->235->233->232->244->230->424->206->409->198->404->392->390->383->385->380->339->338->163->175->169->153->278->277->272->132->138->319->311->303->300->315->294->295->276->283->273->264->66->39->44->77->72->91->9->1->2->3->10->13->14->15->18->12->24->19->28->22->30->34->54->29->53->89->49->121->98->67->85->100->111->119->114->122->123->125->133->152->134->181->143->191->184->189->146->156->166->195->187->177->167->158->170->173->185->197->199->192->204->202->260->263->275->288->290->293->306->317->358->363->379->384->394->407->396->397->401->406->398->399->403->413->440->449->453->455->460->468->471->482->497->517->518->537->546->551->553->554->555->562->569->570->573->593->600->602->615->628->637->642->658->668->694->700->713->721->734->745->748->749->753->763->765->764->766->783->784->793->791->815->816->822->821->826->830->839->842->854->849->852->860->864->876->866->867->870->880->882->889->887->893->894->910->933->944->946->956->948->976->978->985->991->995->1017->1024->1031->1068->1071->1077->1079->1091->1092->1100->1110->1120->1122->1139->1167->1168->1181->1175->1178->1192->1180->1182->1184->1193->1205->1210->1223->1229->1230->1241->1232->1237->1242->1244->1251->1269->1497,1497->1500
GA_ROUTE_EVOLUTION,N1500_C2_I1.dat,1500,5226,75,1492,1500,0.9,0.5,20.5,0.9,1,1481,0.17530000000000004,0.1636,0.0327,18.85,0.880358751509781,10.518000000000002,1.962,12.480000000000002,18.85,13.117000000000003,28896.453,1492->1488->1254->1234->1231->1219->1206->1228->1203->1194->1197->1183->1177->1170->1153->1152->1149->1142->1134->1130->1125->1117->1113->865->861->857->1096->836->835->827->825->824->792->772->747->346->344->334->349->370->389->376->364->357->354->323->180->188->200->154->143->181->191->184->189->471->482->497->517->518->537->546->551->553->555->562->569->570->573->593->600->602->615->628->637->642->870->867->1191->1189->1175->1173->1168->1390->1403->1417->1408->1434->1428->1453->1462->1463->1481,1481->1500
GA_ROUTE_EVOLUTION,N1500_C3_I1.dat,1500,4878,150,1492,1500,0.9,0.5,20.5,0.9,1,1497,0.2841000000000007,0.1288,0.0258,15.93,1.1313221510527947,17.046000000000042,1.548,18.594000000000044,15.93,18.32760000000004,25402.174,1492->1488->1495->1479->1486->1471->1465->1460->1430->1298->1290->1281->1274->1270->1279->1277->1262->1257->1254->1252->1234->1231->1219->1206->1212->1203->1194->1197->1177->1170->1153->1152->1149->1142->1134->1130->1125->1117->1113->1129->1111->1099->1089->1075->1069->1065->1064->1063->1051->1042->1039->1050->1037->1036->1027->1006->988->981->969->961->929->924->917->912->904->903->896->892->905->888->885->878->877->874->865->857->856->851->818->813->810->805->786->762->761->757->755->725->715->711->708->705->696->691->697->698->689->687->695->681->674->667->659->657->636->609->599->592->588->576->574->586->568->575->564->560->549->547->545->543->540->566->561->548->542->530->539->526->525->527->508->501->476->469->463->467->450->436->430->408->393->387->372->371->362->361->356->350->353->348->346->349->334->337->331->329->587->577->559->558->321->314->493->491->487->492->500->262->259->254->235->233->458->466->456->457->451->206->209->410->404->392->196->193->190->183->178->339->338->335->168->164->163->175->326->316->292->278->277->272->246->242->241->141->140->135->205->186->161->128->160->96->105->110->108->112->79->76->97->109->90->50->51->52->61->60->48->310->64->59->106->218->179->176->171->182->369->359->221->148->145->46->35->21->1->9->5->6->2->7->16->14->15->24->19->28->22->26->20->32->45->27->34->54->29->49->67->85->100->119->114->129->122->123->125->133->152->134->181->143->194->184->189->216->223->187->156->166->195->211->212->227->224->231->192->204->202->260->265->263->268->275->288->290->293->306->317->358->363->379->384->394->407->396->397->401->406->398->403->413->440->454->449->455->460->468->461->462->471->482->495->497->517->518->536->537->546->551->553->554->555->562->569->570->573->593->600->602->615->628->637->642->658->668->694->700->709->713->721->734->745->748->749->753->763->765->764->766->783->793->784->791->815->816->821->826->830->839->854->849->852->860->864->876->866->867->870->880->882->887->893->894->910->933->944->946->948->976->978->985->991->995->1011->1017->1024->1031->1071->1077->1079->1091->1092->1100->1110->1120->1116->1122->1139->1167->1168->1173->1175->1178->1192->1191->1199->1204->1180->1182->1184->1193->1205->1210->1223->1229->1230->1241->1232->1237->1242->1244->1251->1269->1497,1497->1500
GA_ROUTE_EVOLUTION,N1500_C4_I1.dat,1500,4728,75,1492,1500,0.9,1.0,20.5,0.9,1,1463,0.23870000000000038,0.1857,0.0371,11.18,0.7543392354927225,14.322000000000022,2.226,16.548000000000023,11.18,16.01120000000002,26981.083,1492->1490->1488->1495->1298->1290->1281->1274->1270->1279->1277->1262->1257->1254->1234->1219->1206->1228->1203->1194->1197->1183->1177->1170->1153->1152->1149->1142->1134->1130->1125->1117->1113->1129->1111->1099->1089->1075->1069->1065->1064->1063->1051->1055->1042->1039->1050->1037->1036->1027->1006->988->981->969->961->929->924->917->912->904->903->896->892->905->888->885->878->877->874->865->857->856->851->818->813->810->805->786->762->776->757->755->741->725->715->711->708->723->705->696->691->697->698->689->687->695->681->674->667->659->669->657->636->609->599->592->588->576->574->586->568->575->564->581->560->549->547->545->543->540->566->538->561->548->542->530->539->526->525->524->522->508->519->501->476->469->463->467->450->439->437->436->430->408->393->387->372->375->371->362->373->356->350->353->348->346->344->334->337->331->329->324->321->552->520->514->523->296->299->289->284->266->262->259->254->235->233->441->451->206->409->404->392->196->193->190->183->380->339->338->335->168->164->163->175->172->169->153->137->132->130->120->90->109->97->99->93->83->73->71->61->60->50->51->74->101->82->78->145->113->68->36->46->63->21->1->9->10->13->14->15->24->19->20->32->33->27->34->54->29->49->85->111->119->114->129->122->123->125->133->134->181->191->184->189->146->156->166->158->170->173->212->227->231->197->204->202->260->263->268->275->288->290->293->297->306->317->358->363->379->384->402->394->407->396->397->401->406->398->403->413->440->454->449->455->460->468->462->471->482->495->497->517->518->537->546->551->553->555->562->569->570->573->593->600->602->615->628->637->642->658->668->694->700->709->713->721->734->745->748->749->753->763->765->764->766->783->793->791->815->816->821->826->830->839->854->849->852->860->864->876->866->867->870->880->882->887->893->894->910->933->944->946->956->976->978->985->991->995->1011->1017->1024->1031->1068->1071->1077->1079->1091->1092->1100->1110->1120->1116->1122->1139->1167->1168->1173->1181->1175->1189->1191->1199->1204->1180->1182->1184->1193->1205->1210->1223->1229->1230->1241->1232->1237->1242->1244->1251->1269->1275->1278->1296->1322->1330->1348->1364->1353->1358->1361->1362->1368->1379->1381->1387->1390->1403->1417->1408->1426->1428->1453->1462->1463,1463->1500
GA_ROUTE_EVOLUTION,N1500_C5_I1.dat,1500,4728,75,1492,1500,0.9,0.5,20.5,0.9,1,1497,0.37420000000000037,0.1288,0.0258,15.93,1.1660475618844468,22.452000000000023,1.548,24.00000000000002,15.93,23.19300000000002,27498.11,1492->1488->1495->1479->1486->1471->1469->1298->1290->1281->1274->1270->1279->1262->1257->1254->1252->1219->1206->1228->1203->1194->1197->1183->1177->1170->1153->1152->1149->1142->1134->1130->1125->1117->1113->1129->1111->1099->1089->1075->1069->1065->1064->1063->1051->1055->1042->1039->1050->1037->1036->1027->1006->988->981->969->929->924->917->912->907->904->903->896->892->905->888->885->878->877->874->865->857->856->851->813->810->805->786->762->776->757->755->741->725->715->711->708->723->705->696->691->697->698->689->687->695->681->674->667->661->659->657->636->609->599->592->588->576->574->586->568->575->564->560->549->547->545->543->540->566->538->561->532->542->534->539->526->525->527->522->508->501->476->469->463->450->437->436->430->422->415->408->393->387->381->372->375->371->362->373->356->350->365->353->348->346->608->616->603->614->612->594->587->577->559->558->321->309->314->520->514->509->289->284->266->262->475->458->466->464->232->230->229->219->217->228->210->206->209->410->409->404->392->196->390->383->385->380->370->174->168->164->163->162->326->316->292->301->318->155->172->169->153->137->105->110->92->90->60->48->50->51->74->75->86->84->46->63->21->1->5->9->10->3->7->2->6->13->14->15->24->19->28->20->32->45->33->26->22->30->34->54->29->89->98->67->49->121->85->111->119->114->122->123->125->133->152->134->181->143->146->216->187->177->167->158->211->170->173->185->192->204->202->260->263->268->275->288->290->293->306->317->358->363->379->384->394->407->396->397->401->406->398->403->413->440->449->455->460->468->471->482->495->497->517->518->537->546->551->553->554->555->562->569->570->573->593->600->602->615->628->637->642->658->668->694->700->713->721->734->745->748->749->753->763->765->764->766->783->793->791->815->816->822->821->826->830->839->842->854->849->852->860->864->876->866->875->867->870->880->882->889->887->893->894->910->933->944->946->956->948->976->978->985->991->995->1017->1024->1031->1068->1071->1077->1079->1091->1092->1100->1110->1120->1116->1122->1139->1167->1168->1173->1175->1189->1192->1204->1182->1184->1193->1205->1210->1223->1229->1230->1241->1232->1237->1242->1244->1251->1269->1499->1497,1497->1500
GA_ROUTE_EVOLUTION,N1500_C6_I1.dat,1500,4728,75,1492,1500,0.9,0.5,20.5,0.9,1,1434,0.6644999999999996,0.298,0.0596,11.26,1.1523772122904596,39.869999999999976,3.576,43.44599999999998,11.26,40.227399999999975,24075.393,1492->1490->1298->1290->1281->1274->1270->1279->1262->1257->1254->1252->1219->1206->1228->1203->1194->1197->1177->1170->1153->1152->1149->1142->1134->1130->1125->1117->1113->1129->1111->1105->1099->1089->1075->1069->1065->1064->1063->1051->1042->1039->1050->1037->1036->1027->1006->988->981->969->929->924->917->912->907->904->903->896->892->905->888->885->878->877->874->865->861->857->856->851->818->813->810->805->786->762->761->776->757->755->725->715->711->723->705->696->691->697->689->687->681->674->667->659->657->636->609->599->592->588->576->574->586->568->575->581->560->549->547->545->543->540->566->538->561->548->542->534->539->526->525->527->519->501->476->469->463->450->439->437->436->430->408->393->387->372->371->362->361->356->350->353->348->346->344->366->349->334->337->331->329->324->321->309->298->299->289->493->491->487->492->485->479->262->259->254->235->233->441->206->209->201->198->196->193->190->383->380->183->178->174->168->164->163->175->169->153->137->132->138->319->311->305->41->81->77->72->91->84->58->46->35->23->21->1->2->5->6->10->11->4->8->15->24->19->20->32->33->27->34->54->29->89->98->121->49->67->85->100->119->114->129->122->123->125->133->134->181->191->143->194->189->146->156->187->177->167->158->173->185->197->199->204->202->260->263->275->288->290->293->297->306->317->358->363->379->384->394->407->396->397->401->406->398->403->413->440->454->449->453->455->460->461->462->471->482->497->517->518->536->537->546->551->553->554->555->562->569->570->573->593->600->602->615->628->637->642->658->668->694->700->709->713->721->734->745->748->749->753->763->765->764->766->783->793->791->815->816->822->821->826->830->839->842->849->852->860->864->866->867->870->880->882->887->893->894->910->933->944->946->948->956->976->978->985->991->995->1017->1024->1031->1068->1071->1077->1079->1091->1100->1110->1120->1122->1139->1167->1168->1181->1175->1178->1189->1191->1199->1204->1182->1184->1193->1205->1210->1223->1229->1230->1241->1232->1237->1242->1244->1251->1269->1434,1434->1500
GA_ROUTE_EVOLUTION,N1500_C7_I1.dat,1500,4728,75,1492,1500,0.9,0.5,20.5,0.9,1,1497,0.23280000000000045,0.1288,0.0258,15.93,0.9570299653223298,13.968000000000027,1.548,15.516000000000027,15.93,15.557400000000024,28904.017,1492->1488->1495->1298->1290->1281->1274->1270->1279->1262->1257->1254->1234->1219->1206->1212->1203->1194->1197->1177->1170->1153->1152->1149->1142->1134->1130->1125->1117->1113->1129->1111->1099->1089->1075->1069->1065->1064->1063->1051->1055->1042->1039->1050->1037->1036->1027->1006->988->981->969->929->924->917->912->907->904->903->896->892->905->888->885->878->877->874->865->857->856->851->813->810->812->805->786->762->761->757->755->725->715->711->723->705->696->691->697->698->689->687->681->674->667->659->657->636->609->599->592->588->576->574->586->568->575->581->564->560->549->547->545->543->540->566->561->548->542->534->530->539->526->524->522->508->501->476->469->463->450->437->436->430->415->408->393->387->372->371->362->361->356->350->353->348->346->606->616->603->614->612->594->587->577->559->558->552->520->514->516->299->289->284->266->262->259->254->235->233->232->230->424->206->420->418->409->404->392->390->196->193->190->183->178->174->168->164->163->175->172->155->316->292->301->278->277->147->110->92->90->109->97->99->83->73->71->70->80->104->102->84->58->46->63->21->1->9->10->6->2->7->16->17->15->8->12->18->24->19->28->20->26->30->22->32->45->27->34->54->53->89->98->67->49->121->85->100->119->114->122->123->125->133->152->134->181->191->184->194->143->146->156->166->177->167->158->170->211->212->224->231->192->185->197->199->204->202->260->263->268->275->288->290->293->297->306->317->358->363->379->384->394->407->396->397->401->406->398->399->403->413->440->449->453->455->460->468->462->471->482->495->497->517->518->537->546->551->553->555->562->569->570->573->593->600->602->615->628->637->642->658->668->694->700->713->721->734->745->748->749->753->763->764->766->783->793->791->815->816->821->826->830->839->854->842->849->852->860->864->876->866->867->870->880->882->887->893->894->910->933->944->946->948->956->976->978->985->991->995->1011->1017->1024->1031->1068->1071->1077->1079->1091->1100->1110->1120->1122->1139->1167->1168->1181->1173->1175->1178->1192->1204->1182->1184->1193->1205->1210->1223->1229->1230->1241->1232->1237->1242->1244->1251->1269->1462->1463->1481->1497,1497->1500
GA_ROUTE_EVOLUTION,N1500_C8_I1.dat,1500,4728,75,1492,1500,0.1,0.5,20.5,0.1,1,1497,0.23280000000000045,0.1288,0.0258,15.93,0.9570299653223298,13.968000000000027,1.548,15.516000000000027,15.93,15.888600000000002,28300.762,1492->1488->1495->1298->1290->1281->1274->1270->1279->1262->1257->1254->1234->1219->1206->1212->1203->1194->1197->1177->1170->1153->1152->1149->1142->1134->1130->1125->1117->1113->1129->1111->1099->1089->1075->1069->1065->1064->1063->1051->1055->1042->1039->1050->1037->1036->1027->1006->988->981->969->929->924->917->912->907->904->903->896->892->905->888->885->878->877->874->865->857->856->851->813->810->812->805->786->762->761->757->755->725->715->711->723->705->696->691->697->698->689->687->681->674->667->659->657->636->609->599->592->588->576->574->586->568->575->581->564->560->549->547->545->543->540->566->561->548->542->534->530->539->526->524->522->508->501->476->469->463->450->437->436->430->415->408->393->387->372->371->362->361->356->350->353->348->346->606->616->603->614->612->594->587->577->559->558->552->520->514->516->299->289->284->266->262->259->254->235->233->232->230->424->206->420->418->409->404->392->390->196->193->190->183->178->174->168->164->163->175->172->155->316->292->301->278->277->147->110->92->90->109->97->99->83->73->71->70->80->104->102->84->58->46->63->21->1->9->10->6->2->7->16->17->15->8->12->18->24->19->28->20->26->30->22->32->45->27->34->54->53->89->98->67->49->121->85->100->119->114->122->123->125->133->152->134->181->191->184->194->143->146->156->166->177->167->158->170->211->212->224->231->192->185->197->199->204->202->260->263->268->275->288->290->293->297->306->317->358->363->379->384->394->407->396->397->401->406->398->399->403->413->440->449->453->455->460->468->462->471->482->495->497->517->518->537->546->551->553->555->562->569->570->573->593->600->602->615->628->637->642->658->668->694->700->713->721->734->745->748->749->753->763->764->766->783->793->791->815->816->821->826->830->839->854->842->849->852->860->864->876->866->867->870->880->882->887->893->894->910->933->944->946->948->956->976->978->985->991->995->1011->1017->1024->1031->1068->1071->1077->1079->1091->1100->1110->1120->1122->1139->1167->1168->1181->1173->1175->1178->1192->1204->1182->1184->1193->1205->1210->1223->1229->1230->1241->1232->1237->1242->1244->1251->1269->1462->1463->1481->1497,1497->1500
GA_ROUTE_EVOLUTION,N1500_C9_I1.dat,1500,4728,75,1492,1500,0.9,0.5,15.0,0.9,1,1463,0.2592000000000005,0.1857,0.0371,11.18,1.1032569785158821,15.55200000000003,2.226,17.77800000000003,11.18,17.118200000000027,24285.785,1492->1488->1298->1290->1281->1274->1270->1279->1262->1257->1254->1252->1234->1231->1219->1206->1212->1228->1203->1194->1197->1183->1177->1170->1153->1152->1149->1142->1134->1130->1125->1117->1113->1129->1111->1099->1089->1075->1069->1065->1064->1063->1051->1055->1042->1039->1050->1037->1036->1027->1006->988->981->969->929->924->917->912->907->904->903->896->892->905->888->885->878->877->874->865->857->856->851->813->810->805->786->762->761->757->755->725->715->711->708->705->696->691->697->698->689->687->695->681->674->667->659->657->636->609->599->592->588->576->574->586->568->575->581->560->549->547->545->543->540->566->538->561->532->548->542->534->539->526->524->525->527->508->501->476->469->463->450->436->430->422->415->408->393->387->372->371->362->373->361->356->350->353->365->348->346->606->616->603->614->612->594->331->329->324->577->559->558->552->521->314->516->509->493->284->266->262->259->254->235->233->441->206->209->410->404->392->196->193->190->183->385->380->370->339->338->164->333->326->316->155->162->175->169->153->137->132->107->92->90->60->51->61->52->70->80->104->102->58->46->63->21->1->5->9->10->13->14->15->8->12->18->24->19->20->28->22->30->34->54->53->29->89->98->121->49->85->111->119->114->122->123->125->133->152->134->181->191->143->194->189->216->156->166->195->211->223->187->177->167->158->170->173->185->192->199->197->204->202->260->263->268->275->288->290->293->306->317->358->363->379->384->394->407->396->397->401->406->398->403->413->440->449->453->455->460->468->471->482->495->497->517->518->537->546->551->553->554->555->562->569->570->573->593->600->602->615->628->637->642->658->668->694->700->709->713->721->734->745->748->749->753->763->764->766->783->793->791->815->816->821->826->830->839->842->849->852->860->864->866->875->867->870->880->882->887->893->894->910->933->944->946->956->976->978->985->991->995->1011->1017->1024->1031->1068->1071->1077->1079->1091->1092->1100->1110->1120->1116->1122->1139->1167->1168->1173->1175->1189->1192->1204->1180->1182->1184->1193->1205->1210->1223->1229->1230->1241->1232->1237->1242->1244->1251->1269->1408->1426->1428->1453->1462->1463,1463->1500
GA_ROUTE_EVOLUTION,N1500_C10_I1.dat,1500,4728,75,1492,1500,0.9,0.5,20.5,0.9,1,1463,0.22410000000000044,0.1857,0.0371,18.67,0.9998257765939542,13.446000000000026,2.226,15.672000000000025,18.67,15.971800000000023,26814.025,1492->1298->1290->1281->1274->1270->1279->1277->1262->1257->1254->1252->1219->1206->1228->1212->1203->1194->1197->1177->1170->1153->1152->1149->1142->1134->1130->1125->1117->1113->1129->1111->1099->1089->1075->1069->1065->1064->1063->1051->1055->1042->1039->1050->1037->1036->1027->1006->988->981->969->961->929->924->917->912->904->903->896->892->905->888->885->878->877->874->865->857->856->851->813->810->812->805->786->762->776->757->755->725->715->711->723->705->696->691->697->698->689->687->695->681->674->667->659->657->636->609->599->592->588->576->574->586->568->575->581->564->560->549->547->545->543->540->538->561->532->548->542->534->530->539->526->524->522->527->519->508->501->476->469->463->467->450->436->430->422->415->408->393->387->381->372->371->362->373->361->356->350->365->348->346->349->344->334->337->331->329->324->321->309->514->516->509->296->289->284->266->487->485->479->475->458->464->232->230->229->217->420->418->409->404->392->390->383->380->339->338->335->333->326->316->155->172->175->169->153->147->110->105->57->52->70->80->104->36->46->58->84->91->9->1->5->6->13->14->15->17->18->12->24->19->20->26->33->45->27->34->54->29->89->49->85->111->100->119->114->122->123->125->133->152->134->181->143->194->184->189->216->156->166->167->177->187->195->211->158->173->185->192->204->202->260->265->263->275->288->290->293->297->306->317->358->363->379->384->394->407->396->397->401->406->398->403->413->440->454->449->455->460->468->462->471->482->497->517->518->537->546->551->553->554->555->562->569->570->573->593->600->602->615->628->637->642->658->668->694->700->709->713->721->734->745->748->749->753->763->764->766->783->784->791->815->816->821->826->830->839->842->854->849->852->860->864->866->867->870->880->882->889->887->893->894->910->933->944->946->956->948->976->978->985->991->995->1011->1017->1024->1031->1068->1071->1077->1079->1091->1092->1100->1110->1120->1122->1139->1167->1168->1173->1181->1175->1178->1189->1191->1199->1192->1180->1182->1184->1193->1205->1210->1223->1229->1230->1241->1232->1237->1242->1244->1251->1269->1463,1463->1500
GA_ROUTE_EVOLUTION,N2000_C1_I1.dat,2000,6198,100,1968,2000,0.9,0.5,20.5,0.9,1,1951,0.26650000000000046,0.2358,0.0472,11.66,18.105800000000027,15.990000000000027,2.832,18.822000000000028,11.66,18.105800000000027,71216.521,1968->1955->1902->1895->1894->1893->1882->1872->1864->1869->1863->1860->1841->1840->1832->1827->1826->1814->1813->1807->1789->1788->1781->1779->1774->1771->1784->1780->1778->1767->1766->1764->1763->1740->1736->1735->1731->1718->1713->1707->1693->1681->1677->1672->1665->1673->1664->1655->1649->1640->1643->1637->1628->1625->1610->1587->1579->1552->1550->1548->1547->1530->1537->1525->1524->1492->1490->1488->1495->1479->1486->1471->1469->1465->1460->1430->1423->1406->1401->1391->1384->1380->1374->1373->1369->1359->1355->1344->1311->1301->1310->1298->1290->1281->1274->1270->1279->1277->1262->1257->1254->1252->1219->1206->1212->1203->1194->1197->1183->1177->1170->1153->1152->1149->1142->1134->1130->1125->1117->1113->1129->1111->1099->1089->1075->1069->1065->1064->1063->1051->1055->1042->1039->1050->1037->1036->1027->1006->988->981->969->929->924->917->912->904->903->896->892->905->888->885->878->877->874->865->857->856->851->813->810->812->805->786->762->776->761->757->755->725->715->711->708->723->705->696->691->697->698->689->687->681->674->667->661->659->657->636->609->599->592->588->576->574->586->568->575->564->560->549->547->545->543->540->566->538->561->532->542->534->530->539->526->524->525->527->508->501->476->469->463->467->450->439->437->436->430->408->393->387->381->680->663->688->677->660->646->644->638->641->631->633->635->348->346->349->558->324->321->309->298->296->289->284->266->262->479->475->458->466->456->457->451->441->206->210->410->198->392->193->190->183->370->339->338->341->335->168->164->163->130->90->88->73->71->136->139->214->208->200->249->252->221->15->17->18->24->19->20->26->32->45->27->34->54->53->89->98->121->94->67->49->85->100->111->119->114->122->123->125->133->134->181->143->146->216->223->195->211->170->158->173->212->224->227->192->197->199->204->202->260->265->263->268->275->288->290->293->306->317->358->363->379->384->394->407->396->397->401->406->398->399->403->413->440->454->449->453->455->460->468->471->482->497->517->518->537->546->551->553->555->562->569->570->573->593->600->602->615->628->637->642->658->668->694->700->713->721->734->745->748->749->753->763->765->764->766->783->793->791->815->816->822->821->826->830->839->842->854->849->852->860->864->866->875->867->870->880->882->887->893->894->910->933->944->946->948->976->978->985->991->995->1017->1024->1031->1068->1071->1077->1079->1091->1100->1110->1120->1116->1122->1139->1167->1168->1173->1175->1178->1189->1192->1199->1204->1182->1184->1193->1205->1210->1223->1229->1230->1241->1232->1237->1242->1244->1251->1269->1275->1278->1296->1322->1330->1348->1364->1353->1358->1361->1362->1368->1385->1379->1382->1387->1390->1403->1417->1408->1434->1428->1453->1462->1463->1481->1497->1499->1500->1502->1503->1508->1510->1512->1531->1518->1528->1540->1542->1554->1555->1568->1576->1582->1583->1594->1586->1588->1590->1600->1618->1593->1601->1604->1595->1607->1616->1620->1630->1633->1641->1680->1688->1719->1739->1751->1982->1978->1980->1969->1951,1951->2000
GA_ROUTE_EVOLUTION,N2000_C2_I1.dat,2000,6864,100,1968,2000,0.9,0.5,20.5,0.9,1,1951,0.18510000000000013,0.2358,0.0472,11.66,0.9118814192343611,11.106000000000007,2.832,13.938000000000006,11.66,13.710200000000006,35055.37,1968->1807->1813->1814->1826->1827->1832->1840->1841->1860->1610->1587->1579->1552->1550->1548->1547->1530->1537->1525->1492->1490->1488->1495->1479->1486->1471->1465->1460->1430->1423->1406->1401->1391->1130->1125->1117->1113->1129->1111->1099->786->805->810->921->916->915->626->350->163->162->172->115->110->108->128->131->135->107->97->216->189->518->517->497->766->783->793->791->815->816->822->821->826->830->839->854->849->852->860->1184->1193->1205->1210->1223->1229->1230->1241->1232->1237->1242->1244->1251->1269->1275->1278->1296->1322->1330->1348->1364->1353->1358->1361->1362->1368->1379->1381->1387->1390->1403->1417->1408->1426->1428->1453->1462->1463->1481->1497->1500->1502->1782->1785->1818->1821->1823->1824->1857->1861->1871->1875->1890->1907->1906->1940->1941->1951,1951->2000
GA_ROUTE_EVOLUTION,N2000_C3_I1.dat,2000,6392,197,1968,2000,0.9,0.5,20.5,0.9,1,1986,0.8331000000000003,0.1692,0.0338,10.04,2.8312989135047952,49.98600000000002,2.0279999999999996,52.01400000000002,10.04,47.816600000000015,36198.111,1968->1955->1807->1789->1788->1781->1779->1774->1771->1784->1780->1778->1766->1764->1740->1736->1735->1731->1718->1713->1707->1697->1693->1681->1677->1702->1687->1672->1665->1673->1664->1655->1649->1640->1643->1637->1628->1610->1587->1579->1552->1550->1548->1547->1530->1537->1525->1492->1490->1488->1495->1479->1486->1471->1469->1465->1460->1430->1423->1401->1391->1384->1386->1380->1374->1373->1369->1359->1355->1344->1311->1301->1310->1298->1290->1281->1274->1270->1279->1277->1262->1257->1254->1252->1219->1206->1212->1203->1194->1197->1177->1170->1153->1152->1149->1142->1134->1130->1125->1117->1113->1129->1111->1105->1099->1089->1075->1069->1065->1064->1063->1051->1055->1042->1039->1050->1037->1036->1027->1006->988->981->969->961->929->924->917->912->907->904->903->896->892->905->888->885->878->877->874->865->857->856->851->813->810->812->805->786->762->776->757->755->725->715->711->708->705->696->691->697->689->687->681->674->667->661->659->657->636->609->599->592->588->576->574->586->568->575->581->564->560->549->547->545->543->540->538->566->561->548->532->542->530->539->526->524->522->508->501->476->469->463->450->436->430->422->415->408->393->387->372->375->371->362->373->356->350->353->348->346->344->616->606->625->626->608->366->349->558->314->321->309->298->299->296->500->262->259->254->457->451->206->209->201->198->196->392->390->383->380->370->178->339->338->341->333->164->163->175->172->112->110->105->51->52->57->79->88->73->60->300->48->47->42->81->78->55->37->75->176->179->218->220->16->14->13->3->4->8->12->18->24->19->28->20->26->30->33->32->45->27->34->54->29->49->85->100->111->119->114->129->122->123->125->133->152->134->181->191->184->189->216->146->156->166->177->195->211->170->173->185->197->192->204->202->260->265->263->268->275->288->290->293->297->306->317->358->363->379->384->402->394->407->396->397->401->406->398->399->403->413->440->454->449->455->460->468->462->471->482->495->497->517->518->536->537->546->551->553->554->555->562->569->570->573->593->600->602->615->628->637->642->658->668->694->700->713->721->734->745->2000->1992->1987->1986,1986->2000
GA_ROUTE_EVOLUTION,N2000_C4_I1.dat,2000,6198,100,1968,2000,0.9,1.0,20.5,0.9,1,1941,0.2731000000000005,0.2561,0.0512,10.14,0.8370241269924853,16.38600000000003,3.072,19.45800000000003,10.14,18.526200000000028,52747.888,1968->1955->1807->1789->1806->1781->1779->1774->1784->1771->1780->1778->1767->1766->1764->1740->1736->1735->1731->1718->1713->1707->1693->1689->1681->1677->1672->1665->1673->1664->1655->1649->1643->1637->1628->1610->1587->1579->1552->1550->1548->1547->1530->1537->1525->1492->1490->1488->1495->1479->1486->1471->1465->1460->1430->1423->1406->1401->1391->1384->1386->1380->1374->1373->1369->1359->1355->1344->1311->1301->1310->1298->1290->1281->1274->1270->1279->1262->1257->1254->1252->1219->1206->1212->1228->1203->1194->1197->1177->1170->1153->1152->1149->1142->1134->1130->1125->1117->1113->1129->1111->1105->1099->1089->1075->1069->1065->1064->1063->1051->1042->1039->1050->1037->1036->1027->1006->988->981->969->961->929->924->917->912->904->903->896->892->905->888->885->878->877->874->865->861->857->856->851->818->813->810->812->805->786->762->776->757->755->741->725->715->711->708->723->705->696->691->697->689->687->695->681->674->667->659->669->657->636->609->599->592->588->576->574->586->568->575->564->560->549->547->545->543->540->566->561->532->542->530->539->526->525->524->522->508->519->501->476->469->463->467->450->439->437->436->430->408->393->387->372->375->677->660->646->638->641->631->633->623->353->348->346->577->559->314->523->509->493->491->487->492->262->259->254->235->233->438->441->451->206->410->404->392->390->383->385->380->339->178->370->174->168->341->333->326->318->162->172->112->110->105->96->92->87->97->83->76->126->127->55->44->56->59->82->78->77->102->221->17->15->8->12->18->24->19->28->22->30->32->33->45->27->34->54->29->89->98->67->94->121->49->85->111->119->114->122->123->125->133->134->181->191->143->146->156->187->223->166->167->177->195->211->173->185->197->204->202->260->263->268->275->288->290->293->306->317->358->363->379->384->402->394->407->396->397->401->406->398->399->403->413->440->454->449->455->460->461->462->471->482->497->517->518->536->537->546->551->553->554->555->562->569->570->573->593->600->602->615->628->637->642->658->668->694->700->713->721->734->745->748->749->753->763->764->766->783->784->791->815->816->821->826->830->839->854->849->852->860->864->876->866->867->870->880->882->887->893->894->910->933->944->946->948->956->976->978->985->991->995->1011->1017->1024->1031->1071->1077->1079->1091->1100->1110->1120->1122->1139->1167->1168->1173->1181->1175->1189->1192->1199->1204->1180->1182->1184->1193->1205->1210->1223->1229->1230->1241->1232->1237->1242->1244->1251->1269->1275->1278->1296->1322->1330->1348->1364->1353->1358->1366->1362->1368->1379->1381->1382->1387->1390->1403->1417->1408->1426->1434->1428->1453->1462->1463->1481->1497->1499->1500->1502->1503->1508->1510->1512->1531->1518->1528->1540->1542->1554->1555->1568->1576->1582->1583->1594->1586->1588->1599->1600->1618->1593->1601->1604->1607->1616->1620->1633->1641->1680->1688->1719->1739->1751->1951->1941,1941->2000
GA_ROUTE_EVOLUTION,N2000_C5_I1.dat,2000,6198,100,1968,2000,0.9,0.5,20.5,0.9,1,1890,0.4341000000000003,0.3319,0.0664,10.73,1.3128718573559168,26.04600000000002,3.984,30.030000000000022,10.73,28.100000000000023,55087.478,1968->1902->1895->1900->1910->1894->1893->1882->1872->1864->1869->1863->1860->1841->1840->1832->1827->1826->1814->1813->1807->1789->1788->1806->1781->1779->1774->1784->1780->1778->1766->1764->1740->1736->1735->1731->1718->1713->1707->1693->1689->1681->1677->1687->1672->1665->1664->1655->1649->1640->1643->1637->1628->1625->1610->1587->1579->1552->1550->1548->1547->1530->1537->1525->1524->1492->1490->1488->1495->1479->1486->1471->1465->1460->1430->1423->1401->1391->1384->1380->1374->1373->1369->1359->1355->1344->1311->1301->1310->1298->1290->1281->1274->1270->1279->1262->1257->1254->1252->1219->1206->1228->1203->1194->1197->1183->1177->1170->1153->1152->1149->1142->1134->1130->1125->1117->1113->1129->1111->1105->1099->1089->1075->1069->1065->1064->1063->1051->1055->1042->1039->1050->1037->1036->1027->1006->988->981->969->929->924->917->912->904->903->896->892->905->888->885->878->877->874->865->861->857->856->851->818->813->810->812->805->786->762->761->757->755->741->725->715->711->708->705->696->691->697->689->687->695->681->674->667->661->659->657->636->609->599->592->588->576->574->586->568->575->581->560->549->547->545->543->540->566->561->548->542->534->539->526->524->522->527->519->501->476->469->463->450->439->437->436->430->408->393->387->372->375->677->371->362->373->626->348->346->587->331->521->520->314->493->491->487->500->259->254->457->451->441->206->209->201->198->196->193->190->383->380->339->370->178->174->168->164->163->130->138->147->137->364->357->354->323->42->81->77->69->359->221->220->218->13->14->7->3->4->8->12->18->17->15->24->19->20->32->45->33->30->34->54->29->49->121->98->67->85->100->119->114->122->123->125->133->152->134->181->143->146->156->187->216->223->166->167->177->195->211->173->212->227->231->224->185->192->199->204->202->260->265->263->268->275->288->290->293->297->306->317->358->363->379->384->394->407->396->397->401->406->398->403->413->440->454->449->455->460->468->461->462->471->482->495->497->517->518->537->546->551->553->555->562->569->570->573->593->600->602->615->628->637->642->658->668->694->700->713->721->734->745->748->749->753->763->764->766->783->784->791->815->816->821->826->830->839->854->849->852->860->864->866->867->870->880->882->889->887->893->894->910->933->944->946->948->956->976->978->985->991->995->1011->1017->1024->1031->1071->1077->1079->1091->1092->1100->1110->1120->1122->1139->1167->1168->1181->1173->1175->1189->1178->1192->1199->1204->1182->1184->1193->1205->1210->1223->1229->1230->1241->1232->1237->1242->1244->1251->1269->1275->1278->1296->1322->1330->1348->1364->1353->1358->1361->1366->1362->1368->1385->1379->1381->1382->1387->1390->1403->1417->1408->1426->1428->1453->1462->1463->1481->1497->1500->1502->1503->1508->1510->1512->1521->1522->1531->1518->1528->1540->1542->1554->1555->1568->1576->1582->1583->1594->1586->1588->1599->1600->1618->1593->1601->1595->1607->1616->1620->1630->1633->1641->1680->1688->1719->1739->1751->1978->1980->1969->1951->1941->1940->1906->1907->1890,1890->2000
GA_ROUTE_EVOLUTION,N2000_C6_I1.dat,2000,6198,100,1968,2000,0.9,0.5,20.5,0.9,1,1982,1.0819,0.178,0.0356,8.14,1.5893528042409528,64.914,2.136,67.05,8.14,61.159,56402.132,1968->1807->1789->1788->1806->1781->1779->1774->1771->1780->1778->1766->1764->1740->1736->1735->1731->1718->1713->1707->1693->1681->1677->1702->1687->1672->1665->1673->1664->1655->1649->1643->1637->1628->1610->1587->1579->1552->1550->1548->1547->1530->1537->1525->1524->1492->1490->1488->1495->1479->1486->1471->1465->1460->1430->1423->1406->1401->1391->1384->1380->1374->1373->1369->1359->1355->1344->1311->1301->1310->1298->1290->1281->1274->1270->1279->1277->1262->1257->1254->1252->1219->1206->1212->1203->1194->1197->1183->1177->1170->1153->1152->1149->1142->1134->1130->1125->1117->1113->1129->1111->1105->1099->1089->1075->1069->1065->1064->1063->1051->1042->1039->1050->1037->1036->1027->1006->988->981->969->961->929->924->917->912->907->904->903->896->892->905->888->885->878->877->874->865->861->857->856->851->818->813->810->812->805->786->762->776->757->755->741->725->715->711->708->705->696->691->697->689->687->695->681->674->667->659->669->657->636->609->599->592->588->576->574->586->568->575->581->564->560->549->547->545->543->540->566->538->561->532->542->530->539->526->524->522->508->527->519->501->476->469->463->450->437->436->430->422->415->408->393->387->372->663->677->660->646->638->373->626->625->346->594->587->577->559->558->552->520->514->309->298->299->289->284->500->262->458->464->466->456->457->441->451->206->209->201->198->392->390->383->380->370->174->168->164->163->175->172->115->105->52->61->65->126->56->39->38->103->102->221->17->15->8->12->24->19->28->22->30->32->45->27->34->54->29->49->85->111->119->114->122->123->125->133->152->134->181->143->146->216->187->195->166->158->170->211->212->224->227->185->197->204->202->260->263->275->288->290->293->297->306->317->358->363->379->384->394->407->396->397->401->406->398->399->403->413->440->449->455->460->461->462->468->471->482->495->497->517->518->537->546->551->553->554->555->562->569->570->573->593->600->602->615->628->637->642->658->668->694->700->713->721->734->745->748->749->753->763->765->764->766->783->793->791->815->816->822->821->826->830->839->842->854->849->852->860->864->876->866->867->870->880->882->887->893->894->910->933->944->946->948->956->976->978->985->991->995->1017->1024->1031->1071->1077->1079->1091->1100->1110->1120->1122->1139->1167->1168->1173->1181->1175->1178->1192->1191->1199->1204->1182->1184->1193->1205->1210->1223->1229->1230->1241->1232->1237->1242->1244->1251->1269->1275->1278->1296->1322->1330->1348->1364->1353->1358->1366->1361->2000->1992->1991->1987->1986->1982,1982->2000
GA_ROUTE_EVOLUTION,N2000_C7_I1.dat,2000,6198,100,1968,2000,0.9,0.5,20.5,0.9,1,1951,0.26650000000000046,0.2358,0.0472,11.66,1.0643613657584257,15.990000000000027,2.832,18.822000000000028,11.66,18.105800000000027,42808.757,1968->1955->1902->1895->1894->1893->1882->1872->1864->1869->1863->1860->1841->1840->1832->1827->1826->1814->1813->1807->1789->1788->1781->1779->1774->1771->1784->1780->1778->1767->1766->1764->1763->1740->1736->1735->1731->1718->1713->1707->1693->1681->1677->1672->1665->1673->1664->1655->1649->1640->1643->1637->1628->1625->1610->1587->1579->1552->1550->1548->1547->1530->1537->1525->1524->1492->1490->1488->1495->1479->1486->1471->1469->1465->1460->1430->1423->1406->1401->1391->1384->1380->1374->1373->1369->1359->1355->1344->1311->1301->1310->1298->1290->1281->1274->1270->1279->1277->1262->1257->1254->1252->1219->1206->1212->1203->1194->1197->1183->1177->1170->1153->1152->1149->1142->1134->1130->1125->1117->1113->1129->1111->1099->1089->1075->1069->1065->1064->1063->1051->1055->1042->1039->1050->1037->1036->1027->1006->988->981->969->929->924->917->912->904->903->896->892->905->888->885->878->877->874->865->857->856->851->813->810->812->805->786->762->776->761->757->755->725->715->711->708->723->705->696->691->697->698->689->687->681->674->667->661->659->657->636->609->599->592->588->576->574->586->568->575->564->560->549->547->545->543->540->566->538->561->532->542->534->530->539->526->524->525->527->508->501->476->469->463->467->450->439->437->436->430->408->393->387->381->680->663->688->677->660->646->644->638->641->631->633->635->348->346->349->558->324->321->309->298->296->289->284->266->262->479->475->458->466->456->457->451->441->206->210->410->198->392->193->190->183->370->339->338->341->335->168->164->163->130->90->88->73->71->136->139->214->208->200->249->252->221->15->17->18->24->19->20->26->32->45->27->34->54->53->89->98->121->94->67->49->85->100->111->119->114->122->123->125->133->134->181->143->146->216->223->195->211->170->158->173->212->224->227->192->197->199->204->202->260->265->263->268->275->288->290->293->306->317->358->363->379->384->394->407->396->397->401->406->398->399->403->413->440->454->449->453->455->460->468->471->482->497->517->518->537->546->551->553->555->562->569->570->573->593->600->602->615->628->637->642->658->668->694->700->713->721->734->745->748->749->753->763->765->764->766->783->793->791->815->816->822->821->826->830->839->842->854->849->852->860->864->866->875->867->870->880->882->887->893->894->910->933->944->946->948->976->978->985->991->995->1017->1024->1031->1068->1071->1077->1079->1091->1100->1110->1120->1116->1122->1139->1167->1168->1173->1175->1178->1189->1192->1199->1204->1182->1184->1193->1205->1210->1223->1229->1230->1241->1232->1237->1242->1244->1251->1269->1275->1278->1296->1322->1330->1348->1364->1353->1358->1361->1362->1368->1385->1379->1382->1387->1390->1403->1417->1408->1434->1428->1453->1462->1463->1481->1497->1499->1500->1502->1503->1508->1510->1512->1531->1518->1528->1540->1542->1554->1555->1568->1576->1582->1583->1594->1586->1588->1590->1600->1618->1593->1601->1604->1595->1607->1616->1620->1630->1633->1641->1680->1688->1719->1739->1751->1982->1978->1980->1969->1951,1951->2000
GA_ROUTE_EVOLUTION,N2000_C8_I1.dat,2000,6198,100,1968,2000,0.1,0.5,20.5,0.1,1,1951,0.26650000000000046,0.2358,0.0472,11.66,1.0643613657584257,15.990000000000027,2.832,18.822000000000028,11.66,12.376200000000003,39049.937,1968->1955->1902->1895->1894->1893->1882->1872->1864->1869->1863->1860->1841->1840->1832->1827->1826->1814->1813->1807->1789->1788->1781->1779->1774->1771->1784->1780->1778->1767->1766->1764->1763->1740->1736->1735->1731->1718->1713->1707->1693->1681->1677->1672->1665->1673->1664->1655->1649->1640->1643->1637->1628->1625->1610->1587->1579->1552->1550->1548->1547->1530->1537->1525->1524->1492->1490->1488->1495->1479->1486->1471->1469->1465->1460->1430->1423->1406->1401->1391->1384->1380->1374->1373->1369->1359->1355->1344->1311->1301->1310->1298->1290->1281->1274->1270->1279->1277->1262->1257->1254->1252->1219->1206->1212->1203->1194->1197->1183->1177->1170->1153->1152->1149->1142->1134->1130->1125->1117->1113->1129->1111->1099->1089->1075->1069->1065->1064->1063->1051->1055->1042->1039->1050->1037->1036->1027->1006->988->981->969->929->924->917->912->904->903->896->892->905->888->885->878->877->874->865->857->856->851->813->810->812->805->786->762->776->761->757->755->725->715->711->708->723->705->696->691->697->698->689->687->681->674->667->661->659->657->636->609->599->592->588->576->574->586->568->575->564->560->549->547->545->543->540->566->538->561->532->542->534->530->539->526->524->525->527->508->501->476->469->463->467->450->439->437->436->430->408->393->387->381->680->663->688->677->660->646->644->638->641->631->633->635->348->346->349->558->324->321->309->298->296->289->284->266->262->479->475->458->466->456->457->451->441->206->210->410->198->392->193->190->183->370->339->338->341->335->168->164->163->130->90->88->73->71->136->139->214->208->200->249->252->221->15->17->18->24->19->20->26->32->45->27->34->54->53->89->98->121->94->67->49->85->100->111->119->114->122->123->125->133->134->181->143->146->216->223->195->211->170->158->173->212->224->227->192->197->199->204->202->260->265->263->268->275->288->290->293->306->317->358->363->379->384->394->407->396->397->401->406->398->399->403->413->440->454->449->453->455->460->468->471->482->497->517->518->537->546->551->553->555->562->569->570->573->593->600->602->615->628->637->642->658->668->694->700->713->721->734->745->748->749->753->763->765->764->766->783->793->791->815->816->822->821->826->830->839->842->854->849->852->860->864->866->875->867->870->880->882->887->893->894->910->933->944->946->948->976->978->985->991->995->1017->1024->1031->1068->1071->1077->1079->1091->1100->1110->1120->1116->1122->1139->1167->1168->1173->1175->1178->1189->1192->1199->1204->1182->1184->1193->1205->1210->1223->1229->1230->1241->1232->1237->1242->1244->1251->1269->1275->1278->1296->1322->1330->1348->1364->1353->1358->1361->1362->1368->1385->1379->1382->1387->1390->1403->1417->1408->1434->1428->1453->1462->1463->1481->1497->1499->1500->1502->1503->1508->1510->1512->1531->1518->1528->1540->1542->1554->1555->1568->1576->1582->1583->1594->1586->1588->1590->1600->1618->1593->1601->1604->1595->1607->1616->1620->1630->1633->1641->1680->1688->1719->1739->1751->1982->1978->1980->1969->1951,1951->2000
GA_ROUTE_EVOLUTION,N2000_C9_I1.dat,2000,6198,100,1968,2000,0.9,0.5,15.0,0.9,1,1982,0.2837000000000006,0.178,0.0356,8.14,1.0809413544764788,17.022000000000038,2.136,19.158000000000037,8.14,18.056200000000032,56937.251,1968->1807->1789->1806->1788->1781->1779->1774->1784->1780->1778->1766->1764->1740->1736->1735->1731->1718->1713->1707->1693->1689->1681->1677->1672->1665->1673->1664->1655->1649->1643->1637->1628->1610->1587->1579->1552->1550->1548->1530->1537->1525->1524->1492->1490->1488->1495->1479->1486->1471->1469->1465->1460->1430->1423->1406->1401->1391->1384->1380->1374->1373->1369->1359->1355->1344->1311->1301->1310->1298->1290->1281->1274->1270->1279->1262->1257->1254->1252->1234->1219->1206->1212->1228->1203->1194->1197->1177->1170->1153->1152->1149->1142->1134->1130->1125->1117->1113->1129->1111->1105->1099->1089->1075->1069->1065->1064->1063->1051->1055->1042->1039->1050->1037->1036->1027->1006->988->981->969->961->929->924->917->912->907->904->903->896->892->905->888->885->878->877->874->865->861->857->856->851->818->813->810->805->786->762->761->757->755->741->725->715->711->708->705->696->691->697->698->689->687->695->681->674->667->661->659->657->636->609->599->592->588->576->574->586->568->575->564->560->549->547->545->543->540->538->561->532->542->530->539->526->525->527->508->501->476->469->463->450->439->437->436->430->415->408->393->387->372->375->688->663->677->660->362->373->356->350->353->348->346->344->558->559->314->514->516->321->309->298->296->500->259->254->235->233->232->425->206->209->201->198->404->392->193->190->183->178->370->380->339->338->341->333->326->163->130->90->138->147->137->364->357->354->41->74->62->101->82->39->56->59->55->78->77->72->31->106->220->221->15->24->19->28->22->30->33->26->32->45->27->34->54->53->89->98->67->85->100->111->119->114->122->123->125->133->134->181->191->184->189->216->187->195->166->177->167->158->170->173->185->197->204->202->260->265->263->268->275->288->290->293->306->317->358->363->379->384->402->394->407->396->397->401->406->398->399->403->413->440->454->449->453->455->460->468->461->462->471->482->495->497->517->518->536->537->546->551->553->555->562->569->570->573->593->600->602->615->628->637->642->658->668->694->700->709->713->721->734->745->748->749->753->763->764->766->783->793->791->815->816->821->826->830->839->854->849->852->860->864->876->866->875->867->870->880->882->889->887->893->894->910->933->944->946->948->976->978->985->991->995->1011->1017->1024->1031->1068->1071->1077->1079->1091->1092->1100->1110->1120->1122->1139->1167->1168->1181->1173->1175->1178->1192->1204->1180->1182->1184->1193->1205->1210->1223->1229->1230->1241->1232->1237->1242->1244->1251->1269->1275->1278->1296->1322->1330->1348->1364->1353->1358->1366->1362->1368->1379->1382->1387->1390->1403->1417->1434->1426->1428->1453->1462->1463->1481->1497->1499->1500->1502->1503->1508->1510->1512->1521->1522->1518->1528->1540->1542->1554->1555->1568->1576->1582->1583->1594->1586->1588->1599->1618->1593->1601->1595->1604->1607->1616->1620->1630->1633->1641->1680->1688->1719->1739->1751->1969->1980->1978->1982,1982->2000
GA_ROUTE_EVOLUTION,N2000_C10_I1.dat,2000,6198,100,1968,2000,0.9,0.5,20.5,0.9,1,1982,0.2608000000000006,0.178,0.0356,15.44,1.0272253221489636,15.648000000000035,2.136,17.784000000000034,15.44,17.549600000000034,38818.328,1968->1807->1789->1806->1788->1781->1779->1774->1784->1780->1778->1767->1766->1764->1763->1740->1736->1735->1731->1718->1713->1707->1693->1689->1681->1677->1687->1672->1665->1664->1655->1649->1643->1637->1628->1625->1610->1587->1579->1552->1550->1548->1547->1530->1537->1525->1524->1492->1490->1488->1495->1479->1486->1471->1469->1465->1460->1430->1423->1406->1401->1391->1384->1380->1374->1373->1369->1359->1355->1344->1311->1301->1310->1298->1290->1281->1274->1270->1279->1277->1262->1257->1254->1252->1234->1219->1206->1212->1203->1194->1197->1177->1170->1153->1152->1149->1142->1134->1130->1125->1117->1113->1129->1111->1099->1089->1075->1069->1065->1064->1063->1051->1055->1042->1039->1050->1037->1036->1027->1006->988->981->969->961->929->924->917->912->904->903->896->892->905->888->885->878->877->874->865->857->856->851->813->810->805->786->762->776->757->755->741->725->715->711->708->723->705->696->691->697->698->689->687->695->681->674->667->661->659->657->636->609->599->592->588->576->574->586->568->575->564->560->549->547->545->543->540->538->561->548->542->530->534->539->526->524->522->527->519->501->476->469->463->450->436->430->415->408->393->387->381->372->375->371->362->361->356->350->353->348->346->344->334->337->614->612->594->331->521->314->493->491->487->500->259->254->457->206->210->410->404->392->390->383->380->385->183->178->174->168->341->333->164->163->130->120->79->57->52->61->50->48->64->255->305->303->300->310->281->295->294->43->70->106->220->14->15->18->24->19->28->22->30->34->54->53->89->98->121->85->100->119->114->129->122->123->125->133->152->134->181->143->194->184->189->216->223->187->177->167->166->158->173->185->192->204->202->260->263->275->288->290->293->297->306->317->358->363->379->384->394->407->396->397->401->406->398->399->403->413->440->449->455->460->461->462->471->482->497->517->518->537->546->551->553->554->555->562->569->570->573->593->600->602->615->628->637->642->658->668->694->700->713->721->734->745->748->749->753->763->764->766->783->784->793->791->815->816->821->826->830->839->854->849->852->860->864->866->867->870->880->882->889->887->893->894->910->933->944->946->948->976->978->985->991->995->1017->1024->1031->1071->1077->1079->1091->1100->1110->1120->1122->1139->1167->1168->1181->1175->1189->1191->1199->1204->1180->1182->1184->1193->1205->1210->1223->1229->1230->1241->1232->1237->1242->1244->1251->1269->1275->1278->1296->1322->1330->1348->1364->1353->1358->1366->1362->1368->1379->1381->1387->1390->1403->1417->1408->1434->1426->1428->1453->1462->1463->1481->1497->1500->1502->1503->1508->1510->1512->1521->1531->1518->1528->1540->1542->1554->1555->1568->1576->1582->1583->1594->1586->1588->1590->1600->1618->1593->1601->1595->1607->1616->1620->1633->1641->1680->1688->1719->1739->1751->1991->1992->1987->1982,1982->2000
GA_ROUTE_EVOLUTION,N2055_PS_edge_density_baseline_5385_I1.dat,2055,5299,103,1824,283,0.9,0.5,20.5,0.9,1,487,0.213,0.0655,0.0131,19.13,14.122399999999999,12.78,0.786,13.565999999999999,19.13,14.122399999999999,26548.814,1824->1969->193->2023->2008->2006->1233->157->155->1820->1972->497->496->495->2031->1749->962->1984->1756->2010->1979->1090->2009->206->207->540->468->208->1083->1373->1203->2015->1082->426->926->1185->2014->1177->1575->1779->1176->492->1084->484->1081->854->853->1280->1164->1174->1165->1286->1281->1099->2040->1100->636->802->1086->1087->800->168->1679->6->5->1365->915->487,487->283
GA_ROUTE_EVOLUTION,N2055_PS_edge_density_dense_6069_I1.dat,2055,5983,103,1824,283,0.9,0.5,20.5,0.9,1,487,0.20889999999999995,0.0655,0.0131,19.13,13.900999999999996,12.533999999999997,0.786,13.319999999999997,19.13,13.900999999999996,31743.108,1824->1969->1732->428->1246->2023->2008->2006->1233->157->2001->253->1232->1245->342->566->896->348->347->167->1151->194->1977->40->1904->476->1583->475->1518->1449->1599->1430->1375->1797->1725->1727->1726->1551->1728->151->1673->489->488->487,487->283
GA_ROUTE_EVOLUTION,N2055_PS_edge_density_denser_6753_I1.dat,2055,6667,103,1824,283,0.9,0.5,20.5,0.9,1,1676,0.2337,0.2155,0.0431,18.62,16.8092,14.022,2.586,16.608,18.62,16.8092,28321.186,1824->1969->193->2023->638->452->686->687->75->259->902->1237->838->837->896->1201->950->220->1999->398->176->672->677->1765->1835->463->1802->1109->129->655->1406->1570->1531->797->1665->1666->1455->1111->489->1714->914->488->487->915->1676,1676->283
GA_ROUTE_EVOLUTION,N2055_PS_edge_density_densest_7437_I1.dat,2055,7351,103,1824,283,0.9,0.5,20.5,0.9,1,487,0.20239999999999997,0.0655,0.0131,19.13,13.549999999999997,12.143999999999998,0.786,12.929999999999998,19.13,13.549999999999997,15669.595,1824->1969->2024->1246->428->2004->2003->2000->240->316->331->1349->353->334->664->1396->677->672->670->1634->716->122->1560->1561->1113->124->2028->1951->2002->1714->489->488->487,487->283
GA_ROUTE_EVOLUTION,N2055_PS_parking_budget_Cmax100_I1.dat,2055,5299,103,1824,283,0.9,0.5,10.0,0.9,1,1682,0.2244,0.389,0.0778,8.88,17.2068,13.463999999999999,4.667999999999999,18.131999999999998,8.88,17.2068,18041.772,1824->1969->193->2023->2008->2006->1233->157->155->1820->1972->497->496->495->2031->299->1096->865->866->2010->1979->1090->2009->206->207->540->468->208->1083->1373->1203->2015->228->1744->1082->426->926->1185->2014->1576->494->917->493->483->1084->484->1081->854->1175->2012->2022->2013->1961->1172->1170->1962->636->802->1086->1085->800->168->1679->6->5->1365->1675->1676->1677->488->914->1682,1682->283
GA_ROUTE_EVOLUTION,N2055_PS_parking_budget_Cmax150_I1.dat,2055,5299,103,1824,283,0.9,0.5,15.0,0.9,1,915,0.2127,0.1965,0.0393,10.64,14.672,12.762,2.358,15.120000000000001,10.64,14.672,20732.594,1824->1969->193->2023->2008->2006->1233->157->155->1820->1972->497->496->495->2031->1749->962->1984->1756->2010->1979->1090->2009->206->207->540->468->208->1873->1997->1740->1083->1373->1203->2015->1082->426->926->1185->2014->1576->494->917->493->483->1084->484->1079->1078->1647->852->1280->1164->1174->1165->1286->1282->1281->1099->2040->1100->636->802->1086->1085->800->168->1679->6->5->1365->915,915->283
GA_ROUTE_EVOLUTION,N2055_PS_parking_budget_Cmax205_I1.dat,2055,5299,103,1824,283,0.9,0.5,20.5,0.9,1,487,0.213,0.0655,0.0131,19.13,14.122399999999999,12.78,0.786,13.565999999999999,19.13,14.122399999999999,19646.893,1824->1969->193->2023->2008->2006->1233->157->155->1820->1972->497->496->495->2031->1749->962->1984->1756->2010->1979->1090->2009->206->207->540->468->208->1083->1373->1203->2015->1082->426->926->1185->2014->1177->1575->1779->1176->492->1084->484->1081->854->853->1280->1164->1174->1165->1286->1281->1099->2040->1100->636->802->1086->1087->800->168->1679->6->5->1365->915->487,487->283
GA_ROUTE_EVOLUTION,N2055_PS_parking_budget_Cmax250_I1.dat,2055,5299,103,1824,283,0.9,0.5,25.0,0.9,1,487,0.213,0.0655,0.0131,19.13,14.122399999999999,12.78,0.786,13.565999999999999,19.13,14.122399999999999,21503.271,1824->1969->193->2023->2008->2006->1233->157->155->1820->1972->497->496->495->2031->1749->962->1984->1756->2010->1979->1090->2009->206->207->540->468->208->1083->1373->1203->2015->1082->426->926->1185->2014->1177->1575->1779->1176->492->1084->484->1081->854->853->1280->1164->1174->1165->1286->1281->1099->2040->1100->636->802->1086->1087->800->168->1679->6->5->1365->915->487,487->283
GA_ROUTE_EVOLUTION,N2055_PS_parking_cost_100_225_I1.dat,2055,5299,103,1824,283,0.9,0.5,20.5,0.9,1,1678,0.20040000000000002,0.418,0.0836,15.45,16.881,12.024000000000001,5.016,17.040000000000003,15.45,16.881,18443.118,1824->1969->193->2023->2008->2006->1233->157->155->1820->1972->497->496->495->2031->1749->962->1984->1756->2010->1979->1090->2009->206->207->540->468->208->1873->1997->1740->1083->1373->1203->2015->1082->426->926->1185->2014->1177->427->65->1313->637->1311->2013->1961->1172->1170->1962->636->802->1086->1085->800->168->1679->1505->1508->1678,1678->283
GA_ROUTE_EVOLUTION,N2055_PS_parking_cost_125_250_I1.dat,2055,5299,103,1824,283,0.9,0.5,20.5,0.9,1,915,0.21109999999999995,0.1965,0.0393,15.14,15.035599999999997,12.665999999999997,2.358,15.023999999999997,15.14,15.035599999999997,18666.251,1824->1969->193->2023->2008->2006->1233->157->155->1820->1972->497->496->495->2031->1749->962->1984->1756->2010->1979->1090->2009->206->207->540->468->208->1873->1997->1740->1083->1373->1203->2015->228->1744->1082->426->926->1185->2014->1177->427->635->1314->1312->2022->2013->1961->1172->1170->1962->636->802->1086->1087->800->168->1679->6->5->1365->915,915->283
GA_ROUTE_EVOLUTION,N2055_PS_parking_cost_150_300_I1.dat,2055,5299,103,1824,283,0.9,0.5,20.5,0.9,1,62,0.20980000000000001,0.4142,0.0828,19.22,17.7224,12.588000000000001,4.968,17.556,19.22,17.7224,29739.788,1824->1969->193->2023->2008->2006->1233->157->155->1820->1972->497->496->495->2031->1749->962->1984->1756->2010->1979->1090->2009->206->207->540->468->208->1083->1373->1203->2015->228->1744->1082->426->926->1185->2014->1576->494->917->1779->1176->492->1084->484->1081->854->853->1280->852->851->850->1285->1640->1497->1646->1422->1514->1648->1649->168->1679->6->5->62,62->283
GA_ROUTE_EVOLUTION,N2055_PS_parking_cost_80_205_I1.dat,2055,5299,103,1824,283,0.9,0.5,20.5,0.9,1,487,0.213,0.0655,0.0131,19.13,14.122399999999999,12.78,0.786,13.565999999999999,19.13,14.122399999999999,30855.938,1824->1969->193->2023->2008->2006->1233->157->155->1820->1972->497->496->495->2031->1749->962->1984->1756->2010->1979->1090->2009->206->207->540->468->208->1083->1373->1203->2015->1082->426->926->1185->2014->1177->1575->1779->1176->492->1084->484->1081->854->853->1280->1164->1174->1165->1286->1281->1099->2040->1100->636->802->1086->1087->800->168->1679->6->5->1365->915->487,487->283
GA_ROUTE_EVOLUTION,N2055_PS_parking_supply_P10_I1.dat,2055,5505,206,1824,283,0.9,0.5,20.5,0.9,1,487,0.2123,0.0655,0.0131,19.13,14.084599999999998,12.738,0.786,13.524,19.13,14.084599999999998,21995.036,1824->1969->193->2023->2008->2006->1233->157->155->1820->1972->497->496->495->2031->1749->962->1984->1756->2010->1979->1090->2009->206->207->540->468->208->1083->1373->1203->2015->1082->426->926->1185->2014->1177->427->65->1313->637->1311->2013->1296->1932->1298->1294->239->1931->1930->1991->119->1301->804->1112->1087->800->168->1679->6->5->1365->915->487,487->283
GA_ROUTE_EVOLUTION,N2055_PS_parking_supply_P15_I1.dat,2055,5709,308,1824,283,0.9,0.5,20.5,0.9,1,915,0.22890000000000005,0.1965,0.0393,10.64,15.546800000000003,13.734000000000004,2.358,16.092000000000002,10.64,15.546800000000003,25965.055,1824->1969->193->2023->2008->2006->1233->157->155->1820->1972->497->496->495->2031->1749->962->1984->1756->2010->1979->1090->2009->206->207->540->468->208->1083->1373->1203->2015->1082->426->926->1185->2014->1177->427->65->1313->637->1297->1296->1932->1298->1294->239->1931->1930->1991->119->1301->804->1112->1087->800->801->1723->1724->1726->1551->1728->151->1524->1714->489->488->1677->1676->915,915->283
GA_ROUTE_EVOLUTION,N2055_PS_parking_supply_P20_I1.dat,2055,5915,411,1824,283,0.9,0.5,20.5,0.9,1,487,0.2241,0.0655,0.0131,19.13,14.721799999999998,13.446,0.786,14.232,19.13,14.721799999999998,26646.54,1824->1969->193->2023->2008->2006->1233->157->155->1820->1972->497->496->495->2031->299->1096->865->866->2010->1979->1090->2009->206->207->540->468->208->1083->1373->1203->2015->1082->426->926->1185->1179->1254->494->917->1779->1176->492->483->1084->484->1081->1302->1080->1280->852->851->850->1285->1640->1644->799->1085->800->168->1679->6->5->1365->915->487,487->283
GA_ROUTE_EVOLUTION,N2055_PS_parking_supply_P5_I1.dat,2055,5299,103,1824,283,0.9,0.5,20.5,0.9,1,487,0.21410000000000007,0.0655,0.0131,19.13,14.181800000000003,12.846000000000004,0.786,13.632000000000005,19.13,14.181800000000003,14123.811,1824->1969->193->2023->2008->2006->1233->157->155->1820->1972->497->496->495->2031->1749->962->1984->1756->2010->1979->1090->2009->206->207->540->468->208->1873->1997->1740->1083->1373->1203->2015->1082->426->926->1185->2014->1177->427->65->1313->637->1311->2013->2022->1173->1171->1168->1166->1169->1099->2040->1100->636->802->803->804->1112->1781->1427->60->1967->801->1723->1724->1726->1551->1728->151->1673->489->488->487,487->283
GA_ROUTE_EVOLUTION,N2055_PS_traffic_high_I1.dat,2055,5299,103,1824,283,0.9,0.5,20.5,0.9,1,62,0.6348000000000004,0.4142,0.0828,11.52,39.90240000000003,38.08800000000002,4.968,43.05600000000002,11.52,39.90240000000003,19917.938,1824->1969->193->2023->2008->2006->1233->157->155->1820->1972->497->496->495->2031->1749->962->1984->1756->2010->1979->1090->2009->206->207->540->468->208->1873->1997->1740->1083->1373->1203->2015->1082->426->926->1185->2014->1576->494->917->493->483->1084->484->1079->1078->1647->852->851->850->1285->1640->1644->799->101->1646->1422->1514->1648->1649->168->1679->6->5->62,62->283
GA_ROUTE_EVOLUTION,N2055_PS_traffic_low_I1.dat,2055,5299,103,1824,283,0.9,0.5,20.5,0.9,1,487,0.213,0.0655,0.0131,19.13,14.122399999999999,12.78,0.786,13.565999999999999,19.13,14.122399999999999,23844.334,1824->1969->193->2023->2008->2006->1233->157->155->1820->1972->497->496->495->2031->1749->962->1984->1756->2010->1979->1090->2009->206->207->540->468->208->1083->1373->1203->2015->1082->426->926->1185->2014->1177->1575->1779->1176->492->1084->484->1081->854->853->1280->1164->1174->1165->1286->1281->1099->2040->1100->636->802->1086->1087->800->168->1679->6->5->1365->915->487,487->283
GA_ROUTE_EVOLUTION,N2055_PS_traffic_medium_I1.dat,2055,5299,103,1824,283,0.9,0.5,20.5,0.9,1,62,0.3101000000000001,0.4142,0.0828,11.52,22.368600000000008,18.606000000000005,4.968,23.574000000000005,11.52,22.368600000000008,19318.861,1824->1969->193->2023->2008->2006->1233->157->155->1820->1972->497->496->495->2031->1749->962->1984->1756->2010->1979->1090->2009->206->207->540->468->208->1083->1373->1203->2015->1082->426->926->1185->1179->1254->494->917->493->483->1084->484->1081->854->853->1280->1164->1174->1165->1286->1281->1099->2040->1100->636->802->1086->1087->800->168->1679->6->5->62,62->283
GA_ROUTE_EVOLUTION,N2055_PS_traffic_very_low_I1.dat,2055,5299,103,1824,283,0.9,0.5,20.5,0.9,1,915,0.18040000000000006,0.1965,0.0393,10.64,12.927800000000003,10.824000000000003,2.358,13.182000000000004,10.64,12.927800000000003,22727.02,1824->1969->193->2023->2008->2006->1233->157->155->1820->1972->497->496->495->2031->299->1096->865->866->2010->1979->1090->2009->206->207->540->468->208->1873->1997->1740->1083->1373->1203->2015->228->1744->1082->426->926->1185->2014->1177->427->65->1313->637->1311->2013->1961->1172->1170->1962->636->802->1086->1085->800->168->1679->6->5->1365->915,915->283
GA_ROUTE_EVOLUTION,N2055_PS_walking_distance_W025_I1.dat,2055,5299,103,1824,283,0.9,0.25,20.5,0.9,1,487,0.2283,0.0655,0.0131,19.13,14.948599999999999,13.698,0.786,14.484,19.13,14.948599999999999,22893.787,1824->1969->2024->644->643->642->641->640->639->638->2023->2008->2006->1233->157->155->1820->1972->265->154->253->1232->1245->342->75->259->1847->1995->1846->567->1971->1211->933->22->902->1237->838->565->836->835->834->901->2021->248->2037->949->223->921->922->106->105->923->633->1421->909->660->659->658->657->1851->1877->1975->1821->14->1295->1297->1296->2013->1961->1172->1170->1171->1168->1166->1169->1099->2040->1100->636->802->1086->1087->800->168->1679->6->5->1365->915->487,487->283
GA_ROUTE_EVOLUTION,N2055_PS_walking_distance_W050_I1.dat,2055,5299,103,1824,283,0.9,0.5,20.5,0.9,1,487,0.213,0.0655,0.0131,19.13,14.122399999999999,12.78,0.786,13.565999999999999,19.13,14.122399999999999,26101.951,1824->1969->193->2023->2008->2006->1233->157->155->1820->1972->497->496->495->2031->1749->962->1984->1756->2010->1979->1090->2009->206->207->540->468->208->1083->1373->1203->2015->1082->426->926->1185->2014->1177->1575->1779->1176->492->1084->484->1081->854->853->1280->1164->1174->1165->1286->1281->1099->2040->1100->636->802->1086->1087->800->168->1679->6->5->1365->915->487,487->283
GA_ROUTE_EVOLUTION,N2055_PS_walking_distance_W075_I1.dat,2055,5299,103,1824,283,0.9,0.75,20.5,0.9,1,487,0.22010000000000002,0.0655,0.0131,19.13,14.5058,13.206000000000001,0.786,13.992,19.13,14.5058,17853.723,1824->1969->193->2023->2008->2006->1233->157->155->1820->1972->497->496->495->2031->1749->962->1984->1756->2010->1979->1090->2009->206->207->540->468->208->1083->1373->1203->2015->1082->426->926->1185->2014->1177->427->65->1313->637->1297->1296->1932->1298->1294->239->1931->1930->1991->119->1301->804->1112->1087->800->801->1723->1724->1728->151->1673->489->488->487,487->283
GA_ROUTE_EVOLUTION,N2055_PS_walking_distance_W100_I1.dat,2055,5299,103,1824,283,0.9,1.0,20.5,0.9,1,487,0.2184,0.0655,0.0131,19.13,14.414000000000001,13.104000000000001,0.786,13.89,19.13,14.414000000000001,18807.91,1824->1969->193->2023->2008->2006->1233->157->155->1820->1972->497->496->495->2031->1749->962->1984->1756->2010->1979->1090->2009->206->207->540->468->208->1083->1373->1203->2015->1082->426->926->1185->2014->1576->494->917->1779->1176->492->1084->484->1079->1078->1647->852->851->850->1525->1542->1497->1646->1422->1514->1648->1649->168->1679->6->5->1365->915->487,487->283
GA_ROUTE_EVOLUTION,N2055_C1_I1.dat,2055,5299,103,1824,283,0.9,0.5,20.5,0.9,1,487,0.213,0.0655,0.0131,19.13,14.122399999999999,12.78,0.786,13.565999999999999,19.13,14.122399999999999,28706.307,1824->1969->193->2023->2008->2006->1233->157->155->1820->1972->497->496->495->2031->1749->962->1984->1756->2010->1979->1090->2009->206->207->540->468->208->1083->1373->1203->2015->1082->426->926->1185->2014->1177->1575->1779->1176->492->1084->484->1081->854->853->1280->1164->1174->1165->1286->1281->1099->2040->1100->636->802->1086->1087->800->168->1679->6->5->1365->915->487,487->283
GA_ROUTE_EVOLUTION,N2055_C2_I1.dat,2055,5983,103,1824,283,0.9,0.5,20.5,0.9,1,487,0.21559999999999996,0.0655,0.0131,19.13,14.262799999999999,12.935999999999998,0.786,13.721999999999998,19.13,14.262799999999999,30133.987,1824->1969->193->2023->453->156->153->342->566->896->837->836->835->834->833->2029->1160->219->2045->2042->1148->1151->194->1977->40->1904->476->1583->1775->779->1621->1544->768->772->1377->1726->1551->1728->151->1673->489->488->487,487->283
GA_ROUTE_EVOLUTION,N2055_C3_I1.dat,2055,5503,205,1824,283,0.9,0.5,20.5,0.9,1,62,0.2015,0.4142,0.0828,11.52,1.0134122533748702,12.09,4.968,17.058,11.52,16.5042,10495.144,1824->1969->193->2023->2008->2006->1233->157->155->1820->1972->497->496->495->2031->1749->962->1984->1756->2010->1979->1090->2009->206->207->540->468->208->1873->1997->1740->1083->1373->1203->2015->1082->426->926->1185->2014->1177->427->65->1313->637->1311->2013->1961->1172->1170->1962->636->485->1645->90->799->101->1646->1422->1514->1648->1649->168->1679->6->5->62,62->283
GA_ROUTE_EVOLUTION,N2055_C4_I1.dat,2055,5299,103,1824,283,0.9,1.0,20.5,0.9,1,487,0.2184,0.0655,0.0131,19.13,0.6725018973483747,13.104000000000001,0.786,13.89,19.13,14.414000000000001,11012.722,1824->1969->193->2023->2008->2006->1233->157->155->1820->1972->497->496->495->2031->1749->962->1984->1756->2010->1979->1090->2009->206->207->540->468->208->1083->1373->1203->2015->1082->426->926->1185->2014->1576->494->917->1779->1176->492->1084->484->1079->1078->1647->852->851->850->1525->1542->1497->1646->1422->1514->1648->1649->168->1679->6->5->1365->915->487,487->283
GA_ROUTE_EVOLUTION,N2055_C5_I1.dat,2055,5299,103,1824,283,0.9,0.5,20.5,0.9,1,487,0.26430000000000003,0.0655,0.0131,19.13,0.9208842301420919,15.858000000000002,0.786,16.644000000000002,19.13,16.8926,11612.19,1824->1969->193->2023->2008->2006->1233->157->155->1820->1972->497->496->495->2031->1749->962->1984->1756->2010->1979->1090->2009->206->207->540->468->208->1873->1997->1740->1083->1373->1203->2015->1082->426->926->1185->1179->1576->494->917->493->483->1084->484->1081->854->853->1280->1164->1174->1165->1286->1281->1099->2040->1100->636->802->1086->1087->800->168->1679->6->5->1365->915->487,487->283
GA_ROUTE_EVOLUTION,N2055_C6_I1.dat,2055,5299,103,1824,283,0.9,0.5,20.5,0.9,1,488,0.5350000000000001,0.2663,0.0533,11.22,1.0346380343724528,32.10000000000001,3.198,35.29800000000001,11.22,32.89020000000001,10110.358,1824->1969->193->2023->2008->2006->1233->157->2001->253->1232->1245->342->153->156->1244->1980->1986->1798->1210->258->1209->1116->1117->564->834->901->2021->248->2037->2033->2034->949->948->1054->1156->633->1421->909->660->911->658->657->1851->1877->1975->1821->14->1295->1297->1296->1932->1298->1294->239->1931->1930->1991->119->1301->804->1112->1781->1427->60->1967->801->1723->1724->1728->151->1673->489->488,488->283
GA_ROUTE_EVOLUTION,N2055_C7_I1.dat,2055,5299,103,1824,283,0.9,0.5,20.5,0.9,1,915,0.20830000000000004,0.1965,0.0393,10.64,0.8855899388485062,12.498000000000003,2.358,14.856000000000003,10.64,14.434400000000004,10576.43,1824->1969->193->2023->2008->2006->1233->157->155->1820->1972->497->496->495->2031->1749->962->1984->1756->2010->1979->1090->2009->206->207->540->468->208->1873->1997->1740->1083->1373->1203->2015->1082->426->926->1185->2014->1576->1575->1779->635->1314->1312->2022->1173->1171->1168->1166->1169->1099->2040->1100->636->802->1086->1087->800->168->1679->6->5->1365->915,915->283
GA_ROUTE_EVOLUTION,N2055_C8_I1.dat,2055,5299,103,1824,283,0.1,0.5,20.5,0.1,1,915,0.20830000000000004,0.1965,0.0393,10.64,0.8855899388485062,12.498000000000003,2.358,14.856000000000003,10.64,11.0616,11968.369,1824->1969->193->2023->2008->2006->1233->157->155->1820->1972->497->496->495->2031->1749->962->1984->1756->2010->1979->1090->2009->206->207->540->468->208->1873->1997->1740->1083->1373->1203->2015->1082->426->926->1185->2014->1576->1575->1779->635->1314->1312->2022->1173->1171->1168->1166->1169->1099->2040->1100->636->802->1086->1087->800->168->1679->6->5->1365->915,915->283
GA_ROUTE_EVOLUTION,N2055_C9_I1.dat,2055,5299,103,1824,283,0.9,0.5,15.0,0.9,1,62,0.20570000000000005,0.4142,0.0828,11.52,1.0939445779256427,12.342000000000002,4.968,17.310000000000002,11.52,16.731,16237.286,1824->1969->193->2023->2008->2006->1233->157->155->1820->1972->497->496->495->2031->1749->962->1984->1756->2010->1979->1090->2009->206->207->540->468->208->1873->1997->1740->1083->1373->1203->2015->1082->426->926->1185->1179->1254->494->917->493->483->1084->484->1081->854->853->1280->1164->1165->1286->1281->1099->2040->1100->636->802->1086->1085->800->168->1679->6->5->62,62->283
GA_ROUTE_EVOLUTION,N2055_C10_I1.dat,2055,5299,103,1824,283,0.9,0.5,20.5,0.9,1,62,0.20980000000000001,0.4142,0.0828,19.22,1.1425178147268409,12.588000000000001,4.968,17.556,19.22,17.7224,19183.258,1824->1969->193->2023->2008->2006->1233->157->155->1820->1972->497->496->495->2031->1749->962->1984->1756->2010->1979->1090->2009->206->207->540->468->208->1083->1373->1203->2015->228->1744->1082->426->926->1185->2014->1576->494->917->1779->1176->492->1084->484->1081->854->853->1280->852->851->850->1285->1640->1497->1646->1422->1514->1648->1649->168->1679->6->5->62,62->283
GA_ROUTE_EVOLUTION,N2500_PS_edge_density_baseline_7446_I1.dat,2500,7696,125,2491,2500,0.9,0.5,20.5,0.9,1,2473,0.3168000000000008,0.2088,0.0418,13.15,20.679400000000044,19.00800000000005,2.508,21.516000000000048,13.15,20.679400000000044,138189.132,2491->2487->2484->2481->2478->2468->2448->2443->2458->2442->2426->2412->2401->2400->2404->2391->2395->2379->2374->2370->2369->2372->2358->2390->2380->2363->2350->2347->2340->2332->2328->2326->2320->2317->2305->2311->2300->2282->2268->2263->2256->2252->2251->2247->2257->2244->2240->2226->2237->2223->2220->2235->2236->2218->2214->2211->2202->2178->2156->2170->2155->2154->2136->2130->2109->2098->2085->2072->2082->2069->2046->2038->2033->2030->2044->2028->2014->1968->1955->1902->1895->1894->1893->1882->1872->1864->1869->1863->1860->1841->1840->1832->1827->1826->1814->1813->1807->1789->1788->1781->1779->1774->1771->1784->1780->1778->1766->1764->1740->1736->1735->1731->1718->1713->1707->1697->1693->1681->1677->1672->1665->1673->1664->1655->1649->1640->1643->1637->1628->1610->1587->1579->1552->1550->1548->1547->1530->1537->1525->1492->1490->1488->1495->1479->1486->1471->1469->1465->1460->1430->1423->1406->1401->1391->1384->1386->1380->1374->1373->1369->1359->1355->1344->1311->1301->1310->1298->1290->1281->1274->1270->1279->1262->1257->1254->1252->1234->1231->1219->1206->1228->1203->1194->1197->1177->1170->1153->1152->1149->1142->1134->1130->1125->1117->1113->1129->1111->1099->1089->1075->1069->1065->1064->1063->1051->1042->1039->1050->1037->1036->1027->1006->988->981->969->961->929->924->917->912->904->903->896->892->905->888->885->878->877->874->865->861->857->856->851->813->810->805->786->762->761->757->755->741->725->715->711->708->705->696->691->697->689->687->681->674->667->661->659->669->657->636->609->599->592->588->576->574->586->568->575->581->560->549->547->545->543->540->566->538->561->532->542->530->539->526->524->525->527->519->501->476->469->463->450->439->437->436->430->422->415->408->393->706->690->680->373->356->350->353->633->635->348->346->594->329->324->516->529->314->309->298->500->259->262->466->458->464->456->457->441->451->206->410->409->404->198->196->193->392->390->383->385->183->178->174->335->341->333->326->316->169->175->105->108->51->50->82->176->171->68->91->36->25->31->113->21->23->35->63->150->145->369->359->12->18->24->19->20->28->22->30->33->45->27->34->54->29->89->49->121->94->67->85->111->100->119->114->122->123->125->133->134->181->191->184->194->143->146->216->156->187->177->167->158->170->211->212->224->231->227->185->192->199->204->202->260->265->263->275->288->290->293->297->306->317->358->363->379->384->402->394->407->396->397->401->406->398->403->413->440->449->455->460->461->462->468->471->482->497->517->518->537->546->551->553->554->555->562->569->570->573->593->600->602->615->628->637->642->658->668->694->700->709->713->721->734->745->748->749->753->763->765->764->766->783->793->791->815->816->821->826->830->839->854->849->852->860->864->866->867->870->880->882->887->893->894->910->933->944->946->956->976->978->985->991->995->1017->1024->1031->1068->1071->1077->1079->1091->1100->1110->1120->1122->1139->1167->1168->1173->1175->1189->1191->1199->1204->1182->1184->1193->1205->1210->1223->1229->1230->1241->1232->1237->1242->1244->1251->1269->1275->1278->1296->1322->1330->1348->1364->1353->1358->1366->1362->1368->1385->1379->1381->1387->1390->1403->1417->1434->1428->1453->1462->1463->1481->1497->1500->1502->1503->1508->1510->1512->1521->1522->1518->1528->1540->1542->1554->1555->1568->1576->1582->1583->1594->1586->1590->1599->1600->1618->1593->1601->1595->1607->1616->1620->1633->1641->1680->1688->1719->1739->1751->1755->1757->1776->1777->1794->1798->1782->1785->1818->1834->1821->1823->1824->1857->1859->1861->1871->1875->1890->1907->1906->1940->1941->1951->1969->1980->1978->1982->1987->1991->2001->2002->2005->2013->2047->2049->2065->2081->2059->2063->2071->2074->2077->2079->2099->2108->2100->2116->2118->2121->2134->2137->2148->2158->2169->2159->2174->2181->2186->2196->2204->2208->2212->2217->2229->2441->2451->2452->2456->2473,2473->2500
GA_ROUTE_EVOLUTION,N2500_PS_edge_density_dense_8278_I1.dat,2500,8528,125,2491,2500,0.9,0.5,20.5,0.9,1,2473,0.19319999999999996,0.2088,0.0418,13.15,14.004999999999997,11.591999999999997,2.508,14.099999999999998,13.15,14.004999999999997,74571.608,2491->2341->2332->2340->2347->2350->2363->2380->2390->2358->2372->2369->2030->2044->2028->1673->1665->1672->1677->1681->1689->1311->1027->1036->1037->681->695->687->689->698->697->691->696->726->430->415->422->383->385->75->179->10->6->406->748->1092->1100->1110->1120->1463->1481->1497->1499->1821->1834->1818->2186->2485->2476->2466->2461->2473,2473->2500
GA_ROUTE_EVOLUTION,N2500_PS_edge_density_denser_9110_I1.dat,2500,9360,125,2491,2500,0.9,0.5,20.5,0.9,1,2389,0.19420000000000007,0.4222,0.0844,14.13,16.457400000000003,11.652000000000005,5.064,16.716000000000005,14.13,16.457400000000003,109458.132,2491->2493->2487->2484->2481->2478->2468->2448->2443->2458->2442->2426->2412->2401->2400->2404->2395->2391->2379->2374->2370->2369->2372->2358->2390->2014->2028->1673->1664->1655->1649->1640->1277->1262->1257->1254->1234->1445->1444->1458->1053->1052->543->540->566->561->532->232->456->457->254->235->60->50->204->602->600->593->573->893->894->910->933->944->946->956->976->1362->1368->1385->1379->1688->1680->1641->1633->1620->1616->1607->1604->1595->2013->2047->2049->2065->2059->2050->2382->2388->2399->2389,2389->2500
GA_ROUTE_EVOLUTION,N2500_PS_edge_density_densest_9942_I1.dat,2500,10192,125,2491,2500,0.9,0.5,20.5,0.9,1,2476,0.1823,0.1661,0.0332,8.29,12.466000000000001,10.937999999999999,1.992,12.93,8.29,12.466000000000001,45654.108,2491->2493->2341->2340->2332->1894->1900->1902->1955->1968->2014->2017->1664->1673->1665->1298->988->1019->561->538->479->475->160->128->195->569->889->887->882->1251->1583->1582->1576->1986->1982->2308->2295->2270->2262->2248->2229->2476,2476->2500
GA_ROUTE_EVOLUTION,N2500_PS_parking_budget_Cmax100_I1.dat,2500,7696,125,2491,2500,0.9,0.5,10.0,0.9,1,2476,0.3197000000000012,0.1661,0.0332,8.29,19.885600000000068,19.182000000000073,1.992,21.174000000000074,8.29,19.885600000000068,136517.218,2491->2341->2340->2332->2328->2326->2320->2317->2300->2282->2268->2263->2256->2252->2251->2247->2257->2240->2226->2237->2223->2220->2215->2235->2236->2218->2214->2211->2202->2178->2156->2183->2155->2154->2130->2109->2098->2085->2072->2082->2069->2046->2038->2033->2030->2044->2028->2014->1968->1955->1902->1900->1895->1894->1893->1882->1872->1864->1869->1863->1860->1841->1840->1832->1827->1826->1814->1813->1807->1789->1806->1781->1779->1774->1784->1780->1778->1766->1764->1763->1740->1736->1735->1731->1718->1713->1707->1693->1689->1681->1677->1702->1687->1672->1665->1664->1655->1649->1643->1637->1628->1610->1587->1579->1552->1550->1548->1530->1537->1525->1492->1490->1488->1495->1479->1486->1471->1469->1465->1460->1430->1423->1406->1401->1391->1384->1380->1374->1373->1369->1359->1355->1344->1311->1301->1310->1298->1290->1281->1274->1270->1279->1277->1262->1257->1254->1252->1219->1206->1228->1203->1194->1197->1183->1177->1170->1153->1152->1149->1142->1134->1130->1125->1117->1113->1129->1111->1099->1089->1075->1069->1065->1064->1063->1051->1055->1042->1039->1050->1037->1036->1027->1006->988->981->969->929->924->917->912->904->903->896->892->905->888->885->878->877->874->865->857->856->851->813->810->805->786->762->761->776->757->755->725->715->711->708->705->696->691->697->689->687->695->681->674->667->661->659->657->636->609->599->592->588->576->574->586->568->575->564->560->549->547->545->543->540->566->561->548->542->534->530->539->526->524->522->508->527->519->747->737->733->463->467->731->739->727->732->439->450->436->430->408->393->688->677->373->626->625->346->344->558->552->314->491->487->485->479->475->458->466->456->457->451->441->438->235->233->232->424->244->230->229->217->228->410->198->392->193->190->380->178->174->168->164->163->162->155->169->175->105->110->112->124->118->95->87->136->113->23->21->1->182->248->253->20->32->33->27->34->54->29->89->98->94->67->85->111->100->119->114->122->123->125->133->152->134->181->191->184->189->146->156->166->177->187->195->211->158->173->185->227->224->231->192->204->202->260->265->263->268->275->288->290->293->306->317->358->363->379->384->402->394->407->396->397->401->406->398->403->413->440->454->449->453->455->460->461->462->471->482->497->517->518->537->546->551->553->555->562->569->570->573->593->600->602->615->628->637->642->658->668->694->700->713->721->734->745->748->749->753->763->764->766->783->793->791->815->816->821->826->830->839->842->854->849->852->860->864->876->866->867->870->880->882->889->887->893->894->910->933->944->946->956->976->978->985->991->995->1011->1017->1024->1031->1071->1077->1079->1091->1092->1100->1110->1120->1122->1139->1167->1168->1181->1175->1189->1191->1199->1204->1180->1182->1184->1193->1205->1210->1223->1229->1230->1241->1232->1237->1242->1244->1251->1269->1275->1278->1296->1322->1330->1348->1364->1353->1358->1361->1366->1362->1368->1379->1381->1387->1390->1403->1417->1408->1426->1428->1453->1462->1463->1481->1497->1499->1500->1502->1503->1508->1510->1512->1531->1518->1528->1540->1542->1554->1555->1568->1576->1582->1583->1594->1586->1590->1600->1618->1593->1601->1595->1607->1616->1620->1633->1641->1680->1688->1719->1739->1751->1755->1757->1776->1777->1794->1798->1782->1785->1818->1821->1823->1824->1857->1859->1877->1861->1871->1875->1890->1907->1906->1940->1941->1951->1969->1980->1978->1982->1987->1991->2001->2002->2005->2013->2047->2050->2049->2065->2081->2096->2110->2063->2071->2074->2077->2079->2099->2108->2100->2116->2118->2121->2134->2137->2148->2158->2169->2159->2171->2174->2181->2186->2196->2207->2204->2208->2212->2217->2229->2473->2461->2466->2476,2476->2500
GA_ROUTE_EVOLUTION,N2500_PS_parking_budget_Cmax150_I1.dat,2500,7696,125,2491,2500,0.9,0.5,15.0,0.9,1,2461,0.3440000000000014,0.1953,0.0391,9.15,21.602400000000078,20.640000000000086,2.346,22.986000000000086,9.15,21.602400000000078,126463.106,2491->2341->2493->2484->2481->2478->2468->2448->2443->2458->2442->2426->2412->2401->2400->2404->2391->2379->2374->2370->2369->2385->2372->2390->2380->2363->2353->2350->2347->2340->2332->2328->2326->2320->2317->2305->2311->2300->2282->2268->2263->2256->2252->2251->2247->2244->2240->2226->2237->2223->2220->2235->2236->2218->2228->2214->2211->2202->2187->2178->2156->2170->2183->2155->2154->2130->2109->2098->2085->2072->2078->2069->2046->2038->2033->2030->2044->2028->2014->1968->1955->1902->1900->1895->1894->1893->1882->1872->1864->1869->1863->1860->1841->1840->1832->1827->1826->1814->1813->1807->1789->1788->1781->1779->1774->1771->1784->1780->1778->1767->1764->1763->1740->1736->1735->1731->1718->1713->1707->1693->1689->1681->1677->1672->1665->1664->1655->1649->1640->1643->1637->1628->1625->1610->1587->1579->1552->1550->1548->1547->1530->1537->1525->1492->1490->1488->1495->1479->1486->1471->1465->1460->1430->1423->1401->1391->1384->1380->1374->1373->1369->1359->1355->1344->1311->1301->1310->1298->1290->1281->1274->1270->1279->1262->1257->1254->1252->1219->1206->1212->1228->1203->1194->1197->1177->1170->1153->1152->1149->1142->1134->1130->1125->1117->1113->1129->1111->1099->1089->1075->1069->1065->1064->1063->1051->1055->1042->1039->1050->1037->1036->1027->1006->988->981->969->961->929->924->917->912->907->904->903->896->892->905->888->885->878->877->874->865->861->857->856->851->818->813->810->812->805->786->762->761->776->757->755->741->725->715->711->723->705->696->691->697->698->689->687->695->681->674->667->659->669->657->636->609->599->592->588->576->574->586->568->575->564->560->549->547->545->543->540->566->561->532->542->530->539->526->525->527->519->501->476->737->733->731->463->450->437->436->430->415->422->720->714->712->706->690->680->372->375->371->633->365->353->635->626->625->346->577->559->314->535->298->299->500->262->475->458->466->456->457->206->420->418->409->404->392->390->383->385->183->339->338->163->162->172->155->169->278->147->138->88->79->57->80->65->139->71->127->39->66->106->104->44->75->359->24->19->28->20->26->33->27->34->54->29->49->67->94->121->85->111->119->114->129->122->123->125->133->134->181->191->184->189->216->187->156->166->158->170->211->212->227->185->192->204->202->260->263->275->288->290->293->306->317->358->363->379->384->402->394->407->396->397->401->406->398->399->403->413->440->449->455->460->468->461->462->471->482->497->517->518->537->546->551->553->555->562->569->570->573->593->600->602->615->628->637->642->658->668->694->700->713->721->734->745->748->749->753->763->765->764->766->783->784->791->815->816->821->826->830->839->854->842->849->852->860->864->876->866->875->867->870->880->882->889->887->893->894->910->933->944->946->948->976->978->985->991->995->1017->1024->1031->1068->1071->1077->1079->1091->1100->1110->1120->1122->1139->1167->1168->1173->1181->1175->1189->1192->1180->1182->1184->1193->1205->1210->1223->1229->1230->1241->1232->1237->1242->1244->1251->1269->1275->1278->1296->1322->1330->1348->1364->1353->1358->1361->1362->1368->1379->1381->1387->1390->1403->1417->1434->1428->1453->1462->1463->1481->1497->1499->1500->1502->1503->1508->1510->1512->1521->1522->1518->1528->1540->1542->1554->1555->1568->1576->1582->1583->1594->1586->1590->1600->1618->1593->1601->1595->1607->1616->1620->1630->1633->1641->1680->1688->1719->1739->1751->1755->1757->1776->1777->1794->1798->1782->1785->1818->1821->1823->1824->1857->1861->1871->1875->1890->1907->1906->1940->1941->1951->1969->1980->1978->1982->1987->1991->2001->2002->2005->2013->2047->2059->2081->2096->2110->2063->2071->2074->2077->2079->2099->2100->2116->2118->2121->2134->2137->2148->2158->2169->2171->2174->2181->2186->2196->2207->2204->2208->2212->2217->2229->2439->2441->2452->2456->2473->2461,2461->2500
GA_ROUTE_EVOLUTION,N2500_PS_parking_budget_Cmax205_I1.dat,2500,7696,125,2491,2500,0.9,0.5,20.5,0.9,1,2473,0.3168000000000008,0.2088,0.0418,13.15,20.679400000000044,19.00800000000005,2.508,21.516000000000048,13.15,20.679400000000044,133474.158,2491->2487->2484->2481->2478->2468->2448->2443->2458->2442->2426->2412->2401->2400->2404->2391->2395->2379->2374->2370->2369->2372->2358->2390->2380->2363->2350->2347->2340->2332->2328->2326->2320->2317->2305->2311->2300->2282->2268->2263->2256->2252->2251->2247->2257->2244->2240->2226->2237->2223->2220->2235->2236->2218->2214->2211->2202->2178->2156->2170->2155->2154->2136->2130->2109->2098->2085->2072->2082->2069->2046->2038->2033->2030->2044->2028->2014->1968->1955->1902->1895->1894->1893->1882->1872->1864->1869->1863->1860->1841->1840->1832->1827->1826->1814->1813->1807->1789->1788->1781->1779->1774->1771->1784->1780->1778->1766->1764->1740->1736->1735->1731->1718->1713->1707->1697->1693->1681->1677->1672->1665->1673->1664->1655->1649->1640->1643->1637->1628->1610->1587->1579->1552->1550->1548->1547->1530->1537->1525->1492->1490->1488->1495->1479->1486->1471->1469->1465->1460->1430->1423->1406->1401->1391->1384->1386->1380->1374->1373->1369->1359->1355->1344->1311->1301->1310->1298->1290->1281->1274->1270->1279->1262->1257->1254->1252->1234->1231->1219->1206->1228->1203->1194->1197->1177->1170->1153->1152->1149->1142->1134->1130->1125->1117->1113->1129->1111->1099->1089->1075->1069->1065->1064->1063->1051->1042->1039->1050->1037->1036->1027->1006->988->981->969->961->929->924->917->912->904->903->896->892->905->888->885->878->877->874->865->861->857->856->851->813->810->805->786->762->761->757->755->741->725->715->711->708->705->696->691->697->689->687->681->674->667->661->659->669->657->636->609->599->592->588->576->574->586->568->575->581->560->549->547->545->543->540->566->538->561->532->542->530->539->526->524->525->527->519->501->476->469->463->450->439->437->436->430->422->415->408->393->706->690->680->373->356->350->353->633->635->348->346->594->329->324->516->529->314->309->298->500->259->262->466->458->464->456->457->441->451->206->410->409->404->198->196->193->392->390->383->385->183->178->174->335->341->333->326->316->169->175->105->108->51->50->82->176->171->68->91->36->25->31->113->21->23->35->63->150->145->369->359->12->18->24->19->20->28->22->30->33->45->27->34->54->29->89->49->121->94->67->85->111->100->119->114->122->123->125->133->134->181->191->184->194->143->146->216->156->187->177->167->158->170->211->212->224->231->227->185->192->199->204->202->260->265->263->275->288->290->293->297->306->317->358->363->379->384->402->394->407->396->397->401->406->398->403->413->440->449->455->460->461->462->468->471->482->497->517->518->537->546->551->553->554->555->562->569->570->573->593->600->602->615->628->637->642->658->668->694->700->709->713->721->734->745->748->749->753->763->765->764->766->783->793->791->815->816->821->826->830->839->854->849->852->860->864->866->867->870->880->882->887->893->894->910->933->944->946->956->976->978->985->991->995->1017->1024->1031->1068->1071->1077->1079->1091->1100->1110->1120->1122->1139->1167->1168->1173->1175->1189->1191->1199->1204->1182->1184->1193->1205->1210->1223->1229->1230->1241->1232->1237->1242->1244->1251->1269->1275->1278->1296->1322->1330->1348->1364->1353->1358->1366->1362->1368->1385->1379->1381->1387->1390->1403->1417->1434->1428->1453->1462->1463->1481->1497->1500->1502->1503->1508->1510->1512->1521->1522->1518->1528->1540->1542->1554->1555->1568->1576->1582->1583->1594->1586->1590->1599->1600->1618->1593->1601->1595->1607->1616->1620->1633->1641->1680->1688->1719->1739->1751->1755->1757->1776->1777->1794->1798->1782->1785->1818->1834->1821->1823->1824->1857->1859->1861->1871->1875->1890->1907->1906->1940->1941->1951->1969->1980->1978->1982->1987->1991->2001->2002->2005->2013->2047->2049->2065->2081->2059->2063->2071->2074->2077->2079->2099->2108->2100->2116->2118->2121->2134->2137->2148->2158->2169->2159->2174->2181->2186->2196->2204->2208->2212->2217->2229->2441->2451->2452->2456->2473,2473->2500
GA_ROUTE_EVOLUTION,N2500_PS_parking_budget_Cmax250_I1.dat,2500,7696,125,2491,2500,0.9,0.5,25.0,0.9,1,2473,0.3168000000000008,0.2088,0.0418,13.15,20.679400000000044,19.00800000000005,2.508,21.516000000000048,13.15,20.679400000000044,126802.481,2491->2487->2484->2481->2478->2468->2448->2443->2458->2442->2426->2412->2401->2400->2404->2391->2395->2379->2374->2370->2369->2372->2358->2390->2380->2363->2350->2347->2340->2332->2328->2326->2320->2317->2305->2311->2300->2282->2268->2263->2256->2252->2251->2247->2257->2244->2240->2226->2237->2223->2220->2235->2236->2218->2214->2211->2202->2178->2156->2170->2155->2154->2136->2130->2109->2098->2085->2072->2082->2069->2046->2038->2033->2030->2044->2028->2014->1968->1955->1902->1895->1894->1893->1882->1872->1864->1869->1863->1860->1841->1840->1832->1827->1826->1814->1813->1807->1789->1788->1781->1779->1774->1771->1784->1780->1778->1766->1764->1740->1736->1735->1731->1718->1713->1707->1697->1693->1681->1677->1672->1665->1673->1664->1655->1649->1640->1643->1637->1628->1610->1587->1579->1552->1550->1548->1547->1530->1537->1525->1492->1490->1488->1495->1479->1486->1471->1469->1465->1460->1430->1423->1406->1401->1391->1384->1386->1380->1374->1373->1369->1359->1355->1344->1311->1301->1310->1298->1290->1281->1274->1270->1279->1262->1257->1254->1252->1234->1231->1219->1206->1228->1203->1194->1197->1177->1170->1153->1152->1149->1142->1134->1130->1125->1117->1113->1129->1111->1099->1089->1075->1069->1065->1064->1063->1051->1042->1039->1050->1037->1036->1027->1006->988->981->969->961->929->924->917->912->904->903->896->892->905->888->885->878->877->874->865->861->857->856->851->813->810->805->786->762->761->757->755->741->725->715->711->708->705->696->691->697->689->687->681->674->667->661->659->669->657->636->609->599->592->588->576->574->586->568->575->581->560->549->547->545->543->540->566->538->561->532->542->530->539->526->524->525->527->519->501->476->469->463->450->439->437->436->430->422->415->408->393->706->690->680->373->356->350->353->633->635->348->346->594->329->324->516->529->314->309->298->500->259->262->466->458->464->456->457->441->451->206->410->409->404->198->196->193->392->390->383->385->183->178->174->335->341->333->326->316->169->175->105->108->51->50->82->176->171->68->91->36->25->31->113->21->23->35->63->150->145->369->359->12->18->24->19->20->28->22->30->33->45->27->34->54->29->89->49->121->94->67->85->111->100->119->114->122->123->125->133->134->181->191->184->194->143->146->216->156->187->177->167->158->170->211->212->224->231->227->185->192->199->204->202->260->265->263->275->288->290->293->297->306->317->358->363->379->384->402->394->407->396->397->401->406->398->403->413->440->449->455->460->461->462->468->471->482->497->517->518->537->546->551->553->554->555->562->569->570->573->593->600->602->615->628->637->642->658->668->694->700->709->713->721->734->745->748->749->753->763->765->764->766->783->793->791->815->816->821->826->830->839->854->849->852->860->864->866->867->870->880->882->887->893->894->910->933->944->946->956->976->978->985->991->995->1017->1024->1031->1068->1071->1077->1079->1091->1100->1110->1120->1122->1139->1167->1168->1173->1175->1189->1191->1199->1204->1182->1184->1193->1205->1210->1223->1229->1230->1241->1232->1237->1242->1244->1251->1269->1275->1278->1296->1322->1330->1348->1364->1353->1358->1366->1362->1368->1385->1379->1381->1387->1390->1403->1417->1434->1428->1453->1462->1463->1481->1497->1500->1502->1503->1508->1510->1512->1521->1522->1518->1528->1540->1542->1554->1555->1568->1576->1582->1583->1594->1586->1590->1599->1600->1618->1593->1601->1595->1607->1616->1620->1633->1641->1680->1688->1719->1739->1751->1755->1757->1776->1777->1794->1798->1782->1785->1818->1834->1821->1823->1824->1857->1859->1861->1871->1875->1890->1907->1906->1940->1941->1951->1969->1980->1978->1982->1987->1991->2001->2002->2005->2013->2047->2049->2065->2081->2059->2063->2071->2074->2077->2079->2099->2108->2100->2116->2118->2121->2134->2137->2148->2158->2169->2159->2174->2181->2186->2196->2204->2208->2212->2217->2229->2441->2451->2452->2456->2473,2473->2500
GA_ROUTE_EVOLUTION,N2500_PS_parking_cost_100_225_I1.dat,2500,7696,125,2491,2500,0.9,0.5,20.5,0.9,1,2425,0.3309000000000013,0.3145,0.0629,11.08,22.37320000000007,19.854000000000077,3.774,23.62800000000008,11.08,22.37320000000007,128041.078,2491->2341->2340->2332->2328->2326->2320->2317->2305->2300->2282->2268->2263->2256->2252->2251->2247->2257->2240->2226->2237->2223->2220->2235->2218->2214->2211->2202->2178->2156->2170->2155->2154->2130->2109->2098->2085->2072->2078->2082->2069->2046->2038->2033->2030->2044->2028->2014->1968->1955->1902->1910->1900->1894->1893->1882->1872->1864->1869->1863->1860->1841->1840->1832->1827->1826->1814->1813->1807->1789->1788->1781->1779->1774->1771->1784->1780->1778->1766->1764->1740->1736->1735->1731->1718->1713->1707->1697->1693->1689->1681->1677->1687->1672->1665->1673->1664->1655->1649->1643->1637->1628->1610->1587->1579->1552->1550->1548->1530->1537->1525->1524->1492->1490->1488->1495->1479->1486->1471->1465->1460->1430->1423->1401->1391->1384->1380->1374->1373->1369->1359->1355->1344->1311->1301->1310->1298->1290->1281->1274->1270->1279->1262->1257->1254->1234->1252->1219->1206->1228->1212->1203->1194->1197->1177->1170->1153->1152->1149->1142->1134->1130->1125->1117->1113->1129->1111->1099->1089->1075->1069->1065->1064->1063->1051->1055->1042->1039->1050->1037->1036->1027->1006->988->981->969->929->924->917->912->907->904->903->896->892->905->888->885->878->877->874->865->861->857->856->851->818->813->810->805->786->762->761->757->755->725->715->711->723->705->696->691->697->698->689->687->695->681->674->667->659->669->657->636->609->599->592->588->576->574->586->568->575->564->581->560->549->547->545->543->540->566->538->561->532->542->530->539->526->524->525->772->747->737->501->476->469->463->450->439->732->739->727->726->436->430->408->393->387->372->688->381->690->680->373->626->365->353->348->346->558->314->309->298->299->296->509->493->284->266->492->485->479->475->458->466->464->456->457->451->206->418->409->404->198->196->193->190->380->370->168->164->326->318->316->301->278->277->272->138->130->120->79->57->80->126->127->136->87->97->83->76->73->71->70->65->113->150->148->145->369->222->221->220->16->17->15->24->19->28->20->26->30->34->54->53->89->49->121->85->100->119->114->129->122->123->125->133->134->181->143->194->184->189->216->187->195->166->167->158->211->212->173->185->192->204->202->260->265->263->268->275->288->290->293->297->306->317->358->363->379->384->394->407->396->397->401->406->398->399->403->413->440->449->453->455->460->461->468->471->482->495->497->517->518->537->546->551->553->554->555->562->569->570->573->593->600->602->615->628->637->642->658->668->694->700->709->713->721->734->745->748->749->753->763->765->764->766->783->784->793->791->815->816->821->826->830->839->842->854->849->852->860->864->866->875->867->870->880->882->887->893->894->910->933->944->946->948->956->976->978->985->991->995->1011->1017->1024->1031->1068->1071->1077->1079->1091->1092->1100->1110->1120->1116->1122->1139->1167->1168->1181->1173->1175->1178->1189->1192->1180->1182->1184->1193->1205->1210->1223->1229->1230->1241->1232->1237->1242->1244->1251->1269->1275->1278->1296->1322->1330->1348->1364->1353->1358->1361->1362->1368->1379->1382->1387->1390->1403->1417->1434->1428->1453->1462->1463->1481->1497->1499->1500->1502->1503->1508->1510->1512->1531->1518->1528->1540->1542->1554->1555->1568->1576->1582->1583->1594->1586->1588->1599->1590->1600->1618->1593->1601->1604->1607->1616->1620->1633->1641->1680->1688->1719->1739->1751->1755->1757->1776->1777->1794->1798->1782->1785->1818->1821->1823->1824->1857->1861->1871->1890->1907->1906->1940->1941->1951->1969->1980->1978->1982->1987->1991->1992->2002->2005->2013->2047->2059->2065->2081->2089->2110->2063->2071->2074->2077->2079->2099->2108->2100->2116->2118->2121->2134->2137->2148->2158->2169->2159->2174->2181->2186->2196->2207->2204->2208->2212->2217->2229->2451->2441->2439->2430->2455->2438->2425,2425->2500
GA_ROUTE_EVOLUTION,N2500_PS_parking_cost_125_250_I1.dat,2500,7696,125,2491,2500,0.9,0.5,20.5,0.9,1,2461,0.31910000000000094,0.1953,0.0391,14.04,20.746800000000054,19.146000000000058,2.346,21.492000000000058,14.04,20.746800000000054,118564.329,2491->2493->2487->2484->2481->2478->2468->2448->2443->2458->2442->2426->2412->2401->2400->2395->2404->2391->2379->2374->2370->2369->2372->2358->2390->2380->2363->2350->2347->2340->2332->2328->2326->2320->2317->2305->2311->2300->2282->2268->2263->2256->2252->2251->2247->2257->2244->2240->2226->2237->2223->2220->2215->2235->2236->2218->2228->2214->2211->2202->2187->2178->2156->2170->2183->2155->2154->2136->2130->2109->2098->2085->2072->2082->2069->2046->2038->2033->2030->2044->2028->2014->1968->1955->1902->1900->1894->1893->1882->1872->1864->1869->1863->1860->1841->1840->1832->1827->1826->1814->1813->1807->1789->1806->1781->1779->1774->1771->1784->1780->1778->1767->1764->1763->1740->1736->1735->1731->1718->1713->1707->1697->1693->1689->1681->1677->1672->1665->1664->1655->1649->1643->1637->1628->1625->1610->1587->1579->1552->1550->1548->1530->1537->1525->1524->1492->1490->1488->1495->1479->1486->1471->1465->1460->1430->1423->1401->1391->1384->1386->1380->1374->1373->1369->1359->1355->1344->1311->1301->1310->1298->1290->1281->1274->1270->1279->1262->1257->1254->1252->1219->1206->1212->1203->1194->1197->1183->1177->1170->1153->1152->1149->1142->1134->1130->1125->1117->1113->1129->1111->1099->1089->1075->1069->1065->1064->1063->1051->1042->1039->1050->1037->1036->1027->1006->988->981->969->961->929->924->917->912->904->903->896->892->905->888->885->878->877->874->865->861->857->856->851->818->813->810->812->805->786->762->776->761->757->755->741->725->715->711->723->705->696->691->697->698->689->687->681->674->667->661->659->669->657->636->609->599->592->588->576->574->586->568->575->581->560->549->547->545->543->540->566->561->532->548->542->534->824->792->772->747->737->733->731->739->450->437->436->430->726->720->714->408->393->688->371->362->626->353->348->346->558->314->491->266->485->492->500->262->464->456->232->233->235->438->425->424->420->229->217->228->210->206->209->201->198->409->410->404->392->390->383->380->370->339->338->164->163->175->169->155->108->110->118->95->87->109->127->39->66->106->221->359->12->24->19->28->22->30->26->32->45->27->34->54->53->29->49->85->111->119->114->129->122->123->125->133->134->181->143->191->184->189->146->156->166->195->211->212->173->185->192->204->202->260->263->268->275->288->290->293->306->317->358->363->379->384->402->394->407->396->397->401->406->398->403->413->440->454->449->455->460->461->468->471->482->495->497->517->518->536->537->546->551->553->554->555->562->569->570->573->593->600->602->615->628->637->642->658->668->694->700->709->713->721->734->745->748->749->753->763->765->764->766->783->784->791->815->816->822->821->826->830->839->842->849->852->860->864->866->875->867->870->880->882->889->887->893->894->910->933->944->946->948->956->976->978->985->991->995->1011->1017->1024->1031->1071->1077->1079->1091->1100->1110->1120->1122->1139->1167->1168->1181->1173->1175->1189->1192->1204->1182->1184->1193->1205->1210->1223->1229->1230->1241->1232->1237->1242->1244->1251->1269->1275->1278->1296->1322->1330->1348->1364->1353->1358->1361->1366->1362->1368->1385->1379->1382->1387->1390->1403->1417->1434->1428->1453->1462->1463->1481->1497->1499->1500->1502->1503->1508->1510->1512->1521->1522->1518->1528->1540->1542->1554->1555->1568->1576->1582->1583->1594->1586->1588->1590->1600->1618->1593->1601->1595->1607->1616->1620->1630->1633->1641->1680->1688->1719->1739->1751->1755->1757->1776->1777->1794->1798->1782->1785->1818->1821->1823->1824->1857->1859->1877->1861->1871->1875->1890->1907->1906->1940->1941->1951->1969->1980->1978->1982->1987->1991->2001->2002->2005->2013->2047->2059->2063->2071->2074->2077->2079->2099->2108->2100->2116->2118->2121->2134->2137->2148->2158->2169->2171->2174->2181->2195->2186->2196->2204->2208->2212->2217->2229->2441->2451->2452->2456->2460->2473->2461,2461->2500
GA_ROUTE_EVOLUTION,N2500_PS_parking_cost_150_300_I1.dat,2500,7696,125,2491,2500,0.9,0.5,20.5,0.9,1,2461,0.313500000000001,0.1953,0.0391,16.31,20.671400000000055,18.81000000000006,2.346,21.156000000000063,16.31,20.671400000000055,118281.074,2491->2341->2340->2332->2328->2326->2320->2317->2305->2311->2300->2282->2268->2263->2256->2252->2251->2247->2257->2240->2226->2237->2220->2215->2235->2236->2218->2214->2211->2202->2187->2178->2156->2170->2155->2154->2130->2109->2098->2085->2072->2078->2069->2046->2038->2033->2030->2044->2028->2014->1968->1955->1902->1895->1894->1893->1882->1872->1864->1869->1863->1860->1841->1840->1832->1827->1826->1814->1813->1807->1789->1788->1781->1779->1774->1784->1780->1778->1767->1764->1763->1740->1736->1735->1731->1718->1713->1707->1697->1693->1681->1677->1687->1672->1665->1664->1655->1649->1643->1637->1628->1610->1587->1579->1552->1550->1548->1547->1530->1537->1525->1524->1492->1490->1488->1495->1479->1486->1471->1465->1460->1430->1423->1406->1401->1391->1384->1380->1374->1373->1369->1359->1355->1344->1311->1301->1310->1298->1290->1281->1274->1270->1279->1262->1257->1254->1234->1219->1206->1212->1203->1194->1197->1177->1170->1153->1152->1149->1142->1134->1130->1125->1117->1113->1129->1111->1105->1099->1089->1075->1069->1065->1064->1063->1051->1042->1039->1050->1037->1036->1027->1006->988->981->969->929->924->917->912->904->903->896->892->905->888->885->878->877->874->865->857->856->851->813->810->805->786->762->776->761->757->755->725->715->711->723->705->696->691->697->698->689->687->681->674->667->659->657->636->609->599->592->588->576->574->586->568->575->581->560->549->547->545->543->540->566->561->532->542->534->539->526->524->522->527->519->747->737->476->469->463->450->436->726->720->422->415->408->393->387->372->375->371->362->361->356->626->635->348->346->558->552->520->309->314->493->284->266->262->466->456->232->230->229->217->219->420->418->409->198->201->209->410->404->392->196->193->190->380->385->183->178->174->168->370->339->338->341->333->326->316->169->172->175->105->108->112->52->61->51->50->82->176->179->10->11->15->24->19->20->32->26->22->30->34->54->29->89->98->121->94->67->85->100->119->114->122->123->125->133->134->181->191->143->194->184->189->216->156->187->177->166->167->158->211->212->173->185->227->231->197->204->202->260->263->268->275->288->290->293->306->317->358->363->379->384->402->394->407->396->397->401->406->398->403->413->440->454->449->455->460->468->462->471->482->495->497->517->518->537->546->551->553->554->555->562->569->570->573->593->600->602->615->628->637->642->658->668->694->700->713->721->734->745->748->749->753->763->764->766->783->793->784->791->815->816->822->821->826->830->839->842->854->849->852->860->864->876->866->875->867->870->880->882->889->887->893->894->910->933->944->946->956->948->976->978->985->991->995->1017->1024->1031->1071->1077->1079->1091->1100->1110->1120->1122->1139->1167->1168->1173->1175->1189->1191->1192->1199->1204->1182->1184->1193->1205->1210->1223->1229->1230->1241->1232->1237->1242->1244->1251->1269->1275->1278->1296->1322->1330->1348->1364->1353->1358->1361->1362->1368->1379->1381->1387->1390->1403->1417->1434->1408->1426->1428->1453->1462->1463->1481->1497->1500->1502->1503->1508->1510->1512->1531->1518->1528->1540->1542->1554->1555->1568->1576->1582->1583->1594->1586->1590->1600->1618->1593->1601->1595->1604->1607->1616->1620->1630->1633->1641->1680->1688->1719->1739->1751->1755->1757->1776->1777->1794->1798->1782->1791->1785->1818->1834->1821->1823->1824->1857->1859->1861->1871->1890->1907->1906->1940->1941->1951->1969->1980->1978->1982->1986->1987->1991->2001->1992->2002->2005->2013->2047->2050->2065->2081->2096->2110->2063->2071->2074->2077->2079->2099->2100->2116->2118->2121->2134->2137->2148->2158->2169->2171->2159->2174->2181->2195->2186->2196->2207->2204->2208->2212->2217->2229->2499->2485->2476->2466->2461,2461->2500
GA_ROUTE_EVOLUTION,N2500_PS_parking_cost_80_205_I1.dat,2500,7696,125,2491,2500,0.9,0.5,20.5,0.9,1,2473,0.3168000000000008,0.2088,0.0418,13.15,20.679400000000044,19.00800000000005,2.508,21.516000000000048,13.15,20.679400000000044,125706.378,2491->2487->2484->2481->2478->2468->2448->2443->2458->2442->2426->2412->2401->2400->2404->2391->2395->2379->2374->2370->2369->2372->2358->2390->2380->2363->2350->2347->2340->2332->2328->2326->2320->2317->2305->2311->2300->2282->2268->2263->2256->2252->2251->2247->2257->2244->2240->2226->2237->2223->2220->2235->2236->2218->2214->2211->2202->2178->2156->2170->2155->2154->2136->2130->2109->2098->2085->2072->2082->2069->2046->2038->2033->2030->2044->2028->2014->1968->1955->1902->1895->1894->1893->1882->1872->1864->1869->1863->1860->1841->1840->1832->1827->1826->1814->1813->1807->1789->1788->1781->1779->1774->1771->1784->1780->1778->1766->1764->1740->1736->1735->1731->1718->1713->1707->1697->1693->1681->1677->1672->1665->1673->1664->1655->1649->1640->1643->1637->1628->1610->1587->1579->1552->1550->1548->1547->1530->1537->1525->1492->1490->1488->1495->1479->1486->1471->1469->1465->1460->1430->1423->1406->1401->1391->1384->1386->1380->1374->1373->1369->1359->1355->1344->1311->1301->1310->1298->1290->1281->1274->1270->1279->1262->1257->1254->1252->1234->1231->1219->1206->1228->1203->1194->1197->1177->1170->1153->1152->1149->1142->1134->1130->1125->1117->1113->1129->1111->1099->1089->1075->1069->1065->1064->1063->1051->1042->1039->1050->1037->1036->1027->1006->988->981->969->961->929->924->917->912->904->903->896->892->905->888->885->878->877->874->865->861->857->856->851->813->810->805->786->762->761->757->755->741->725->715->711->708->705->696->691->697->689->687->681->674->667->661->659->669->657->636->609->599->592->588->576->574->586->568->575->581->560->549->547->545->543->540->566->538->561->532->542->530->539->526->524->525->527->519->501->476->469->463->450->439->437->436->430->422->415->408->393->706->690->680->373->356->350->353->633->635->348->346->594->329->324->516->529->314->309->298->500->259->262->466->458->464->456->457->441->451->206->410->409->404->198->196->193->392->390->383->385->183->178->174->335->341->333->326->316->169->175->105->108->51->50->82->176->171->68->91->36->25->31->113->21->23->35->63->150->145->369->359->12->18->24->19->20->28->22->30->33->45->27->34->54->29->89->49->121->94->67->85->111->100->119->114->122->123->125->133->134->181->191->184->194->143->146->216->156->187->177->167->158->170->211->212->224->231->227->185->192->199->204->202->260->265->263->275->288->290->293->297->306->317->358->363->379->384->402->394->407->396->397->401->406->398->403->413->440->449->455->460->461->462->468->471->482->497->517->518->537->546->551->553->554->555->562->569->570->573->593->600->602->615->628->637->642->658->668->694->700->709->713->721->734->745->748->749->753->763->765->764->766->783->793->791->815->816->821->826->830->839->854->849->852->860->864->866->867->870->880->882->887->893->894->910->933->944->946->956->976->978->985->991->995->1017->1024->1031->1068->1071->1077->1079->1091->1100->1110->1120->1122->1139->1167->1168->1173->1175->1189->1191->1199->1204->1182->1184->1193->1205->1210->1223->1229->1230->1241->1232->1237->1242->1244->1251->1269->1275->1278->1296->1322->1330->1348->1364->1353->1358->1366->1362->1368->1385->1379->1381->1387->1390->1403->1417->1434->1428->1453->1462->1463->1481->1497->1500->1502->1503->1508->1510->1512->1521->1522->1518->1528->1540->1542->1554->1555->1568->1576->1582->1583->1594->1586->1590->1599->1600->1618->1593->1601->1595->1607->1616->1620->1633->1641->1680->1688->1719->1739->1751->1755->1757->1776->1777->1794->1798->1782->1785->1818->1834->1821->1823->1824->1857->1859->1861->1871->1875->1890->1907->1906->1940->1941->1951->1969->1980->1978->1982->1987->1991->2001->2002->2005->2013->2047->2049->2065->2081->2059->2063->2071->2074->2077->2079->2099->2108->2100->2116->2118->2121->2134->2137->2148->2158->2169->2159->2174->2181->2186->2196->2204->2208->2212->2217->2229->2441->2451->2452->2456->2473,2473->2500
GA_ROUTE_EVOLUTION,N2500_PS_parking_supply_P10_I1.dat,2500,7892,223,2491,2500,0.9,0.5,20.5,0.9,1,2499,0.8646000000000003,0.1201,0.024,19.83,49.96740000000001,51.87600000000002,1.44,53.31600000000002,19.83,49.96740000000001,111176.44,2491->2341->2332->2328->2326->2320->2317->2300->2282->2268->2263->2256->2252->2251->2247->2244->2240->2226->2237->2223->2220->2235->2236->2218->2228->2214->2211->2202->2187->2178->2156->2183->2155->2154->2136->2130->2109->2098->2085->2072->2078->2069->2046->2038->2033->2030->2044->2028->2017->2014->1968->1955->1902->1910->1900->1895->1894->1893->1882->1872->1864->1869->1863->1860->1841->1840->1832->1827->1826->1814->1813->1807->1789->1806->1781->1779->1774->1771->1784->1780->1778->1766->1767->1764->1763->1740->1736->1735->1731->1718->1713->1707->1693->1681->1677->1687->1672->1665->1664->1655->1649->1643->1637->1628->1625->1610->1587->1579->1552->1550->1548->1530->1537->1525->1492->1490->1488->1495->1479->1486->1471->1465->1460->1430->1423->1406->1401->1391->1384->1386->1380->1374->1373->1369->1359->1355->1344->1311->1301->1310->1298->1290->1281->1274->1270->1279->1277->1262->1257->1254->1234->1219->1206->1228->1203->1194->1197->1183->1177->1170->1153->1152->1149->1142->1134->1130->1125->1117->1113->1129->1111->1099->1089->1075->1069->1065->1064->1063->1051->1042->1039->1050->1037->1036->1027->1006->988->981->969->929->924->917->912->904->903->896->892->905->888->885->878->877->874->865->861->857->856->851->818->813->810->812->805->786->762->761->757->755->725->715->711->708->723->705->696->691->697->698->689->687->681->674->667->661->659->657->636->609->599->592->588->576->574->586->568->575->564->560->549->547->545->543->540->538->566->561->548->542->530->539->526->524->525->527->508->747->737->733->469->463->450->436->430->408->393->387->372->375->688->373->626->625->349->558->552->314->491->284->500->262->479->475->458->466->464->456->457->441->438->206->418->409->198->392->390->383->385->183->178->174->335->333->326->318->316->169->155->108->105->96->60->48->78->182->9->10->11->15->17->18->24->19->20->32->45->27->34->54->53->89->98->94->67->49->121->85->111->100->119->114->122->123->125->133->134->181->143->194->184->189->216->156->166->177->187->195->211->212->173->185->192->204->202->260->263->268->275->288->290->293->297->306->317->358->363->379->384->394->407->396->397->401->406->398->403->413->440->454->449->453->455->460->468->462->471->482->495->497->517->518->536->537->546->551->553->554->555->562->569->570->573->593->600->602->615->628->637->642->658->668->694->700->713->721->734->745->748->749->753->763->765->764->766->783->784->791->815->816->822->821->826->830->839->854->842->849->852->860->864->876->866->875->867->870->880->882->887->893->894->910->933->944->946->956->948->976->978->985->991->995->1011->1017->1024->1031->1068->1071->1077->1079->1091->1100->1110->2500->2499,2499->2500
GA_ROUTE_EVOLUTION,N2500_PS_parking_supply_P15_I1.dat,2500,7892,223,2491,2500,0.9,0.5,20.5,0.9,1,2499,0.8646000000000003,0.1201,0.024,19.83,49.96740000000001,51.87600000000002,1.44,53.31600000000002,19.83,49.96740000000001,111268.624,2491->2341->2332->2328->2326->2320->2317->2300->2282->2268->2263->2256->2252->2251->2247->2244->2240->2226->2237->2223->2220->2235->2236->2218->2228->2214->2211->2202->2187->2178->2156->2183->2155->2154->2136->2130->2109->2098->2085->2072->2078->2069->2046->2038->2033->2030->2044->2028->2017->2014->1968->1955->1902->1910->1900->1895->1894->1893->1882->1872->1864->1869->1863->1860->1841->1840->1832->1827->1826->1814->1813->1807->1789->1806->1781->1779->1774->1771->1784->1780->1778->1766->1767->1764->1763->1740->1736->1735->1731->1718->1713->1707->1693->1681->1677->1687->1672->1665->1664->1655->1649->1643->1637->1628->1625->1610->1587->1579->1552->1550->1548->1530->1537->1525->1492->1490->1488->1495->1479->1486->1471->1465->1460->1430->1423->1406->1401->1391->1384->1386->1380->1374->1373->1369->1359->1355->1344->1311->1301->1310->1298->1290->1281->1274->1270->1279->1277->1262->1257->1254->1234->1219->1206->1228->1203->1194->1197->1183->1177->1170->1153->1152->1149->1142->1134->1130->1125->1117->1113->1129->1111->1099->1089->1075->1069->1065->1064->1063->1051->1042->1039->1050->1037->1036->1027->1006->988->981->969->929->924->917->912->904->903->896->892->905->888->885->878->877->874->865->861->857->856->851->818->813->810->812->805->786->762->761->757->755->725->715->711->708->723->705->696->691->697->698->689->687->681->674->667->661->659->657->636->609->599->592->588->576->574->586->568->575->564->560->549->547->545->543->540->538->566->561->548->542->530->539->526->524->525->527->508->747->737->733->469->463->450->436->430->408->393->387->372->375->688->373->626->625->349->558->552->314->491->284->500->262->479->475->458->466->464->456->457->441->438->206->418->409->198->392->390->383->385->183->178->174->335->333->326->318->316->169->155->108->105->96->60->48->78->182->9->10->11->15->17->18->24->19->20->32->45->27->34->54->53->89->98->94->67->49->121->85->111->100->119->114->122->123->125->133->134->181->143->194->184->189->216->156->166->177->187->195->211->212->173->185->192->204->202->260->263->268->275->288->290->293->297->306->317->358->363->379->384->394->407->396->397->401->406->398->403->413->440->454->449->453->455->460->468->462->471->482->495->497->517->518->536->537->546->551->553->554->555->562->569->570->573->593->600->602->615->628->637->642->658->668->694->700->713->721->734->745->748->749->753->763->765->764->766->783->784->791->815->816->822->821->826->830->839->854->842->849->852->860->864->876->866->875->867->870->880->882->887->893->894->910->933->944->946->956->948->976->978->985->991->995->1011->1017->1024->1031->1068->1071->1077->1079->1091->1100->1110->2500->2499,2499->2500
GA_ROUTE_EVOLUTION,N2500_PS_parking_supply_P20_I1.dat,2500,7892,223,2491,2500,0.9,0.5,20.5,0.9,1,2499,0.8646000000000003,0.1201,0.024,19.83,49.96740000000001,51.87600000000002,1.44,53.31600000000002,19.83,49.96740000000001,111519.579,2491->2341->2332->2328->2326->2320->2317->2300->2282->2268->2263->2256->2252->2251->2247->2244->2240->2226->2237->2223->2220->2235->2236->2218->2228->2214->2211->2202->2187->2178->2156->2183->2155->2154->2136->2130->2109->2098->2085->2072->2078->2069->2046->2038->2033->2030->2044->2028->2017->2014->1968->1955->1902->1910->1900->1895->1894->1893->1882->1872->1864->1869->1863->1860->1841->1840->1832->1827->1826->1814->1813->1807->1789->1806->1781->1779->1774->1771->1784->1780->1778->1766->1767->1764->1763->1740->1736->1735->1731->1718->1713->1707->1693->1681->1677->1687->1672->1665->1664->1655->1649->1643->1637->1628->1625->1610->1587->1579->1552->1550->1548->1530->1537->1525->1492->1490->1488->1495->1479->1486->1471->1465->1460->1430->1423->1406->1401->1391->1384->1386->1380->1374->1373->1369->1359->1355->1344->1311->1301->1310->1298->1290->1281->1274->1270->1279->1277->1262->1257->1254->1234->1219->1206->1228->1203->1194->1197->1183->1177->1170->1153->1152->1149->1142->1134->1130->1125->1117->1113->1129->1111->1099->1089->1075->1069->1065->1064->1063->1051->1042->1039->1050->1037->1036->1027->1006->988->981->969->929->924->917->912->904->903->896->892->905->888->885->878->877->874->865->861->857->856->851->818->813->810->812->805->786->762->761->757->755->725->715->711->708->723->705->696->691->697->698->689->687->681->674->667->661->659->657->636->609->599->592->588->576->574->586->568->575->564->560->549->547->545->543->540->538->566->561->548->542->530->539->526->524->525->527->508->747->737->733->469->463->450->436->430->408->393->387->372->375->688->373->626->625->349->558->552->314->491->284->500->262->479->475->458->466->464->456->457->441->438->206->418->409->198->392->390->383->385->183->178->174->335->333->326->318->316->169->155->108->105->96->60->48->78->182->9->10->11->15->17->18->24->19->20->32->45->27->34->54->53->89->98->94->67->49->121->85->111->100->119->114->122->123->125->133->134->181->143->194->184->189->216->156->166->177->187->195->211->212->173->185->192->204->202->260->263->268->275->288->290->293->297->306->317->358->363->379->384->394->407->396->397->401->406->398->403->413->440->454->449->453->455->460->468->462->471->482->495->497->517->518->536->537->546->551->553->554->555->562->569->570->573->593->600->602->615->628->637->642->658->668->694->700->713->721->734->745->748->749->753->763->765->764->766->783->784->791->815->816->822->821->826->830->839->854->842->849->852->860->864->876->866->875->867->870->880->882->887->893->894->910->933->944->946->956->948->976->978->985->991->995->1011->1017->1024->1031->1068->1071->1077->1079->1091->1100->1110->2500->2499,2499->2500
GA_ROUTE_EVOLUTION,N2500_PS_parking_supply_P5_I1.dat,2500,7696,125,2491,2500,0.9,0.5,20.5,0.9,1,2473,0.3168000000000008,0.2088,0.0418,13.15,20.679400000000044,19.00800000000005,2.508,21.516000000000048,13.15,20.679400000000044,126397.94,2491->2487->2484->2481->2478->2468->2448->2443->2458->2442->2426->2412->2401->2400->2404->2391->2395->2379->2374->2370->2369->2372->2358->2390->2380->2363->2350->2347->2340->2332->2328->2326->2320->2317->2305->2311->2300->2282->2268->2263->2256->2252->2251->2247->2257->2244->2240->2226->2237->2223->2220->2235->2236->2218->2214->2211->2202->2178->2156->2170->2155->2154->2136->2130->2109->2098->2085->2072->2082->2069->2046->2038->2033->2030->2044->2028->2014->1968->1955->1902->1895->1894->1893->1882->1872->1864->1869->1863->1860->1841->1840->1832->1827->1826->1814->1813->1807->1789->1788->1781->1779->1774->1771->1784->1780->1778->1766->1764->1740->1736->1735->1731->1718->1713->1707->1697->1693->1681->1677->1672->1665->1673->1664->1655->1649->1640->1643->1637->1628->1610->1587->1579->1552->1550->1548->1547->1530->1537->1525->1492->1490->1488->1495->1479->1486->1471->1469->1465->1460->1430->1423->1406->1401->1391->1384->1386->1380->1374->1373->1369->1359->1355->1344->1311->1301->1310->1298->1290->1281->1274->1270->1279->1262->1257->1254->1252->1234->1231->1219->1206->1228->1203->1194->1197->1177->1170->1153->1152->1149->1142->1134->1130->1125->1117->1113->1129->1111->1099->1089->1075->1069->1065->1064->1063->1051->1042->1039->1050->1037->1036->1027->1006->988->981->969->961->929->924->917->912->904->903->896->892->905->888->885->878->877->874->865->861->857->856->851->813->810->805->786->762->761->757->755->741->725->715->711->708->705->696->691->697->689->687->681->674->667->661->659->669->657->636->609->599->592->588->576->574->586->568->575->581->560->549->547->545->543->540->566->538->561->532->542->530->539->526->524->525->527->519->501->476->469->463->450->439->437->436->430->422->415->408->393->706->690->680->373->356->350->353->633->635->348->346->594->329->324->516->529->314->309->298->500->259->262->466->458->464->456->457->441->451->206->410->409->404->198->196->193->392->390->383->385->183->178->174->335->341->333->326->316->169->175->105->108->51->50->82->176->171->68->91->36->25->31->113->21->23->35->63->150->145->369->359->12->18->24->19->20->28->22->30->33->45->27->34->54->29->89->49->121->94->67->85->111->100->119->114->122->123->125->133->134->181->191->184->194->143->146->216->156->187->177->167->158->170->211->212->224->231->227->185->192->199->204->202->260->265->263->275->288->290->293->297->306->317->358->363->379->384->402->394->407->396->397->401->406->398->403->413->440->449->455->460->461->462->468->471->482->497->517->518->537->546->551->553->554->555->562->569->570->573->593->600->602->615->628->637->642->658->668->694->700->709->713->721->734->745->748->749->753->763->765->764->766->783->793->791->815->816->821->826->830->839->854->849->852->860->864->866->867->870->880->882->887->893->894->910->933->944->946->956->976->978->985->991->995->1017->1024->1031->1068->1071->1077->1079->1091->1100->1110->1120->1122->1139->1167->1168->1173->1175->1189->1191->1199->1204->1182->1184->1193->1205->1210->1223->1229->1230->1241->1232->1237->1242->1244->1251->1269->1275->1278->1296->1322->1330->1348->1364->1353->1358->1366->1362->1368->1385->1379->1381->1387->1390->1403->1417->1434->1428->1453->1462->1463->1481->1497->1500->1502->1503->1508->1510->1512->1521->1522->1518->1528->1540->1542->1554->1555->1568->1576->1582->1583->1594->1586->1590->1599->1600->1618->1593->1601->1595->1607->1616->1620->1633->1641->1680->1688->1719->1739->1751->1755->1757->1776->1777->1794->1798->1782->1785->1818->1834->1821->1823->1824->1857->1859->1861->1871->1875->1890->1907->1906->1940->1941->1951->1969->1980->1978->1982->1987->1991->2001->2002->2005->2013->2047->2049->2065->2081->2059->2063->2071->2074->2077->2079->2099->2108->2100->2116->2118->2121->2134->2137->2148->2158->2169->2159->2174->2181->2186->2196->2204->2208->2212->2217->2229->2441->2451->2452->2456->2473,2473->2500
GA_ROUTE_EVOLUTION,N2500_PS_traffic_high_I1.dat,2500,7696,125,2491,2500,0.9,0.5,20.5,0.9,1,2466,1.2034000000000011,0.1871,0.0374,13.93,68.39620000000006,72.20400000000006,2.244,74.44800000000008,13.93,68.39620000000006,123993.698,2491->2341->2328->2326->2320->2317->2305->2300->2282->2268->2263->2256->2252->2251->2247->2244->2257->2240->2226->2237->2223->2220->2235->2218->2228->2214->2211->2202->2187->2178->2156->2183->2155->2154->2130->2109->2098->2085->2072->2078->2069->2046->2038->2033->2030->2044->2028->2017->2014->1968->1955->1902->1895->1900->1910->1894->1893->1882->1872->1864->1869->1863->1860->1841->1840->1832->1827->1826->1814->1813->1807->1789->1788->1781->1779->1774->1784->1780->1778->1767->1766->1764->1740->1736->1735->1731->1718->1713->1707->1693->1681->1677->1702->1687->1672->1665->1673->1664->1655->1649->1643->1637->1628->1610->1587->1579->1552->1550->1548->1547->1530->1537->1525->1492->1490->1488->1495->1479->1486->1471->1465->1460->1430->1423->1401->1391->1384->1386->1380->1374->1373->1369->1359->1355->1344->1311->1301->1310->1298->1290->1281->1274->1270->1279->1277->1262->1257->1254->1252->1219->1206->1228->1203->1194->1197->1183->1177->1170->1153->1152->1149->1142->1134->1130->1125->1117->1113->1129->1111->1099->1089->1075->1069->1065->1064->1063->1051->1042->1039->1050->1037->1036->1027->1006->988->981->969->961->929->924->917->912->907->904->903->896->892->905->888->885->878->877->874->865->857->856->851->813->810->812->805->786->762->761->757->755->725->715->711->723->705->696->691->697->689->687->681->674->667->659->657->636->609->599->592->588->576->574->586->568->575->564->560->549->547->545->543->540->566->561->548->532->542->534->792->772->759->747->737->733->463->450->439->437->436->430->415->408->393->712->706->690->680->373->356->641->631->633->353->348->346->558->552->520->309->298->500->259->262->266->492->487->485->479->475->458->464->456->457->441->206->209->410->409->198->196->193->190->183->380->339->174->168->164->163->175->105->96->107->83->99->139->136->113->222->256->257->226->237->234->248->253->367->26->30->34->54->29->89->98->121->85->100->119->114->129->122->123->125->133->134->181->143->194->184->189->146->156->166->195->211->158->170->173->185->197->192->204->202->260->265->263->268->275->288->290->293->306->317->358->363->379->384->402->394->407->396->397->401->406->398->403->413->440->449->455->460->461->462->468->471->482->495->497->517->518->537->546->551->553->554->555->562->569->570->573->593->600->602->615->628->637->642->658->668->694->700->709->713->721->734->745->748->749->753->763->765->764->766->783->784->791->815->816->821->826->830->839->854->842->849->852->860->864->866->867->870->880->882->887->893->894->910->933->944->946->948->976->978->985->991->995->1017->1024->1031->1068->1071->1077->1079->1091->1100->1110->1120->1122->1139->1167->1168->1173->1181->1175->1178->1189->1191->1199->1204->1180->1182->1184->1193->1205->1210->1223->1229->1230->1241->1232->1237->1242->1244->1251->1269->1275->1278->1296->1322->1330->1348->1364->1353->1358->1366->1362->1368->1385->1379->1382->1381->1387->1390->1403->1417->1434->1426->1428->1453->1462->1463->1481->1497->1499->1500->1502->1503->1508->1510->1512->1531->1518->1528->1540->1542->1554->1555->1568->1576->1582->1583->1594->1586->1588->1599->1618->1593->1601->1595->1607->1616->1620->1630->1633->1641->2500->2466,2466->2500
GA_ROUTE_EVOLUTION,N2500_PS_traffic_low_I1.dat,2500,7696,125,2491,2500,0.9,0.5,20.5,0.9,1,2473,0.3168000000000008,0.2088,0.0418,13.15,20.679400000000044,19.00800000000005,2.508,21.516000000000048,13.15,20.679400000000044,129117.772,2491->2487->2484->2481->2478->2468->2448->2443->2458->2442->2426->2412->2401->2400->2404->2391->2395->2379->2374->2370->2369->2372->2358->2390->2380->2363->2350->2347->2340->2332->2328->2326->2320->2317->2305->2311->2300->2282->2268->2263->2256->2252->2251->2247->2257->2244->2240->2226->2237->2223->2220->2235->2236->2218->2214->2211->2202->2178->2156->2170->2155->2154->2136->2130->2109->2098->2085->2072->2082->2069->2046->2038->2033->2030->2044->2028->2014->1968->1955->1902->1895->1894->1893->1882->1872->1864->1869->1863->1860->1841->1840->1832->1827->1826->1814->1813->1807->1789->1788->1781->1779->1774->1771->1784->1780->1778->1766->1764->1740->1736->1735->1731->1718->1713->1707->1697->1693->1681->1677->1672->1665->1673->1664->1655->1649->1640->1643->1637->1628->1610->1587->1579->1552->1550->1548->1547->1530->1537->1525->1492->1490->1488->1495->1479->1486->1471->1469->1465->1460->1430->1423->1406->1401->1391->1384->1386->1380->1374->1373->1369->1359->1355->1344->1311->1301->1310->1298->1290->1281->1274->1270->1279->1262->1257->1254->1252->1234->1231->1219->1206->1228->1203->1194->1197->1177->1170->1153->1152->1149->1142->1134->1130->1125->1117->1113->1129->1111->1099->1089->1075->1069->1065->1064->1063->1051->1042->1039->1050->1037->1036->1027->1006->988->981->969->961->929->924->917->912->904->903->896->892->905->888->885->878->877->874->865->861->857->856->851->813->810->805->786->762->761->757->755->741->725->715->711->708->705->696->691->697->689->687->681->674->667->661->659->669->657->636->609->599->592->588->576->574->586->568->575->581->560->549->547->545->543->540->566->538->561->532->542->530->539->526->524->525->527->519->501->476->469->463->450->439->437->436->430->422->415->408->393->706->690->680->373->356->350->353->633->635->348->346->594->329->324->516->529->314->309->298->500->259->262->466->458->464->456->457->441->451->206->410->409->404->198->196->193->392->390->383->385->183->178->174->335->341->333->326->316->169->175->105->108->51->50->82->176->171->68->91->36->25->31->113->21->23->35->63->150->145->369->359->12->18->24->19->20->28->22->30->33->45->27->34->54->29->89->49->121->94->67->85->111->100->119->114->122->123->125->133->134->181->191->184->194->143->146->216->156->187->177->167->158->170->211->212->224->231->227->185->192->199->204->202->260->265->263->275->288->290->293->297->306->317->358->363->379->384->402->394->407->396->397->401->406->398->403->413->440->449->455->460->461->462->468->471->482->497->517->518->537->546->551->553->554->555->562->569->570->573->593->600->602->615->628->637->642->658->668->694->700->709->713->721->734->745->748->749->753->763->765->764->766->783->793->791->815->816->821->826->830->839->854->849->852->860->864->866->867->870->880->882->887->893->894->910->933->944->946->956->976->978->985->991->995->1017->1024->1031->1068->1071->1077->1079->1091->1100->1110->1120->1122->1139->1167->1168->1173->1175->1189->1191->1199->1204->1182->1184->1193->1205->1210->1223->1229->1230->1241->1232->1237->1242->1244->1251->1269->1275->1278->1296->1322->1330->1348->1364->1353->1358->1366->1362->1368->1385->1379->1381->1387->1390->1403->1417->1434->1428->1453->1462->1463->1481->1497->1500->1502->1503->1508->1510->1512->1521->1522->1518->1528->1540->1542->1554->1555->1568->1576->1582->1583->1594->1586->1590->1599->1600->1618->1593->1601->1595->1607->1616->1620->1633->1641->1680->1688->1719->1739->1751->1755->1757->1776->1777->1794->1798->1782->1785->1818->1834->1821->1823->1824->1857->1859->1861->1871->1875->1890->1907->1906->1940->1941->1951->1969->1980->1978->1982->1987->1991->2001->2002->2005->2013->2047->2049->2065->2081->2059->2063->2071->2074->2077->2079->2099->2108->2100->2116->2118->2121->2134->2137->2148->2158->2169->2159->2174->2181->2186->2196->2204->2208->2212->2217->2229->2441->2451->2452->2456->2473,2473->2500
GA_ROUTE_EVOLUTION,N2500_PS_traffic_medium_I1.dat,2500,7696,125,2491,2500,0.9,0.5,20.5,0.9,1,2485,0.8004000000000012,0.151,0.0302,16.3,46.48240000000007,48.02400000000007,1.812,49.83600000000008,16.3,46.48240000000007,138457.674,2491->2493->2341->2340->2332->2328->2326->2320->2317->2305->2300->2282->2268->2263->2256->2252->2251->2247->2257->2240->2226->2237->2223->2220->2215->2235->2218->2214->2211->2202->2187->2178->2156->2183->2155->2154->2136->2130->2109->2098->2085->2072->2082->2069->2046->2038->2033->2030->2044->2028->2014->1968->1955->1902->1900->1895->1894->1893->1882->1872->1864->1869->1863->1860->1841->1840->1832->1827->1826->1814->1813->1807->1789->1806->1781->1779->1774->1784->1780->1778->1767->1766->1764->1763->1740->1736->1735->1731->1718->1713->1707->1697->1693->1689->1681->1677->1687->1672->1665->1673->1664->1655->1649->1640->1643->1637->1628->1610->1587->1579->1552->1550->1548->1547->1530->1537->1525->1524->1492->1490->1488->1495->1479->1486->1471->1465->1460->1430->1423->1406->1401->1391->1384->1380->1374->1373->1369->1359->1355->1344->1311->1301->1310->1298->1290->1281->1274->1270->1279->1277->1262->1257->1254->1234->1231->1219->1206->1212->1203->1194->1197->1177->1170->1153->1152->1149->1142->1134->1130->1125->1117->1113->1129->1111->1099->1089->1075->1069->1065->1064->1063->1051->1042->1039->1050->1037->1036->1027->1006->988->981->969->929->924->917->912->904->903->896->892->905->888->885->878->877->874->865->857->856->851->818->813->810->805->786->762->776->761->757->755->741->725->715->711->723->705->696->691->697->698->689->687->681->674->667->659->669->657->636->609->599->592->588->576->574->586->568->575->564->560->549->547->545->543->540->538->566->561->548->542->534->539->526->525->527->519->501->476->469->463->450->436->430->415->408->393->712->706->690->680->663->677->688->372->375->371->362->626->365->348->346->612->594->331->521->314->491->487->485->266->262->500->259->254->235->233->438->206->209->201->198->196->193->190->383->385->380->178->174->168->341->335->333->326->318->162->175->172->105->118->95->87->136->113->25->69->176->179->13->10->11->15->24->19->20->32->30->22->26->33->45->27->34->54->53->29->49->98->121->85->111->119->114->129->122->123->125->133->152->134->181->143->146->156->216->187->177->167->158->211->212->227->231->197->204->202->260->265->263->268->275->288->290->293->306->317->358->363->379->384->402->394->407->396->397->401->406->398->399->403->413->440->454->449->455->460->461->468->462->471->482->497->517->518->536->537->546->551->553->554->555->562->569->570->573->593->600->602->615->628->637->642->658->668->694->700->713->721->734->745->748->749->753->763->765->764->766->783->793->791->815->816->821->826->830->839->854->842->849->852->860->864->866->867->870->880->882->887->893->894->910->933->944->946->956->948->976->978->985->991->995->1017->1024->1031->1068->1071->1077->1079->1091->1100->1110->1120->1116->1122->1139->1167->1168->1173->1175->1189->1192->1199->1204->1182->1184->1193->1205->1210->1223->1229->1230->1241->1232->1237->1242->1244->1251->1269->1275->1278->1296->1322->1330->1348->1364->1353->1358->1366->1362->1368->1379->1381->1387->1390->1403->1417->1408->1434->1428->1453->1462->1463->1481->1497->1500->1502->1503->1508->1510->1512->1531->1522->1518->1528->1540->1542->1554->1555->1568->1576->1582->1583->1594->1586->1590->1600->1599->1618->1593->1601->1595->1607->1616->1620->1633->1641->1680->1688->2500->2476->2485,2485->2500
GA_ROUTE_EVOLUTION,N2500_PS_traffic_very_low_I1.dat,2500,7696,125,2491,2500,0.9,0.5,20.5,0.9,1,2490,0.2795000000000003,0.1348,0.027,10.63,17.614000000000015,16.770000000000017,1.6199999999999999,18.39000000000002,10.63,17.614000000000015,153477.127,2491->2493->2484->2487->2341->2478->2468->2448->2443->2458->2442->2426->2412->2401->2400->2395->2391->2379->2374->2370->2369->2372->2358->2390->2380->2363->2353->2350->2347->2340->2332->2328->2326->2320->2317->2300->2282->2268->2263->2256->2252->2251->2247->2244->2240->2226->2237->2220->2215->2235->2236->2218->2228->2214->2211->2202->2187->2178->2156->2170->2183->2155->2154->2130->2109->2098->2085->2072->2078->2082->2069->2046->2038->2033->2030->2044->2028->2014->1968->1955->1902->1900->1894->1893->1882->1872->1864->1869->1863->1860->1841->1840->1832->1827->1826->1814->1813->1807->1789->1806->1788->1781->1779->1774->1771->1784->1780->1778->1766->1764->1740->1736->1735->1731->1718->1713->1707->1693->1689->1681->1677->1672->1665->1673->1664->1655->1649->1640->1643->1637->1628->1625->1610->1587->1579->1552->1550->1548->1547->1530->1537->1525->1524->1492->1490->1488->1495->1479->1486->1471->1465->1460->1430->1423->1401->1391->1384->1386->1380->1374->1373->1369->1359->1355->1344->1311->1301->1310->1298->1290->1281->1274->1270->1279->1262->1257->1254->1252->1234->1231->1219->1206->1212->1203->1194->1197->1183->1177->1170->1153->1152->1149->1142->1134->1130->1125->1117->1113->1129->1111->1105->1099->1089->1075->1069->1065->1064->1063->1051->1042->1039->1050->1037->1036->1027->1006->988->981->969->961->929->924->917->912->907->904->903->896->892->905->888->885->878->877->874->865->861->857->856->851->818->813->810->812->805->786->762->761->757->755->741->725->715->711->723->705->696->691->697->698->689->687->681->674->667->659->669->657->636->609->599->592->588->576->574->586->568->575->581->560->549->547->545->543->540->538->561->548->542->534->539->526->524->522->527->519->501->476->469->463->450->437->727->726->720->430->408->393->387->372->375->371->362->626->348->346->558->559->314->523->296->500->259->254->457->441->438->233->232->230->420->219->229->217->228->410->201->198->392->390->383->385->183->178->174->335->341->338->163->175->105->110->115->52->51->50->82->81->102->218->220->11->15->18->24->19->20->26->22->30->32->45->27->34->54->29->49->121->98->67->85->111->100->119->114->129->122->123->125->133->134->181->143->194->184->189->146->216->223->187->177->166->158->173->212->227->231->197->199->204->202->260->265->263->275->288->290->293->297->306->317->358->363->379->384->402->394->407->396->397->401->406->398->399->403->413->440->454->449->455->460->461->468->471->482->495->497->517->518->536->537->546->551->553->554->555->562->569->570->573->593->600->602->615->628->637->642->658->668->694->700->713->721->734->745->748->749->753->763->765->764->766->783->784->791->815->816->821->826->830->839->854->849->852->860->864->866->867->870->880->882->889->887->893->894->910->933->944->946->956->976->978->985->991->995->1011->1017->1024->1031->1071->1077->1079->1091->1100->1110->1120->1116->1122->1139->1167->1168->1181->1175->1189->1178->1192->1180->1182->1184->1193->1205->1210->1223->1229->1230->1241->1232->1237->1242->1244->1251->1269->1275->1278->1296->1322->1330->1348->1364->1353->1358->1366->1362->1368->1385->1379->1382->1381->1387->1390->1403->1417->1434->1428->1453->1462->1463->1481->1497->1499->1500->1502->1503->1508->1510->1512->1531->1518->1528->1540->1542->1554->1555->1568->1576->1582->1583->1594->1586->1588->1599->1600->1618->1593->1601->1595->1604->1607->1616->1620->1630->1633->1641->1680->1688->1719->1739->1751->1755->1757->1776->1777->1798->1782->1791->1785->1818->1821->1823->1824->1857->1859->1861->1871->1890->1907->1906->1940->1941->1951->1969->1980->1978->1982->1986->1987->1991->1992->2002->2005->2013->2047->2050->2049->2065->2081->2096->2089->2110->2063->2071->2074->2077->2079->2099->2108->2100->2116->2118->2121->2134->2137->2148->2158->2169->2159->2174->2181->2195->2186->2196->2207->2204->2208->2212->2217->2229->2490,2490->2500
GA_ROUTE_EVOLUTION,N2500_PS_walking_distance_W025_I1.dat,2500,7696,125,2491,2500,0.9,0.25,20.5,0.9,1,2476,0.3194000000000009,0.1661,0.0332,8.29,19.869400000000052,19.164000000000055,1.992,21.156000000000056,8.29,19.869400000000052,119375.082,2491->2493->2487->2484->2341->2340->2332->2328->2326->2320->2317->2300->2282->2268->2263->2256->2252->2251->2247->2257->2240->2226->2237->2220->2215->2235->2236->2218->2228->2211->2202->2178->2156->2183->2155->2154->2136->2130->2109->2098->2085->2072->2082->2069->2046->2038->2033->2030->2044->2028->2014->1968->1955->1902->1895->1894->1893->1882->1872->1864->1869->1863->1860->1841->1840->1832->1827->1826->1814->1813->1807->1789->1806->1788->1781->1779->1774->1784->1780->1778->1767->1764->1740->1736->1735->1731->1718->1713->1707->1693->1689->1681->1677->1672->1665->1664->1655->1649->1640->1643->1637->1628->1610->1587->1579->1552->1550->1548->1547->1530->1537->1525->1524->1492->1490->1488->1495->1479->1486->1471->1465->1460->1430->1423->1401->1391->1384->1386->1380->1374->1373->1369->1359->1355->1344->1311->1301->1310->1298->1290->1281->1274->1270->1279->1277->1262->1257->1254->1234->1219->1206->1228->1203->1194->1197->1177->1170->1153->1152->1149->1142->1134->1130->1125->1117->1113->1129->1111->1099->1089->1075->1069->1065->1064->1063->1051->1042->1039->1050->1037->1036->1027->1006->988->981->969->961->929->924->917->912->904->903->896->892->905->888->885->878->877->874->865->857->856->851->818->813->810->805->786->762->761->757->755->725->715->711->723->705->696->691->697->689->687->681->674->667->661->659->657->636->609->599->592->588->576->574->586->568->575->581->560->549->547->545->543->540->538->566->561->532->542->534->824->792->772->759->747->508->501->737->476->469->463->450->436->430->415->408->714->712->706->387->372->375->633->635->348->626->366->344->558->314->491->266->262->466->456->457->206->209->201->198->196->193->190->383->385->380->178->174->335->338->164->326->318->162->175->172->105->108->51->50->48->47->77->75->359->8->4->17->18->12->24->19->20->32->45->27->34->54->29->49->121->98->94->67->85->111->119->114->122->123->125->133->152->134->181->143->194->189->216->187->195->166->158->170->173->185->197->199->204->202->260->265->263->275->288->290->293->297->306->317->358->363->379->384->394->407->396->397->401->406->398->399->403->413->440->454->449->455->460->461->468->471->482->497->517->518->536->537->546->551->553->554->555->562->569->570->573->593->600->602->615->628->637->642->658->668->694->700->709->713->721->734->745->748->749->753->763->764->766->783->784->791->815->816->822->821->826->830->839->854->842->849->852->860->864->866->875->867->870->880->882->887->893->894->910->933->944->946->948->976->978->985->991->995->1011->1017->1024->1031->1068->1071->1077->1079->1091->1100->1110->1120->1122->1139->1167->1168->1181->1173->1175->1178->1189->1191->1192->1180->1182->1184->1193->1205->1210->1223->1229->1230->1241->1232->1237->1242->1244->1251->1269->1275->1278->1296->1322->1330->1348->1364->1353->1358->1361->1366->1362->1368->1385->1379->1381->1387->1390->1403->1417->1434->1426->1428->1453->1462->1463->1481->1497->1500->1502->1503->1508->1510->1512->1531->1521->1522->1518->1528->1540->1542->1554->1555->1568->1576->1582->1583->1594->1586->1588->1590->1600->1618->1593->1601->1595->1607->1616->1620->1630->1633->1641->1680->1688->1719->1739->1751->1755->1757->1776->1777->1794->1798->1782->1785->1818->1834->1821->1823->1824->1857->1859->1877->1861->1871->1890->1907->1906->1940->1941->1951->1969->1980->1978->1982->1987->1991->1992->2002->2005->2013->2047->2049->2050->2059->2063->2071->2074->2077->2079->2099->2100->2116->2118->2121->2134->2137->2148->2158->2169->2159->2171->2174->2181->2186->2196->2207->2204->2208->2212->2217->2229->2417->2418->2422->2425->2455->2430->2439->2441->2451->2452->2456->2473->2461->2466->2476,2476->2500
GA_ROUTE_EVOLUTION,N2500_PS_walking_distance_W050_I1.dat,2500,7696,125,2491,2500,0.9,0.5,20.5,0.9,1,2473,0.3168000000000008,0.2088,0.0418,13.15,20.679400000000044,19.00800000000005,2.508,21.516000000000048,13.15,20.679400000000044,132498.462,2491->2487->2484->2481->2478->2468->2448->2443->2458->2442->2426->2412->2401->2400->2404->2391->2395->2379->2374->2370->2369->2372->2358->2390->2380->2363->2350->2347->2340->2332->2328->2326->2320->2317->2305->2311->2300->2282->2268->2263->2256->2252->2251->2247->2257->2244->2240->2226->2237->2223->2220->2235->2236->2218->2214->2211->2202->2178->2156->2170->2155->2154->2136->2130->2109->2098->2085->2072->2082->2069->2046->2038->2033->2030->2044->2028->2014->1968->1955->1902->1895->1894->1893->1882->1872->1864->1869->1863->1860->1841->1840->1832->1827->1826->1814->1813->1807->1789->1788->1781->1779->1774->1771->1784->1780->1778->1766->1764->1740->1736->1735->1731->1718->1713->1707->1697->1693->1681->1677->1672->1665->1673->1664->1655->1649->1640->1643->1637->1628->1610->1587->1579->1552->1550->1548->1547->1530->1537->1525->1492->1490->1488->1495->1479->1486->1471->1469->1465->1460->1430->1423->1406->1401->1391->1384->1386->1380->1374->1373->1369->1359->1355->1344->1311->1301->1310->1298->1290->1281->1274->1270->1279->1262->1257->1254->1252->1234->1231->1219->1206->1228->1203->1194->1197->1177->1170->1153->1152->1149->1142->1134->1130->1125->1117->1113->1129->1111->1099->1089->1075->1069->1065->1064->1063->1051->1042->1039->1050->1037->1036->1027->1006->988->981->969->961->929->924->917->912->904->903->896->892->905->888->885->878->877->874->865->861->857->856->851->813->810->805->786->762->761->757->755->741->725->715->711->708->705->696->691->697->689->687->681->674->667->661->659->669->657->636->609->599->592->588->576->574->586->568->575->581->560->549->547->545->543->540->566->538->561->532->542->530->539->526->524->525->527->519->501->476->469->463->450->439->437->436->430->422->415->408->393->706->690->680->373->356->350->353->633->635->348->346->594->329->324->516->529->314->309->298->500->259->262->466->458->464->456->457->441->451->206->410->409->404->198->196->193->392->390->383->385->183->178->174->335->341->333->326->316->169->175->105->108->51->50->82->176->171->68->91->36->25->31->113->21->23->35->63->150->145->369->359->12->18->24->19->20->28->22->30->33->45->27->34->54->29->89->49->121->94->67->85->111->100->119->114->122->123->125->133->134->181->191->184->194->143->146->216->156->187->177->167->158->170->211->212->224->231->227->185->192->199->204->202->260->265->263->275->288->290->293->297->306->317->358->363->379->384->402->394->407->396->397->401->406->398->403->413->440->449->455->460->461->462->468->471->482->497->517->518->537->546->551->553->554->555->562->569->570->573->593->600->602->615->628->637->642->658->668->694->700->709->713->721->734->745->748->749->753->763->765->764->766->783->793->791->815->816->821->826->830->839->854->849->852->860->864->866->867->870->880->882->887->893->894->910->933->944->946->956->976->978->985->991->995->1017->1024->1031->1068->1071->1077->1079->1091->1100->1110->1120->1122->1139->1167->1168->1173->1175->1189->1191->1199->1204->1182->1184->1193->1205->1210->1223->1229->1230->1241->1232->1237->1242->1244->1251->1269->1275->1278->1296->1322->1330->1348->1364->1353->1358->1366->1362->1368->1385->1379->1381->1387->1390->1403->1417->1434->1428->1453->1462->1463->1481->1497->1500->1502->1503->1508->1510->1512->1521->1522->1518->1528->1540->1542->1554->1555->1568->1576->1582->1583->1594->1586->1590->1599->1600->1618->1593->1601->1595->1607->1616->1620->1633->1641->1680->1688->1719->1739->1751->1755->1757->1776->1777->1794->1798->1782->1785->1818->1834->1821->1823->1824->1857->1859->1861->1871->1875->1890->1907->1906->1940->1941->1951->1969->1980->1978->1982->1987->1991->2001->2002->2005->2013->2047->2049->2065->2081->2059->2063->2071->2074->2077->2079->2099->2108->2100->2116->2118->2121->2134->2137->2148->2158->2169->2159->2174->2181->2186->2196->2204->2208->2212->2217->2229->2441->2451->2452->2456->2473,2473->2500
GA_ROUTE_EVOLUTION,N2500_PS_walking_distance_W075_I1.dat,2500,7696,125,2491,2500,0.9,0.75,20.5,0.9,1,2425,0.308200000000001,0.3145,0.0629,8.84,20.923400000000054,18.492000000000058,3.774,22.26600000000006,8.84,20.923400000000054,157236.03,2491->2487->2484->2481->2478->2341->2328->2326->2320->2317->2300->2282->2268->2263->2256->2252->2251->2247->2257->2240->2226->2237->2220->2215->2235->2218->2228->2214->2211->2202->2187->2178->2156->2170->2155->2154->2130->2109->2098->2085->2072->2078->2082->2069->2046->2038->2033->2030->2044->2028->2017->2014->1968->1955->1902->1910->1900->1894->1893->1882->1872->1864->1869->1863->1860->1841->1840->1832->1827->1826->1814->1813->1807->1789->1806->1788->1781->1779->1774->1784->1780->1778->1767->1764->1740->1736->1735->1731->1718->1713->1707->1693->1689->1681->1677->1702->1687->1672->1665->1673->1664->1655->1649->1643->1637->1628->1625->1610->1587->1579->1552->1550->1548->1530->1537->1525->1492->1490->1488->1495->1479->1486->1471->1465->1460->1430->1423->1406->1401->1391->1384->1380->1374->1373->1369->1359->1355->1344->1311->1301->1310->1298->1290->1281->1274->1270->1279->1262->1257->1254->1252->1219->1206->1212->1203->1194->1197->1183->1177->1170->1153->1152->1149->1142->1134->1130->1125->1117->1113->1129->1111->1099->1089->1075->1069->1065->1064->1063->1051->1055->1042->1039->1050->1037->1036->1027->1006->988->981->969->961->929->924->917->912->907->904->903->896->892->905->888->885->878->877->874->865->861->857->856->851->818->813->810->812->805->786->762->776->757->755->725->715->711->723->705->696->691->697->698->689->687->695->681->674->667->661->659->669->657->636->609->599->592->588->576->574->586->568->575->564->560->549->547->545->543->540->538->561->548->542->530->539->526->524->525->527->508->501->476->469->463->450->436->726->720->714->712->706->690->680->373->362->626->625->349->344->558->314->520->309->321->324->516->509->289->296->298->500->259->254->235->438->206->410->198->196->193->190->183->178->380->370->168->341->338->163->162->155->108->61->52->112->124->107->96->105->95->87->136->113->35->63->23->21->1->5->6->10->11->4->8->12->24->19->28->22->30->34->54->29->89->49->85->111->119->114->129->122->123->125->133->134->181->191->184->194->189->146->156->187->223->211->158->170->173->185->192->231->197->204->202->260->265->263->268->275->288->290->293->306->317->358->363->379->384->394->407->396->397->401->406->398->403->413->440->454->449->453->455->460->468->471->482->497->517->518->536->537->546->551->553->554->555->562->569->570->573->593->600->602->615->628->637->642->658->668->694->700->713->721->734->745->748->749->753->763->764->766->783->793->791->815->816->822->821->826->830->839->854->842->849->852->860->864->866->875->867->870->880->882->887->893->894->910->933->944->946->956->976->978->985->991->995->1017->1024->1031->1068->1071->1077->1079->1091->1100->1110->1120->1116->1122->1139->1167->1168->1173->1175->1178->1192->1180->1204->1182->1184->1193->1205->1210->1223->1229->1230->1241->1232->1237->1242->1244->1251->1269->1275->1278->1296->1322->1330->1348->1364->1353->1358->1361->1366->1362->1368->1379->1382->1387->1390->1403->1417->1434->1428->1453->1462->1463->1481->1497->1499->1500->1502->1503->1508->1510->1512->1531->1518->1528->1540->1542->1554->1555->1568->1576->1582->1583->1594->1586->1590->1599->1618->1593->1601->1604->1607->1616->1620->1630->1633->1641->1680->1688->1719->1739->1751->1755->1757->1776->1777->1798->1782->1785->1818->1834->1821->1823->1824->1857->1861->1871->1890->1907->1906->1940->1941->1951->1969->1980->1978->1982->1987->1991->1992->2001->2002->2005->2013->2047->2050->2049->2065->2081->2059->2063->2071->2074->2077->2079->2099->2108->2100->2116->2118->2121->2134->2137->2148->2158->2169->2159->2171->2174->2181->2186->2196->2207->2204->2208->2212->2217->2229->2441->2439->2430->2455->2425,2425->2500
GA_ROUTE_EVOLUTION,N2500_PS_walking_distance_W100_I1.dat,2500,7696,125,2491,2500,0.9,1.0,20.5,0.9,1,2441,0.3208000000000009,0.2683,0.0537,9.34,21.157000000000053,19.248000000000054,3.222,22.470000000000056,9.34,21.157000000000053,135804.646,2491->2487->2484->2341->2332->2328->2326->2320->2317->2305->2311->2300->2282->2268->2263->2256->2252->2251->2247->2244->2240->2226->2237->2223->2220->2235->2236->2218->2228->2211->2202->2178->2156->2170->2183->2155->2154->2130->2109->2098->2085->2072->2082->2078->2069->2046->2038->2033->2030->2044->2028->2017->2014->1968->1955->1902->1910->1894->1893->1882->1872->1864->1869->1863->1860->1841->1840->1832->1827->1826->1814->1813->1807->1789->1788->1806->1781->1779->1774->1771->1784->1780->1778->1767->1766->1764->1763->1740->1736->1735->1731->1718->1713->1707->1693->1681->1677->1702->1687->1672->1665->1673->1664->1655->1649->1643->1637->1628->1610->1587->1579->1552->1550->1548->1530->1537->1525->1524->1492->1490->1488->1495->1479->1486->1471->1469->1465->1460->1430->1423->1406->1401->1391->1384->1386->1380->1374->1373->1369->1359->1355->1344->1311->1301->1310->1298->1290->1281->1274->1270->1279->1262->1257->1254->1234->1231->1219->1206->1228->1203->1194->1197->1183->1177->1170->1153->1152->1149->1142->1134->1130->1125->1117->1113->1129->1111->1099->1089->1075->1069->1065->1064->1063->1051->1055->1042->1039->1050->1037->1036->1027->1006->988->981->969->929->924->917->912->904->903->896->892->905->888->885->878->877->874->865->857->856->851->818->813->810->812->805->786->762->776->757->755->741->725->715->711->723->705->696->691->697->698->689->687->681->674->667->659->669->657->636->609->599->592->588->576->574->586->568->575->581->560->549->547->545->543->540->566->538->561->532->548->542->530->539->526->525->527->522->508->501->476->469->463->731->739->727->437->439->450->436->430->422->415->408->393->387->372->375->633->631->623->365->348->346->349->366->344->558->314->535->514->516->509->289->284->500->259->254->235->233->232->230->229->217->420->424->206->210->410->198->392->193->190->183->178->174->339->370->168->164->163->338->341->333->326->318->162->155->169->153->147->137->107->83->76->136->113->46->36->25->31->69->176->171->148->145->369->226->257->269->248->253->367->26->33->32->45->27->34->54->53->89->98->94->67->85->111->100->119->114->129->122->123->125->133->152->134->181->191->184->189->146->156->187->195->166->158->173->185->192->197->199->204->202->260->265->263->275->288->290->293->306->317->358->363->379->384->394->407->396->397->401->406->398->399->403->413->440->454->449->453->455->460->468->462->471->482->497->517->518->536->537->546->551->553->554->555->562->569->570->573->593->600->602->615->628->637->642->658->668->694->700->709->713->721->734->745->748->749->753->763->765->764->766->783->793->791->815->816->821->826->830->839->854->842->849->852->860->864->876->866->875->867->870->880->882->889->887->893->894->910->933->944->946->956->948->976->978->985->991->995->1017->1024->1031->1068->1071->1077->1079->1091->1100->1110->1120->1122->1139->1167->1168->1181->1175->1178->1192->1180->1204->1182->1184->1193->1205->1210->1223->1229->1230->1241->1232->1237->1242->1244->1251->1269->1275->1278->1296->1322->1330->1348->1364->1353->1358->1361->1362->1368->1385->1379->1381->1387->1390->1403->1417->1434->1426->1428->1453->1462->1463->1481->1497->1500->1502->1503->1508->1510->1512->1531->1521->1522->1518->1528->1540->1542->1554->1555->1568->1576->1582->1583->1594->1586->1588->1590->1600->1618->1593->1601->1595->1607->1616->1620->1633->1641->1680->1688->1719->1739->1751->1755->1757->1776->1777->1794->1798->1782->1791->1785->1818->1834->1821->1823->1824->1857->1859->1877->1861->1871->1875->1890->1907->1906->1940->1941->1951->1969->1980->1978->1982->1986->1987->1991->1992->2002->2005->2013->2047->2049->2065->2081->2096->2110->2063->2071->2074->2077->2079->2099->2108->2100->2116->2118->2121->2134->2137->2148->2158->2169->2171->2159->2174->2181->2195->2186->2196->2207->2204->2208->2212->2217->2229->2452->2451->2441,2441->2500
GA_ROUTE_EVOLUTION,N2500_C1_I1.dat,2500,7696,125,2491,2500,0.9,0.5,20.5,0.9,1,2473,0.3168000000000008,0.2088,0.0418,13.15,20.679400000000044,19.00800000000005,2.508,21.516000000000048,13.15,20.679400000000044,132013.173,2491->2487->2484->2481->2478->2468->2448->2443->2458->2442->2426->2412->2401->2400->2404->2391->2395->2379->2374->2370->2369->2372->2358->2390->2380->2363->2350->2347->2340->2332->2328->2326->2320->2317->2305->2311->2300->2282->2268->2263->2256->2252->2251->2247->2257->2244->2240->2226->2237->2223->2220->2235->2236->2218->2214->2211->2202->2178->2156->2170->2155->2154->2136->2130->2109->2098->2085->2072->2082->2069->2046->2038->2033->2030->2044->2028->2014->1968->1955->1902->1895->1894->1893->1882->1872->1864->1869->1863->1860->1841->1840->1832->1827->1826->1814->1813->1807->1789->1788->1781->1779->1774->1771->1784->1780->1778->1766->1764->1740->1736->1735->1731->1718->1713->1707->1697->1693->1681->1677->1672->1665->1673->1664->1655->1649->1640->1643->1637->1628->1610->1587->1579->1552->1550->1548->1547->1530->1537->1525->1492->1490->1488->1495->1479->1486->1471->1469->1465->1460->1430->1423->1406->1401->1391->1384->1386->1380->1374->1373->1369->1359->1355->1344->1311->1301->1310->1298->1290->1281->1274->1270->1279->1262->1257->1254->1252->1234->1231->1219->1206->1228->1203->1194->1197->1177->1170->1153->1152->1149->1142->1134->1130->1125->1117->1113->1129->1111->1099->1089->1075->1069->1065->1064->1063->1051->1042->1039->1050->1037->1036->1027->1006->988->981->969->961->929->924->917->912->904->903->896->892->905->888->885->878->877->874->865->861->857->856->851->813->810->805->786->762->761->757->755->741->725->715->711->708->705->696->691->697->689->687->681->674->667->661->659->669->657->636->609->599->592->588->576->574->586->568->575->581->560->549->547->545->543->540->566->538->561->532->542->530->539->526->524->525->527->519->501->476->469->463->450->439->437->436->430->422->415->408->393->706->690->680->373->356->350->353->633->635->348->346->594->329->324->516->529->314->309->298->500->259->262->466->458->464->456->457->441->451->206->410->409->404->198->196->193->392->390->383->385->183->178->174->335->341->333->326->316->169->175->105->108->51->50->82->176->171->68->91->36->25->31->113->21->23->35->63->150->145->369->359->12->18->24->19->20->28->22->30->33->45->27->34->54->29->89->49->121->94->67->85->111->100->119->114->122->123->125->133->134->181->191->184->194->143->146->216->156->187->177->167->158->170->211->212->224->231->227->185->192->199->204->202->260->265->263->275->288->290->293->297->306->317->358->363->379->384->402->394->407->396->397->401->406->398->403->413->440->449->455->460->461->462->468->471->482->497->517->518->537->546->551->553->554->555->562->569->570->573->593->600->602->615->628->637->642->658->668->694->700->709->713->721->734->745->748->749->753->763->765->764->766->783->793->791->815->816->821->826->830->839->854->849->852->860->864->866->867->870->880->882->887->893->894->910->933->944->946->956->976->978->985->991->995->1017->1024->1031->1068->1071->1077->1079->1091->1100->1110->1120->1122->1139->1167->1168->1173->1175->1189->1191->1199->1204->1182->1184->1193->1205->1210->1223->1229->1230->1241->1232->1237->1242->1244->1251->1269->1275->1278->1296->1322->1330->1348->1364->1353->1358->1366->1362->1368->1385->1379->1381->1387->1390->1403->1417->1434->1428->1453->1462->1463->1481->1497->1500->1502->1503->1508->1510->1512->1521->1522->1518->1528->1540->1542->1554->1555->1568->1576->1582->1583->1594->1586->1590->1599->1600->1618->1593->1601->1595->1607->1616->1620->1633->1641->1680->1688->1719->1739->1751->1755->1757->1776->1777->1794->1798->1782->1785->1818->1834->1821->1823->1824->1857->1859->1861->1871->1875->1890->1907->1906->1940->1941->1951->1969->1980->1978->1982->1987->1991->2001->2002->2005->2013->2047->2049->2065->2081->2059->2063->2071->2074->2077->2079->2099->2108->2100->2116->2118->2121->2134->2137->2148->2158->2169->2159->2174->2181->2186->2196->2204->2208->2212->2217->2229->2441->2451->2452->2456->2473,2473->2500
GA_ROUTE_EVOLUTION,N2500_C2_I1.dat,2500,8528,125,2491,2500,0.9,0.5,20.5,0.9,1,2461,0.1793,0.1953,0.0391,9.15,12.708599999999999,10.758,2.346,13.104,9.15,12.708599999999999,76172.593,2491->2493->2487->2484->2481->2478->2468->2448->2443->2458->2442->2426->2412->2401->2400->2404->2391->2379->2374->2370->2369->2372->2028->1673->1665->1672->1687->1702->1677->1681->1689->1311->1027->1036->1037->681->687->689->362->175->26->455->453->449->454->440->413->403->749->748->1092->1100->1110->1462->1463->1481->1497->1499->1821->1834->1818->2186->2485->2476->2466->2461,2461->2500
GA_ROUTE_EVOLUTION,N2500_C3_I1.dat,2500,7892,223,2491,2500,0.9,0.5,20.5,0.9,1,2461,0.8853000000000003,0.1953,0.0391,9.15,2.8225729924772733,53.118000000000016,2.346,55.46400000000001,9.15,50.83260000000001,71968.664,2491->2341->2332->2328->2326->2320->2317->2305->2300->2282->2268->2263->2256->2252->2251->2247->2257->2240->2226->2237->2220->2215->2235->2236->2218->2228->2211->2202->2187->2178->2156->2183->2170->2155->2154->2130->2109->2098->2085->2072->2078->2069->2046->2038->2033->2030->2044->2028->2014->1968->1955->1902->1910->1900->1894->1893->1882->1872->1864->1869->1863->1860->1841->1840->1832->1827->1826->1814->1813->1807->1789->1788->1806->1781->1779->1774->1771->1784->1780->1778->1766->1764->1740->1736->1735->1731->1718->1713->1707->1697->1693->1689->1681->1677->1672->1665->1673->1664->1655->1649->1643->1637->1628->1610->1587->1579->1552->1550->1548->1547->1530->1537->1525->1492->1490->1488->1495->1479->1486->1471->1469->1465->1460->1430->1423->1401->1391->1384->1380->1374->1373->1369->1359->1355->1344->1311->1301->1310->1298->1290->1281->1274->1270->1279->1277->1262->1257->1254->1234->1219->1206->1228->1203->1194->1197->1177->1170->1153->1152->1149->1142->1134->1130->1125->1117->1113->1129->1111->1099->1089->1075->1069->1065->1064->1063->1051->1042->1039->1050->1037->1036->1027->1006->988->981->969->961->929->924->917->912->904->903->896->892->905->888->885->878->877->874->865->857->856->851->813->810->812->805->786->762->761->757->755->741->725->715->711->708->705->696->691->697->689->687->695->681->674->667->661->659->657->636->609->599->592->588->576->574->586->568->575->581->564->560->549->547->545->543->540->566->561->532->542->534->530->539->526->525->527->508->501->476->469->463->467->744->739->727->726->720->422->415->408->393->387->381->372->375->633->635->626->625->606->616->603->614->612->337->521->314->321->309->298->535->523->509->493->284->266->500->259->254->235->233->232->244->424->206->209->201->198->409->410->404->392->196->193->190->183->178->174->335->341->338->164->163->175->105->96->107->124->112->52->57->80->126->41->62->59->82->81->55->44->75->102->103->218->215->182->9->10->13->14->15->24->19->20->28->22->30->34->54->29->89->49->85->100->111->119->114->129->122->123->125->133->134->181->143->194->189->216->223->195->166->158->170->211->212->173->185->192->199->204->202->260->265->263->275->288->290->293->297->306->317->358->363->379->384->402->394->407->396->397->401->406->398->399->403->413->440->454->449->453->455->460->468->471->482->495->497->517->518->536->537->546->551->553->554->555->562->569->570->573->593->600->602->615->628->637->642->658->668->694->700->709->713->721->734->745->748->749->753->763->765->764->766->783->793->784->791->815->816->822->821->826->830->839->842->849->852->860->864->866->875->867->870->880->882->887->893->894->910->933->944->946->948->976->978->985->991->995->1017->1024->1031->1068->1071->1077->1079->1091->1100->1110->2500->2461,2461->2500
GA_ROUTE_EVOLUTION,N2500_C4_I1.dat,2500,7696,125,2491,2500,0.9,1.0,20.5,0.9,1,2461,0.32590000000000124,0.1953,0.0391,9.15,0.8879157608832104,19.554000000000073,2.346,21.900000000000073,9.15,20.625000000000064,67820.039,2491->2487->2484->2481->2478->2468->2448->2443->2458->2442->2426->2412->2401->2400->2395->2391->2379->2374->2370->2369->2372->2390->2380->2363->2350->2347->2340->2332->2341->2328->2326->2320->2317->2305->2311->2300->2282->2268->2263->2256->2252->2251->2247->2244->2240->2226->2237->2223->2220->2235->2236->2218->2228->2211->2202->2178->2156->2170->2155->2154->2130->2109->2098->2085->2072->2078->2082->2069->2046->2038->2033->2030->2044->2028->2014->1968->1955->1902->1895->1894->1893->1882->1872->1864->1869->1863->1860->1841->1840->1832->1827->1826->1814->1813->1807->1789->1788->1781->1779->1774->1771->1784->1780->1778->1767->1766->1764->1740->1736->1735->1731->1718->1713->1707->1697->1693->1681->1677->1672->1665->1664->1655->1649->1640->1643->1637->1628->1610->1587->1579->1552->1550->1548->1530->1537->1525->1524->1492->1490->1488->1495->1479->1486->1471->1465->1460->1430->1423->1406->1401->1391->1384->1386->1380->1374->1373->1369->1359->1355->1344->1311->1301->1310->1298->1290->1281->1274->1270->1279->1262->1257->1254->1234->1231->1219->1206->1212->1228->1203->1194->1197->1183->1177->1170->1153->1152->1149->1142->1134->1130->1125->1117->1113->1129->1111->1099->1089->1075->1069->1065->1064->1063->1051->1055->1042->1039->1050->1037->1036->1027->1006->988->981->969->929->924->917->912->904->903->896->892->905->888->885->878->877->874->865->861->857->856->851->818->813->810->805->786->762->761->757->755->725->715->711->723->705->696->691->697->698->689->687->681->674->667->659->669->657->636->609->599->592->588->576->574->586->568->575->564->581->560->549->547->545->543->540->566->561->532->542->534->824->792->772->525->526->524->522->527->519->501->476->469->463->731->744->739->450->436->430->415->408->393->712->706->690->387->372->375->633->635->348->346->349->366->344->558->559->577->324->329->331->521->520->514->523->296->500->259->254->235->233->232->230->244->424->206->418->409->404->410->209->201->198->196->390->383->380->339->338->164->163->162->155->108->105->115->120->117->142->124->107->96->60->50->82->81->77->75->359->24->19->20->26->33->27->34->54->29->49->98->94->67->85->111->119->114->122->123->125->133->152->134->181->191->184->189->146->156->166->158->173->212->227->224->231->192->204->202->260->265->263->268->275->288->290->293->297->306->317->358->363->379->384->402->394->407->396->397->401->406->398->403->413->440->454->449->455->460->468->471->482->497->517->518->537->546->551->553->554->555->562->569->570->573->593->600->602->615->628->637->642->658->668->694->700->709->713->721->734->745->748->749->753->763->764->766->783->784->791->815->816->822->821->826->830->839->842->849->852->860->864->876->866->867->870->880->882->887->893->894->910->933->944->946->956->948->976->978->985->991->995->1017->1024->1031->1071->1077->1079->1091->1092->1100->1110->1120->1122->1139->1167->1168->1173->1175->1178->1189->1191->1199->1204->1182->1184->1193->1205->1210->1223->1229->1230->1241->1232->1237->1242->1244->1251->1269->1275->1278->1296->1322->1330->1348->1364->1353->1358->1366->1362->1368->1379->1382->1381->1387->1390->1403->1417->1434->1426->1428->1453->1462->1463->1481->1497->1500->1502->1503->1508->1510->1512->1531->1518->1528->1540->1542->1554->1555->1568->1576->1582->1583->1594->1586->1590->1600->1618->1593->1601->1595->1607->1616->1620->1630->1633->1641->1680->1688->1719->1739->1751->1755->1757->1776->1777->1798->1782->1785->1818->1821->1823->1824->1857->1859->1877->1861->1871->1890->1907->1906->1940->1941->1951->1969->1980->1978->1982->1987->1991->2001->2002->2005->2013->2047->2050->2065->2081->2089->2096->2110->2063->2071->2074->2077->2079->2099->2108->2100->2116->2118->2121->2134->2137->2148->2158->2169->2171->2174->2181->2195->2186->2196->2207->2204->2208->2212->2217->2229->2485->2476->2466->2461,2461->2500
GA_ROUTE_EVOLUTION,N2500_C5_I1.dat,2500,7696,125,2491,2500,0.9,0.5,20.5,0.9,1,2441,0.4850000000000009,0.2683,0.0537,9.34,1.3148608533135353,29.10000000000005,3.222,32.32200000000005,9.34,30.023800000000048,75170.678,2491->2493->2484->2481->2478->2468->2448->2443->2458->2442->2426->2412->2401->2400->2395->2391->2379->2374->2370->2369->2385->2372->2390->2380->2363->2353->2350->2347->2340->2332->2341->2328->2326->2320->2317->2305->2311->2300->2282->2268->2263->2256->2252->2251->2247->2244->2240->2226->2237->2223->2220->2235->2218->2228->2211->2202->2187->2178->2156->2183->2155->2154->2130->2109->2098->2085->2072->2078->2069->2046->2038->2033->2030->2044->2028->2014->1968->1955->1902->1895->1900->1894->1893->1882->1872->1864->1869->1863->1860->1841->1840->1832->1827->1826->1814->1813->1807->1789->1788->1781->1779->1774->1784->1780->1778->1767->1766->1764->1763->1740->1736->1735->1731->1718->1713->1707->1693->1681->1677->1687->1672->1665->1673->1664->1655->1649->1640->1643->1637->1628->1625->1610->1587->1579->1552->1550->1548->1530->1537->1525->1524->1492->1490->1488->1495->1479->1486->1471->1469->1465->1460->1430->1423->1406->1401->1391->1384->1380->1374->1373->1369->1359->1355->1344->1311->1301->1310->1298->1290->1281->1274->1270->1279->1277->1262->1257->1254->1234->1231->1219->1206->1212->1228->1203->1194->1197->1183->1177->1170->1153->1152->1149->1142->1134->1130->1125->1117->1113->1129->1111->1099->1089->1075->1069->1065->1064->1063->1051->1055->1042->1039->1050->1037->1036->1027->1006->988->981->969->929->924->917->912->904->903->896->892->905->888->885->878->877->874->865->861->857->856->851->813->810->805->786->762->761->757->755->725->715->711->708->705->696->691->697->698->689->687->681->674->667->659->669->657->636->609->599->592->588->576->574->586->568->575->564->581->560->549->547->545->543->540->538->566->561->532->542->534->539->526->524->522->508->501->476->469->463->450->437->436->726->720->714->712->706->690->387->372->375->633->635->626->366->587->329->324->516->314->509->493->491->487->500->299->298->296->289->284->266->262->259->254->457->441->438->425->424->232->230->420->217->228->410->209->201->198->392->196->193->190->380->178->174->335->338->164->163->175->105->95->87->99->83->76->97->93->157->154->200->261->252->221->220->11->10->6->2->3->7->14->16->17->18->12->8->359->24->19->28->20->26->30->34->54->29->53->89->49->121->94->67->85->111->119->114->122->123->125->133->134->181->143->146->156->166->195->223->187->177->167->158->211->212->227->185->192->197->204->202->260->265->263->275->288->290->293->306->317->358->363->379->384->402->394->407->396->397->401->406->398->399->403->413->440->449->455->460->461->468->471->482->497->517->518->536->537->546->551->553->554->555->562->569->570->573->593->600->602->615->628->637->642->658->668->694->700->713->721->734->745->748->749->753->763->764->766->783->784->791->815->816->821->826->830->839->854->842->849->852->860->864->866->867->870->880->882->887->893->894->910->933->944->946->948->976->978->985->991->995->1011->1017->1024->1031->1071->1077->1079->1091->1100->1110->1120->1122->1139->1167->1168->1173->1175->1189->1192->1204->1180->1182->1184->1193->1205->1210->1223->1229->1230->1241->1232->1237->1242->1244->1251->1269->1275->1278->1296->1322->1330->1348->1364->1353->1358->1366->1362->1368->1379->1382->1381->1387->1390->1403->1417->1408->1426->1428->1453->1462->1463->1481->1497->1500->1502->1503->1508->1510->1512->1531->1518->1528->1540->1542->1554->1555->1568->1576->1582->1583->1594->1586->1590->1599->1618->1593->1601->1604->1607->1616->1620->1630->1633->1641->1680->1688->1719->1739->1751->1755->1757->1776->1777->1798->1782->1785->1818->1834->1821->1823->1824->1857->1859->1877->1861->1871->1890->1907->1906->1940->1941->1951->1969->1980->1978->1982->1986->1987->1991->2001->1992->2002->2005->2013->2047->2049->2065->2081->2096->2089->2110->2063->2071->2074->2077->2079->2099->2108->2100->2116->2118->2121->2134->2137->2148->2158->2169->2159->2171->2174->2181->2195->2186->2196->2204->2208->2212->2217->2229->2441,2441->2500
GA_ROUTE_EVOLUTION,N2500_C6_I1.dat,2500,7696,125,2491,2500,0.9,0.5,20.5,0.9,1,2466,1.2497000000000011,0.1871,0.0374,13.93,1.7056491660289779,74.98200000000007,2.244,77.22600000000007,13.93,70.89640000000007,54368.104,2491->2341->2340->2332->2328->2326->2320->2317->2300->2282->2268->2263->2256->2252->2251->2247->2244->2257->2240->2226->2237->2223->2220->2215->2235->2218->2228->2211->2202->2187->2178->2156->2170->2183->2155->2154->2130->2109->2098->2085->2072->2078->2069->2046->2038->2033->2030->2044->2028->2017->2014->1968->1955->1902->1895->1900->1910->1894->1893->1882->1872->1864->1869->1863->1860->1841->1840->1832->1827->1826->1814->1813->1807->1789->1788->1781->1779->1774->1784->1780->1778->1767->1764->1763->1740->1736->1735->1731->1718->1713->1707->1693->1689->1681->1677->1672->1665->1664->1655->1649->1640->1643->1637->1628->1610->1587->1579->1552->1550->1548->1530->1537->1525->1492->1490->1488->1495->1479->1486->1471->1469->1465->1460->1430->1423->1406->1401->1391->1384->1380->1374->1373->1369->1359->1355->1344->1311->1301->1310->1298->1290->1281->1274->1270->1279->1277->1262->1257->1254->1252->1219->1206->1212->1228->1203->1194->1197->1177->1170->1153->1152->1149->1142->1134->1130->1125->1117->1113->1129->1111->1099->1089->1075->1069->1065->1064->1063->1051->1055->1042->1039->1050->1037->1036->1027->1006->988->981->969->929->924->917->912->907->904->903->896->892->905->888->885->878->877->874->865->857->856->851->813->810->805->786->762->776->761->757->755->741->725->715->711->708->705->696->691->697->689->687->681->674->667->661->659->669->657->636->609->599->592->588->576->574->586->568->575->581->560->549->547->545->543->540->538->566->561->532->548->542->530->534->824->792->772->747->737->476->469->463->467->744->739->727->437->439->450->436->430->408->393->387->381->372->375->633->623->348->346->558->314->309->298->500->492->266->284->493->491->487->485->479->475->458->464->466->456->457->441->451->206->420->418->409->198->196->390->383->385->380->178->174->168->164->163->162->172->169->155->108->61->60->48->78->81->77->69->31->25->36->113->35->23->21->1->182->171->148->150->145->369->359->18->12->24->19->28->20->26->30->34->54->29->53->89->49->85->111->100->119->114->129->122->123->125->133->134->181->191->184->189->216->187->195->211->158->173->185->197->192->204->202->260->263->268->275->288->290->293->297->306->317->358->363->379->384->394->407->396->397->401->406->398->403->413->440->449->455->460->468->462->471->482->495->497->517->518->536->537->546->551->553->555->562->569->570->573->593->600->602->615->628->637->642->658->668->694->700->713->721->734->745->748->749->753->763->765->764->766->783->793->791->815->816->821->826->830->839->842->854->849->852->860->864->866->875->867->870->880->882->887->893->894->910->933->944->946->956->976->978->985->991->995->1011->1017->1024->1031->1071->1077->1079->1091->1100->1110->1120->1116->1122->1139->1167->1168->1181->1175->1178->1192->1204->1180->1182->1184->1193->1205->1210->1223->1229->1230->1241->1232->1237->1242->1244->1251->1269->1275->1278->1296->1322->1330->1348->1364->1353->1358->1366->1362->1368->1385->1379->1381->1387->1390->1403->1417->1408->1426->1428->1453->1462->1463->1481->1497->1500->1502->1503->1508->1510->1512->1531->1522->1518->1528->1540->1542->1554->1555->1568->1576->1582->1583->1594->1586->1590->1599->1600->1618->1593->1601->1604->1607->1616->1620->1630->1633->1641->2500->2466,2466->2500
GA_ROUTE_EVOLUTION,N2500_C7_I1.dat,2500,7696,125,2491,2500,0.9,0.5,20.5,0.9,1,2452,0.29000000000000037,0.2516,0.0503,15.09,1.0963940716189577,17.400000000000023,3.018,20.418000000000024,15.09,19.885200000000022,54714.376,2491->2493->2341->2332->2328->2326->2320->2317->2300->2282->2268->2263->2256->2252->2251->2247->2257->2240->2226->2237->2220->2235->2218->2214->2211->2202->2187->2178->2156->2183->2170->2155->2154->2136->2130->2109->2098->2085->2072->2078->2082->2069->2046->2038->2033->2030->2044->2028->2014->1968->1955->1902->1895->1894->1893->1882->1872->1864->1869->1863->1860->1841->1840->1832->1827->1826->1814->1813->1807->1789->1806->1788->1781->1779->1774->1784->1780->1778->1767->1766->1764->1740->1736->1735->1731->1718->1713->1707->1697->1693->1681->1677->1672->1665->1673->1664->1655->1649->1640->1643->1637->1628->1625->1610->1587->1579->1552->1550->1548->1530->1537->1525->1524->1492->1490->1488->1495->1479->1486->1471->1469->1465->1460->1430->1423->1406->1401->1391->1384->1386->1380->1374->1373->1369->1359->1355->1344->1311->1301->1310->1298->1290->1281->1274->1270->1279->1277->1262->1257->1254->1252->1234->1231->1219->1206->1228->1212->1203->1194->1197->1183->1177->1170->1153->1152->1149->1142->1134->1130->1125->1117->1113->1129->1111->1099->1089->1075->1069->1065->1064->1063->1051->1055->1042->1039->1050->1037->1036->1027->1006->988->981->969->961->929->924->917->912->907->904->903->896->892->905->888->885->878->877->874->865->861->857->856->851->813->810->812->805->786->762->761->757->755->725->715->711->708->705->696->691->697->698->689->687->681->674->667->659->657->636->609->599->592->588->576->574->586->568->575->581->560->549->547->545->543->540->538->566->561->532->542->530->539->526->524->525->527->519->501->476->469->463->450->436->430->408->393->387->372->375->633->635->348->346->344->616->334->558->321->309->298->296->289->284->266->262->259->254->235->438->206->209->410->198->392->196->193->190->383->385->183->178->174->335->341->168->333->326->318->301->278->169->172->155->162->175->105->115->110->112->52->61->60->48->78->102->75->359->8->4->3->7->14->16->17->18->24->19->20->26->30->34->54->53->89->29->49->121->85->100->111->119->114->122->123->125->133->134->181->143->194->184->189->216->223->211->212->224->231->192->204->202->260->265->263->268->275->288->290->293->297->306->317->358->363->379->384->402->394->407->396->397->401->406->398->403->413->440->449->455->460->461->462->468->471->482->497->517->518->537->546->551->553->554->555->562->569->570->573->593->600->602->615->628->637->642->658->668->694->700->709->713->721->734->745->748->749->753->763->765->764->766->783->793->784->791->815->816->821->826->830->839->854->842->849->852->860->864->876->866->875->867->870->880->882->887->893->894->910->933->944->946->956->976->978->985->991->995->1017->1024->1031->1068->1071->1077->1079->1091->1092->1100->1110->1120->1122->1139->1167->1168->1181->1173->1175->1189->1192->1180->1182->1184->1193->1205->1210->1223->1229->1230->1241->1232->1237->1242->1244->1251->1269->1275->1278->1296->1322->1330->1348->1364->1353->1358->1361->1366->1362->1368->1379->1381->1387->1390->1403->1417->1434->1426->1428->1453->1462->1463->1481->1497->1500->1502->1503->1508->1510->1512->1521->1522->1531->1518->1528->1540->1542->1554->1555->1568->1576->1582->1583->1594->1586->1588->1590->1600->1599->1618->1593->1601->1595->1607->1616->1620->1630->1633->1641->1680->1688->1719->1739->1751->1755->1757->1776->1777->1794->1798->1782->1791->1785->1818->1834->1821->1823->1824->1857->1861->1871->1875->1890->1907->1906->1940->1941->1951->1969->1980->1978->1982->1987->1991->2001->2002->2005->2013->2047->2049->2065->2081->2089->2110->2063->2071->2074->2077->2079->2099->2108->2100->2116->2118->2121->2134->2137->2148->2158->2169->2171->2174->2181->2195->2186->2196->2207->2204->2208->2212->2217->2229->2441->2451->2452,2452->2500
GA_ROUTE_EVOLUTION,N2500_C8_I1.dat,2500,7696,125,2491,2500,0.1,0.5,20.5,0.1,1,2452,0.29000000000000037,0.2516,0.0503,15.09,1.0963940716189577,17.400000000000023,3.018,20.418000000000024,15.09,15.622800000000002,52987.361,2491->2493->2341->2332->2328->2326->2320->2317->2300->2282->2268->2263->2256->2252->2251->2247->2257->2240->2226->2237->2220->2235->2218->2214->2211->2202->2187->2178->2156->2183->2170->2155->2154->2136->2130->2109->2098->2085->2072->2078->2082->2069->2046->2038->2033->2030->2044->2028->2014->1968->1955->1902->1895->1894->1893->1882->1872->1864->1869->1863->1860->1841->1840->1832->1827->1826->1814->1813->1807->1789->1806->1788->1781->1779->1774->1784->1780->1778->1767->1766->1764->1740->1736->1735->1731->1718->1713->1707->1697->1693->1681->1677->1672->1665->1673->1664->1655->1649->1640->1643->1637->1628->1625->1610->1587->1579->1552->1550->1548->1530->1537->1525->1524->1492->1490->1488->1495->1479->1486->1471->1469->1465->1460->1430->1423->1406->1401->1391->1384->1386->1380->1374->1373->1369->1359->1355->1344->1311->1301->1310->1298->1290->1281->1274->1270->1279->1277->1262->1257->1254->1252->1234->1231->1219->1206->1228->1212->1203->1194->1197->1183->1177->1170->1153->1152->1149->1142->1134->1130->1125->1117->1113->1129->1111->1099->1089->1075->1069->1065->1064->1063->1051->1055->1042->1039->1050->1037->1036->1027->1006->988->981->969->961->929->924->917->912->907->904->903->896->892->905->888->885->878->877->874->865->861->857->856->851->813->810->812->805->786->762->761->757->755->725->715->711->708->705->696->691->697->698->689->687->681->674->667->659->657->636->609->599->592->588->576->574->586->568->575->581->560->549->547->545->543->540->538->566->561->532->542->530->539->526->524->525->527->519->501->476->469->463->450->436->430->408->393->387->372->375->633->635->348->346->344->616->334->558->321->309->298->296->289->284->266->262->259->254->235->438->206->209->410->198->392->196->193->190->383->385->183->178->174->335->341->168->333->326->318->301->278->169->172->155->162->175->105->115->110->112->52->61->60->48->78->102->75->359->8->4->3->7->14->16->17->18->24->19->20->26->30->34->54->53->89->29->49->121->85->100->111->119->114->122->123->125->133->134->181->143->194->184->189->216->223->211->212->224->231->192->204->202->260->265->263->268->275->288->290->293->297->306->317->358->363->379->384->402->394->407->396->397->401->406->398->403->413->440->449->455->460->461->462->468->471->482->497->517->518->537->546->551->553->554->555->562->569->570->573->593->600->602->615->628->637->642->658->668->694->700->709->713->721->734->745->748->749->753->763->765->764->766->783->793->784->791->815->816->821->826->830->839->854->842->849->852->860->864->876->866->875->867->870->880->882->887->893->894->910->933->944->946->956->976->978->985->991->995->1017->1024->1031->1068->1071->1077->1079->1091->1092->1100->1110->1120->1122->1139->1167->1168->1181->1173->1175->1189->1192->1180->1182->1184->1193->1205->1210->1223->1229->1230->1241->1232->1237->1242->1244->1251->1269->1275->1278->1296->1322->1330->1348->1364->1353->1358->1361->1366->1362->1368->1379->1381->1387->1390->1403->1417->1434->1426->1428->1453->1462->1463->1481->1497->1500->1502->1503->1508->1510->1512->1521->1522->1531->1518->1528->1540->1542->1554->1555->1568->1576->1582->1583->1594->1586->1588->1590->1600->1599->1618->1593->1601->1595->1607->1616->1620->1630->1633->1641->1680->1688->1719->1739->1751->1755->1757->1776->1777->1794->1798->1782->1791->1785->1818->1834->1821->1823->1824->1857->1861->1871->1875->1890->1907->1906->1940->1941->1951->1969->1980->1978->1982->1987->1991->2001->2002->2005->2013->2047->2049->2065->2081->2089->2110->2063->2071->2074->2077->2079->2099->2108->2100->2116->2118->2121->2134->2137->2148->2158->2169->2171->2174->2181->2195->2186->2196->2207->2204->2208->2212->2217->2229->2441->2451->2452,2452->2500
GA_ROUTE_EVOLUTION,N2500_C9_I1.dat,2500,7696,125,2491,2500,0.9,0.5,15.0,0.9,1,2473,0.31610000000000105,0.2088,0.0418,13.15,1.190806067485121,18.96600000000006,2.508,21.47400000000006,13.15,20.641600000000057,47968.53,2491->2493->2341->2332->2328->2326->2320->2317->2300->2282->2268->2263->2256->2252->2251->2247->2257->2240->2226->2237->2223->2220->2235->2218->2214->2228->2211->2202->2187->2178->2156->2170->2183->2155->2154->2130->2109->2098->2085->2072->2078->2069->2046->2038->2033->2030->2044->2028->2014->1968->1955->1902->1910->1894->1893->1882->1872->1864->1869->1863->1860->1841->1840->1832->1827->1826->1814->1813->1807->1789->1788->1781->1779->1774->1784->1780->1778->1767->1766->1764->1740->1736->1735->1731->1718->1713->1707->1697->1693->1689->1681->1677->1702->1687->1672->1665->1664->1655->1649->1643->1637->1628->1610->1587->1579->1552->1550->1548->1547->1530->1537->1525->1492->1490->1488->1495->1479->1486->1471->1469->1465->1460->1430->1423->1406->1401->1391->1384->1386->1380->1374->1373->1369->1359->1355->1344->1311->1301->1310->1298->1290->1281->1274->1270->1279->1262->1257->1254->1234->1231->1219->1206->1212->1228->1203->1194->1197->1183->1177->1170->1153->1152->1149->1142->1134->1130->1125->1117->1113->1129->1111->1099->1089->1075->1069->1065->1064->1063->1051->1055->1042->1039->1050->1037->1036->1027->1006->988->981->969->961->929->924->917->912->904->903->896->892->905->888->885->878->877->874->865->857->856->851->813->810->812->805->786->762->761->757->755->725->715->711->723->705->696->691->697->698->689->687->681->674->667->661->659->657->636->609->599->592->588->576->574->586->568->575->564->581->560->549->547->545->543->540->566->538->561->548->532->542->530->539->526->525->527->508->519->501->476->469->733->731->744->467->450->436->430->408->393->387->688->371->633->623->348->346->577->559->314->491->284->500->262->458->466->464->456->457->441->438->206->425->424->420->219->229->217->228->210->410->404->392->193->196->390->383->385->380->370->339->174->168->333->326->318->316->169->153->147->137->354->323->319->255->283->276->273->62->74->66->39->44->75->359->24->19->28->20->32->26->30->34->54->29->49->67->85->100->119->114->122->123->125->133->152->134->181->191->184->189->216->223->211->212->224->227->185->192->199->197->204->202->260->263->268->275->288->290->293->306->317->358->363->379->384->394->407->396->397->401->406->398->403->413->440->449->455->460->468->462->471->482->497->517->518->537->546->551->553->554->555->562->569->570->573->593->600->602->615->628->637->642->658->668->694->700->713->721->734->745->748->749->753->763->765->764->766->783->784->791->815->816->822->821->826->830->839->842->854->849->852->860->864->866->875->867->870->880->882->887->893->894->910->933->944->946->948->956->976->978->985->991->995->1017->1024->1031->1071->1077->1079->1091->1092->1100->1110->1120->1116->1122->1139->1167->1168->1181->1173->1175->1189->1191->1192->1180->1182->1184->1193->1205->1210->1223->1229->1230->1241->1232->1237->1242->1244->1251->1269->1275->1278->1296->1322->1330->1348->1364->1353->1358->1361->1362->1368->1385->1379->1381->1387->1390->1403->1417->1434->1426->1428->1453->1462->1463->1481->1497->1499->1500->1502->1503->1508->1510->1512->1531->1521->1522->1518->1528->1540->1542->1554->1555->1568->1576->1582->1583->1594->1586->1588->1599->1618->1593->1601->1595->1607->1616->1620->1630->1633->1641->1680->1688->1719->1739->1751->1755->1757->1776->1777->1794->1798->1782->1791->1785->1818->1834->1821->1823->1824->1857->1861->1871->1875->1890->1907->1906->1940->1941->1951->1969->1980->1978->1982->1987->1991->2001->2002->2005->2013->2047->2059->2081->2089->2110->2063->2071->2074->2077->2079->2099->2100->2116->2118->2121->2134->2137->2148->2158->2169->2171->2174->2181->2186->2196->2204->2208->2212->2217->2229->2461->2473,2473->2500
GA_ROUTE_EVOLUTION,N2500_C10_I1.dat,2500,7696,125,2491,2500,0.9,0.5,20.5,0.9,1,2461,0.313500000000001,0.1953,0.0391,16.31,1.1645796594772149,18.81000000000006,2.346,21.15600000000006,16.31,20.671400000000055,60458.904,2491->2341->2340->2332->2328->2326->2320->2317->2305->2311->2300->2282->2268->2263->2256->2252->2251->2247->2257->2240->2226->2237->2220->2215->2235->2236->2218->2214->2211->2202->2187->2178->2156->2170->2155->2154->2130->2109->2098->2085->2072->2078->2069->2046->2038->2033->2030->2044->2028->2014->1968->1955->1902->1895->1894->1893->1882->1872->1864->1869->1863->1860->1841->1840->1832->1827->1826->1814->1813->1807->1789->1788->1781->1779->1774->1784->1780->1778->1767->1764->1763->1740->1736->1735->1731->1718->1713->1707->1697->1693->1681->1677->1687->1672->1665->1664->1655->1649->1643->1637->1628->1610->1587->1579->1552->1550->1548->1547->1530->1537->1525->1524->1492->1490->1488->1495->1479->1486->1471->1465->1460->1430->1423->1406->1401->1391->1384->1380->1374->1373->1369->1359->1355->1344->1311->1301->1310->1298->1290->1281->1274->1270->1279->1262->1257->1254->1234->1219->1206->1212->1203->1194->1197->1177->1170->1153->1152->1149->1142->1134->1130->1125->1117->1113->1129->1111->1105->1099->1089->1075->1069->1065->1064->1063->1051->1042->1039->1050->1037->1036->1027->1006->988->981->969->929->924->917->912->904->903->896->892->905->888->885->878->877->874->865->857->856->851->813->810->805->786->762->776->761->757->755->725->715->711->723->705->696->691->697->698->689->687->681->674->667->659->657->636->609->599->592->588->576->574->586->568->575->581->560->549->547->545->543->540->566->561->532->542->534->539->526->524->522->527->519->747->737->476->469->463->450->436->726->720->422->415->408->393->387->372->375->371->362->361->356->626->635->348->346->558->552->520->309->314->493->284->266->262->466->456->232->230->229->217->219->420->418->409->198->201->209->410->404->392->196->193->190->380->385->183->178->174->168->370->339->338->341->333->326->316->169->172->175->105->108->112->52->61->51->50->82->176->179->10->11->15->24->19->20->32->26->22->30->34->54->29->89->98->121->94->67->85->100->119->114->122->123->125->133->134->181->191->143->194->184->189->216->156->187->177->166->167->158->211->212->173->185->227->231->197->204->202->260->263->268->275->288->290->293->306->317->358->363->379->384->402->394->407->396->397->401->406->398->403->413->440->454->449->455->460->468->462->471->482->495->497->517->518->537->546->551->553->554->555->562->569->570->573->593->600->602->615->628->637->642->658->668->694->700->713->721->734->745->748->749->753->763->764->766->783->793->784->791->815->816->822->821->826->830->839->842->854->849->852->860->864->876->866->875->867->870->880->882->889->887->893->894->910->933->944->946->956->948->976->978->985->991->995->1017->1024->1031->1071->1077->1079->1091->1100->1110->1120->1122->1139->1167->1168->1173->1175->1189->1191->1192->1199->1204->1182->1184->1193->1205->1210->1223->1229->1230->1241->1232->1237->1242->1244->1251->1269->1275->1278->1296->1322->1330->1348->1364->1353->1358->1361->1362->1368->1379->1381->1387->1390->1403->1417->1434->1408->1426->1428->1453->1462->1463->1481->1497->1500->1502->1503->1508->1510->1512->1531->1518->1528->1540->1542->1554->1555->1568->1576->1582->1583->1594->1586->1590->1600->1618->1593->1601->1595->1604->1607->1616->1620->1630->1633->1641->1680->1688->1719->1739->1751->1755->1757->1776->1777->1794->1798->1782->1791->1785->1818->1834->1821->1823->1824->1857->1859->1861->1871->1890->1907->1906->1940->1941->1951->1969->1980->1978->1982->1986->1987->1991->2001->1992->2002->2005->2013->2047->2050->2065->2081->2096->2110->2063->2071->2074->2077->2079->2099->2100->2116->2118->2121->2134->2137->2148->2158->2169->2171->2159->2174->2181->2195->2186->2196->2207->2204->2208->2212->2217->2229->2499->2485->2476->2466->2461,2461->2500
