method,dat_file,nodes,edges,parking_lots,S,D,Alpha,Wmax,Cmax,w,feasible,parking_node,drive_time_hr,walk_distance_km,walk_time_hr,parking_cost,objective,non_normalized_drive_time_min,non_normalized_walk_time_min,non_normalized_travel_time_min,non_normalized_parking_cost,non_normalized_objective,runtime_ms,drive_path,walk_path
HEURISTIC,N10_C1_I1.dat,10,47,3,8,10,0.9,0.5,20.5,0.9,1,7,0.0041,0.3165,0.0633,8.0,4.4396,0.24600000000000002,3.7979999999999996,4.0440000000000005,8.0,4.4396,0.029,8->7,7->10
HEURISTIC,N10_C2_I1.dat,10,53,3,8,10,0.9,0.5,20.5,0.9,1,7,0.0041,0.3165,0.0633,8.0,4.4396,0.24600000000000002,3.7979999999999996,4.0440000000000005,8.0,4.4396,0.043,8->7,7->10
HEURISTIC,N10_C3_I1.dat,10,47,3,8,10,0.9,0.5,20.5,0.9,1,7,0.0041,0.3165,0.0633,8.0,4.4396,0.24600000000000002,3.7979999999999996,4.0440000000000005,8.0,4.4396,0.067,8->7,7->10
HEURISTIC,N10_C4_I1.dat,10,47,3,8,10,0.9,1.0,20.5,0.9,1,7,0.0041,0.3165,0.0633,8.0,4.4396,0.24600000000000002,3.7979999999999996,4.0440000000000005,8.0,4.4396,0.04,8->7,7->10
HEURISTIC,N10_C5_I1.dat,10,47,3,8,10,0.9,0.5,20.5,0.9,1,7,0.0054,0.3165,0.0633,8.0,4.5098,0.324,3.7979999999999996,4.122,8.0,4.5098,0.038,8->7,7->10
HEURISTIC,N10_C6_I1.dat,10,47,3,8,10,0.9,0.5,20.5,0.9,1,7,0.0142,0.3165,0.0633,8.0,4.985,0.8520000000000001,3.7979999999999996,4.65,8.0,4.985,0.038,8->7,7->10
HEURISTIC,N10_C7_I1.dat,10,47,3,8,10,0.9,0.5,20.5,0.9,1,7,0.0041,0.3165,0.0633,8.0,4.4396,0.24600000000000002,3.7979999999999996,4.0440000000000005,8.0,4.4396,0.064,8->7,7->10
HEURISTIC,N10_C8_I1.dat,10,47,3,8,10,0.1,0.5,20.5,0.1,1,7,0.0041,0.3165,0.0633,8.0,7.6044,0.24600000000000002,3.7979999999999996,4.0440000000000005,8.0,7.6044,0.043,8->7,7->10
HEURISTIC,N10_C9_I1.dat,10,47,3,8,10,0.9,0.5,15.0,0.9,1,7,0.0041,0.3165,0.0633,8.0,4.4396,0.24600000000000002,3.7979999999999996,4.0440000000000005,8.0,4.4396,0.039,8->7,7->10
HEURISTIC,N10_C10_I1.dat,10,47,3,8,10,0.9,0.5,20.5,0.9,1,7,0.0041,0.3165,0.0633,15.0,5.1396,0.24600000000000002,3.7979999999999996,4.0440000000000005,15.0,5.1396,0.058,8->7,7->10
HEURISTIC,N20_C1_I1.dat,20,62,2,1,20,0.9,0.5,20.5,0.9,1,19,0.0251,0.12,0.024,18.28,4.4794,1.506,1.44,2.946,18.28,4.4794,0.032,1->5->6->10->11->15->18->19,19->20
HEURISTIC,N20_C2_I1.dat,20,68,2,1,20,0.9,0.5,20.5,0.9,1,19,0.023,0.12,0.024,18.28,4.366,1.38,1.44,2.82,18.28,4.366,0.099,1->5->6->10->13->19,19->20
HEURISTIC,N20_C3_I1.dat,20,62,2,1,20,0.9,0.5,20.5,0.9,1,19,0.0251,0.12,0.024,18.28,4.4794,1.506,1.44,2.946,18.28,4.4794,0.08,1->5->6->10->11->15->18->19,19->20
HEURISTIC,N20_C4_I1.dat,20,62,2,1,20,0.9,1.0,20.5,0.9,1,19,0.0251,0.12,0.024,18.28,4.4794,1.506,1.44,2.946,18.28,4.4794,0.082,1->5->6->10->11->15->18->19,19->20
HEURISTIC,N20_C5_I1.dat,20,62,2,1,20,0.9,0.5,20.5,0.9,1,18,0.0308,0.35000000000000003,0.07,16.87,7.1302,1.848,4.2,6.048,16.87,7.1302,0.082,1->5->6->10->11->15->18,18->20
HEURISTIC,N20_C6_I1.dat,20,62,2,1,20,0.9,0.5,20.5,0.9,1,18,0.0607,0.35000000000000003,0.07,16.87,8.7448,3.642,4.2,7.8420000000000005,16.87,8.7448,0.078,1->5->6->10->11->15->18,18->20
HEURISTIC,N20_C7_I1.dat,20,62,2,1,20,0.9,0.5,20.5,0.9,1,19,0.0251,0.12,0.024,18.28,4.4794,1.506,1.44,2.946,18.28,4.4794,0.077,1->5->6->10->11->15->18->19,19->20
HEURISTIC,N20_C8_I1.dat,20,62,2,1,20,0.1,0.5,20.5,0.1,1,18,0.0205,0.35000000000000003,0.07,16.87,15.726,1.23,4.2,5.430000000000001,16.87,15.726,0.082,1->5->6->10->11->15->18,18->20
HEURISTIC,N20_C9_I1.dat,20,62,2,1,20,0.9,0.5,15.0,0.9,1,19,0.0251,0.12,0.024,11.02,3.7534,1.506,1.44,2.946,11.02,3.7534,0.082,1->5->6->10->11->15->18->19,19->20
HEURISTIC,N20_C10_I1.dat,20,62,2,1,20,0.9,0.5,20.5,0.9,1,18,0.0205,0.35000000000000003,0.07,15.72,6.459,1.23,4.2,5.430000000000001,15.72,6.459,0.102,1->5->6->10->11->15->18,18->20
HEURISTIC,N30_C1_I1.dat,30,142,2,25,30,0.9,0.5,20.5,0.9,1,29,0.0247,0.12,0.024,19.1,4.5398,1.482,1.44,2.922,19.1,4.5398,0.052,25->23->1->6->11->15->18->20->26->27->29,29->30
HEURISTIC,N30_C2_I1.dat,30,150,2,25,30,0.9,0.5,20.5,0.9,1,29,0.021899999999999996,0.12,0.024,19.1,4.388599999999999,1.3139999999999998,1.44,2.7539999999999996,19.1,4.388599999999999,0.154,25->23->1->6->27->29,29->30
HEURISTIC,N30_C3_I1.dat,30,144,3,25,30,0.9,0.5,20.5,0.9,1,26,0.0194,0.3975,0.0795,8.0,6.1406,1.1640000000000001,4.7700000000000005,5.934,8.0,6.1406,0.18,25->23->1->6->11->15->18->20->26,26->30
HEURISTIC,N30_C4_I1.dat,30,142,2,25,30,0.9,1.0,20.5,0.9,1,29,0.0247,0.12,0.024,19.1,4.5398,1.482,1.44,2.922,19.1,4.5398,0.144,25->23->1->6->11->15->18->20->26->27->29,29->30
HEURISTIC,N30_C5_I1.dat,30,142,2,25,30,0.9,0.5,20.5,0.9,1,27,0.0317,0.252,0.0504,18.35,6.268400000000001,1.902,3.024,4.926,18.35,6.268400000000001,0.161,25->23->1->6->11->15->18->20->26->27,27->30
HEURISTIC,N30_C6_I1.dat,30,142,2,25,30,0.9,0.5,20.5,0.9,1,27,0.0595,0.252,0.0504,18.35,7.7696,3.57,3.024,6.593999999999999,18.35,7.7696,0.14,25->21->5->6->11->15->18->20->26->27,27->30
HEURISTIC,N30_C7_I1.dat,30,142,2,25,30,0.9,0.5,20.5,0.9,1,29,0.0247,0.12,0.024,19.1,4.5398,1.482,1.44,2.922,19.1,4.5398,0.133,25->23->1->6->11->15->18->20->26->27->29,29->30
HEURISTIC,N30_C8_I1.dat,30,142,2,25,30,0.1,0.5,20.5,0.1,1,27,0.0221,0.252,0.0504,18.35,16.95,1.326,3.024,4.3500000000000005,18.35,16.95,0.13,25->23->1->6->11->15->18->20->26->27,27->30
HEURISTIC,N30_C9_I1.dat,30,142,2,25,30,0.9,0.5,15.0,0.9,1,29,0.0247,0.12,0.024,10.87,3.7168,1.482,1.44,2.922,10.87,3.7168,0.142,25->23->1->6->11->15->18->20->26->27->29,29->30
HEURISTIC,N30_C10_I1.dat,30,142,2,25,30,0.9,0.5,20.5,0.9,1,27,0.0221,0.252,0.0504,16.69,5.5840000000000005,1.326,3.024,4.3500000000000005,16.69,5.5840000000000005,0.14,25->23->1->6->11->15->18->20->26->27,27->30
HEURISTIC,N40_PS_edge_density_baseline_180_I1.dat,40,184,2,29,40,0.9,0.5,20.5,0.9,1,39,0.026999999999999996,0.12,0.024,19.16,4.669999999999999,1.6199999999999997,1.44,3.0599999999999996,19.16,4.669999999999999,0.068,29->33->26->20->18->15->14->5->1->21->23->36->31->39,39->40
HEURISTIC,N40_PS_edge_density_dense_192_I1.dat,40,196,2,29,40,0.9,0.5,20.5,0.9,1,39,0.0234,0.12,0.024,19.16,4.4756,1.4040000000000001,1.44,2.844,19.16,4.4756,0.062,29->10->9->38->39,39->40
HEURISTIC,N40_PS_edge_density_denser_204_I1.dat,40,208,2,29,40,0.9,0.5,20.5,0.9,1,39,0.023200000000000002,0.12,0.024,19.16,4.4648,1.3920000000000001,1.44,2.8320000000000003,19.16,4.4648,0.08,29->10->9->38->39,39->40
HEURISTIC,N40_PS_edge_density_densest_216_I1.dat,40,220,2,29,40,0.9,0.5,20.5,0.9,1,39,0.022,0.12,0.024,19.16,4.3999999999999995,1.3199999999999998,1.44,2.76,19.16,4.3999999999999995,0.198,29->10->6->5->39,39->40
HEURISTIC,N40_PS_parking_budget_Cmax100_I1.dat,40,184,2,29,40,0.9,0.5,10.0,0.9,1,39,0.026999999999999996,0.12,0.024,8.0,3.5539999999999994,1.6199999999999997,1.44,3.0599999999999996,8.0,3.5539999999999994,0.144,29->33->26->20->18->15->14->5->1->21->23->36->31->39,39->40
HEURISTIC,N40_PS_parking_budget_Cmax150_I1.dat,40,184,2,29,40,0.9,0.5,15.0,0.9,1,39,0.026999999999999996,0.12,0.024,8.0,3.5539999999999994,1.6199999999999997,1.44,3.0599999999999996,8.0,3.5539999999999994,0.122,29->33->26->20->18->15->14->5->1->21->23->36->31->39,39->40
HEURISTIC,N40_PS_parking_budget_Cmax205_I1.dat,40,184,2,29,40,0.9,0.5,20.5,0.9,1,39,0.026999999999999996,0.12,0.024,8.0,3.5539999999999994,1.6199999999999997,1.44,3.0599999999999996,8.0,3.5539999999999994,0.177,29->33->26->20->18->15->14->5->1->21->23->36->31->39,39->40
HEURISTIC,N40_PS_parking_budget_Cmax250_I1.dat,40,184,2,29,40,0.9,0.5,25.0,0.9,1,39,0.026999999999999996,0.12,0.024,8.0,3.5539999999999994,1.6199999999999997,1.44,3.0599999999999996,8.0,3.5539999999999994,0.123,29->33->26->20->18->15->14->5->1->21->23->36->31->39,39->40
HEURISTIC,N40_PS_parking_cost_100_225_I1.dat,40,184,2,29,40,0.9,0.5,20.5,0.9,1,39,0.026999999999999996,0.12,0.024,10.95,3.8489999999999993,1.6199999999999997,1.44,3.0599999999999996,10.95,3.8489999999999993,0.055,29->33->26->20->18->15->14->5->1->21->23->36->31->39,39->40
HEURISTIC,N40_PS_parking_cost_125_250_I1.dat,40,184,2,29,40,0.9,0.5,20.5,0.9,1,39,0.026999999999999996,0.12,0.024,15.9,4.343999999999999,1.6199999999999997,1.44,3.0599999999999996,15.9,4.343999999999999,0.062,29->33->26->20->18->15->14->5->1->21->23->36->31->39,39->40
HEURISTIC,N40_PS_parking_cost_150_300_I1.dat,40,184,2,29,40,0.9,0.5,20.5,0.9,1,39,0.026999999999999996,0.12,0.024,15.24,4.277999999999999,1.6199999999999997,1.44,3.0599999999999996,15.24,4.277999999999999,0.065,29->33->26->20->18->15->14->5->1->21->23->36->31->39,39->40
HEURISTIC,N40_PS_parking_cost_80_205_I1.dat,40,184,2,29,40,0.9,0.5,20.5,0.9,1,39,0.026999999999999996,0.12,0.024,19.16,4.669999999999999,1.6199999999999997,1.44,3.0599999999999996,19.16,4.669999999999999,0.055,29->33->26->20->18->15->14->5->1->21->23->36->31->39,39->40
HEURISTIC,N40_PS_parking_supply_P10_I1.dat,40,188,4,29,40,0.9,0.5,20.5,0.9,1,37,0.0243,0.28600000000000003,0.0572,8.04,5.205,1.458,3.432,4.890000000000001,8.04,5.205,0.067,29->33->26->20->18->15->14->5->1->21->23->36->25->37,37->40
HEURISTIC,N40_PS_parking_supply_P15_I1.dat,40,192,6,29,40,0.9,0.5,20.5,0.9,1,37,0.0243,0.28600000000000003,0.0572,8.04,5.205,1.458,3.432,4.890000000000001,8.04,5.205,0.069,29->33->26->20->18->15->14->5->1->21->23->36->25->37,37->40
HEURISTIC,N40_PS_parking_supply_P20_I1.dat,40,196,8,29,40,0.9,0.5,20.5,0.9,1,37,0.0243,0.28600000000000003,0.0572,8.04,5.205,1.458,3.432,4.890000000000001,8.04,5.205,0.072,29->33->26->20->18->15->14->5->1->21->23->36->25->37,37->40
HEURISTIC,N40_PS_parking_supply_P5_I1.dat,40,184,2,29,40,0.9,0.5,20.5,0.9,1,39,0.026999999999999996,0.12,0.024,19.16,4.669999999999999,1.6199999999999997,1.44,3.0599999999999996,19.16,4.669999999999999,0.07,29->33->26->20->18->15->14->5->1->21->23->36->31->39,39->40
HEURISTIC,N40_PS_traffic_high_I1.dat,40,184,2,29,40,0.9,0.5,20.5,0.9,1,39,0.0832,0.12,0.024,19.16,7.704799999999999,4.992,1.44,6.4319999999999995,19.16,7.704799999999999,0.057,29->33->26->20->18->15->14->5->1->21->23->36->31->39,39->40
HEURISTIC,N40_PS_traffic_low_I1.dat,40,184,2,29,40,0.9,0.5,20.5,0.9,1,39,0.026999999999999996,0.12,0.024,19.16,4.669999999999999,1.6199999999999997,1.44,3.0599999999999996,19.16,4.669999999999999,0.061,29->33->26->20->18->15->14->5->1->21->23->36->31->39,39->40
HEURISTIC,N40_PS_traffic_medium_I1.dat,40,184,2,29,40,0.9,0.5,20.5,0.9,1,39,0.04080000000000001,0.12,0.024,19.16,5.4152000000000005,2.4480000000000004,1.44,3.888000000000001,19.16,5.4152000000000005,0.056,29->33->26->20->18->15->14->5->1->21->23->36->31->39,39->40
HEURISTIC,N40_PS_traffic_very_low_I1.dat,40,184,2,29,40,0.9,0.5,20.5,0.9,1,39,0.023200000000000005,0.12,0.024,19.16,4.4648,1.3920000000000003,1.44,2.8320000000000003,19.16,4.4648,0.056,29->33->26->20->18->15->14->5->1->21->23->36->31->39,39->40
HEURISTIC,N40_PS_walking_distance_W025_I1.dat,40,184,2,29,40,0.9,0.25,20.5,0.9,1,39,0.026999999999999996,0.12,0.024,19.16,4.669999999999999,1.6199999999999997,1.44,3.0599999999999996,19.16,4.669999999999999,0.06,29->33->26->20->18->15->14->5->1->21->23->36->31->39,39->40
HEURISTIC,N40_PS_walking_distance_W050_I1.dat,40,184,2,29,40,0.9,0.5,20.5,0.9,1,39,0.026999999999999996,0.12,0.024,19.16,4.669999999999999,1.6199999999999997,1.44,3.0599999999999996,19.16,4.669999999999999,0.055,29->33->26->20->18->15->14->5->1->21->23->36->31->39,39->40
HEURISTIC,N40_PS_walking_distance_W075_I1.dat,40,184,2,29,40,0.9,0.75,20.5,0.9,1,39,0.026999999999999996,0.12,0.024,19.16,4.669999999999999,1.6199999999999997,1.44,3.0599999999999996,19.16,4.669999999999999,0.067,29->33->26->20->18->15->14->5->1->21->23->36->31->39,39->40
HEURISTIC,N40_PS_walking_distance_W100_I1.dat,40,184,2,29,40,0.9,1.0,20.5,0.9,1,38,0.026699999999999998,0.13,0.026,9.0,3.7458,1.6019999999999999,1.5599999999999998,3.162,9.0,3.7458,0.06,29->33->26->20->18->15->14->5->1->21->23->36->31->38,38->40
HEURISTIC,N40_C1_I1.dat,40,184,2,29,40,0.9,0.5,20.5,0.9,1,38,0.026699999999999998,0.15,0.03,18.6,4.9218,1.6019999999999999,1.7999999999999998,3.402,18.6,4.9218,0.06,29->33->26->20->18->15->14->5->1->21->23->36->31->38,38->40
HEURISTIC,N40_C2_I1.dat,40,196,2,29,40,0.9,0.5,20.5,0.9,1,38,0.0227,0.15,0.03,18.6,4.7058,1.362,1.7999999999999998,3.162,18.6,4.7058,0.156,29->10->9->38,38->40
HEURISTIC,N40_C3_I1.dat,40,188,4,29,40,0.9,0.5,20.5,0.9,1,37,0.0243,0.28600000000000003,0.0572,8.01,5.202000000000001,1.458,3.432,4.890000000000001,8.01,5.202000000000001,0.179,29->33->26->20->18->15->14->5->1->21->23->36->25->37,37->40
HEURISTIC,N40_C4_I1.dat,40,184,2,29,40,0.9,1.0,20.5,0.9,1,38,0.026699999999999998,0.15,0.03,18.6,4.9218,1.6019999999999999,1.7999999999999998,3.402,18.6,4.9218,0.145,29->33->26->20->18->15->14->5->1->21->23->36->31->38,38->40
HEURISTIC,N40_C5_I1.dat,40,184,2,29,40,0.9,0.5,20.5,0.9,1,38,0.037399999999999996,0.15,0.03,18.6,5.499599999999999,2.2439999999999998,1.7999999999999998,4.044,18.6,5.499599999999999,0.154,29->27->32->20->18->15->14->5->1->21->23->36->25->31->38,38->40
HEURISTIC,N40_C6_I1.dat,40,184,2,29,40,0.9,0.5,20.5,0.9,1,39,0.0708,0.12,0.024,19.16,7.0352,4.248,1.44,5.688,19.16,7.0352,0.162,29->33->26->20->18->17->16->13->1->21->23->36->25->31->37->39,39->40
HEURISTIC,N40_C7_I1.dat,40,184,2,29,40,0.9,0.5,20.5,0.9,1,38,0.026699999999999998,0.15,0.03,18.6,4.9218,1.6019999999999999,1.7999999999999998,3.402,18.6,4.9218,0.214,29->33->26->20->18->15->14->5->1->21->23->36->31->38,38->40
HEURISTIC,N40_C8_I1.dat,40,184,2,29,40,0.1,0.5,20.5,0.1,1,38,0.026699999999999998,0.15,0.03,18.6,17.0802,1.6019999999999999,1.7999999999999998,3.402,18.6,17.0802,0.174,29->33->26->20->18->15->14->5->1->21->23->36->31->38,38->40
HEURISTIC,N40_C9_I1.dat,40,184,2,29,40,0.9,0.5,15.0,0.9,1,39,0.026999999999999996,0.12,0.024,13.65,4.119,1.6199999999999997,1.44,3.0599999999999996,13.65,4.119,0.143,29->33->26->20->18->15->14->5->1->21->23->36->31->39,39->40
HEURISTIC,N40_C10_I1.dat,40,184,2,29,40,0.9,0.5,20.5,0.9,1,39,0.026999999999999996,0.12,0.024,15.24,4.277999999999999,1.6199999999999997,1.44,3.0599999999999996,15.24,4.277999999999999,0.164,29->33->26->20->18->15->14->5->1->21->23->36->31->39,39->40
HEURISTIC,N50_C1_I1.dat,50,226,2,48,50,0.9,0.5,20.5,0.9,1,29,0.0294,0.20650000000000002,0.0413,13.3,5.1478,1.764,2.478,4.242,13.3,5.1478,0.081,48->43->41->40->38->37->36->23->21->11->15->18->20->32->27->29,29->50
HEURISTIC,N50_C2_I1.dat,50,242,2,48,50,0.9,0.5,20.5,0.9,1,29,0.0251,0.20650000000000002,0.0413,13.3,4.9155999999999995,1.506,2.478,3.984,13.3,4.9155999999999995,0.076,48->47->35->21->27->29,29->50
HEURISTIC,N50_C3_I1.dat,50,232,5,48,50,0.9,0.5,20.5,0.9,1,27,0.0278,0.304,0.0608,8.01,5.5854,1.668,3.648,5.316,8.01,5.5854,0.218,48->43->41->40->38->37->36->23->21->11->15->18->20->32->27,27->50
HEURISTIC,N50_C4_I1.dat,50,226,2,48,50,0.9,1.0,20.5,0.9,1,29,0.0294,0.20650000000000002,0.0413,13.3,5.1478,1.764,2.478,4.242,13.3,5.1478,0.072,48->43->41->40->38->37->36->23->21->11->15->18->20->32->27->29,29->50
HEURISTIC,N50_C5_I1.dat,50,226,2,48,50,0.9,0.5,20.5,0.9,1,29,0.04179999999999998,0.20650000000000002,0.0413,13.3,5.817399999999999,2.507999999999999,2.478,4.985999999999999,13.3,5.817399999999999,0.185,48->42->41->40->38->37->36->23->21->9->10->11->15->18->20->26->45->27->29,29->50
HEURISTIC,N50_C6_I1.dat,50,226,2,48,50,0.9,0.5,20.5,0.9,1,29,0.08,0.20650000000000002,0.0413,13.3,7.8802,4.8,2.478,7.2780000000000005,13.3,7.8802,0.24,48->47->42->41->40->38->37->36->23->21->1->2->7->11->15->18->20->26->45->29,29->50
HEURISTIC,N50_C7_I1.dat,50,226,2,48,50,0.9,0.5,20.5,0.9,1,29,0.0294,0.20650000000000002,0.0413,13.3,5.1478,1.764,2.478,4.242,13.3,5.1478,0.195,48->43->41->40->38->37->36->23->21->11->15->18->20->32->27->29,29->50
HEURISTIC,N50_C8_I1.dat,50,226,2,48,50,0.1,0.5,20.5,0.1,1,29,0.0294,0.20650000000000002,0.0413,13.3,12.394200000000001,1.764,2.478,4.242,13.3,12.394200000000001,0.222,48->43->41->40->38->37->36->23->21->11->15->18->20->32->27->29,29->50
HEURISTIC,N50_C9_I1.dat,50,226,2,48,50,0.9,0.5,15.0,0.9,1,29,0.0294,0.20650000000000002,0.0413,13.3,5.1478,1.764,2.478,4.242,13.3,5.1478,0.219,48->43->41->40->38->37->36->23->21->11->15->18->20->32->27->29,29->50
HEURISTIC,N50_C10_I1.dat,50,226,2,48,50,0.9,0.5,20.5,0.9,1,29,0.0294,0.20650000000000002,0.0413,15.03,5.3208,1.764,2.478,4.242,15.03,5.3208,0.175,48->43->41->40->38->37->36->23->21->11->15->18->20->32->27->29,29->50
HEURISTIC,N500_C1_I1.dat,500,1760,25,476,500,0.9,0.5,20.5,0.9,1,495,0.1090000000000001,0.141,0.0282,8.88,8.296800000000005,6.540000000000006,1.692,8.232000000000006,8.88,8.296800000000005,0.796,476->463->362->373->356->350->353->348->366->349->334->337->331->329->324->321->309->298->296->289->284->266->262->259->254->235->233->232->230->229->217->228->210->206->209->201->198->196->193->190->183->178->174->168->164->163->162->155->169->153->147->137->132->130->120->117->112->110->105->96->92->90->88->79->57->64->47->43->39->44->91->21->1->5->6->10->11->15->24->19->28->22->30->34->54->29->49->85->100->119->114->122->123->125->133->134->181->143->146->156->166->158->173->185->197->204->202->260->265->263->275->288->290->293->306->317->358->363->379->384->394->407->396->397->401->406->398->403->413->440->449->453->455->460->468->471->482->495,495->500
HEURISTIC,N500_C2_I1.dat,500,1926,25,476,500,0.9,0.5,20.5,0.9,1,495,0.09470000000000002,0.141,0.0282,8.88,7.524600000000001,5.682000000000001,1.692,7.374000000000001,8.88,7.524600000000001,2.074,476->463->362->373->356->350->353->348->366->349->334->337->331->329->324->321->309->298->296->289->284->266->262->259->254->235->233->232->230->229->217->277->160->87->12->24->19->28->22->30->34->54->192->204->202->260->265->263->268->455->460->468->471->482->495,495->500
HEURISTIC,N500_C3_I1.dat,500,1810,50,476,500,0.9,0.5,20.5,0.9,1,495,0.1090000000000001,0.141,0.0282,8.88,8.296800000000005,6.540000000000006,1.692,8.232000000000006,8.88,8.296800000000005,2.185,476->463->362->373->356->350->353->348->366->349->334->337->331->329->324->321->309->298->296->289->284->266->262->259->254->235->233->232->230->229->217->228->210->206->209->201->198->196->193->190->183->178->174->168->164->163->162->155->169->153->147->137->132->130->120->117->112->110->105->96->92->90->88->79->57->64->47->43->39->44->91->21->1->5->6->10->11->15->24->19->28->22->30->34->54->29->49->85->100->119->114->122->123->125->133->134->181->143->146->156->166->158->173->185->197->204->202->260->265->263->275->288->290->293->306->317->358->363->379->384->394->407->396->397->401->406->398->403->413->440->449->453->455->460->468->471->482->495,495->500
HEURISTIC,N500_C4_I1.dat,500,1760,25,476,500,0.9,1.0,20.5,0.9,1,495,0.1090000000000001,0.141,0.0282,8.88,8.296800000000005,6.540000000000006,1.692,8.232000000000006,8.88,8.296800000000005,2.258,476->463->362->373->356->350->353->348->366->349->334->337->331->329->324->321->309->298->296->289->284->266->262->259->254->235->233->232->230->229->217->228->210->206->209->201->198->196->193->190->183->178->174->168->164->163->162->155->169->153->147->137->132->130->120->117->112->110->105->96->92->90->88->79->57->64->47->43->39->44->91->21->1->5->6->10->11->15->24->19->28->22->30->34->54->29->49->85->100->119->114->122->123->125->133->134->181->143->146->156->166->158->173->185->197->204->202->260->265->263->275->288->290->293->306->317->358->363->379->384->394->407->396->397->401->406->398->403->413->440->449->453->455->460->468->471->482->495,495->500
HEURISTIC,N500_C5_I1.dat,500,1760,25,476,500,0.9,0.5,20.5,0.9,1,495,0.1534000000000001,0.141,0.0282,8.88,10.694400000000005,9.204000000000006,1.692,10.896000000000006,8.88,10.694400000000005,2.024,476->362->373->356->350->353->348->346->344->334->337->331->329->324->321->309->298->296->289->284->266->262->259->254->235->233->232->230->229->217->228->210->206->209->201->198->196->193->190->183->178->174->168->164->163->162->155->169->153->147->137->132->130->120->117->112->110->105->96->92->90->61->51->50->48->43->42->41->37->31->25->36->46->35->21->1->9->10->11->15->24->19->28->22->30->34->54->53->89->49->85->100->119->114->122->123->125->133->134->181->143->146->156->166->158->173->185->197->204->202->260->263->275->288->290->293->306->317->358->363->379->384->394->407->396->397->401->406->398->403->413->440->449->453->455->460->468->471->482->495,495->500
HEURISTIC,N500_C6_I1.dat,500,1760,25,476,500,0.9,0.5,20.5,0.9,1,454,0.29900000000000027,0.39949999999999997,0.0799,9.21,21.381600000000013,17.940000000000015,4.794,22.734000000000016,9.21,21.381600000000013,1.992,476->463->450->436->430->408->393->387->372->375->371->362->373->356->350->353->348->346->344->334->337->331->329->324->321->309->298->299->289->284->266->262->259->254->235->233->232->230->229->217->228->210->206->209->201->198->196->193->190->183->178->174->168->164->163->162->155->169->153->147->137->132->130->120->117->112->110->105->96->107->92->90->88->79->57->51->43->42->41->37->31->25->36->46->35->21->1->2->7->14->15->24->19->28->22->30->34->54->53->89->98->121->85->100->119->114->122->123->125->133->134->181->191->143->146->156->166->158->173->185->192->204->202->260->263->268->275->288->290->293->306->317->358->363->379->384->394->407->396->397->401->406->398->403->413->440->454,454->500
HEURISTIC,N500_C7_I1.dat,500,1760,25,476,500,0.9,0.5,20.5,0.9,1,495,0.1090000000000001,0.141,0.0282,8.88,8.296800000000005,6.540000000000006,1.692,8.232000000000006,8.88,8.296800000000005,2.144,476->463->362->373->356->350->353->348->366->349->334->337->331->329->324->321->309->298->296->289->284->266->262->259->254->235->233->232->230->229->217->228->210->206->209->201->198->196->193->190->183->178->174->168->164->163->162->155->169->153->147->137->132->130->120->117->112->110->105->96->92->90->88->79->57->64->47->43->39->44->91->21->1->5->6->10->11->15->24->19->28->22->30->34->54->29->49->85->100->119->114->122->123->125->133->134->181->143->146->156->166->158->173->185->197->204->202->260->265->263->275->288->290->293->306->317->358->363->379->384->394->407->396->397->401->406->398->403->413->440->449->453->455->460->468->471->482->495,495->500
HEURISTIC,N500_C8_I1.dat,500,1760,25,476,500,0.1,0.5,20.5,0.1,1,413,0.10160000000000007,0.477,0.0954,8.1,8.472000000000001,6.096000000000004,5.724,11.820000000000004,8.1,8.472000000000001,6.72,476->463->362->373->356->350->353->348->366->349->334->337->331->329->324->321->309->298->296->289->284->266->262->259->254->235->233->232->230->229->217->228->210->206->209->201->198->196->193->190->183->178->174->168->164->163->162->155->169->153->147->137->132->130->120->117->112->110->105->96->92->90->88->79->57->64->47->43->39->44->91->21->1->5->6->10->11->15->24->19->28->22->30->34->54->29->49->85->100->119->114->122->123->125->133->134->181->143->146->156->166->158->173->185->197->204->202->260->265->263->275->288->290->293->306->317->358->363->379->384->394->407->396->397->401->406->398->403->413,413->500
HEURISTIC,N500_C9_I1.dat,500,1760,25,476,500,0.9,0.5,15.0,0.9,1,495,0.1090000000000001,0.141,0.0282,8.88,8.296800000000005,6.540000000000006,1.692,8.232000000000006,8.88,8.296800000000005,2.126,476->463->362->373->356->350->353->348->366->349->334->337->331->329->324->321->309->298->296->289->284->266->262->259->254->235->233->232->230->229->217->228->210->206->209->201->198->196->193->190->183->178->174->168->164->163->162->155->169->153->147->137->132->130->120->117->112->110->105->96->92->90->88->79->57->64->47->43->39->44->91->21->1->5->6->10->11->15->24->19->28->22->30->34->54->29->49->85->100->119->114->122->123->125->133->134->181->143->146->156->166->158->173->185->197->204->202->260->265->263->275->288->290->293->306->317->358->363->379->384->394->407->396->397->401->406->398->403->413->440->449->453->455->460->468->471->482->495,495->500
HEURISTIC,N500_C10_I1.dat,500,1760,25,476,500,0.9,0.5,20.5,0.9,1,495,0.1090000000000001,0.141,0.0282,15.09,8.917800000000005,6.540000000000006,1.692,8.232000000000006,15.09,8.917800000000005,1.792,476->463->362->373->356->350->353->348->366->349->334->337->331->329->324->321->309->298->296->289->284->266->262->259->254->235->233->232->230->229->217->228->210->206->209->201->198->196->193->190->183->178->174->168->164->163->162->155->169->153->147->137->132->130->120->117->112->110->105->96->92->90->88->79->57->64->47->43->39->44->91->21->1->5->6->10->11->15->24->19->28->22->30->34->54->29->49->85->100->119->114->122->123->125->133->134->181->143->146->156->166->158->173->185->197->204->202->260->265->263->275->288->290->293->306->317->358->363->379->384->394->407->396->397->401->406->398->403->413->440->449->453->455->460->468->471->482->495,495->500
HEURISTIC,N1000_C1_I1.dat,1000,3252,50,988,1000,0.9,0.5,20.5,0.9,1,985,0.14570000000000008,0.17350000000000002,0.0347,13.61,11.102600000000004,8.742000000000004,2.0820000000000003,10.824000000000005,13.61,11.102600000000004,1.745,988->877->874->865->857->856->851->813->810->812->805->786->762->761->757->755->725->715->711->723->705->696->691->697->689->687->681->674->667->659->657->636->609->599->592->588->576->574->586->568->575->564->560->549->547->545->543->540->538->561->532->542->534->539->526->525->527->508->501->476->469->463->467->450->436->430->408->393->387->372->375->371->362->373->356->350->353->348->346->349->334->337->331->329->324->321->309->298->296->289->284->266->262->259->254->235->233->232->230->229->217->228->210->206->209->201->198->196->193->190->183->178->174->168->164->163->162->155->169->153->147->132->130->120->117->112->105->96->88->50->48->47->42->41->40->56->38->55->37->31->25->36->46->35->23->21->1->5->6->10->11->15->24->19->28->22->30->34->54->53->89->49->85->100->119->114->122->123->125->133->134->143->146->156->166->158->170->173->185->192->204->202->260->263->275->288->290->293->306->317->358->363->379->384->394->407->396->397->401->406->398->403->413->440->449->455->460->468->471->482->497->517->518->537->546->551->553->555->562->569->570->573->593->600->602->615->628->637->642->658->668->694->700->713->721->734->745->748->749->753->763->764->766->783->793->816->821->826->830->985,985->1000
HEURISTIC,N1000_C2_I1.dat,1000,3584,50,988,1000,0.9,0.5,20.5,0.9,1,985,0.1227,0.17350000000000002,0.0347,13.61,9.8606,7.362,2.0820000000000003,9.444,13.61,9.8606,7.322,988->877->874->661->659->657->467->450->436->430->408->393->254->235->233->232->230->229->217->228->210->206->110->105->96->88->50->48->47->85->100->119->114->122->123->394->407->396->397->401->406->398->403->413->440->449->455->460->468->471->482->497->517->518->537->546->551->553->555->562->569->570->573->593->784->793->816->821->826->830->985,985->1000
HEURISTIC,N1000_C3_I1.dat,1000,3352,100,988,1000,0.9,0.5,20.5,0.9,1,985,0.14570000000000008,0.17350000000000002,0.0347,13.61,11.102600000000004,8.742000000000004,2.0820000000000003,10.824000000000005,13.61,11.102600000000004,6.524,988->877->874->865->857->856->851->813->810->812->805->786->762->761->757->755->725->715->711->723->705->696->691->697->689->687->681->674->667->659->657->636->609->599->592->588->576->574->586->568->575->564->560->549->547->545->543->540->538->561->532->542->534->539->526->525->527->508->501->476->469->463->467->450->436->430->408->393->387->372->375->371->362->373->356->350->353->348->346->349->334->337->331->329->324->321->309->298->296->289->284->266->262->259->254->235->233->232->230->229->217->228->210->206->209->201->198->196->193->190->183->178->174->168->164->163->162->155->169->153->147->132->130->120->117->112->105->96->88->50->48->47->42->41->40->56->38->55->37->31->25->36->46->35->23->21->1->5->6->10->11->15->24->19->28->22->30->34->54->53->89->49->85->100->119->114->122->123->125->133->134->143->146->156->166->158->170->173->185->192->204->202->260->263->275->288->290->293->306->317->358->363->379->384->394->407->396->397->401->406->398->403->413->440->449->455->460->468->471->482->497->517->518->537->546->551->553->555->562->569->570->573->593->600->602->615->628->637->642->658->668->694->700->713->721->734->745->748->749->753->763->764->766->783->793->816->821->826->830->985,985->1000
HEURISTIC,N1000_C4_I1.dat,1000,3252,50,988,1000,0.9,1.0,20.5,0.9,1,985,0.14570000000000008,0.17350000000000002,0.0347,13.61,11.102600000000004,8.742000000000004,2.0820000000000003,10.824000000000005,13.61,11.102600000000004,4.487,988->877->874->865->857->856->851->813->810->812->805->786->762->761->757->755->725->715->711->723->705->696->691->697->689->687->681->674->667->659->657->636->609->599->592->588->576->574->586->568->575->564->560->549->547->545->543->540->538->561->532->542->534->539->526->525->527->508->501->476->469->463->467->450->436->430->408->393->387->372->375->371->362->373->356->350->353->348->346->349->334->337->331->329->324->321->309->298->296->289->284->266->262->259->254->235->233->232->230->229->217->228->210->206->209->201->198->196->193->190->183->178->174->168->164->163->162->155->169->153->147->132->130->120->117->112->105->96->88->50->48->47->42->41->40->56->38->55->37->31->25->36->46->35->23->21->1->5->6->10->11->15->24->19->28->22->30->34->54->53->89->49->85->100->119->114->122->123->125->133->134->143->146->156->166->158->170->173->185->192->204->202->260->263->275->288->290->293->306->317->358->363->379->384->394->407->396->397->401->406->398->403->413->440->449->455->460->468->471->482->497->517->518->537->546->551->553->555->562->569->570->573->593->600->602->615->628->637->642->658->668->694->700->713->721->734->745->748->749->753->763->764->766->783->793->816->821->826->830->985,985->1000
HEURISTIC,N1000_C5_I1.dat,1000,3252,50,988,1000,0.9,0.5,20.5,0.9,1,985,0.20629999999999993,0.17350000000000002,0.0347,13.61,14.374999999999995,12.377999999999997,2.0820000000000003,14.459999999999996,13.61,14.374999999999995,4.853,988->877->874->865->857->856->851->813->810->805->786->762->761->757->755->741->725->715->711->723->705->696->691->697->689->687->681->674->667->659->657->636->609->599->592->588->576->574->586->568->575->564->560->549->547->545->543->540->538->561->532->542->534->539->526->525->527->508->501->476->469->463->450->436->430->415->408->393->387->372->375->371->362->373->356->350->353->348->346->349->334->337->331->329->324->321->309->298->299->289->284->266->262->259->254->235->233->232->230->229->217->228->210->206->209->201->198->196->193->190->183->178->174->168->164->163->162->155->169->153->147->132->130->120->117->112->88->50->48->47->43->42->41->40->56->39->38->55->37->31->25->36->46->35->23->21->1->5->6->10->11->15->24->19->28->22->30->34->54->53->89->49->85->100->119->114->122->123->125->133->134->143->146->156->166->158->173->185->197->204->202->260->263->275->288->290->293->306->317->358->363->379->384->394->407->396->397->401->406->398->403->413->440->449->455->460->468->471->482->497->517->518->537->546->551->553->555->562->569->570->573->593->600->602->615->628->637->642->658->668->694->700->713->721->734->745->748->749->753->763->765->764->766->783->793->816->821->826->830->985,985->1000
HEURISTIC,N1000_C6_I1.dat,1000,3252,50,988,1000,0.9,0.5,20.5,0.9,1,976,0.4380999999999999,0.2215,0.0443,11.22,27.171599999999994,26.285999999999994,2.658,28.943999999999992,11.22,27.171599999999994,4.641,988->981->877->874->865->861->857->856->851->818->813->810->812->805->786->762->776->757->755->741->725->715->711->723->705->696->691->697->689->687->681->674->667->661->659->657->636->609->599->592->588->576->574->586->568->575->564->560->549->547->545->543->540->538->561->532->542->534->539->526->525->527->508->501->476->469->463->467->450->436->430->415->408->393->387->372->375->371->362->373->356->350->353->348->346->349->334->337->331->329->324->321->309->298->296->289->284->266->262->259->254->235->233->232->244->230->229->217->228->210->206->209->201->198->196->193->190->183->178->174->168->164->163->162->155->169->153->147->132->130->120->92->52->51->60->48->64->62->59->55->37->31->25->36->46->35->23->21->1->5->6->10->13->14->15->24->19->28->22->30->34->54->53->89->49->85->100->119->114->122->123->125->133->134->181->191->143->146->156->166->158->173->185->192->204->202->260->265->263->268->275->288->290->293->306->317->358->363->379->384->394->407->396->397->401->406->398->403->413->440->449->455->460->461->462->471->482->497->517->518->536->537->546->551->553->555->562->569->570->573->593->600->602->615->628->637->642->658->668->694->700->713->721->734->745->748->749->753->763->765->764->766->783->784->793->816->821->826->830->944->946->948->976,976->1000
HEURISTIC,N1000_C7_I1.dat,1000,3252,50,988,1000,0.9,0.5,20.5,0.9,1,985,0.14570000000000008,0.17350000000000002,0.0347,13.61,11.102600000000004,8.742000000000004,2.0820000000000003,10.824000000000005,13.61,11.102600000000004,4.616,988->877->874->865->857->856->851->813->810->812->805->786->762->761->757->755->725->715->711->723->705->696->691->697->689->687->681->674->667->659->657->636->609->599->592->588->576->574->586->568->575->564->560->549->547->545->543->540->538->561->532->542->534->539->526->525->527->508->501->476->469->463->467->450->436->430->408->393->387->372->375->371->362->373->356->350->353->348->346->349->334->337->331->329->324->321->309->298->296->289->284->266->262->259->254->235->233->232->230->229->217->228->210->206->209->201->198->196->193->190->183->178->174->168->164->163->162->155->169->153->147->132->130->120->117->112->105->96->88->50->48->47->42->41->40->56->38->55->37->31->25->36->46->35->23->21->1->5->6->10->11->15->24->19->28->22->30->34->54->53->89->49->85->100->119->114->122->123->125->133->134->143->146->156->166->158->170->173->185->192->204->202->260->263->275->288->290->293->306->317->358->363->379->384->394->407->396->397->401->406->398->403->413->440->449->455->460->468->471->482->497->517->518->537->546->551->553->555->562->569->570->573->593->600->602->615->628->637->642->658->668->694->700->713->721->734->745->748->749->753->763->764->766->783->793->816->821->826->830->985,985->1000
HEURISTIC,N1000_C8_I1.dat,1000,3252,50,988,1000,0.1,0.5,20.5,0.1,1,976,0.1451000000000001,0.2215,0.0443,11.22,11.2344,8.706000000000005,2.658,11.364000000000006,11.22,11.2344,4.61,988->877->874->865->857->856->851->813->810->812->805->786->762->761->757->755->725->715->711->723->705->696->691->697->689->687->681->674->667->659->657->636->609->599->592->588->576->574->586->568->575->564->560->549->547->545->543->540->538->561->532->542->534->539->526->525->527->508->501->476->469->463->467->450->436->430->408->393->387->372->375->371->362->373->356->350->353->348->346->349->334->337->331->329->324->321->309->298->296->289->284->266->262->259->254->235->233->232->230->229->217->228->210->206->209->201->198->196->193->190->183->178->174->168->164->163->162->155->169->153->147->132->130->120->117->112->105->96->88->50->48->47->42->41->40->56->38->55->37->31->25->36->46->35->23->21->1->5->6->10->11->15->24->19->28->22->30->34->54->53->89->49->85->100->119->114->122->123->125->133->134->143->146->156->166->158->170->173->185->192->204->202->260->263->275->288->290->293->306->317->358->363->379->384->394->407->396->397->401->406->398->403->413->440->449->455->460->468->471->482->497->517->518->537->546->551->553->555->562->569->570->573->593->600->602->615->628->637->642->658->668->694->700->713->721->734->745->748->749->753->763->764->766->783->793->816->821->826->830->946->948->976,976->1000
HEURISTIC,N1000_C9_I1.dat,1000,3252,50,988,1000,0.9,0.5,15.0,0.9,1,985,0.14570000000000008,0.17350000000000002,0.0347,13.61,11.102600000000004,8.742000000000004,2.0820000000000003,10.824000000000005,13.61,11.102600000000004,4.699,988->877->874->865->857->856->851->813->810->812->805->786->762->761->757->755->725->715->711->723->705->696->691->697->689->687->681->674->667->659->657->636->609->599->592->588->576->574->586->568->575->564->560->549->547->545->543->540->538->561->532->542->534->539->526->525->527->508->501->476->469->463->467->450->436->430->408->393->387->372->375->371->362->373->356->350->353->348->346->349->334->337->331->329->324->321->309->298->296->289->284->266->262->259->254->235->233->232->230->229->217->228->210->206->209->201->198->196->193->190->183->178->174->168->164->163->162->155->169->153->147->132->130->120->117->112->105->96->88->50->48->47->42->41->40->56->38->55->37->31->25->36->46->35->23->21->1->5->6->10->11->15->24->19->28->22->30->34->54->53->89->49->85->100->119->114->122->123->125->133->134->143->146->156->166->158->170->173->185->192->204->202->260->263->275->288->290->293->306->317->358->363->379->384->394->407->396->397->401->406->398->403->413->440->449->455->460->468->471->482->497->517->518->537->546->551->553->555->562->569->570->573->593->600->602->615->628->637->642->658->668->694->700->713->721->734->745->748->749->753->763->764->766->783->793->816->821->826->830->985,985->1000
HEURISTIC,N1000_C10_I1.dat,1000,3252,50,988,1000,0.9,0.5,20.5,0.9,1,976,0.1451000000000001,0.2215,0.0443,17.9,12.017600000000005,8.706000000000005,2.658,11.364000000000006,17.9,12.017600000000005,4.421,988->877->874->865->857->856->851->813->810->812->805->786->762->761->757->755->725->715->711->723->705->696->691->697->689->687->681->674->667->659->657->636->609->599->592->588->576->574->586->568->575->564->560->549->547->545->543->540->538->561->532->542->534->539->526->525->527->508->501->476->469->463->467->450->436->430->408->393->387->372->375->371->362->373->356->350->353->348->346->349->334->337->331->329->324->321->309->298->296->289->284->266->262->259->254->235->233->232->230->229->217->228->210->206->209->201->198->196->193->190->183->178->174->168->164->163->162->155->169->153->147->132->130->120->117->112->105->96->88->50->48->47->42->41->40->56->38->55->37->31->25->36->46->35->23->21->1->5->6->10->11->15->24->19->28->22->30->34->54->53->89->49->85->100->119->114->122->123->125->133->134->143->146->156->166->158->170->173->185->192->204->202->260->263->275->288->290->293->306->317->358->363->379->384->394->407->396->397->401->406->398->403->413->440->449->455->460->468->471->482->497->517->518->537->546->551->553->555->562->569->570->573->593->600->602->615->628->637->642->658->668->694->700->713->721->734->745->748->749->753->763->764->766->783->793->816->821->826->830->946->948->976,976->1000
HEURISTIC,N1500_C1_I1.dat,1500,4728,75,1492,1500,0.9,0.5,20.5,0.9,1,1463,0.16950000000000007,0.1855,0.0371,11.18,12.274400000000005,10.170000000000003,2.226,12.396000000000004,11.18,12.274400000000005,3.028,1492->1298->1290->1281->1274->1270->1279->1262->1257->1254->1234->1219->1206->1228->1203->1194->1197->1177->1170->1153->1152->1149->1142->1134->1130->1125->1117->1113->1129->1111->1099->1089->1075->1069->1065->1064->1063->1051->1042->1039->1050->1037->1036->1027->1006->988->981->969->929->924->917->912->907->904->903->896->892->905->888->885->878->877->874->865->857->856->851->813->810->805->786->762->761->757->755->725->715->711->723->705->696->691->697->689->687->681->674->667->659->657->636->609->599->592->588->576->574->586->568->575->564->560->549->547->545->543->540->538->561->548->542->534->539->526->525->527->508->501->476->469->463->450->436->430->415->408->393->387->372->371->362->373->356->350->353->348->346->344->334->337->331->329->324->321->309->298->296->289->284->266->262->259->254->235->233->232->230->229->217->228->210->206->209->201->198->196->193->190->183->178->174->168->164->163->162->155->169->153->117->115->79->57->52->51->74->62->59->55->37->31->25->36->46->35->21->1->2->3->4->8->12->24->19->28->22->30->34->54->53->89->49->85->100->119->114->122->123->125->133->134->181->143->146->156->166->158->173->185->192->204->202->260->263->275->288->290->293->306->317->358->363->379->384->394->407->396->397->401->406->398->403->413->440->449->455->460->468->471->482->497->517->518->537->546->551->553->555->562->569->570->573->593->600->602->615->628->637->642->658->668->694->700->713->721->734->745->748->749->753->763->764->766->783->784->791->815->816->821->826->830->839->842->849->852->860->864->866->867->870->880->882->887->893->894->910->933->944->946->948->976->978->985->991->995->1017->1024->1031->1071->1077->1079->1091->1100->1110->1120->1122->1139->1167->1168->1173->1175->1178->1192->1204->1182->1184->1193->1205->1210->1223->1229->1230->1241->1232->1237->1242->1244->1251->1269->1453->1462->1463,1463->1500
HEURISTIC,N1500_C2_I1.dat,1500,5226,75,1492,1500,0.9,0.5,20.5,0.9,1,1463,0.14050000000000004,0.1855,0.0371,11.18,10.708400000000003,8.430000000000003,2.226,10.656000000000002,11.18,10.708400000000003,13.729,1492->1298->1290->1281->1274->1270->1042->1039->1050->1037->1036->1027->1006->715->711->508->501->476->469->463->450->436->430->415->408->393->387->372->371->362->373->356->350->353->348->346->349->334->337->331->329->324->321->309->298->296->289->284->266->262->120->90->50->48->47->42->41->40->56->195->482->497->517->518->537->546->766->783->784->791->815->816->1079->1091->1100->1110->1120->1122->1139->1167->1168->1390->1403->1417->1434->1428->1453->1462->1463,1463->1500
HEURISTIC,N1500_C3_I1.dat,1500,4878,150,1492,1500,0.9,0.5,20.5,0.9,1,1463,0.16950000000000007,0.1855,0.0371,11.18,12.274400000000005,10.170000000000003,2.226,12.396000000000004,11.18,12.274400000000005,11.841,1492->1298->1290->1281->1274->1270->1279->1262->1257->1254->1234->1219->1206->1228->1203->1194->1197->1177->1170->1153->1152->1149->1142->1134->1130->1125->1117->1113->1129->1111->1099->1089->1075->1069->1065->1064->1063->1051->1042->1039->1050->1037->1036->1027->1006->988->981->969->929->924->917->912->907->904->903->896->892->905->888->885->878->877->874->865->857->856->851->813->810->805->786->762->761->757->755->725->715->711->723->705->696->691->697->689->687->681->674->667->659->657->636->609->599->592->588->576->574->586->568->575->564->560->549->547->545->543->540->538->561->548->542->534->539->526->525->527->508->501->476->469->463->450->436->430->415->408->393->387->372->371->362->373->356->350->353->348->346->344->334->337->331->329->324->321->309->298->296->289->284->266->262->259->254->235->233->232->230->229->217->228->210->206->209->201->198->196->193->190->183->178->174->168->164->163->162->155->169->153->117->115->79->57->52->51->74->62->59->55->37->31->25->36->46->35->21->1->2->3->4->8->12->24->19->28->22->30->34->54->53->89->49->85->100->119->114->122->123->125->133->134->181->143->146->156->166->158->173->185->192->204->202->260->263->275->288->290->293->306->317->358->363->379->384->394->407->396->397->401->406->398->403->413->440->449->455->460->468->471->482->497->517->518->537->546->551->553->555->562->569->570->573->593->600->602->615->628->637->642->658->668->694->700->713->721->734->745->748->749->753->763->764->766->783->784->791->815->816->821->826->830->839->842->849->852->860->864->866->867->870->880->882->887->893->894->910->933->944->946->948->976->978->985->991->995->1017->1024->1031->1071->1077->1079->1091->1100->1110->1120->1122->1139->1167->1168->1173->1175->1178->1192->1204->1182->1184->1193->1205->1210->1223->1229->1230->1241->1232->1237->1242->1244->1251->1269->1453->1462->1463,1463->1500
HEURISTIC,N1500_C4_I1.dat,1500,4728,75,1492,1500,0.9,1.0,20.5,0.9,1,1463,0.16950000000000007,0.1855,0.0371,11.18,12.274400000000005,10.170000000000003,2.226,12.396000000000004,11.18,12.274400000000005,8.933,1492->1298->1290->1281->1274->1270->1279->1262->1257->1254->1234->1219->1206->1228->1203->1194->1197->1177->1170->1153->1152->1149->1142->1134->1130->1125->1117->1113->1129->1111->1099->1089->1075->1069->1065->1064->1063->1051->1042->1039->1050->1037->1036->1027->1006->988->981->969->929->924->917->912->907->904->903->896->892->905->888->885->878->877->874->865->857->856->851->813->810->805->786->762->761->757->755->725->715->711->723->705->696->691->697->689->687->681->674->667->659->657->636->609->599->592->588->576->574->586->568->575->564->560->549->547->545->543->540->538->561->548->542->534->539->526->525->527->508->501->476->469->463->450->436->430->415->408->393->387->372->371->362->373->356->350->353->348->346->344->334->337->331->329->324->321->309->298->296->289->284->266->262->259->254->235->233->232->230->229->217->228->210->206->209->201->198->196->193->190->183->178->174->168->164->163->162->155->169->153->117->115->79->57->52->51->74->62->59->55->37->31->25->36->46->35->21->1->2->3->4->8->12->24->19->28->22->30->34->54->53->89->49->85->100->119->114->122->123->125->133->134->181->143->146->156->166->158->173->185->192->204->202->260->263->275->288->290->293->306->317->358->363->379->384->394->407->396->397->401->406->398->403->413->440->449->455->460->468->471->482->497->517->518->537->546->551->553->555->562->569->570->573->593->600->602->615->628->637->642->658->668->694->700->713->721->734->745->748->749->753->763->764->766->783->784->791->815->816->821->826->830->839->842->849->852->860->864->866->867->870->880->882->887->893->894->910->933->944->946->948->976->978->985->991->995->1017->1024->1031->1071->1077->1079->1091->1100->1110->1120->1122->1139->1167->1168->1173->1175->1178->1192->1204->1182->1184->1193->1205->1210->1223->1229->1230->1241->1232->1237->1242->1244->1251->1269->1453->1462->1463,1463->1500
HEURISTIC,N1500_C5_I1.dat,1500,4728,75,1492,1500,0.9,0.5,20.5,0.9,1,1463,0.23820000000000022,0.1855,0.0371,11.18,15.98420000000001,14.292000000000012,2.226,16.51800000000001,11.18,15.98420000000001,8.211,1492->1490->1298->1290->1281->1274->1270->1279->1262->1257->1254->1252->1219->1206->1228->1203->1194->1197->1183->1177->1170->1153->1152->1149->1142->1134->1130->1125->1117->1113->1129->1111->1099->1089->1075->1069->1065->1064->1063->1051->1042->1039->1050->1037->1036->1027->1006->988->981->969->929->924->917->912->904->903->896->892->905->888->885->878->877->874->865->857->856->851->818->813->810->805->786->762->761->757->755->725->715->711->708->705->696->691->697->698->689->687->681->674->667->659->657->636->609->599->592->588->576->574->586->568->575->564->560->549->547->545->543->540->538->561->532->542->534->539->526->525->527->508->501->476->469->463->450->437->436->430->408->393->387->372->371->362->373->356->350->353->348->346->344->334->337->331->329->324->321->309->298->296->289->284->266->262->259->254->235->233->232->230->229->217->228->210->206->209->201->198->196->193->190->183->178->174->168->164->163->162->155->169->153->117->105->96->92->90->60->48->47->42->41->40->56->38->55->37->31->25->36->46->35->21->1->2->3->4->8->12->24->19->28->22->30->34->54->53->89->49->85->111->119->114->122->123->125->133->134->181->143->146->156->166->158->173->185->192->204->202->260->263->275->288->290->293->306->317->358->363->379->384->394->407->396->397->401->406->398->403->413->440->449->455->460->461->462->471->482->497->517->518->537->546->551->553->555->562->569->570->573->593->600->602->615->628->637->642->658->668->694->700->713->721->734->745->748->749->753->763->764->766->783->784->791->815->816->821->826->830->839->842->849->852->860->864->866->867->870->880->882->889->887->893->894->910->933->944->946->948->976->978->985->991->995->1017->1024->1031->1071->1077->1079->1091->1100->1110->1120->1122->1139->1167->1168->1173->1175->1178->1192->1204->1182->1184->1193->1205->1210->1223->1229->1230->1241->1232->1237->1242->1244->1251->1269->1417->1434->1428->1453->1462->1463,1463->1500
HEURISTIC,N1500_C6_I1.dat,1500,4728,75,1492,1500,0.9,0.5,20.5,0.9,1,1463,0.5037000000000001,0.1855,0.0371,11.18,30.321200000000005,30.22200000000001,2.226,32.44800000000001,11.18,30.321200000000005,8.017,1492->1488->1495->1479->1298->1290->1281->1274->1270->1279->1262->1257->1254->1234->1219->1206->1212->1203->1194->1197->1177->1170->1153->1152->1149->1142->1134->1130->1125->1117->1113->1129->1111->1105->1099->1089->1075->1069->1065->1064->1063->1051->1042->1039->1050->1037->1036->1027->1006->988->981->969->929->924->917->912->907->904->903->896->892->905->888->885->878->877->874->865->857->856->851->813->810->812->805->786->762->761->757->755->725->715->711->723->705->696->691->697->698->689->687->681->674->667->659->657->636->609->599->592->588->576->574->586->568->575->564->560->549->547->545->543->540->538->561->548->542->530->539->526->525->527->508->501->476->469->463->450->436->430->415->408->393->387->372->371->362->373->356->350->353->348->346->344->334->337->331->329->324->321->309->298->299->289->284->266->262->259->254->235->233->232->244->230->229->217->228->210->206->209->201->198->196->193->190->183->178->174->168->164->163->175->169->153->147->110->92->90->50->48->47->42->41->81->77->69->68->63->21->1->9->10->13->14->15->24->19->28->22->30->34->54->29->49->85->100->119->114->122->123->125->133->134->181->143->146->156->166->158->173->185->197->204->202->260->263->275->288->290->293->306->317->358->363->379->384->394->407->396->397->401->406->398->403->413->440->449->455->460->468->471->482->495->497->517->518->536->537->546->551->553->555->562->569->570->573->593->600->602->615->628->637->642->658->668->694->700->709->713->721->734->745->748->749->753->763->764->766->783->784->791->815->816->821->826->830->839->854->849->852->860->864->866->867->870->880->882->889->887->893->894->910->933->944->946->948->976->978->985->991->995->1017->1024->1031->1071->1077->1079->1091->1100->1110->1120->1116->1122->1139->1167->1168->1173->1175->1189->1192->1204->1182->1184->1193->1205->1210->1223->1229->1230->1241->1232->1237->1242->1244->1251->1269->1403->1417->1434->1428->1453->1462->1463,1463->1500
HEURISTIC,N1500_C7_I1.dat,1500,4728,75,1492,1500,0.9,0.5,20.5,0.9,1,1463,0.16950000000000007,0.1855,0.0371,11.18,12.274400000000005,10.170000000000003,2.226,12.396000000000004,11.18,12.274400000000005,13.832,1492->1298->1290->1281->1274->1270->1279->1262->1257->1254->1234->1219->1206->1228->1203->1194->1197->1177->1170->1153->1152->1149->1142->1134->1130->1125->1117->1113->1129->1111->1099->1089->1075->1069->1065->1064->1063->1051->1042->1039->1050->1037->1036->1027->1006->988->981->969->929->924->917->912->907->904->903->896->892->905->888->885->878->877->874->865->857->856->851->813->810->805->786->762->761->757->755->725->715->711->723->705->696->691->697->689->687->681->674->667->659->657->636->609->599->592->588->576->574->586->568->575->564->560->549->547->545->543->540->538->561->548->542->534->539->526->525->527->508->501->476->469->463->450->436->430->415->408->393->387->372->371->362->373->356->350->353->348->346->344->334->337->331->329->324->321->309->298->296->289->284->266->262->259->254->235->233->232->230->229->217->228->210->206->209->201->198->196->193->190->183->178->174->168->164->163->162->155->169->153->117->115->79->57->52->51->74->62->59->55->37->31->25->36->46->35->21->1->2->3->4->8->12->24->19->28->22->30->34->54->53->89->49->85->100->119->114->122->123->125->133->134->181->143->146->156->166->158->173->185->192->204->202->260->263->275->288->290->293->306->317->358->363->379->384->394->407->396->397->401->406->398->403->413->440->449->455->460->468->471->482->497->517->518->537->546->551->553->555->562->569->570->573->593->600->602->615->628->637->642->658->668->694->700->713->721->734->745->748->749->753->763->764->766->783->784->791->815->816->821->826->830->839->842->849->852->860->864->866->867->870->880->882->887->893->894->910->933->944->946->948->976->978->985->991->995->1017->1024->1031->1071->1077->1079->1091->1100->1110->1120->1122->1139->1167->1168->1173->1175->1178->1192->1204->1182->1184->1193->1205->1210->1223->1229->1230->1241->1232->1237->1242->1244->1251->1269->1453->1462->1463,1463->1500
HEURISTIC,N1500_C8_I1.dat,1500,4728,75,1492,1500,0.1,0.5,20.5,0.1,1,1362,0.16660000000000003,0.4405,0.0881,10.09,10.6092,9.996000000000002,5.286,15.282000000000002,10.09,10.6092,9.437,1492->1298->1290->1281->1274->1270->1279->1262->1257->1254->1234->1219->1206->1228->1203->1194->1197->1177->1170->1153->1152->1149->1142->1134->1130->1125->1117->1113->1129->1111->1099->1089->1075->1069->1065->1064->1063->1051->1042->1039->1050->1037->1036->1027->1006->988->981->969->929->924->917->912->907->904->903->896->892->905->888->885->878->877->874->865->857->856->851->813->810->805->786->762->761->757->755->725->715->711->723->705->696->691->697->689->687->681->674->667->659->657->636->609->599->592->588->576->574->586->568->575->564->560->549->547->545->543->540->538->561->548->542->534->539->526->525->527->508->501->476->469->463->450->436->430->415->408->393->387->372->371->362->373->356->350->353->348->346->344->334->337->331->329->324->321->309->298->296->289->284->266->262->259->254->235->233->232->230->229->217->228->210->206->209->201->198->196->193->190->183->178->174->168->164->163->162->155->169->153->117->115->79->57->52->51->74->62->59->55->37->31->25->36->46->35->21->1->2->3->4->8->12->24->19->28->22->30->34->54->53->89->49->85->100->119->114->122->123->125->133->134->181->143->146->156->166->158->173->185->192->204->202->260->263->275->288->290->293->306->317->358->363->379->384->394->407->396->397->401->406->398->403->413->440->449->455->460->468->471->482->497->517->518->537->546->551->553->555->562->569->570->573->593->600->602->615->628->637->642->658->668->694->700->713->721->734->745->748->749->753->763->764->766->783->784->791->815->816->821->826->830->839->842->849->852->860->864->866->867->870->880->882->887->893->894->910->933->944->946->948->976->978->985->991->995->1017->1024->1031->1071->1077->1079->1091->1100->1110->1120->1122->1139->1167->1168->1173->1175->1178->1192->1204->1182->1184->1193->1205->1210->1223->1229->1230->1241->1232->1237->1242->1244->1251->1269->1275->1278->1296->1322->1330->1348->1364->1353->1358->1361->1362,1362->1500
HEURISTIC,N1500_C9_I1.dat,1500,4728,75,1492,1500,0.9,0.5,15.0,0.9,1,1463,0.16950000000000007,0.1855,0.0371,11.18,12.274400000000005,10.170000000000003,2.226,12.396000000000004,11.18,12.274400000000005,7.854,1492->1298->1290->1281->1274->1270->1279->1262->1257->1254->1234->1219->1206->1228->1203->1194->1197->1177->1170->1153->1152->1149->1142->1134->1130->1125->1117->1113->1129->1111->1099->1089->1075->1069->1065->1064->1063->1051->1042->1039->1050->1037->1036->1027->1006->988->981->969->929->924->917->912->907->904->903->896->892->905->888->885->878->877->874->865->857->856->851->813->810->805->786->762->761->757->755->725->715->711->723->705->696->691->697->689->687->681->674->667->659->657->636->609->599->592->588->576->574->586->568->575->564->560->549->547->545->543->540->538->561->548->542->534->539->526->525->527->508->501->476->469->463->450->436->430->415->408->393->387->372->371->362->373->356->350->353->348->346->344->334->337->331->329->324->321->309->298->296->289->284->266->262->259->254->235->233->232->230->229->217->228->210->206->209->201->198->196->193->190->183->178->174->168->164->163->162->155->169->153->117->115->79->57->52->51->74->62->59->55->37->31->25->36->46->35->21->1->2->3->4->8->12->24->19->28->22->30->34->54->53->89->49->85->100->119->114->122->123->125->133->134->181->143->146->156->166->158->173->185->192->204->202->260->263->275->288->290->293->306->317->358->363->379->384->394->407->396->397->401->406->398->403->413->440->449->455->460->468->471->482->497->517->518->537->546->551->553->555->562->569->570->573->593->600->602->615->628->637->642->658->668->694->700->713->721->734->745->748->749->753->763->764->766->783->784->791->815->816->821->826->830->839->842->849->852->860->864->866->867->870->880->882->887->893->894->910->933->944->946->948->976->978->985->991->995->1017->1024->1031->1071->1077->1079->1091->1100->1110->1120->1122->1139->1167->1168->1173->1175->1178->1192->1204->1182->1184->1193->1205->1210->1223->1229->1230->1241->1232->1237->1242->1244->1251->1269->1453->1462->1463,1463->1500
HEURISTIC,N1500_C10_I1.dat,1500,4728,75,1492,1500,0.9,0.5,20.5,0.9,1,1463,0.16950000000000007,0.1855,0.0371,18.67,13.023400000000004,10.170000000000003,2.226,12.396000000000004,18.67,13.023400000000004,11.086,1492->1298->1290->1281->1274->1270->1279->1262->1257->1254->1234->1219->1206->1228->1203->1194->1197->1177->1170->1153->1152->1149->1142->1134->1130->1125->1117->1113->1129->1111->1099->1089->1075->1069->1065->1064->1063->1051->1042->1039->1050->1037->1036->1027->1006->988->981->969->929->924->917->912->907->904->903->896->892->905->888->885->878->877->874->865->857->856->851->813->810->805->786->762->761->757->755->725->715->711->723->705->696->691->697->689->687->681->674->667->659->657->636->609->599->592->588->576->574->586->568->575->564->560->549->547->545->543->540->538->561->548->542->534->539->526->525->527->508->501->476->469->463->450->436->430->415->408->393->387->372->371->362->373->356->350->353->348->346->344->334->337->331->329->324->321->309->298->296->289->284->266->262->259->254->235->233->232->230->229->217->228->210->206->209->201->198->196->193->190->183->178->174->168->164->163->162->155->169->153->117->115->79->57->52->51->74->62->59->55->37->31->25->36->46->35->21->1->2->3->4->8->12->24->19->28->22->30->34->54->53->89->49->85->100->119->114->122->123->125->133->134->181->143->146->156->166->158->173->185->192->204->202->260->263->275->288->290->293->306->317->358->363->379->384->394->407->396->397->401->406->398->403->413->440->449->455->460->468->471->482->497->517->518->537->546->551->553->555->562->569->570->573->593->600->602->615->628->637->642->658->668->694->700->713->721->734->745->748->749->753->763->764->766->783->784->791->815->816->821->826->830->839->842->849->852->860->864->866->867->870->880->882->887->893->894->910->933->944->946->948->976->978->985->991->995->1017->1024->1031->1071->1077->1079->1091->1100->1110->1120->1122->1139->1167->1168->1173->1175->1178->1192->1204->1182->1184->1193->1205->1210->1223->1229->1230->1241->1232->1237->1242->1244->1251->1269->1453->1462->1463,1463->1500
HEURISTIC,N2000_C1_I1.dat,2000,6198,100,1968,2000,0.9,0.5,20.5,0.9,1,1982,0.1870000000000001,0.178,0.0356,8.14,12.834400000000006,11.220000000000006,2.136,13.356000000000007,8.14,12.834400000000006,4.454,1968->1955->1807->1789->1788->1781->1779->1774->1771->1780->1778->1766->1764->1740->1736->1735->1731->1718->1713->1707->1693->1681->1677->1672->1665->1664->1655->1649->1643->1637->1628->1610->1587->1579->1552->1550->1548->1530->1537->1525->1492->1490->1488->1495->1479->1486->1471->1465->1460->1430->1423->1406->1401->1391->1384->1380->1374->1373->1369->1359->1355->1344->1311->1301->1310->1298->1290->1281->1274->1270->1279->1277->1262->1257->1254->1252->1219->1206->1228->1203->1194->1197->1177->1170->1153->1152->1149->1142->1134->1130->1125->1117->1113->1129->1111->1099->1089->1075->1069->1065->1064->1063->1051->1042->1039->1050->1037->1036->1027->1006->988->981->969->929->924->917->912->904->903->896->892->905->888->885->878->877->874->865->857->856->851->813->810->805->786->762->761->757->755->725->715->711->708->705->696->691->697->689->687->681->674->667->659->657->636->609->599->592->588->576->574->586->568->575->564->560->549->547->545->543->540->538->561->548->542->534->539->526->525->527->508->501->476->469->463->450->436->430->408->393->387->372->375->371->362->373->356->350->365->348->346->344->334->337->331->329->324->321->309->298->296->289->284->266->262->259->254->235->233->232->230->229->217->228->210->206->209->201->198->196->193->190->183->178->174->168->164->163->162->155->169->108->105->51->50->48->47->42->77->69->68->63->21->1->2->3->4->8->12->24->19->28->22->30->34->54->53->89->49->85->100->119->114->122->123->125->133->134->181->143->146->156->166->158->173->185->192->204->202->260->263->275->288->290->293->306->317->358->363->379->384->394->407->396->397->401->406->398->403->413->440->449->455->460->468->462->471->482->497->517->518->537->546->551->553->555->562->569->570->573->593->600->602->615->628->637->642->658->668->694->700->713->721->734->745->748->749->753->763->764->766->783->784->791->815->816->821->826->830->839->854->842->849->852->860->864->866->867->870->880->882->887->893->894->910->933->944->946->948->976->978->985->991->995->1017->1024->1031->1071->1077->1079->1091->1100->1110->1120->1122->1139->1167->1168->1173->1175->1178->1192->1204->1182->1184->1193->1205->1210->1223->1229->1230->1241->1232->1237->1242->1244->1251->1269->1275->1278->1296->1322->1330->1348->1364->1353->1358->1361->1362->1368->1379->1381->1387->1390->1403->1417->1434->1428->1453->1462->1463->1481->1497->1500->1502->1503->1508->1510->1512->1531->1518->1528->1540->1542->1554->1555->1568->1576->1582->1583->1594->1586->1588->1599->1618->1593->1601->1604->1607->1616->1620->1633->1641->1680->1688->1719->1739->1751->1982,1982->2000
HEURISTIC,N2000_C2_I1.dat,2000,6864,100,1968,2000,0.9,0.5,20.5,0.9,1,1982,0.1535,0.178,0.0356,8.14,11.025400000000001,9.209999999999999,2.136,11.346,8.14,11.025400000000001,15.521,1968->1955->1807->1789->1788->1488->1495->1479->1486->1471->1465->1460->1152->1149->1142->1134->1130->1125->1117->1113->1129->1111->1099->1089->1075->1069->1065->1064->1063->1051->1042->1039->1050->1037->1036->1027->1006->988->981->969->929->924->917->912->904->903->896->892->905->888->575->564->560->549->547->545->543->540->538->561->548->542->534->259->254->235->233->232->230->229->217->50->48->47->42->41->40->56->38->265->263->275->288->290->293->306->317->358->363->379->384->394->407->396->397->401->406->398->403->413->440->449->455->460->468->753->763->764->766->783->784->791->815->816->821->826->830->839->842->849->852->860->1184->1502->1782->1785->1818->1821->1823->1824->1857->1861->1871->1890->1907->1906->1940->1941->1951->1969->1980->1978->1982,1982->2000
HEURISTIC,N2000_C3_I1.dat,2000,6392,197,1968,2000,0.9,0.5,20.5,0.9,1,1982,0.1870000000000001,0.178,0.0356,8.14,12.834400000000006,11.220000000000006,2.136,13.356000000000007,8.14,12.834400000000006,32.604,1968->1955->1807->1789->1788->1781->1779->1774->1771->1780->1778->1766->1764->1740->1736->1735->1731->1718->1713->1707->1693->1681->1677->1672->1665->1664->1655->1649->1643->1637->1628->1610->1587->1579->1552->1550->1548->1530->1537->1525->1492->1490->1488->1495->1479->1486->1471->1465->1460->1430->1423->1406->1401->1391->1384->1380->1374->1373->1369->1359->1355->1344->1311->1301->1310->1298->1290->1281->1274->1270->1279->1277->1262->1257->1254->1252->1219->1206->1228->1203->1194->1197->1177->1170->1153->1152->1149->1142->1134->1130->1125->1117->1113->1129->1111->1099->1089->1075->1069->1065->1064->1063->1051->1042->1039->1050->1037->1036->1027->1006->988->981->969->929->924->917->912->904->903->896->892->905->888->885->878->877->874->865->857->856->851->813->810->805->786->762->761->757->755->725->715->711->708->705->696->691->697->689->687->681->674->667->659->657->636->609->599->592->588->576->574->586->568->575->564->560->549->547->545->543->540->538->561->548->542->534->539->526->525->527->508->501->476->469->463->450->436->430->408->393->387->372->375->371->362->373->356->350->365->348->346->344->334->337->331->329->324->321->309->298->296->289->284->266->262->259->254->235->233->232->230->229->217->228->210->206->209->201->198->196->193->190->183->178->174->168->164->163->162->155->169->108->105->51->50->48->47->42->77->69->68->63->21->1->2->3->4->8->12->24->19->28->22->30->34->54->53->89->49->85->100->119->114->122->123->125->133->134->181->143->146->156->166->158->173->185->192->204->202->260->263->275->288->290->293->306->317->358->363->379->384->394->407->396->397->401->406->398->403->413->440->449->455->460->468->462->471->482->497->517->518->537->546->551->553->555->562->569->570->573->593->600->602->615->628->637->642->658->668->694->700->713->721->734->745->748->749->753->763->764->766->783->784->791->815->816->821->826->830->839->854->842->849->852->860->864->866->867->870->880->882->887->893->894->910->933->944->946->948->976->978->985->991->995->1017->1024->1031->1071->1077->1079->1091->1100->1110->1120->1122->1139->1167->1168->1173->1175->1178->1192->1204->1182->1184->1193->1205->1210->1223->1229->1230->1241->1232->1237->1242->1244->1251->1269->1275->1278->1296->1322->1330->1348->1364->1353->1358->1361->1362->1368->1379->1381->1387->1390->1403->1417->1434->1428->1453->1462->1463->1481->1497->1500->1502->1503->1508->1510->1512->1531->1518->1528->1540->1542->1554->1555->1568->1576->1582->1583->1594->1586->1588->1599->1618->1593->1601->1604->1607->1616->1620->1633->1641->1680->1688->1719->1739->1751->1982,1982->2000
HEURISTIC,N2000_C4_I1.dat,2000,6198,100,1968,2000,0.9,1.0,20.5,0.9,1,1982,0.1870000000000001,0.178,0.0356,8.14,12.834400000000006,11.220000000000006,2.136,13.356000000000007,8.14,12.834400000000006,20.867,1968->1955->1807->1789->1788->1781->1779->1774->1771->1780->1778->1766->1764->1740->1736->1735->1731->1718->1713->1707->1693->1681->1677->1672->1665->1664->1655->1649->1643->1637->1628->1610->1587->1579->1552->1550->1548->1530->1537->1525->1492->1490->1488->1495->1479->1486->1471->1465->1460->1430->1423->1406->1401->1391->1384->1380->1374->1373->1369->1359->1355->1344->1311->1301->1310->1298->1290->1281->1274->1270->1279->1277->1262->1257->1254->1252->1219->1206->1228->1203->1194->1197->1177->1170->1153->1152->1149->1142->1134->1130->1125->1117->1113->1129->1111->1099->1089->1075->1069->1065->1064->1063->1051->1042->1039->1050->1037->1036->1027->1006->988->981->969->929->924->917->912->904->903->896->892->905->888->885->878->877->874->865->857->856->851->813->810->805->786->762->761->757->755->725->715->711->708->705->696->691->697->689->687->681->674->667->659->657->636->609->599->592->588->576->574->586->568->575->564->560->549->547->545->543->540->538->561->548->542->534->539->526->525->527->508->501->476->469->463->450->436->430->408->393->387->372->375->371->362->373->356->350->365->348->346->344->334->337->331->329->324->321->309->298->296->289->284->266->262->259->254->235->233->232->230->229->217->228->210->206->209->201->198->196->193->190->183->178->174->168->164->163->162->155->169->108->105->51->50->48->47->42->77->69->68->63->21->1->2->3->4->8->12->24->19->28->22->30->34->54->53->89->49->85->100->119->114->122->123->125->133->134->181->143->146->156->166->158->173->185->192->204->202->260->263->275->288->290->293->306->317->358->363->379->384->394->407->396->397->401->406->398->403->413->440->449->455->460->468->462->471->482->497->517->518->537->546->551->553->555->562->569->570->573->593->600->602->615->628->637->642->658->668->694->700->713->721->734->745->748->749->753->763->764->766->783->784->791->815->816->821->826->830->839->854->842->849->852->860->864->866->867->870->880->882->887->893->894->910->933->944->946->948->976->978->985->991->995->1017->1024->1031->1071->1077->1079->1091->1100->1110->1120->1122->1139->1167->1168->1173->1175->1178->1192->1204->1182->1184->1193->1205->1210->1223->1229->1230->1241->1232->1237->1242->1244->1251->1269->1275->1278->1296->1322->1330->1348->1364->1353->1358->1361->1362->1368->1379->1381->1387->1390->1403->1417->1434->1428->1453->1462->1463->1481->1497->1500->1502->1503->1508->1510->1512->1531->1518->1528->1540->1542->1554->1555->1568->1576->1582->1583->1594->1586->1588->1599->1618->1593->1601->1604->1607->1616->1620->1633->1641->1680->1688->1719->1739->1751->1982,1982->2000
HEURISTIC,N2000_C5_I1.dat,2000,6198,100,1968,2000,0.9,0.5,20.5,0.9,1,1982,0.26610000000000034,0.178,0.0356,8.14,17.10580000000002,15.96600000000002,2.136,18.10200000000002,8.14,17.10580000000002,25.312,1968->1955->1807->1789->1788->1781->1779->1774->1784->1780->1778->1767->1764->1740->1736->1735->1731->1718->1713->1707->1693->1681->1677->1672->1665->1673->1664->1655->1649->1643->1637->1628->1610->1587->1579->1552->1550->1548->1530->1537->1525->1492->1490->1488->1495->1479->1486->1471->1465->1460->1430->1423->1401->1391->1384->1380->1374->1373->1369->1359->1355->1344->1311->1301->1310->1298->1290->1281->1274->1270->1279->1262->1257->1254->1252->1234->1219->1206->1212->1203->1194->1197->1177->1170->1153->1152->1149->1142->1134->1130->1125->1117->1113->1129->1111->1099->1089->1075->1069->1065->1064->1063->1051->1042->1039->1050->1037->1036->1027->1006->988->981->969->929->924->917->912->904->903->896->892->905->888->885->878->877->874->865->857->856->851->813->810->805->786->762->761->757->755->725->715->711->708->705->696->691->697->689->687->681->674->667->659->657->636->609->599->592->588->576->574->586->568->575->564->560->549->547->545->543->540->538->561->548->542->534->539->526->525->527->508->501->476->469->463->450->436->430->408->393->387->372->375->371->362->373->356->350->353->348->346->344->334->337->331->329->324->321->309->298->296->289->284->266->262->259->254->235->233->232->230->229->217->228->210->206->209->201->198->196->193->190->183->178->174->168->164->163->130->120->79->57->52->51->50->48->47->43->42->41->40->56->38->55->37->31->25->36->46->35->23->21->1->5->6->10->11->15->24->19->28->22->30->34->54->53->89->49->85->100->119->114->122->123->125->133->134->181->143->146->156->166->158->173->185->192->204->202->260->263->275->288->290->293->306->317->358->363->379->384->394->407->396->397->401->406->398->403->413->440->449->455->460->468->471->482->497->517->518->536->537->546->551->553->555->562->569->570->573->593->600->602->615->628->637->642->658->668->694->700->713->721->734->745->748->749->753->763->764->766->783->784->791->815->816->821->826->830->839->842->849->852->860->864->866->867->870->880->882->889->887->893->894->910->933->944->946->956->976->978->985->991->995->1017->1024->1031->1071->1077->1079->1091->1100->1110->1120->1122->1139->1167->1168->1173->1175->1178->1192->1204->1182->1184->1193->1205->1210->1223->1229->1230->1241->1232->1237->1242->1244->1251->1269->1275->1278->1296->1322->1330->1348->1364->1353->1358->1361->1362->1368->1379->1381->1387->1390->1403->1417->1434->1428->1453->1462->1463->1481->1497->1500->1502->1503->1508->1510->1512->1531->1518->1528->1540->1542->1554->1555->1568->1576->1582->1583->1594->1586->1588->1599->1618->1593->1601->1604->1607->1616->1620->1630->1633->1641->1680->1688->1719->1739->1751->1978->1982,1982->2000
HEURISTIC,N2000_C6_I1.dat,2000,6198,100,1968,2000,0.9,0.5,20.5,0.9,1,1982,0.5618000000000003,0.178,0.0356,8.14,33.07360000000001,33.70800000000002,2.136,35.844000000000015,8.14,33.07360000000001,13.437,1968->1955->1807->1789->1788->1781->1779->1774->1771->1780->1778->1766->1764->1740->1736->1735->1731->1718->1713->1707->1693->1681->1677->1672->1665->1673->1664->1655->1649->1640->1643->1637->1628->1610->1587->1579->1552->1550->1548->1547->1530->1537->1525->1492->1490->1488->1495->1479->1486->1471->1465->1460->1430->1423->1406->1401->1391->1384->1380->1374->1373->1369->1359->1355->1344->1311->1301->1310->1298->1290->1281->1274->1270->1279->1262->1257->1254->1252->1219->1206->1212->1203->1194->1197->1177->1170->1153->1152->1149->1142->1134->1130->1125->1117->1113->1129->1111->1099->1089->1075->1069->1065->1064->1063->1051->1042->1039->1050->1037->1036->1027->1006->988->981->969->929->924->917->912->904->903->896->892->905->888->885->878->877->874->865->857->856->851->813->810->812->805->786->762->761->757->755->741->725->715->711->708->705->696->691->697->689->687->681->674->667->659->657->636->609->599->592->588->576->574->586->568->575->564->560->549->547->545->543->540->566->561->548->542->534->539->526->525->527->519->501->476->469->463->450->436->430->408->393->387->372->375->371->362->361->356->350->353->348->346->349->334->337->331->329->324->321->314->309->298->296->289->284->266->262->259->254->235->233->232->230->229->217->228->210->206->209->201->198->196->193->190->183->178->174->168->164->163->162->175->172->112->110->105->51->50->48->47->42->41->40->56->38->55->37->31->25->36->46->35->23->21->1->2->3->4->8->12->24->19->28->22->30->34->54->53->89->49->85->100->119->114->122->123->125->133->134->181->143->146->156->166->158->173->185->197->204->202->260->263->268->275->288->290->293->306->317->358->363->379->384->394->407->396->397->401->406->398->403->413->440->449->453->455->460->461->462->471->482->497->517->518->537->546->551->553->555->562->569->570->573->593->600->602->615->628->637->642->658->668->694->700->713->721->734->745->748->749->753->763->764->766->783->784->791->815->816->821->826->830->839->854->849->852->860->864->866->867->870->880->882->887->893->894->910->933->944->946->948->976->978->985->991->995->1017->1024->1031->1071->1077->1079->1091->1100->1110->1120->1122->1139->1167->1168->1181->1175->1189->1192->1180->1182->1184->1193->1205->1210->1223->1229->1230->1241->1232->1237->1242->1244->1251->1269->1275->1278->1296->1322->1330->1348->1364->1353->1358->1361->1362->1368->1379->1381->1387->1390->1403->1417->1434->1426->1428->1453->1462->1463->1481->1497->1500->1502->1503->1508->1510->1512->1531->1518->1528->1540->1542->1554->1555->1568->1576->1582->1583->1594->1586->1588->1599->1618->1593->1601->1604->1607->1616->1620->1630->1633->1641->1680->1688->1719->1739->1751->1980->1978->1982,1982->2000
HEURISTIC,N2000_C7_I1.dat,2000,6198,100,1968,2000,0.9,0.5,20.5,0.9,1,1982,0.1870000000000001,0.178,0.0356,8.14,12.834400000000006,11.220000000000006,2.136,13.356000000000007,8.14,12.834400000000006,19.652,1968->1955->1807->1789->1788->1781->1779->1774->1771->1780->1778->1766->1764->1740->1736->1735->1731->1718->1713->1707->1693->1681->1677->1672->1665->1664->1655->1649->1643->1637->1628->1610->1587->1579->1552->1550->1548->1530->1537->1525->1492->1490->1488->1495->1479->1486->1471->1465->1460->1430->1423->1406->1401->1391->1384->1380->1374->1373->1369->1359->1355->1344->1311->1301->1310->1298->1290->1281->1274->1270->1279->1277->1262->1257->1254->1252->1219->1206->1228->1203->1194->1197->1177->1170->1153->1152->1149->1142->1134->1130->1125->1117->1113->1129->1111->1099->1089->1075->1069->1065->1064->1063->1051->1042->1039->1050->1037->1036->1027->1006->988->981->969->929->924->917->912->904->903->896->892->905->888->885->878->877->874->865->857->856->851->813->810->805->786->762->761->757->755->725->715->711->708->705->696->691->697->689->687->681->674->667->659->657->636->609->599->592->588->576->574->586->568->575->564->560->549->547->545->543->540->538->561->548->542->534->539->526->525->527->508->501->476->469->463->450->436->430->408->393->387->372->375->371->362->373->356->350->365->348->346->344->334->337->331->329->324->321->309->298->296->289->284->266->262->259->254->235->233->232->230->229->217->228->210->206->209->201->198->196->193->190->183->178->174->168->164->163->162->155->169->108->105->51->50->48->47->42->77->69->68->63->21->1->2->3->4->8->12->24->19->28->22->30->34->54->53->89->49->85->100->119->114->122->123->125->133->134->181->143->146->156->166->158->173->185->192->204->202->260->263->275->288->290->293->306->317->358->363->379->384->394->407->396->397->401->406->398->403->413->440->449->455->460->468->462->471->482->497->517->518->537->546->551->553->555->562->569->570->573->593->600->602->615->628->637->642->658->668->694->700->713->721->734->745->748->749->753->763->764->766->783->784->791->815->816->821->826->830->839->854->842->849->852->860->864->866->867->870->880->882->887->893->894->910->933->944->946->948->976->978->985->991->995->1017->1024->1031->1071->1077->1079->1091->1100->1110->1120->1122->1139->1167->1168->1173->1175->1178->1192->1204->1182->1184->1193->1205->1210->1223->1229->1230->1241->1232->1237->1242->1244->1251->1269->1275->1278->1296->1322->1330->1348->1364->1353->1358->1361->1362->1368->1379->1381->1387->1390->1403->1417->1434->1428->1453->1462->1463->1481->1497->1500->1502->1503->1508->1510->1512->1531->1518->1528->1540->1542->1554->1555->1568->1576->1582->1583->1594->1586->1588->1599->1618->1593->1601->1604->1607->1616->1620->1633->1641->1680->1688->1719->1739->1751->1982,1982->2000
HEURISTIC,N2000_C8_I1.dat,2000,6198,100,1968,2000,0.1,0.5,20.5,0.1,1,1982,0.1870000000000001,0.178,0.0356,8.14,8.661600000000002,11.220000000000006,2.136,13.356000000000007,8.14,8.661600000000002,13.245,1968->1955->1807->1789->1788->1781->1779->1774->1771->1780->1778->1766->1764->1740->1736->1735->1731->1718->1713->1707->1693->1681->1677->1672->1665->1664->1655->1649->1643->1637->1628->1610->1587->1579->1552->1550->1548->1530->1537->1525->1492->1490->1488->1495->1479->1486->1471->1465->1460->1430->1423->1406->1401->1391->1384->1380->1374->1373->1369->1359->1355->1344->1311->1301->1310->1298->1290->1281->1274->1270->1279->1277->1262->1257->1254->1252->1219->1206->1228->1203->1194->1197->1177->1170->1153->1152->1149->1142->1134->1130->1125->1117->1113->1129->1111->1099->1089->1075->1069->1065->1064->1063->1051->1042->1039->1050->1037->1036->1027->1006->988->981->969->929->924->917->912->904->903->896->892->905->888->885->878->877->874->865->857->856->851->813->810->805->786->762->761->757->755->725->715->711->708->705->696->691->697->689->687->681->674->667->659->657->636->609->599->592->588->576->574->586->568->575->564->560->549->547->545->543->540->538->561->548->542->534->539->526->525->527->508->501->476->469->463->450->436->430->408->393->387->372->375->371->362->373->356->350->365->348->346->344->334->337->331->329->324->321->309->298->296->289->284->266->262->259->254->235->233->232->230->229->217->228->210->206->209->201->198->196->193->190->183->178->174->168->164->163->162->155->169->108->105->51->50->48->47->42->77->69->68->63->21->1->2->3->4->8->12->24->19->28->22->30->34->54->53->89->49->85->100->119->114->122->123->125->133->134->181->143->146->156->166->158->173->185->192->204->202->260->263->275->288->290->293->306->317->358->363->379->384->394->407->396->397->401->406->398->403->413->440->449->455->460->468->462->471->482->497->517->518->537->546->551->553->555->562->569->570->573->593->600->602->615->628->637->642->658->668->694->700->713->721->734->745->748->749->753->763->764->766->783->784->791->815->816->821->826->830->839->854->842->849->852->860->864->866->867->870->880->882->887->893->894->910->933->944->946->948->976->978->985->991->995->1017->1024->1031->1071->1077->1079->1091->1100->1110->1120->1122->1139->1167->1168->1173->1175->1178->1192->1204->1182->1184->1193->1205->1210->1223->1229->1230->1241->1232->1237->1242->1244->1251->1269->1275->1278->1296->1322->1330->1348->1364->1353->1358->1361->1362->1368->1379->1381->1387->1390->1403->1417->1434->1428->1453->1462->1463->1481->1497->1500->1502->1503->1508->1510->1512->1531->1518->1528->1540->1542->1554->1555->1568->1576->1582->1583->1594->1586->1588->1599->1618->1593->1601->1604->1607->1616->1620->1633->1641->1680->1688->1719->1739->1751->1982,1982->2000
HEURISTIC,N2000_C9_I1.dat,2000,6198,100,1968,2000,0.9,0.5,15.0,0.9,1,1982,0.1870000000000001,0.178,0.0356,8.14,12.834400000000006,11.220000000000006,2.136,13.356000000000007,8.14,12.834400000000006,12.086,1968->1955->1807->1789->1788->1781->1779->1774->1771->1780->1778->1766->1764->1740->1736->1735->1731->1718->1713->1707->1693->1681->1677->1672->1665->1664->1655->1649->1643->1637->1628->1610->1587->1579->1552->1550->1548->1530->1537->1525->1492->1490->1488->1495->1479->1486->1471->1465->1460->1430->1423->1406->1401->1391->1384->1380->1374->1373->1369->1359->1355->1344->1311->1301->1310->1298->1290->1281->1274->1270->1279->1277->1262->1257->1254->1252->1219->1206->1228->1203->1194->1197->1177->1170->1153->1152->1149->1142->1134->1130->1125->1117->1113->1129->1111->1099->1089->1075->1069->1065->1064->1063->1051->1042->1039->1050->1037->1036->1027->1006->988->981->969->929->924->917->912->904->903->896->892->905->888->885->878->877->874->865->857->856->851->813->810->805->786->762->761->757->755->725->715->711->708->705->696->691->697->689->687->681->674->667->659->657->636->609->599->592->588->576->574->586->568->575->564->560->549->547->545->543->540->538->561->548->542->534->539->526->525->527->508->501->476->469->463->450->436->430->408->393->387->372->375->371->362->373->356->350->365->348->346->344->334->337->331->329->324->321->309->298->296->289->284->266->262->259->254->235->233->232->230->229->217->228->210->206->209->201->198->196->193->190->183->178->174->168->164->163->162->155->169->108->105->51->50->48->47->42->77->69->68->63->21->1->2->3->4->8->12->24->19->28->22->30->34->54->53->89->49->85->100->119->114->122->123->125->133->134->181->143->146->156->166->158->173->185->192->204->202->260->263->275->288->290->293->306->317->358->363->379->384->394->407->396->397->401->406->398->403->413->440->449->455->460->468->462->471->482->497->517->518->537->546->551->553->555->562->569->570->573->593->600->602->615->628->637->642->658->668->694->700->713->721->734->745->748->749->753->763->764->766->783->784->791->815->816->821->826->830->839->854->842->849->852->860->864->866->867->870->880->882->887->893->894->910->933->944->946->948->976->978->985->991->995->1017->1024->1031->1071->1077->1079->1091->1100->1110->1120->1122->1139->1167->1168->1173->1175->1178->1192->1204->1182->1184->1193->1205->1210->1223->1229->1230->1241->1232->1237->1242->1244->1251->1269->1275->1278->1296->1322->1330->1348->1364->1353->1358->1361->1362->1368->1379->1381->1387->1390->1403->1417->1434->1428->1453->1462->1463->1481->1497->1500->1502->1503->1508->1510->1512->1531->1518->1528->1540->1542->1554->1555->1568->1576->1582->1583->1594->1586->1588->1599->1618->1593->1601->1604->1607->1616->1620->1633->1641->1680->1688->1719->1739->1751->1982,1982->2000
HEURISTIC,N2000_C10_I1.dat,2000,6198,100,1968,2000,0.9,0.5,20.5,0.9,1,1982,0.1870000000000001,0.178,0.0356,15.44,13.564400000000006,11.220000000000006,2.136,13.356000000000007,15.44,13.564400000000006,13.153,1968->1955->1807->1789->1788->1781->1779->1774->1771->1780->1778->1766->1764->1740->1736->1735->1731->1718->1713->1707->1693->1681->1677->1672->1665->1664->1655->1649->1643->1637->1628->1610->1587->1579->1552->1550->1548->1530->1537->1525->1492->1490->1488->1495->1479->1486->1471->1465->1460->1430->1423->1406->1401->1391->1384->1380->1374->1373->1369->1359->1355->1344->1311->1301->1310->1298->1290->1281->1274->1270->1279->1277->1262->1257->1254->1252->1219->1206->1228->1203->1194->1197->1177->1170->1153->1152->1149->1142->1134->1130->1125->1117->1113->1129->1111->1099->1089->1075->1069->1065->1064->1063->1051->1042->1039->1050->1037->1036->1027->1006->988->981->969->929->924->917->912->904->903->896->892->905->888->885->878->877->874->865->857->856->851->813->810->805->786->762->761->757->755->725->715->711->708->705->696->691->697->689->687->681->674->667->659->657->636->609->599->592->588->576->574->586->568->575->564->560->549->547->545->543->540->538->561->548->542->534->539->526->525->527->508->501->476->469->463->450->436->430->408->393->387->372->375->371->362->373->356->350->365->348->346->344->334->337->331->329->324->321->309->298->296->289->284->266->262->259->254->235->233->232->230->229->217->228->210->206->209->201->198->196->193->190->183->178->174->168->164->163->162->155->169->108->105->51->50->48->47->42->77->69->68->63->21->1->2->3->4->8->12->24->19->28->22->30->34->54->53->89->49->85->100->119->114->122->123->125->133->134->181->143->146->156->166->158->173->185->192->204->202->260->263->275->288->290->293->306->317->358->363->379->384->394->407->396->397->401->406->398->403->413->440->449->455->460->468->462->471->482->497->517->518->537->546->551->553->555->562->569->570->573->593->600->602->615->628->637->642->658->668->694->700->713->721->734->745->748->749->753->763->764->766->783->784->791->815->816->821->826->830->839->854->842->849->852->860->864->866->867->870->880->882->887->893->894->910->933->944->946->948->976->978->985->991->995->1017->1024->1031->1071->1077->1079->1091->1100->1110->1120->1122->1139->1167->1168->1173->1175->1178->1192->1204->1182->1184->1193->1205->1210->1223->1229->1230->1241->1232->1237->1242->1244->1251->1269->1275->1278->1296->1322->1330->1348->1364->1353->1358->1361->1362->1368->1379->1381->1387->1390->1403->1417->1434->1428->1453->1462->1463->1481->1497->1500->1502->1503->1508->1510->1512->1531->1518->1528->1540->1542->1554->1555->1568->1576->1582->1583->1594->1586->1588->1599->1618->1593->1601->1604->1607->1616->1620->1633->1641->1680->1688->1719->1739->1751->1982,1982->2000
HEURISTIC,N2055_PS_edge_density_baseline_5385_I1.dat,2055,5299,103,1824,283,0.9,0.5,20.5,0.9,1,915,0.17120000000000002,0.1965,0.0393,10.64,12.431000000000001,10.272000000000002,2.358,12.63,10.64,12.431000000000001,2.704,1824->1969->193->2023->2008->2006->1233->157->2001->253->1232->1245->342->75->259->1847->1995->1844->1845->346->936->347->348->1996->1210->1115->343->1911->1800->344->959->1717->1243->1371->1909->897->500->1908->1687->135->1895->1517->1894->389->1893->386->1999->1900->1998->1935->1901->1981->1983->1902->1982->1903->194->1977->40->1904->2025->227->2011->270->501->1938->1958->1771->1957->1937->526->213->1956->471->1955->129->655->1954->1811->2027->1808->1253->1601->138->775->774->2->773->771->3->1427->60->1967->801->1723->1724->1728->151->1673->489->488->1677->1676->915,915->283
HEURISTIC,N2055_PS_edge_density_dense_6069_I1.dat,2055,5983,103,1824,283,0.9,0.5,20.5,0.9,1,915,0.1568,0.1965,0.0393,10.64,11.6534,9.408,2.358,11.766,10.64,11.6534,2.835,1824->1969->193->2023->2008->2006->1233->157->2001->253->1232->1245->342->75->259->1847->1995->1846->567->1971->1211->933->22->1220->23->932->931->2032->212->921->1291->528->477->1586->925->205->476->1583->475->1518->775->138->1967->801->1723->1724->1728->151->1673->489->488->1677->1676->915,915->283
HEURISTIC,N2055_PS_edge_density_denser_6753_I1.dat,2055,6667,103,1824,283,0.9,0.5,20.5,0.9,1,915,0.15300000000000002,0.1965,0.0393,10.64,11.448200000000002,9.180000000000001,2.358,11.538000000000002,10.64,11.448200000000002,2.891,1824->1969->193->2023->2008->2006->1233->157->2001->253->346->936->347->348->1988->928->899->52->683->53->1251->18->1151->194->1977->40->1904->2025->227->2011->270->1905->136->1906->490->1832->92->775->138->1967->801->1723->1724->1728->151->1673->489->488->1677->1676->915,915->283
HEURISTIC,N2055_PS_edge_density_densest_7437_I1.dat,2055,7351,103,1824,283,0.9,0.5,20.5,0.9,1,915,0.14780000000000004,0.1965,0.0393,10.64,11.167400000000002,8.868000000000002,2.358,11.226000000000003,10.64,11.167400000000002,6.322,1824->1969->193->2023->2008->2006->1233->157->2001->253->346->936->347->348->1988->928->899->52->683->53->1251->18->1151->194->1977->40->1904->2025->227->2011->270->1905->136->1906->490->1832->92->775->138->1967->801->1723->1724->1728->151->1673->489->488->1677->1676->915,915->283
HEURISTIC,N2055_PS_parking_budget_Cmax100_I1.dat,2055,5299,103,1824,283,0.9,0.5,10.0,0.9,1,1682,0.1691,0.38899999999999996,0.0778,8.88,14.220600000000001,10.146,4.667999999999999,14.814,8.88,14.220600000000001,2.708,1824->1969->193->2023->2008->2006->1233->157->2001->253->1232->1245->342->75->259->1847->1995->1844->1845->346->936->347->348->1996->1210->1115->343->1911->1800->344->959->1717->1243->1371->1909->897->500->1908->1687->135->1895->1517->1894->389->1893->386->1999->1900->1998->1935->1901->1981->1983->1902->1982->1903->194->1977->40->1904->2025->227->2011->270->501->1938->1958->1771->1957->1937->526->213->1956->471->1955->129->655->1954->1811->2027->1375->1797->2050->4->1113->124->2028->1951->2002->1635->1949->1619->50->1948->1107->47->1670->48->1672->1433->1682,1682->283
HEURISTIC,N2055_PS_parking_budget_Cmax150_I1.dat,2055,5299,103,1824,283,0.9,0.5,15.0,0.9,1,488,0.16710000000000003,0.2665,0.0533,11.22,13.023600000000002,10.026000000000002,3.198,13.224000000000002,11.22,13.023600000000002,2.637,1824->1969->193->2023->2008->2006->1233->157->2001->253->1232->1245->342->75->259->1847->1995->1844->1845->346->936->347->348->1996->1210->1115->343->1911->1800->344->959->1717->1243->1371->1909->897->500->1908->1687->135->1895->1517->1894->389->1893->386->1999->1900->1998->1935->1901->1981->1983->1902->1982->1903->194->1977->40->1904->2025->227->2011->270->501->1938->1958->1771->1957->1937->526->213->1956->471->1955->129->655->1954->1811->2027->1808->1253->1601->138->775->774->2->773->771->3->1427->60->1967->801->1723->1724->1728->151->1673->489->488,488->283
HEURISTIC,N2055_PS_parking_budget_Cmax205_I1.dat,2055,5299,103,1824,283,0.9,0.5,20.5,0.9,1,915,0.17120000000000002,0.1965,0.0393,10.64,12.431000000000001,10.272000000000002,2.358,12.63,10.64,12.431000000000001,2.811,1824->1969->193->2023->2008->2006->1233->157->2001->253->1232->1245->342->75->259->1847->1995->1844->1845->346->936->347->348->1996->1210->1115->343->1911->1800->344->959->1717->1243->1371->1909->897->500->1908->1687->135->1895->1517->1894->389->1893->386->1999->1900->1998->1935->1901->1981->1983->1902->1982->1903->194->1977->40->1904->2025->227->2011->270->501->1938->1958->1771->1957->1937->526->213->1956->471->1955->129->655->1954->1811->2027->1808->1253->1601->138->775->774->2->773->771->3->1427->60->1967->801->1723->1724->1728->151->1673->489->488->1677->1676->915,915->283
HEURISTIC,N2055_PS_parking_budget_Cmax250_I1.dat,2055,5299,103,1824,283,0.9,0.5,25.0,0.9,1,915,0.17120000000000002,0.1965,0.0393,10.64,12.431000000000001,10.272000000000002,2.358,12.63,10.64,12.431000000000001,2.674,1824->1969->193->2023->2008->2006->1233->157->2001->253->1232->1245->342->75->259->1847->1995->1844->1845->346->936->347->348->1996->1210->1115->343->1911->1800->344->959->1717->1243->1371->1909->897->500->1908->1687->135->1895->1517->1894->389->1893->386->1999->1900->1998->1935->1901->1981->1983->1902->1982->1903->194->1977->40->1904->2025->227->2011->270->501->1938->1958->1771->1957->1937->526->213->1956->471->1955->129->655->1954->1811->2027->1808->1253->1601->138->775->774->2->773->771->3->1427->60->1967->801->1723->1724->1728->151->1673->489->488->1677->1676->915,915->283
HEURISTIC,N2055_PS_parking_cost_100_225_I1.dat,2055,5299,103,1824,283,0.9,0.5,20.5,0.9,1,915,0.17120000000000002,0.1965,0.0393,12.64,12.631,10.272000000000002,2.358,12.63,12.64,12.631,2.718,1824->1969->193->2023->2008->2006->1233->157->2001->253->1232->1245->342->75->259->1847->1995->1844->1845->346->936->347->348->1996->1210->1115->343->1911->1800->344->959->1717->1243->1371->1909->897->500->1908->1687->135->1895->1517->1894->389->1893->386->1999->1900->1998->1935->1901->1981->1983->1902->1982->1903->194->1977->40->1904->2025->227->2011->270->501->1938->1958->1771->1957->1937->526->213->1956->471->1955->129->655->1954->1811->2027->1808->1253->1601->138->775->774->2->773->771->3->1427->60->1967->801->1723->1724->1728->151->1673->489->488->1677->1676->915,915->283
HEURISTIC,N2055_PS_parking_cost_125_250_I1.dat,2055,5299,103,1824,283,0.9,0.5,20.5,0.9,1,915,0.17120000000000002,0.1965,0.0393,15.14,12.881,10.272000000000002,2.358,12.63,15.14,12.881,2.714,1824->1969->193->2023->2008->2006->1233->157->2001->253->1232->1245->342->75->259->1847->1995->1844->1845->346->936->347->348->1996->1210->1115->343->1911->1800->344->959->1717->1243->1371->1909->897->500->1908->1687->135->1895->1517->1894->389->1893->386->1999->1900->1998->1935->1901->1981->1983->1902->1982->1903->194->1977->40->1904->2025->227->2011->270->501->1938->1958->1771->1957->1937->526->213->1956->471->1955->129->655->1954->1811->2027->1808->1253->1601->138->775->774->2->773->771->3->1427->60->1967->801->1723->1724->1728->151->1673->489->488->1677->1676->915,915->283
HEURISTIC,N2055_PS_parking_cost_150_300_I1.dat,2055,5299,103,1824,283,0.9,0.5,20.5,0.9,1,488,0.16710000000000003,0.2665,0.0533,18.86,13.787600000000001,10.026000000000002,3.198,13.224000000000002,18.86,13.787600000000001,2.6,1824->1969->193->2023->2008->2006->1233->157->2001->253->1232->1245->342->75->259->1847->1995->1844->1845->346->936->347->348->1996->1210->1115->343->1911->1800->344->959->1717->1243->1371->1909->897->500->1908->1687->135->1895->1517->1894->389->1893->386->1999->1900->1998->1935->1901->1981->1983->1902->1982->1903->194->1977->40->1904->2025->227->2011->270->501->1938->1958->1771->1957->1937->526->213->1956->471->1955->129->655->1954->1811->2027->1808->1253->1601->138->775->774->2->773->771->3->1427->60->1967->801->1723->1724->1728->151->1673->489->488,488->283
HEURISTIC,N2055_PS_parking_cost_80_205_I1.dat,2055,5299,103,1824,283,0.9,0.5,20.5,0.9,1,915,0.17120000000000002,0.1965,0.0393,10.64,12.431000000000001,10.272000000000002,2.358,12.63,10.64,12.431000000000001,2.756,1824->1969->193->2023->2008->2006->1233->157->2001->253->1232->1245->342->75->259->1847->1995->1844->1845->346->936->347->348->1996->1210->1115->343->1911->1800->344->959->1717->1243->1371->1909->897->500->1908->1687->135->1895->1517->1894->389->1893->386->1999->1900->1998->1935->1901->1981->1983->1902->1982->1903->194->1977->40->1904->2025->227->2011->270->501->1938->1958->1771->1957->1937->526->213->1956->471->1955->129->655->1954->1811->2027->1808->1253->1601->138->775->774->2->773->771->3->1427->60->1967->801->1723->1724->1728->151->1673->489->488->1677->1676->915,915->283
HEURISTIC,N2055_PS_parking_supply_P10_I1.dat,2055,5505,206,1824,283,0.9,0.5,20.5,0.9,1,915,0.17120000000000002,0.1965,0.0393,10.64,12.431000000000001,10.272000000000002,2.358,12.63,10.64,12.431000000000001,3.176,1824->1969->193->2023->2008->2006->1233->157->2001->253->1232->1245->342->75->259->1847->1995->1844->1845->346->936->347->348->1996->1210->1115->343->1911->1800->344->959->1717->1243->1371->1909->897->500->1908->1687->135->1895->1517->1894->389->1893->386->1999->1900->1998->1935->1901->1981->1983->1902->1982->1903->194->1977->40->1904->2025->227->2011->270->501->1938->1958->1771->1957->1937->526->213->1956->471->1955->129->655->1954->1811->2027->1808->1253->1601->138->775->774->2->773->771->3->1427->60->1967->801->1723->1724->1728->151->1673->489->488->1677->1676->915,915->283
HEURISTIC,N2055_PS_parking_supply_P15_I1.dat,2055,5709,308,1824,283,0.9,0.5,20.5,0.9,1,915,0.17120000000000002,0.1965,0.0393,10.64,12.431000000000001,10.272000000000002,2.358,12.63,10.64,12.431000000000001,3.71,1824->1969->193->2023->2008->2006->1233->157->2001->253->1232->1245->342->75->259->1847->1995->1844->1845->346->936->347->348->1996->1210->1115->343->1911->1800->344->959->1717->1243->1371->1909->897->500->1908->1687->135->1895->1517->1894->389->1893->386->1999->1900->1998->1935->1901->1981->1983->1902->1982->1903->194->1977->40->1904->2025->227->2011->270->501->1938->1958->1771->1957->1937->526->213->1956->471->1955->129->655->1954->1811->2027->1808->1253->1601->138->775->774->2->773->771->3->1427->60->1967->801->1723->1724->1728->151->1673->489->488->1677->1676->915,915->283
HEURISTIC,N2055_PS_parking_supply_P20_I1.dat,2055,5915,411,1824,283,0.9,0.5,20.5,0.9,1,915,0.17120000000000002,0.1965,0.0393,10.64,12.431000000000001,10.272000000000002,2.358,12.63,10.64,12.431000000000001,4.31,1824->1969->193->2023->2008->2006->1233->157->2001->253->1232->1245->342->75->259->1847->1995->1844->1845->346->936->347->348->1996->1210->1115->343->1911->1800->344->959->1717->1243->1371->1909->897->500->1908->1687->135->1895->1517->1894->389->1893->386->1999->1900->1998->1935->1901->1981->1983->1902->1982->1903->194->1977->40->1904->2025->227->2011->270->501->1938->1958->1771->1957->1937->526->213->1956->471->1955->129->655->1954->1811->2027->1808->1253->1601->138->775->774->2->773->771->3->1427->60->1967->801->1723->1724->1728->151->1673->489->488->1677->1676->915,915->283
HEURISTIC,N2055_PS_parking_supply_P5_I1.dat,2055,5299,103,1824,283,0.9,0.5,20.5,0.9,1,915,0.17120000000000002,0.1965,0.0393,10.64,12.431000000000001,10.272000000000002,2.358,12.63,10.64,12.431000000000001,2.722,1824->1969->193->2023->2008->2006->1233->157->2001->253->1232->1245->342->75->259->1847->1995->1844->1845->346->936->347->348->1996->1210->1115->343->1911->1800->344->959->1717->1243->1371->1909->897->500->1908->1687->135->1895->1517->1894->389->1893->386->1999->1900->1998->1935->1901->1981->1983->1902->1982->1903->194->1977->40->1904->2025->227->2011->270->501->1938->1958->1771->1957->1937->526->213->1956->471->1955->129->655->1954->1811->2027->1808->1253->1601->138->775->774->2->773->771->3->1427->60->1967->801->1723->1724->1728->151->1673->489->488->1677->1676->915,915->283
HEURISTIC,N2055_PS_traffic_high_I1.dat,2055,5299,103,1824,283,0.9,0.5,20.5,0.9,1,488,0.5167,0.2665,0.0533,11.22,31.902000000000005,31.002000000000002,3.198,34.2,11.22,31.902000000000005,3.137,1824->1969->193->2023->2008->2006->1233->157->2001->253->1232->1245->342->75->259->1847->1995->1844->1845->346->936->347->348->1996->1210->1115->343->1911->1800->344->959->1717->1243->1371->1909->897->500->1908->1687->135->1895->1517->1894->389->1893->386->1999->1900->1998->1935->1901->1981->1983->1902->1982->1903->194->1977->40->1904->2025->227->2011->270->501->1938->1958->1771->1957->1937->526->213->1956->471->1955->129->655->1954->1811->2027->1808->1253->1601->138->775->774->2->773->771->3->1427->60->1967->801->1723->1724->1728->151->1673->489->488,488->283
HEURISTIC,N2055_PS_traffic_low_I1.dat,2055,5299,103,1824,283,0.9,0.5,20.5,0.9,1,915,0.17120000000000002,0.1965,0.0393,10.64,12.431000000000001,10.272000000000002,2.358,12.63,10.64,12.431000000000001,2.692,1824->1969->193->2023->2008->2006->1233->157->2001->253->1232->1245->342->75->259->1847->1995->1844->1845->346->936->347->348->1996->1210->1115->343->1911->1800->344->959->1717->1243->1371->1909->897->500->1908->1687->135->1895->1517->1894->389->1893->386->1999->1900->1998->1935->1901->1981->1983->1902->1982->1903->194->1977->40->1904->2025->227->2011->270->501->1938->1958->1771->1957->1937->526->213->1956->471->1955->129->655->1954->1811->2027->1808->1253->1601->138->775->774->2->773->771->3->1427->60->1967->801->1723->1724->1728->151->1673->489->488->1677->1676->915,915->283
HEURISTIC,N2055_PS_traffic_medium_I1.dat,2055,5299,103,1824,283,0.9,0.5,20.5,0.9,1,915,0.26160000000000005,0.1965,0.0393,10.64,17.312600000000003,15.696000000000003,2.358,18.054000000000002,10.64,17.312600000000003,2.775,1824->1969->193->2023->2008->2006->1233->157->2001->253->1232->1245->342->75->259->1847->1995->1844->1845->346->936->347->348->1996->1210->1115->343->1911->1800->344->959->1717->1243->1371->1909->897->500->1908->1687->135->1895->1517->1894->389->1893->386->1999->1900->1998->1935->1901->1981->1983->1902->1982->1903->194->1977->40->1904->2025->227->2011->270->501->1938->1958->1771->1957->1937->526->213->1956->471->1955->129->655->1954->1811->2027->1808->1253->1601->138->775->774->2->773->771->3->1427->60->1967->801->1723->1724->1728->151->1673->489->488->1677->1676->915,915->283
HEURISTIC,N2055_PS_traffic_very_low_I1.dat,2055,5299,103,1824,283,0.9,0.5,20.5,0.9,1,915,0.14700000000000008,0.1965,0.0393,10.64,11.124200000000004,8.820000000000004,2.358,11.178000000000004,10.64,11.124200000000004,2.679,1824->1969->193->2023->2008->2006->1233->157->2001->253->1232->1245->342->75->259->1847->1995->1844->1845->346->936->347->348->1996->1210->1115->343->1911->1800->344->959->1717->1243->1371->1909->897->500->1908->1687->135->1895->1517->1894->389->1893->386->1999->1900->1998->1935->1901->1981->1983->1902->1982->1903->194->1977->40->1904->2025->227->2011->270->501->1938->1958->1771->1957->1937->526->213->1956->471->1955->129->655->1954->1811->2027->1808->1253->1601->138->775->774->2->773->771->3->1427->60->1967->801->1723->1724->1728->151->1673->489->488->1677->1676->915,915->283
HEURISTIC,N2055_PS_walking_distance_W025_I1.dat,2055,5299,103,1824,283,0.9,0.25,20.5,0.9,1,487,0.171,0.0655,0.0131,19.13,11.854400000000002,10.260000000000002,0.786,11.046000000000001,19.13,11.854400000000002,2.794,1824->1969->193->2023->2008->2006->1233->157->2001->253->1232->1245->342->75->259->1847->1995->1844->1845->346->936->347->348->1996->1210->1115->343->1911->1800->344->959->1717->1243->1371->1909->897->500->1908->1687->135->1895->1517->1894->389->1893->386->1999->1900->1998->1935->1901->1981->1983->1902->1982->1903->194->1977->40->1904->2025->227->2011->270->501->1938->1958->1771->1957->1937->526->213->1956->471->1955->129->655->1954->1811->2027->1808->1253->1601->138->775->774->2->773->771->3->1427->60->1967->801->1723->1724->1728->151->1673->489->488->487,487->283
HEURISTIC,N2055_PS_walking_distance_W050_I1.dat,2055,5299,103,1824,283,0.9,0.5,20.5,0.9,1,915,0.17120000000000002,0.1965,0.0393,10.64,12.431000000000001,10.272000000000002,2.358,12.63,10.64,12.431000000000001,2.649,1824->1969->193->2023->2008->2006->1233->157->2001->253->1232->1245->342->75->259->1847->1995->1844->1845->346->936->347->348->1996->1210->1115->343->1911->1800->344->959->1717->1243->1371->1909->897->500->1908->1687->135->1895->1517->1894->389->1893->386->1999->1900->1998->1935->1901->1981->1983->1902->1982->1903->194->1977->40->1904->2025->227->2011->270->501->1938->1958->1771->1957->1937->526->213->1956->471->1955->129->655->1954->1811->2027->1808->1253->1601->138->775->774->2->773->771->3->1427->60->1967->801->1723->1724->1728->151->1673->489->488->1677->1676->915,915->283
HEURISTIC,N2055_PS_walking_distance_W075_I1.dat,2055,5299,103,1824,283,0.9,0.75,20.5,0.9,1,915,0.17120000000000002,0.1965,0.0393,10.64,12.431000000000001,10.272000000000002,2.358,12.63,10.64,12.431000000000001,2.81,1824->1969->193->2023->2008->2006->1233->157->2001->253->1232->1245->342->75->259->1847->1995->1844->1845->346->936->347->348->1996->1210->1115->343->1911->1800->344->959->1717->1243->1371->1909->897->500->1908->1687->135->1895->1517->1894->389->1893->386->1999->1900->1998->1935->1901->1981->1983->1902->1982->1903->194->1977->40->1904->2025->227->2011->270->501->1938->1958->1771->1957->1937->526->213->1956->471->1955->129->655->1954->1811->2027->1808->1253->1601->138->775->774->2->773->771->3->1427->60->1967->801->1723->1724->1728->151->1673->489->488->1677->1676->915,915->283
HEURISTIC,N2055_PS_walking_distance_W100_I1.dat,2055,5299,103,1824,283,0.9,1.0,20.5,0.9,1,915,0.17120000000000002,0.1965,0.0393,10.64,12.431000000000001,10.272000000000002,2.358,12.63,10.64,12.431000000000001,2.895,1824->1969->193->2023->2008->2006->1233->157->2001->253->1232->1245->342->75->259->1847->1995->1844->1845->346->936->347->348->1996->1210->1115->343->1911->1800->344->959->1717->1243->1371->1909->897->500->1908->1687->135->1895->1517->1894->389->1893->386->1999->1900->1998->1935->1901->1981->1983->1902->1982->1903->194->1977->40->1904->2025->227->2011->270->501->1938->1958->1771->1957->1937->526->213->1956->471->1955->129->655->1954->1811->2027->1808->1253->1601->138->775->774->2->773->771->3->1427->60->1967->801->1723->1724->1728->151->1673->489->488->1677->1676->915,915->283
HEURISTIC,N2055_C1_I1.dat,2055,5299,103,1824,283,0.9,0.5,20.5,0.9,1,915,0.17120000000000002,0.1965,0.0393,10.64,12.431000000000001,10.272000000000002,2.358,12.63,10.64,12.431000000000001,2.783,1824->1969->193->2023->2008->2006->1233->157->2001->253->1232->1245->342->75->259->1847->1995->1844->1845->346->936->347->348->1996->1210->1115->343->1911->1800->344->959->1717->1243->1371->1909->897->500->1908->1687->135->1895->1517->1894->389->1893->386->1999->1900->1998->1935->1901->1981->1983->1902->1982->1903->194->1977->40->1904->2025->227->2011->270->501->1938->1958->1771->1957->1937->526->213->1956->471->1955->129->655->1954->1811->2027->1808->1253->1601->138->775->774->2->773->771->3->1427->60->1967->801->1723->1724->1728->151->1673->489->488->1677->1676->915,915->283
HEURISTIC,N2055_C2_I1.dat,2055,5983,103,1824,283,0.9,0.5,20.5,0.9,1,915,0.16110000000000008,0.1965,0.0393,10.64,11.885600000000004,9.666000000000004,2.358,12.024000000000004,10.64,11.885600000000004,2.797,1824->1969->193->2023->2008->2006->1233->157->1844->1845->346->936->347->348->1988->928->899->52->683->220->1999->1900->1998->1150->87->112->176->672->677->674->676->1643->127->128->1639->474->963->490->1832->92->775->774->2->773->771->3->1427->60->1967->801->1723->1724->1728->151->1673->489->488->1677->1676->915,915->283
HEURISTIC,N2055_C3_I1.dat,2055,5503,205,1824,283,0.9,0.5,20.5,0.9,1,915,0.17120000000000002,0.1965,0.0393,10.64,12.431000000000001,10.272000000000002,2.358,12.63,10.64,12.431000000000001,17.216,1824->1969->193->2023->2008->2006->1233->157->2001->253->1232->1245->342->75->259->1847->1995->1844->1845->346->936->347->348->1996->1210->1115->343->1911->1800->344->959->1717->1243->1371->1909->897->500->1908->1687->135->1895->1517->1894->389->1893->386->1999->1900->1998->1935->1901->1981->1983->1902->1982->1903->194->1977->40->1904->2025->227->2011->270->501->1938->1958->1771->1957->1937->526->213->1956->471->1955->129->655->1954->1811->2027->1808->1253->1601->138->775->774->2->773->771->3->1427->60->1967->801->1723->1724->1728->151->1673->489->488->1677->1676->915,915->283
HEURISTIC,N2055_C4_I1.dat,2055,5299,103,1824,283,0.9,1.0,20.5,0.9,1,915,0.17120000000000002,0.1965,0.0393,10.64,12.431000000000001,10.272000000000002,2.358,12.63,10.64,12.431000000000001,12.113,1824->1969->193->2023->2008->2006->1233->157->2001->253->1232->1245->342->75->259->1847->1995->1844->1845->346->936->347->348->1996->1210->1115->343->1911->1800->344->959->1717->1243->1371->1909->897->500->1908->1687->135->1895->1517->1894->389->1893->386->1999->1900->1998->1935->1901->1981->1983->1902->1982->1903->194->1977->40->1904->2025->227->2011->270->501->1938->1958->1771->1957->1937->526->213->1956->471->1955->129->655->1954->1811->2027->1808->1253->1601->138->775->774->2->773->771->3->1427->60->1967->801->1723->1724->1728->151->1673->489->488->1677->1676->915,915->283
HEURISTIC,N2055_C5_I1.dat,2055,5299,103,1824,283,0.9,0.5,20.5,0.9,1,915,0.21059999999999998,0.1965,0.0393,10.64,14.5586,12.636,2.358,14.994,10.64,14.5586,7.565,1824->1969->193->2023->2008->2006->1233->157->2001->253->1232->1245->342->75->259->1847->1995->1846->567->1971->1211->933->22->1220->23->932->931->2032->212->24->2046->2041->25->479->652->1292->533->908->909->660->911->891->1876->657->1276->1274->1269->427->65->1313->637->1311->2013->1961->1172->1170->1962->636->802->803->804->1112->1087->800->168->1679->6->5->1365->915,915->283
HEURISTIC,N2055_C6_I1.dat,2055,5299,103,1824,283,0.9,0.5,20.5,0.9,1,915,0.44499999999999995,0.1965,0.0393,10.64,27.216199999999997,26.699999999999996,2.358,29.057999999999996,10.64,27.216199999999997,10.572,1824->1969->193->2023->2008->2006->1233->157->2001->253->1232->1245->342->75->259->1847->1995->1846->567->1971->1211->933->22->1220->23->1126->1123->1221->1125->1124->2032->212->24->2046->2041->2033->2034->920->948->1054->1156->633->1421->909->660->659->658->657->1276->1274->1269->427->65->1313->637->1311->2013->1961->1172->1170->1962->636->802->803->804->1112->1087->800->168->1679->6->5->1365->915,915->283
HEURISTIC,N2055_C7_I1.dat,2055,5299,103,1824,283,0.9,0.5,20.5,0.9,1,915,0.17120000000000002,0.1965,0.0393,10.64,12.431000000000001,10.272000000000002,2.358,12.63,10.64,12.431000000000001,10.091,1824->1969->193->2023->2008->2006->1233->157->2001->253->1232->1245->342->75->259->1847->1995->1844->1845->346->936->347->348->1996->1210->1115->343->1911->1800->344->959->1717->1243->1371->1909->897->500->1908->1687->135->1895->1517->1894->389->1893->386->1999->1900->1998->1935->1901->1981->1983->1902->1982->1903->194->1977->40->1904->2025->227->2011->270->501->1938->1958->1771->1957->1937->526->213->1956->471->1955->129->655->1954->1811->2027->1808->1253->1601->138->775->774->2->773->771->3->1427->60->1967->801->1723->1724->1728->151->1673->489->488->1677->1676->915,915->283
HEURISTIC,N2055_C8_I1.dat,2055,5299,103,1824,283,0.1,0.5,20.5,0.1,1,1682,0.1691,0.38899999999999996,0.0778,8.88,9.473400000000002,10.146,4.667999999999999,14.814,8.88,9.473400000000002,9.807,1824->1969->193->2023->2008->2006->1233->157->2001->253->1232->1245->342->75->259->1847->1995->1844->1845->346->936->347->348->1996->1210->1115->343->1911->1800->344->959->1717->1243->1371->1909->897->500->1908->1687->135->1895->1517->1894->389->1893->386->1999->1900->1998->1935->1901->1981->1983->1902->1982->1903->194->1977->40->1904->2025->227->2011->270->501->1938->1958->1771->1957->1937->526->213->1956->471->1955->129->655->1954->1811->2027->1375->1797->2050->4->1113->124->2028->1951->2002->1635->1949->1619->50->1948->1107->47->1670->48->1672->1433->1682,1682->283
HEURISTIC,N2055_C9_I1.dat,2055,5299,103,1824,283,0.9,0.5,15.0,0.9,1,488,0.16710000000000003,0.2665,0.0533,11.22,13.023600000000002,10.026000000000002,3.198,13.224000000000002,11.22,13.023600000000002,11.287,1824->1969->193->2023->2008->2006->1233->157->2001->253->1232->1245->342->75->259->1847->1995->1844->1845->346->936->347->348->1996->1210->1115->343->1911->1800->344->959->1717->1243->1371->1909->897->500->1908->1687->135->1895->1517->1894->389->1893->386->1999->1900->1998->1935->1901->1981->1983->1902->1982->1903->194->1977->40->1904->2025->227->2011->270->501->1938->1958->1771->1957->1937->526->213->1956->471->1955->129->655->1954->1811->2027->1808->1253->1601->138->775->774->2->773->771->3->1427->60->1967->801->1723->1724->1728->151->1673->489->488,488->283
HEURISTIC,N2055_C10_I1.dat,2055,5299,103,1824,283,0.9,0.5,20.5,0.9,1,488,0.16710000000000003,0.2665,0.0533,18.86,13.787600000000001,10.026000000000002,3.198,13.224000000000002,18.86,13.787600000000001,25.139,1824->1969->193->2023->2008->2006->1233->157->2001->253->1232->1245->342->75->259->1847->1995->1844->1845->346->936->347->348->1996->1210->1115->343->1911->1800->344->959->1717->1243->1371->1909->897->500->1908->1687->135->1895->1517->1894->389->1893->386->1999->1900->1998->1935->1901->1981->1983->1902->1982->1903->194->1977->40->1904->2025->227->2011->270->501->1938->1958->1771->1957->1937->526->213->1956->471->1955->129->655->1954->1811->2027->1808->1253->1601->138->775->774->2->773->771->3->1427->60->1967->801->1723->1724->1728->151->1673->489->488,488->283
HEURISTIC,N2500_PS_edge_density_baseline_7446_I1.dat,2500,7696,125,2491,2500,0.9,0.5,20.5,0.9,1,2476,0.20460000000000025,0.166,0.0332,8.29,13.670200000000012,12.276000000000016,1.992,14.268000000000015,8.29,13.670200000000012,6.162,2491->2341->2328->2326->2320->2317->2305->2300->2282->2268->2263->2256->2252->2251->2247->2244->2240->2226->2237->2220->2235->2218->2228->2211->2202->2178->2156->2183->2155->2154->2130->2109->2098->2085->2072->2082->2069->2046->2038->2033->2030->2044->2028->2014->1968->1955->1902->1895->1894->1893->1882->1872->1864->1869->1863->1860->1841->1840->1832->1827->1826->1814->1813->1807->1789->1788->1781->1779->1774->1784->1780->1778->1767->1764->1740->1736->1735->1731->1718->1713->1707->1693->1681->1677->1687->1672->1665->1664->1655->1649->1643->1637->1628->1610->1587->1579->1552->1550->1548->1530->1537->1525->1492->1490->1488->1495->1479->1486->1471->1465->1460->1430->1423->1401->1391->1384->1380->1374->1373->1369->1359->1355->1344->1311->1301->1310->1298->1290->1281->1274->1270->1279->1262->1257->1254->1234->1219->1206->1228->1203->1194->1197->1177->1170->1153->1152->1149->1142->1134->1130->1125->1117->1113->1129->1111->1099->1089->1075->1069->1065->1064->1063->1051->1042->1039->1050->1037->1036->1027->1006->988->981->969->929->924->917->912->904->903->896->892->905->888->885->878->877->874->865->857->856->851->813->810->805->786->762->761->757->755->725->715->711->723->705->696->691->697->689->687->681->674->667->659->657->636->609->599->592->588->576->574->586->568->575->564->560->549->547->545->543->540->538->561->532->542->534->539->526->525->527->508->501->476->469->463->450->436->430->408->393->387->372->375->371->362->373->356->350->353->348->346->349->334->337->331->329->324->321->309->298->296->289->284->266->262->259->254->235->233->232->230->229->217->228->210->206->209->201->198->196->193->190->183->178->174->168->164->163->162->155->108->51->50->48->78->77->69->68->63->21->1->5->6->10->11->15->24->19->28->22->30->34->54->29->49->85->100->119->114->122->123->125->133->134->181->143->146->156->166->158->173->185->192->204->202->260->263->275->288->290->293->306->317->358->363->379->384->394->407->396->397->401->406->398->403->413->440->449->455->460->468->471->482->497->517->518->537->546->551->553->555->562->569->570->573->593->600->602->615->628->637->642->658->668->694->700->713->721->734->745->748->749->753->763->765->764->766->783->784->791->815->816->821->826->830->839->854->849->852->860->864->866->867->870->880->882->887->893->894->910->933->944->946->948->976->978->985->991->995->1017->1024->1031->1071->1077->1079->1091->1100->1110->1120->1122->1139->1167->1168->1181->1175->1178->1192->1204->1182->1184->1193->1205->1210->1223->1229->1230->1241->1232->1237->1242->1244->1251->1269->1275->1278->1296->1322->1330->1348->1364->1353->1358->1361->1362->1368->1379->1381->1387->1390->1403->1417->1434->1426->1428->1453->1462->1463->1481->1497->1500->1502->1503->1508->1510->1512->1531->1518->1528->1540->1542->1554->1555->1568->1576->1582->1583->1594->1586->1590->1600->1618->1593->1601->1604->1607->1616->1620->1633->1641->1680->1688->1719->1739->1751->1755->1757->1776->1777->1798->1782->1785->1818->1821->1823->1824->1857->1861->1871->1890->1907->1906->1940->1941->1951->1969->1980->1978->1982->1987->1991->1992->2002->2005->2013->2047->2059->2063->2071->2074->2077->2079->2099->2100->2116->2118->2121->2134->2137->2148->2158->2169->2159->2174->2181->2186->2196->2204->2208->2212->2217->2229->2461->2466->2476,2476->2500
HEURISTIC,N2500_PS_edge_density_dense_8278_I1.dat,2500,8528,125,2491,2500,0.9,0.5,20.5,0.9,1,2490,0.16579999999999995,0.135,0.027,10.63,11.474199999999998,9.947999999999997,1.6199999999999999,11.567999999999996,10.63,11.474199999999998,3.995,2491->2487->2484->2481->2478->2468->2448->2443->2458->2442->2426->2412->2401->2400->2395->2379->2374->2370->2369->2372->2028->1673->1664->1655->1649->1643->1262->1257->1254->1234->896->892->905->888->885->878->877->874->865->857->856->851->813->810->805->786->762->450->436->430->408->393->387->372->375->371->362->175->105->96->107->92->90->88->189->216->223->569->570->573->593->600->602->615->628->637->642->658->668->694->700->713->721->734->745->748->1092->1100->1110->1120->1463->1481->1497->1499->1821->1818->2186->2485->2490,2490->2500
HEURISTIC,N2500_PS_edge_density_denser_9110_I1.dat,2500,9360,125,2491,2500,0.9,0.5,20.5,0.9,1,2490,0.1626,0.135,0.027,10.63,11.301400000000001,9.756,1.6199999999999999,11.376,10.63,11.301400000000001,4.193,2491->2341->2328->2326->2320->2317->2305->1863->1860->1841->1840->1832->1827->1826->1814->1813->1807->1465->1460->1430->1423->1113->1129->1111->1099->1089->1075->1069->711->708->387->164->8->4->3->2->401->406->748->1092->1100->1110->1462->1791->1785->1818->2186->2485->2490,2490->2500
HEURISTIC,N2500_PS_edge_density_densest_9942_I1.dat,2500,10192,125,2491,2500,0.9,0.5,20.5,0.9,1,2490,0.16080000000000005,0.135,0.027,10.63,11.204200000000004,9.648000000000003,1.6199999999999999,11.268000000000002,10.63,11.204200000000004,11.453,2491->2341->1895->1894->1893->1882->1587->1252->1219->1206->1228->888->885->878->877->874->865->857->856->851->813->810->805->786->762->450->193->81->77->72->379->384->394->407->396->397->401->406->748->1092->1100->1110->1462->1791->1785->1818->1821->1823->1824->1857->1861->1871->1875->2217->2229->2490,2490->2500
HEURISTIC,N2500_PS_parking_budget_Cmax100_I1.dat,2500,7696,125,2491,2500,0.9,0.5,10.0,0.9,1,2476,0.20460000000000025,0.166,0.0332,8.29,13.670200000000012,12.276000000000016,1.992,14.268000000000015,8.29,13.670200000000012,6.105,2491->2341->2328->2326->2320->2317->2305->2300->2282->2268->2263->2256->2252->2251->2247->2244->2240->2226->2237->2220->2235->2218->2228->2211->2202->2178->2156->2183->2155->2154->2130->2109->2098->2085->2072->2082->2069->2046->2038->2033->2030->2044->2028->2014->1968->1955->1902->1895->1894->1893->1882->1872->1864->1869->1863->1860->1841->1840->1832->1827->1826->1814->1813->1807->1789->1788->1781->1779->1774->1784->1780->1778->1767->1764->1740->1736->1735->1731->1718->1713->1707->1693->1681->1677->1687->1672->1665->1664->1655->1649->1643->1637->1628->1610->1587->1579->1552->1550->1548->1530->1537->1525->1492->1490->1488->1495->1479->1486->1471->1465->1460->1430->1423->1401->1391->1384->1380->1374->1373->1369->1359->1355->1344->1311->1301->1310->1298->1290->1281->1274->1270->1279->1262->1257->1254->1234->1219->1206->1228->1203->1194->1197->1177->1170->1153->1152->1149->1142->1134->1130->1125->1117->1113->1129->1111->1099->1089->1075->1069->1065->1064->1063->1051->1042->1039->1050->1037->1036->1027->1006->988->981->969->929->924->917->912->904->903->896->892->905->888->885->878->877->874->865->857->856->851->813->810->805->786->762->761->757->755->725->715->711->723->705->696->691->697->689->687->681->674->667->659->657->636->609->599->592->588->576->574->586->568->575->564->560->549->547->545->543->540->538->561->532->542->534->539->526->525->527->508->501->476->469->463->450->436->430->408->393->387->372->375->371->362->373->356->350->353->348->346->349->334->337->331->329->324->321->309->298->296->289->284->266->262->259->254->235->233->232->230->229->217->228->210->206->209->201->198->196->193->190->183->178->174->168->164->163->162->155->108->51->50->48->78->77->69->68->63->21->1->5->6->10->11->15->24->19->28->22->30->34->54->29->49->85->100->119->114->122->123->125->133->134->181->143->146->156->166->158->173->185->192->204->202->260->263->275->288->290->293->306->317->358->363->379->384->394->407->396->397->401->406->398->403->413->440->449->455->460->468->471->482->497->517->518->537->546->551->553->555->562->569->570->573->593->600->602->615->628->637->642->658->668->694->700->713->721->734->745->748->749->753->763->765->764->766->783->784->791->815->816->821->826->830->839->854->849->852->860->864->866->867->870->880->882->887->893->894->910->933->944->946->948->976->978->985->991->995->1017->1024->1031->1071->1077->1079->1091->1100->1110->1120->1122->1139->1167->1168->1181->1175->1178->1192->1204->1182->1184->1193->1205->1210->1223->1229->1230->1241->1232->1237->1242->1244->1251->1269->1275->1278->1296->1322->1330->1348->1364->1353->1358->1361->1362->1368->1379->1381->1387->1390->1403->1417->1434->1426->1428->1453->1462->1463->1481->1497->1500->1502->1503->1508->1510->1512->1531->1518->1528->1540->1542->1554->1555->1568->1576->1582->1583->1594->1586->1590->1600->1618->1593->1601->1604->1607->1616->1620->1633->1641->1680->1688->1719->1739->1751->1755->1757->1776->1777->1798->1782->1785->1818->1821->1823->1824->1857->1861->1871->1890->1907->1906->1940->1941->1951->1969->1980->1978->1982->1987->1991->1992->2002->2005->2013->2047->2059->2063->2071->2074->2077->2079->2099->2100->2116->2118->2121->2134->2137->2148->2158->2169->2159->2174->2181->2186->2196->2204->2208->2212->2217->2229->2461->2466->2476,2476->2500
HEURISTIC,N2500_PS_parking_budget_Cmax150_I1.dat,2500,7696,125,2491,2500,0.9,0.5,15.0,0.9,1,2476,0.20460000000000025,0.166,0.0332,8.29,13.670200000000012,12.276000000000016,1.992,14.268000000000015,8.29,13.670200000000012,6.215,2491->2341->2328->2326->2320->2317->2305->2300->2282->2268->2263->2256->2252->2251->2247->2244->2240->2226->2237->2220->2235->2218->2228->2211->2202->2178->2156->2183->2155->2154->2130->2109->2098->2085->2072->2082->2069->2046->2038->2033->2030->2044->2028->2014->1968->1955->1902->1895->1894->1893->1882->1872->1864->1869->1863->1860->1841->1840->1832->1827->1826->1814->1813->1807->1789->1788->1781->1779->1774->1784->1780->1778->1767->1764->1740->1736->1735->1731->1718->1713->1707->1693->1681->1677->1687->1672->1665->1664->1655->1649->1643->1637->1628->1610->1587->1579->1552->1550->1548->1530->1537->1525->1492->1490->1488->1495->1479->1486->1471->1465->1460->1430->1423->1401->1391->1384->1380->1374->1373->1369->1359->1355->1344->1311->1301->1310->1298->1290->1281->1274->1270->1279->1262->1257->1254->1234->1219->1206->1228->1203->1194->1197->1177->1170->1153->1152->1149->1142->1134->1130->1125->1117->1113->1129->1111->1099->1089->1075->1069->1065->1064->1063->1051->1042->1039->1050->1037->1036->1027->1006->988->981->969->929->924->917->912->904->903->896->892->905->888->885->878->877->874->865->857->856->851->813->810->805->786->762->761->757->755->725->715->711->723->705->696->691->697->689->687->681->674->667->659->657->636->609->599->592->588->576->574->586->568->575->564->560->549->547->545->543->540->538->561->532->542->534->539->526->525->527->508->501->476->469->463->450->436->430->408->393->387->372->375->371->362->373->356->350->353->348->346->349->334->337->331->329->324->321->309->298->296->289->284->266->262->259->254->235->233->232->230->229->217->228->210->206->209->201->198->196->193->190->183->178->174->168->164->163->162->155->108->51->50->48->78->77->69->68->63->21->1->5->6->10->11->15->24->19->28->22->30->34->54->29->49->85->100->119->114->122->123->125->133->134->181->143->146->156->166->158->173->185->192->204->202->260->263->275->288->290->293->306->317->358->363->379->384->394->407->396->397->401->406->398->403->413->440->449->455->460->468->471->482->497->517->518->537->546->551->553->555->562->569->570->573->593->600->602->615->628->637->642->658->668->694->700->713->721->734->745->748->749->753->763->765->764->766->783->784->791->815->816->821->826->830->839->854->849->852->860->864->866->867->870->880->882->887->893->894->910->933->944->946->948->976->978->985->991->995->1017->1024->1031->1071->1077->1079->1091->1100->1110->1120->1122->1139->1167->1168->1181->1175->1178->1192->1204->1182->1184->1193->1205->1210->1223->1229->1230->1241->1232->1237->1242->1244->1251->1269->1275->1278->1296->1322->1330->1348->1364->1353->1358->1361->1362->1368->1379->1381->1387->1390->1403->1417->1434->1426->1428->1453->1462->1463->1481->1497->1500->1502->1503->1508->1510->1512->1531->1518->1528->1540->1542->1554->1555->1568->1576->1582->1583->1594->1586->1590->1600->1618->1593->1601->1604->1607->1616->1620->1633->1641->1680->1688->1719->1739->1751->1755->1757->1776->1777->1798->1782->1785->1818->1821->1823->1824->1857->1861->1871->1890->1907->1906->1940->1941->1951->1969->1980->1978->1982->1987->1991->1992->2002->2005->2013->2047->2059->2063->2071->2074->2077->2079->2099->2100->2116->2118->2121->2134->2137->2148->2158->2169->2159->2174->2181->2186->2196->2204->2208->2212->2217->2229->2461->2466->2476,2476->2500
HEURISTIC,N2500_PS_parking_budget_Cmax205_I1.dat,2500,7696,125,2491,2500,0.9,0.5,20.5,0.9,1,2476,0.20460000000000025,0.166,0.0332,8.29,13.670200000000012,12.276000000000016,1.992,14.268000000000015,8.29,13.670200000000012,6.171,2491->2341->2328->2326->2320->2317->2305->2300->2282->2268->2263->2256->2252->2251->2247->2244->2240->2226->2237->2220->2235->2218->2228->2211->2202->2178->2156->2183->2155->2154->2130->2109->2098->2085->2072->2082->2069->2046->2038->2033->2030->2044->2028->2014->1968->1955->1902->1895->1894->1893->1882->1872->1864->1869->1863->1860->1841->1840->1832->1827->1826->1814->1813->1807->1789->1788->1781->1779->1774->1784->1780->1778->1767->1764->1740->1736->1735->1731->1718->1713->1707->1693->1681->1677->1687->1672->1665->1664->1655->1649->1643->1637->1628->1610->1587->1579->1552->1550->1548->1530->1537->1525->1492->1490->1488->1495->1479->1486->1471->1465->1460->1430->1423->1401->1391->1384->1380->1374->1373->1369->1359->1355->1344->1311->1301->1310->1298->1290->1281->1274->1270->1279->1262->1257->1254->1234->1219->1206->1228->1203->1194->1197->1177->1170->1153->1152->1149->1142->1134->1130->1125->1117->1113->1129->1111->1099->1089->1075->1069->1065->1064->1063->1051->1042->1039->1050->1037->1036->1027->1006->988->981->969->929->924->917->912->904->903->896->892->905->888->885->878->877->874->865->857->856->851->813->810->805->786->762->761->757->755->725->715->711->723->705->696->691->697->689->687->681->674->667->659->657->636->609->599->592->588->576->574->586->568->575->564->560->549->547->545->543->540->538->561->532->542->534->539->526->525->527->508->501->476->469->463->450->436->430->408->393->387->372->375->371->362->373->356->350->353->348->346->349->334->337->331->329->324->321->309->298->296->289->284->266->262->259->254->235->233->232->230->229->217->228->210->206->209->201->198->196->193->190->183->178->174->168->164->163->162->155->108->51->50->48->78->77->69->68->63->21->1->5->6->10->11->15->24->19->28->22->30->34->54->29->49->85->100->119->114->122->123->125->133->134->181->143->146->156->166->158->173->185->192->204->202->260->263->275->288->290->293->306->317->358->363->379->384->394->407->396->397->401->406->398->403->413->440->449->455->460->468->471->482->497->517->518->537->546->551->553->555->562->569->570->573->593->600->602->615->628->637->642->658->668->694->700->713->721->734->745->748->749->753->763->765->764->766->783->784->791->815->816->821->826->830->839->854->849->852->860->864->866->867->870->880->882->887->893->894->910->933->944->946->948->976->978->985->991->995->1017->1024->1031->1071->1077->1079->1091->1100->1110->1120->1122->1139->1167->1168->1181->1175->1178->1192->1204->1182->1184->1193->1205->1210->1223->1229->1230->1241->1232->1237->1242->1244->1251->1269->1275->1278->1296->1322->1330->1348->1364->1353->1358->1361->1362->1368->1379->1381->1387->1390->1403->1417->1434->1426->1428->1453->1462->1463->1481->1497->1500->1502->1503->1508->1510->1512->1531->1518->1528->1540->1542->1554->1555->1568->1576->1582->1583->1594->1586->1590->1600->1618->1593->1601->1604->1607->1616->1620->1633->1641->1680->1688->1719->1739->1751->1755->1757->1776->1777->1798->1782->1785->1818->1821->1823->1824->1857->1861->1871->1890->1907->1906->1940->1941->1951->1969->1980->1978->1982->1987->1991->1992->2002->2005->2013->2047->2059->2063->2071->2074->2077->2079->2099->2100->2116->2118->2121->2134->2137->2148->2158->2169->2159->2174->2181->2186->2196->2204->2208->2212->2217->2229->2461->2466->2476,2476->2500
HEURISTIC,N2500_PS_parking_budget_Cmax250_I1.dat,2500,7696,125,2491,2500,0.9,0.5,25.0,0.9,1,2476,0.20460000000000025,0.166,0.0332,8.29,13.670200000000012,12.276000000000016,1.992,14.268000000000015,8.29,13.670200000000012,6.146,2491->2341->2328->2326->2320->2317->2305->2300->2282->2268->2263->2256->2252->2251->2247->2244->2240->2226->2237->2220->2235->2218->2228->2211->2202->2178->2156->2183->2155->2154->2130->2109->2098->2085->2072->2082->2069->2046->2038->2033->2030->2044->2028->2014->1968->1955->1902->1895->1894->1893->1882->1872->1864->1869->1863->1860->1841->1840->1832->1827->1826->1814->1813->1807->1789->1788->1781->1779->1774->1784->1780->1778->1767->1764->1740->1736->1735->1731->1718->1713->1707->1693->1681->1677->1687->1672->1665->1664->1655->1649->1643->1637->1628->1610->1587->1579->1552->1550->1548->1530->1537->1525->1492->1490->1488->1495->1479->1486->1471->1465->1460->1430->1423->1401->1391->1384->1380->1374->1373->1369->1359->1355->1344->1311->1301->1310->1298->1290->1281->1274->1270->1279->1262->1257->1254->1234->1219->1206->1228->1203->1194->1197->1177->1170->1153->1152->1149->1142->1134->1130->1125->1117->1113->1129->1111->1099->1089->1075->1069->1065->1064->1063->1051->1042->1039->1050->1037->1036->1027->1006->988->981->969->929->924->917->912->904->903->896->892->905->888->885->878->877->874->865->857->856->851->813->810->805->786->762->761->757->755->725->715->711->723->705->696->691->697->689->687->681->674->667->659->657->636->609->599->592->588->576->574->586->568->575->564->560->549->547->545->543->540->538->561->532->542->534->539->526->525->527->508->501->476->469->463->450->436->430->408->393->387->372->375->371->362->373->356->350->353->348->346->349->334->337->331->329->324->321->309->298->296->289->284->266->262->259->254->235->233->232->230->229->217->228->210->206->209->201->198->196->193->190->183->178->174->168->164->163->162->155->108->51->50->48->78->77->69->68->63->21->1->5->6->10->11->15->24->19->28->22->30->34->54->29->49->85->100->119->114->122->123->125->133->134->181->143->146->156->166->158->173->185->192->204->202->260->263->275->288->290->293->306->317->358->363->379->384->394->407->396->397->401->406->398->403->413->440->449->455->460->468->471->482->497->517->518->537->546->551->553->555->562->569->570->573->593->600->602->615->628->637->642->658->668->694->700->713->721->734->745->748->749->753->763->765->764->766->783->784->791->815->816->821->826->830->839->854->849->852->860->864->866->867->870->880->882->887->893->894->910->933->944->946->948->976->978->985->991->995->1017->1024->1031->1071->1077->1079->1091->1100->1110->1120->1122->1139->1167->1168->1181->1175->1178->1192->1204->1182->1184->1193->1205->1210->1223->1229->1230->1241->1232->1237->1242->1244->1251->1269->1275->1278->1296->1322->1330->1348->1364->1353->1358->1361->1362->1368->1379->1381->1387->1390->1403->1417->1434->1426->1428->1453->1462->1463->1481->1497->1500->1502->1503->1508->1510->1512->1531->1518->1528->1540->1542->1554->1555->1568->1576->1582->1583->1594->1586->1590->1600->1618->1593->1601->1604->1607->1616->1620->1633->1641->1680->1688->1719->1739->1751->1755->1757->1776->1777->1798->1782->1785->1818->1821->1823->1824->1857->1861->1871->1890->1907->1906->1940->1941->1951->1969->1980->1978->1982->1987->1991->1992->2002->2005->2013->2047->2059->2063->2071->2074->2077->2079->2099->2100->2116->2118->2121->2134->2137->2148->2158->2169->2159->2174->2181->2186->2196->2204->2208->2212->2217->2229->2461->2466->2476,2476->2500
HEURISTIC,N2500_PS_parking_cost_100_225_I1.dat,2500,7696,125,2491,2500,0.9,0.5,20.5,0.9,1,2490,0.20500000000000024,0.135,0.027,12.73,13.801000000000013,12.300000000000015,1.6199999999999999,13.920000000000014,12.73,13.801000000000013,6.745,2491->2341->2328->2326->2320->2317->2305->2300->2282->2268->2263->2256->2252->2251->2247->2244->2240->2226->2237->2220->2235->2218->2228->2211->2202->2178->2156->2183->2155->2154->2130->2109->2098->2085->2072->2082->2069->2046->2038->2033->2030->2044->2028->2014->1968->1955->1902->1895->1894->1893->1882->1872->1864->1869->1863->1860->1841->1840->1832->1827->1826->1814->1813->1807->1789->1788->1781->1779->1774->1784->1780->1778->1767->1764->1740->1736->1735->1731->1718->1713->1707->1693->1681->1677->1687->1672->1665->1664->1655->1649->1643->1637->1628->1610->1587->1579->1552->1550->1548->1530->1537->1525->1492->1490->1488->1495->1479->1486->1471->1465->1460->1430->1423->1401->1391->1384->1380->1374->1373->1369->1359->1355->1344->1311->1301->1310->1298->1290->1281->1274->1270->1279->1262->1257->1254->1234->1219->1206->1228->1203->1194->1197->1177->1170->1153->1152->1149->1142->1134->1130->1125->1117->1113->1129->1111->1099->1089->1075->1069->1065->1064->1063->1051->1042->1039->1050->1037->1036->1027->1006->988->981->969->929->924->917->912->904->903->896->892->905->888->885->878->877->874->865->857->856->851->813->810->805->786->762->761->757->755->725->715->711->723->705->696->691->697->689->687->681->674->667->659->657->636->609->599->592->588->576->574->586->568->575->564->560->549->547->545->543->540->538->561->532->542->534->539->526->525->527->508->501->476->469->463->450->436->430->408->393->387->372->375->371->362->373->356->350->353->348->346->349->334->337->331->329->324->321->309->298->296->289->284->266->262->259->254->235->233->232->230->229->217->228->210->206->209->201->198->196->193->190->183->178->174->168->164->163->162->155->108->51->50->48->78->77->69->68->63->21->1->5->6->10->11->15->24->19->28->22->30->34->54->29->49->85->100->119->114->122->123->125->133->134->181->143->146->156->166->158->173->185->192->204->202->260->263->275->288->290->293->306->317->358->363->379->384->394->407->396->397->401->406->398->403->413->440->449->455->460->468->471->482->497->517->518->537->546->551->553->555->562->569->570->573->593->600->602->615->628->637->642->658->668->694->700->713->721->734->745->748->749->753->763->765->764->766->783->784->791->815->816->821->826->830->839->854->849->852->860->864->866->867->870->880->882->887->893->894->910->933->944->946->948->976->978->985->991->995->1017->1024->1031->1071->1077->1079->1091->1100->1110->1120->1122->1139->1167->1168->1181->1175->1178->1192->1204->1182->1184->1193->1205->1210->1223->1229->1230->1241->1232->1237->1242->1244->1251->1269->1275->1278->1296->1322->1330->1348->1364->1353->1358->1361->1362->1368->1379->1381->1387->1390->1403->1417->1434->1426->1428->1453->1462->1463->1481->1497->1500->1502->1503->1508->1510->1512->1531->1518->1528->1540->1542->1554->1555->1568->1576->1582->1583->1594->1586->1590->1600->1618->1593->1601->1604->1607->1616->1620->1633->1641->1680->1688->1719->1739->1751->1755->1757->1776->1777->1798->1782->1785->1818->1821->1823->1824->1857->1861->1871->1890->1907->1906->1940->1941->1951->1969->1980->1978->1982->1987->1991->1992->2002->2005->2013->2047->2059->2063->2071->2074->2077->2079->2099->2100->2116->2118->2121->2134->2137->2148->2158->2169->2159->2174->2181->2186->2196->2204->2208->2212->2217->2229->2490,2490->2500
HEURISTIC,N2500_PS_parking_cost_125_250_I1.dat,2500,7696,125,2491,2500,0.9,0.5,20.5,0.9,1,2490,0.20500000000000024,0.135,0.027,15.42,14.070000000000013,12.300000000000015,1.6199999999999999,13.920000000000014,15.42,14.070000000000013,6.191,2491->2341->2328->2326->2320->2317->2305->2300->2282->2268->2263->2256->2252->2251->2247->2244->2240->2226->2237->2220->2235->2218->2228->2211->2202->2178->2156->2183->2155->2154->2130->2109->2098->2085->2072->2082->2069->2046->2038->2033->2030->2044->2028->2014->1968->1955->1902->1895->1894->1893->1882->1872->1864->1869->1863->1860->1841->1840->1832->1827->1826->1814->1813->1807->1789->1788->1781->1779->1774->1784->1780->1778->1767->1764->1740->1736->1735->1731->1718->1713->1707->1693->1681->1677->1687->1672->1665->1664->1655->1649->1643->1637->1628->1610->1587->1579->1552->1550->1548->1530->1537->1525->1492->1490->1488->1495->1479->1486->1471->1465->1460->1430->1423->1401->1391->1384->1380->1374->1373->1369->1359->1355->1344->1311->1301->1310->1298->1290->1281->1274->1270->1279->1262->1257->1254->1234->1219->1206->1228->1203->1194->1197->1177->1170->1153->1152->1149->1142->1134->1130->1125->1117->1113->1129->1111->1099->1089->1075->1069->1065->1064->1063->1051->1042->1039->1050->1037->1036->1027->1006->988->981->969->929->924->917->912->904->903->896->892->905->888->885->878->877->874->865->857->856->851->813->810->805->786->762->761->757->755->725->715->711->723->705->696->691->697->689->687->681->674->667->659->657->636->609->599->592->588->576->574->586->568->575->564->560->549->547->545->543->540->538->561->532->542->534->539->526->525->527->508->501->476->469->463->450->436->430->408->393->387->372->375->371->362->373->356->350->353->348->346->349->334->337->331->329->324->321->309->298->296->289->284->266->262->259->254->235->233->232->230->229->217->228->210->206->209->201->198->196->193->190->183->178->174->168->164->163->162->155->108->51->50->48->78->77->69->68->63->21->1->5->6->10->11->15->24->19->28->22->30->34->54->29->49->85->100->119->114->122->123->125->133->134->181->143->146->156->166->158->173->185->192->204->202->260->263->275->288->290->293->306->317->358->363->379->384->394->407->396->397->401->406->398->403->413->440->449->455->460->468->471->482->497->517->518->537->546->551->553->555->562->569->570->573->593->600->602->615->628->637->642->658->668->694->700->713->721->734->745->748->749->753->763->765->764->766->783->784->791->815->816->821->826->830->839->854->849->852->860->864->866->867->870->880->882->887->893->894->910->933->944->946->948->976->978->985->991->995->1017->1024->1031->1071->1077->1079->1091->1100->1110->1120->1122->1139->1167->1168->1181->1175->1178->1192->1204->1182->1184->1193->1205->1210->1223->1229->1230->1241->1232->1237->1242->1244->1251->1269->1275->1278->1296->1322->1330->1348->1364->1353->1358->1361->1362->1368->1379->1381->1387->1390->1403->1417->1434->1426->1428->1453->1462->1463->1481->1497->1500->1502->1503->1508->1510->1512->1531->1518->1528->1540->1542->1554->1555->1568->1576->1582->1583->1594->1586->1590->1600->1618->1593->1601->1604->1607->1616->1620->1633->1641->1680->1688->1719->1739->1751->1755->1757->1776->1777->1798->1782->1785->1818->1821->1823->1824->1857->1861->1871->1890->1907->1906->1940->1941->1951->1969->1980->1978->1982->1987->1991->1992->2002->2005->2013->2047->2059->2063->2071->2074->2077->2079->2099->2100->2116->2118->2121->2134->2137->2148->2158->2169->2159->2174->2181->2186->2196->2204->2208->2212->2217->2229->2490,2490->2500
HEURISTIC,N2500_PS_parking_cost_150_300_I1.dat,2500,7696,125,2491,2500,0.9,0.5,20.5,0.9,1,2476,0.20460000000000025,0.166,0.0332,15.45,14.386200000000013,12.276000000000016,1.992,14.268000000000015,15.45,14.386200000000013,6.044,2491->2341->2328->2326->2320->2317->2305->2300->2282->2268->2263->2256->2252->2251->2247->2244->2240->2226->2237->2220->2235->2218->2228->2211->2202->2178->2156->2183->2155->2154->2130->2109->2098->2085->2072->2082->2069->2046->2038->2033->2030->2044->2028->2014->1968->1955->1902->1895->1894->1893->1882->1872->1864->1869->1863->1860->1841->1840->1832->1827->1826->1814->1813->1807->1789->1788->1781->1779->1774->1784->1780->1778->1767->1764->1740->1736->1735->1731->1718->1713->1707->1693->1681->1677->1687->1672->1665->1664->1655->1649->1643->1637->1628->1610->1587->1579->1552->1550->1548->1530->1537->1525->1492->1490->1488->1495->1479->1486->1471->1465->1460->1430->1423->1401->1391->1384->1380->1374->1373->1369->1359->1355->1344->1311->1301->1310->1298->1290->1281->1274->1270->1279->1262->1257->1254->1234->1219->1206->1228->1203->1194->1197->1177->1170->1153->1152->1149->1142->1134->1130->1125->1117->1113->1129->1111->1099->1089->1075->1069->1065->1064->1063->1051->1042->1039->1050->1037->1036->1027->1006->988->981->969->929->924->917->912->904->903->896->892->905->888->885->878->877->874->865->857->856->851->813->810->805->786->762->761->757->755->725->715->711->723->705->696->691->697->689->687->681->674->667->659->657->636->609->599->592->588->576->574->586->568->575->564->560->549->547->545->543->540->538->561->532->542->534->539->526->525->527->508->501->476->469->463->450->436->430->408->393->387->372->375->371->362->373->356->350->353->348->346->349->334->337->331->329->324->321->309->298->296->289->284->266->262->259->254->235->233->232->230->229->217->228->210->206->209->201->198->196->193->190->183->178->174->168->164->163->162->155->108->51->50->48->78->77->69->68->63->21->1->5->6->10->11->15->24->19->28->22->30->34->54->29->49->85->100->119->114->122->123->125->133->134->181->143->146->156->166->158->173->185->192->204->202->260->263->275->288->290->293->306->317->358->363->379->384->394->407->396->397->401->406->398->403->413->440->449->455->460->468->471->482->497->517->518->537->546->551->553->555->562->569->570->573->593->600->602->615->628->637->642->658->668->694->700->713->721->734->745->748->749->753->763->765->764->766->783->784->791->815->816->821->826->830->839->854->849->852->860->864->866->867->870->880->882->887->893->894->910->933->944->946->948->976->978->985->991->995->1017->1024->1031->1071->1077->1079->1091->1100->1110->1120->1122->1139->1167->1168->1181->1175->1178->1192->1204->1182->1184->1193->1205->1210->1223->1229->1230->1241->1232->1237->1242->1244->1251->1269->1275->1278->1296->1322->1330->1348->1364->1353->1358->1361->1362->1368->1379->1381->1387->1390->1403->1417->1434->1426->1428->1453->1462->1463->1481->1497->1500->1502->1503->1508->1510->1512->1531->1518->1528->1540->1542->1554->1555->1568->1576->1582->1583->1594->1586->1590->1600->1618->1593->1601->1604->1607->1616->1620->1633->1641->1680->1688->1719->1739->1751->1755->1757->1776->1777->1798->1782->1785->1818->1821->1823->1824->1857->1861->1871->1890->1907->1906->1940->1941->1951->1969->1980->1978->1982->1987->1991->1992->2002->2005->2013->2047->2059->2063->2071->2074->2077->2079->2099->2100->2116->2118->2121->2134->2137->2148->2158->2169->2159->2174->2181->2186->2196->2204->2208->2212->2217->2229->2461->2466->2476,2476->2500
HEURISTIC,N2500_PS_parking_cost_80_205_I1.dat,2500,7696,125,2491,2500,0.9,0.5,20.5,0.9,1,2476,0.20460000000000025,0.166,0.0332,8.29,13.670200000000012,12.276000000000016,1.992,14.268000000000015,8.29,13.670200000000012,6.191,2491->2341->2328->2326->2320->2317->2305->2300->2282->2268->2263->2256->2252->2251->2247->2244->2240->2226->2237->2220->2235->2218->2228->2211->2202->2178->2156->2183->2155->2154->2130->2109->2098->2085->2072->2082->2069->2046->2038->2033->2030->2044->2028->2014->1968->1955->1902->1895->1894->1893->1882->1872->1864->1869->1863->1860->1841->1840->1832->1827->1826->1814->1813->1807->1789->1788->1781->1779->1774->1784->1780->1778->1767->1764->1740->1736->1735->1731->1718->1713->1707->1693->1681->1677->1687->1672->1665->1664->1655->1649->1643->1637->1628->1610->1587->1579->1552->1550->1548->1530->1537->1525->1492->1490->1488->1495->1479->1486->1471->1465->1460->1430->1423->1401->1391->1384->1380->1374->1373->1369->1359->1355->1344->1311->1301->1310->1298->1290->1281->1274->1270->1279->1262->1257->1254->1234->1219->1206->1228->1203->1194->1197->1177->1170->1153->1152->1149->1142->1134->1130->1125->1117->1113->1129->1111->1099->1089->1075->1069->1065->1064->1063->1051->1042->1039->1050->1037->1036->1027->1006->988->981->969->929->924->917->912->904->903->896->892->905->888->885->878->877->874->865->857->856->851->813->810->805->786->762->761->757->755->725->715->711->723->705->696->691->697->689->687->681->674->667->659->657->636->609->599->592->588->576->574->586->568->575->564->560->549->547->545->543->540->538->561->532->542->534->539->526->525->527->508->501->476->469->463->450->436->430->408->393->387->372->375->371->362->373->356->350->353->348->346->349->334->337->331->329->324->321->309->298->296->289->284->266->262->259->254->235->233->232->230->229->217->228->210->206->209->201->198->196->193->190->183->178->174->168->164->163->162->155->108->51->50->48->78->77->69->68->63->21->1->5->6->10->11->15->24->19->28->22->30->34->54->29->49->85->100->119->114->122->123->125->133->134->181->143->146->156->166->158->173->185->192->204->202->260->263->275->288->290->293->306->317->358->363->379->384->394->407->396->397->401->406->398->403->413->440->449->455->460->468->471->482->497->517->518->537->546->551->553->555->562->569->570->573->593->600->602->615->628->637->642->658->668->694->700->713->721->734->745->748->749->753->763->765->764->766->783->784->791->815->816->821->826->830->839->854->849->852->860->864->866->867->870->880->882->887->893->894->910->933->944->946->948->976->978->985->991->995->1017->1024->1031->1071->1077->1079->1091->1100->1110->1120->1122->1139->1167->1168->1181->1175->1178->1192->1204->1182->1184->1193->1205->1210->1223->1229->1230->1241->1232->1237->1242->1244->1251->1269->1275->1278->1296->1322->1330->1348->1364->1353->1358->1361->1362->1368->1379->1381->1387->1390->1403->1417->1434->1426->1428->1453->1462->1463->1481->1497->1500->1502->1503->1508->1510->1512->1531->1518->1528->1540->1542->1554->1555->1568->1576->1582->1583->1594->1586->1590->1600->1618->1593->1601->1604->1607->1616->1620->1633->1641->1680->1688->1719->1739->1751->1755->1757->1776->1777->1798->1782->1785->1818->1821->1823->1824->1857->1861->1871->1890->1907->1906->1940->1941->1951->1969->1980->1978->1982->1987->1991->1992->2002->2005->2013->2047->2059->2063->2071->2074->2077->2079->2099->2100->2116->2118->2121->2134->2137->2148->2158->2169->2159->2174->2181->2186->2196->2204->2208->2212->2217->2229->2461->2466->2476,2476->2500
HEURISTIC,N2500_PS_parking_supply_P10_I1.dat,2500,7892,223,2491,2500,0.9,0.5,20.5,0.9,1,2476,0.20460000000000025,0.166,0.0332,8.29,13.670200000000012,12.276000000000016,1.992,14.268000000000015,8.29,13.670200000000012,8.646,2491->2341->2328->2326->2320->2317->2305->2300->2282->2268->2263->2256->2252->2251->2247->2244->2240->2226->2237->2220->2235->2218->2228->2211->2202->2178->2156->2183->2155->2154->2130->2109->2098->2085->2072->2082->2069->2046->2038->2033->2030->2044->2028->2014->1968->1955->1902->1895->1894->1893->1882->1872->1864->1869->1863->1860->1841->1840->1832->1827->1826->1814->1813->1807->1789->1788->1781->1779->1774->1784->1780->1778->1767->1764->1740->1736->1735->1731->1718->1713->1707->1693->1681->1677->1687->1672->1665->1664->1655->1649->1643->1637->1628->1610->1587->1579->1552->1550->1548->1530->1537->1525->1492->1490->1488->1495->1479->1486->1471->1465->1460->1430->1423->1401->1391->1384->1380->1374->1373->1369->1359->1355->1344->1311->1301->1310->1298->1290->1281->1274->1270->1279->1262->1257->1254->1234->1219->1206->1228->1203->1194->1197->1177->1170->1153->1152->1149->1142->1134->1130->1125->1117->1113->1129->1111->1099->1089->1075->1069->1065->1064->1063->1051->1042->1039->1050->1037->1036->1027->1006->988->981->969->929->924->917->912->904->903->896->892->905->888->885->878->877->874->865->857->856->851->813->810->805->786->762->761->757->755->725->715->711->723->705->696->691->697->689->687->681->674->667->659->657->636->609->599->592->588->576->574->586->568->575->564->560->549->547->545->543->540->538->561->532->542->534->539->526->525->527->508->501->476->469->463->450->436->430->408->393->387->372->375->371->362->373->356->350->353->348->346->349->334->337->331->329->324->321->309->298->296->289->284->266->262->259->254->235->233->232->230->229->217->228->210->206->209->201->198->196->193->190->183->178->174->168->164->163->162->155->108->51->50->48->78->77->69->68->63->21->1->5->6->10->11->15->24->19->28->22->30->34->54->29->49->85->100->119->114->122->123->125->133->134->181->143->146->156->166->158->173->185->192->204->202->260->263->275->288->290->293->306->317->358->363->379->384->394->407->396->397->401->406->398->403->413->440->449->455->460->468->471->482->497->517->518->537->546->551->553->555->562->569->570->573->593->600->602->615->628->637->642->658->668->694->700->713->721->734->745->748->749->753->763->765->764->766->783->784->791->815->816->821->826->830->839->854->849->852->860->864->866->867->870->880->882->887->893->894->910->933->944->946->948->976->978->985->991->995->1017->1024->1031->1071->1077->1079->1091->1100->1110->1120->1122->1139->1167->1168->1181->1175->1178->1192->1204->1182->1184->1193->1205->1210->1223->1229->1230->1241->1232->1237->1242->1244->1251->1269->1275->1278->1296->1322->1330->1348->1364->1353->1358->1361->1362->1368->1379->1381->1387->1390->1403->1417->1434->1426->1428->1453->1462->1463->1481->1497->1500->1502->1503->1508->1510->1512->1531->1518->1528->1540->1542->1554->1555->1568->1576->1582->1583->1594->1586->1590->1600->1618->1593->1601->1604->1607->1616->1620->1633->1641->1680->1688->1719->1739->1751->1755->1757->1776->1777->1798->1782->1785->1818->1821->1823->1824->1857->1861->1871->1890->1907->1906->1940->1941->1951->1969->1980->1978->1982->1987->1991->1992->2002->2005->2013->2047->2059->2063->2071->2074->2077->2079->2099->2100->2116->2118->2121->2134->2137->2148->2158->2169->2159->2174->2181->2186->2196->2204->2208->2212->2217->2229->2461->2466->2476,2476->2500
HEURISTIC,N2500_PS_parking_supply_P15_I1.dat,2500,7892,223,2491,2500,0.9,0.5,20.5,0.9,1,2476,0.20460000000000025,0.166,0.0332,8.29,13.670200000000012,12.276000000000016,1.992,14.268000000000015,8.29,13.670200000000012,8.604,2491->2341->2328->2326->2320->2317->2305->2300->2282->2268->2263->2256->2252->2251->2247->2244->2240->2226->2237->2220->2235->2218->2228->2211->2202->2178->2156->2183->2155->2154->2130->2109->2098->2085->2072->2082->2069->2046->2038->2033->2030->2044->2028->2014->1968->1955->1902->1895->1894->1893->1882->1872->1864->1869->1863->1860->1841->1840->1832->1827->1826->1814->1813->1807->1789->1788->1781->1779->1774->1784->1780->1778->1767->1764->1740->1736->1735->1731->1718->1713->1707->1693->1681->1677->1687->1672->1665->1664->1655->1649->1643->1637->1628->1610->1587->1579->1552->1550->1548->1530->1537->1525->1492->1490->1488->1495->1479->1486->1471->1465->1460->1430->1423->1401->1391->1384->1380->1374->1373->1369->1359->1355->1344->1311->1301->1310->1298->1290->1281->1274->1270->1279->1262->1257->1254->1234->1219->1206->1228->1203->1194->1197->1177->1170->1153->1152->1149->1142->1134->1130->1125->1117->1113->1129->1111->1099->1089->1075->1069->1065->1064->1063->1051->1042->1039->1050->1037->1036->1027->1006->988->981->969->929->924->917->912->904->903->896->892->905->888->885->878->877->874->865->857->856->851->813->810->805->786->762->761->757->755->725->715->711->723->705->696->691->697->689->687->681->674->667->659->657->636->609->599->592->588->576->574->586->568->575->564->560->549->547->545->543->540->538->561->532->542->534->539->526->525->527->508->501->476->469->463->450->436->430->408->393->387->372->375->371->362->373->356->350->353->348->346->349->334->337->331->329->324->321->309->298->296->289->284->266->262->259->254->235->233->232->230->229->217->228->210->206->209->201->198->196->193->190->183->178->174->168->164->163->162->155->108->51->50->48->78->77->69->68->63->21->1->5->6->10->11->15->24->19->28->22->30->34->54->29->49->85->100->119->114->122->123->125->133->134->181->143->146->156->166->158->173->185->192->204->202->260->263->275->288->290->293->306->317->358->363->379->384->394->407->396->397->401->406->398->403->413->440->449->455->460->468->471->482->497->517->518->537->546->551->553->555->562->569->570->573->593->600->602->615->628->637->642->658->668->694->700->713->721->734->745->748->749->753->763->765->764->766->783->784->791->815->816->821->826->830->839->854->849->852->860->864->866->867->870->880->882->887->893->894->910->933->944->946->948->976->978->985->991->995->1017->1024->1031->1071->1077->1079->1091->1100->1110->1120->1122->1139->1167->1168->1181->1175->1178->1192->1204->1182->1184->1193->1205->1210->1223->1229->1230->1241->1232->1237->1242->1244->1251->1269->1275->1278->1296->1322->1330->1348->1364->1353->1358->1361->1362->1368->1379->1381->1387->1390->1403->1417->1434->1426->1428->1453->1462->1463->1481->1497->1500->1502->1503->1508->1510->1512->1531->1518->1528->1540->1542->1554->1555->1568->1576->1582->1583->1594->1586->1590->1600->1618->1593->1601->1604->1607->1616->1620->1633->1641->1680->1688->1719->1739->1751->1755->1757->1776->1777->1798->1782->1785->1818->1821->1823->1824->1857->1861->1871->1890->1907->1906->1940->1941->1951->1969->1980->1978->1982->1987->1991->1992->2002->2005->2013->2047->2059->2063->2071->2074->2077->2079->2099->2100->2116->2118->2121->2134->2137->2148->2158->2169->2159->2174->2181->2186->2196->2204->2208->2212->2217->2229->2461->2466->2476,2476->2500
HEURISTIC,N2500_PS_parking_supply_P20_I1.dat,2500,7892,223,2491,2500,0.9,0.5,20.5,0.9,1,2476,0.20460000000000025,0.166,0.0332,8.29,13.670200000000012,12.276000000000016,1.992,14.268000000000015,8.29,13.670200000000012,8.569,2491->2341->2328->2326->2320->2317->2305->2300->2282->2268->2263->2256->2252->2251->2247->2244->2240->2226->2237->2220->2235->2218->2228->2211->2202->2178->2156->2183->2155->2154->2130->2109->2098->2085->2072->2082->2069->2046->2038->2033->2030->2044->2028->2014->1968->1955->1902->1895->1894->1893->1882->1872->1864->1869->1863->1860->1841->1840->1832->1827->1826->1814->1813->1807->1789->1788->1781->1779->1774->1784->1780->1778->1767->1764->1740->1736->1735->1731->1718->1713->1707->1693->1681->1677->1687->1672->1665->1664->1655->1649->1643->1637->1628->1610->1587->1579->1552->1550->1548->1530->1537->1525->1492->1490->1488->1495->1479->1486->1471->1465->1460->1430->1423->1401->1391->1384->1380->1374->1373->1369->1359->1355->1344->1311->1301->1310->1298->1290->1281->1274->1270->1279->1262->1257->1254->1234->1219->1206->1228->1203->1194->1197->1177->1170->1153->1152->1149->1142->1134->1130->1125->1117->1113->1129->1111->1099->1089->1075->1069->1065->1064->1063->1051->1042->1039->1050->1037->1036->1027->1006->988->981->969->929->924->917->912->904->903->896->892->905->888->885->878->877->874->865->857->856->851->813->810->805->786->762->761->757->755->725->715->711->723->705->696->691->697->689->687->681->674->667->659->657->636->609->599->592->588->576->574->586->568->575->564->560->549->547->545->543->540->538->561->532->542->534->539->526->525->527->508->501->476->469->463->450->436->430->408->393->387->372->375->371->362->373->356->350->353->348->346->349->334->337->331->329->324->321->309->298->296->289->284->266->262->259->254->235->233->232->230->229->217->228->210->206->209->201->198->196->193->190->183->178->174->168->164->163->162->155->108->51->50->48->78->77->69->68->63->21->1->5->6->10->11->15->24->19->28->22->30->34->54->29->49->85->100->119->114->122->123->125->133->134->181->143->146->156->166->158->173->185->192->204->202->260->263->275->288->290->293->306->317->358->363->379->384->394->407->396->397->401->406->398->403->413->440->449->455->460->468->471->482->497->517->518->537->546->551->553->555->562->569->570->573->593->600->602->615->628->637->642->658->668->694->700->713->721->734->745->748->749->753->763->765->764->766->783->784->791->815->816->821->826->830->839->854->849->852->860->864->866->867->870->880->882->887->893->894->910->933->944->946->948->976->978->985->991->995->1017->1024->1031->1071->1077->1079->1091->1100->1110->1120->1122->1139->1167->1168->1181->1175->1178->1192->1204->1182->1184->1193->1205->1210->1223->1229->1230->1241->1232->1237->1242->1244->1251->1269->1275->1278->1296->1322->1330->1348->1364->1353->1358->1361->1362->1368->1379->1381->1387->1390->1403->1417->1434->1426->1428->1453->1462->1463->1481->1497->1500->1502->1503->1508->1510->1512->1531->1518->1528->1540->1542->1554->1555->1568->1576->1582->1583->1594->1586->1590->1600->1618->1593->1601->1604->1607->1616->1620->1633->1641->1680->1688->1719->1739->1751->1755->1757->1776->1777->1798->1782->1785->1818->1821->1823->1824->1857->1861->1871->1890->1907->1906->1940->1941->1951->1969->1980->1978->1982->1987->1991->1992->2002->2005->2013->2047->2059->2063->2071->2074->2077->2079->2099->2100->2116->2118->2121->2134->2137->2148->2158->2169->2159->2174->2181->2186->2196->2204->2208->2212->2217->2229->2461->2466->2476,2476->2500
HEURISTIC,N2500_PS_parking_supply_P5_I1.dat,2500,7696,125,2491,2500,0.9,0.5,20.5,0.9,1,2476,0.20460000000000025,0.166,0.0332,8.29,13.670200000000012,12.276000000000016,1.992,14.268000000000015,8.29,13.670200000000012,6.312,2491->2341->2328->2326->2320->2317->2305->2300->2282->2268->2263->2256->2252->2251->2247->2244->2240->2226->2237->2220->2235->2218->2228->2211->2202->2178->2156->2183->2155->2154->2130->2109->2098->2085->2072->2082->2069->2046->2038->2033->2030->2044->2028->2014->1968->1955->1902->1895->1894->1893->1882->1872->1864->1869->1863->1860->1841->1840->1832->1827->1826->1814->1813->1807->1789->1788->1781->1779->1774->1784->1780->1778->1767->1764->1740->1736->1735->1731->1718->1713->1707->1693->1681->1677->1687->1672->1665->1664->1655->1649->1643->1637->1628->1610->1587->1579->1552->1550->1548->1530->1537->1525->1492->1490->1488->1495->1479->1486->1471->1465->1460->1430->1423->1401->1391->1384->1380->1374->1373->1369->1359->1355->1344->1311->1301->1310->1298->1290->1281->1274->1270->1279->1262->1257->1254->1234->1219->1206->1228->1203->1194->1197->1177->1170->1153->1152->1149->1142->1134->1130->1125->1117->1113->1129->1111->1099->1089->1075->1069->1065->1064->1063->1051->1042->1039->1050->1037->1036->1027->1006->988->981->969->929->924->917->912->904->903->896->892->905->888->885->878->877->874->865->857->856->851->813->810->805->786->762->761->757->755->725->715->711->723->705->696->691->697->689->687->681->674->667->659->657->636->609->599->592->588->576->574->586->568->575->564->560->549->547->545->543->540->538->561->532->542->534->539->526->525->527->508->501->476->469->463->450->436->430->408->393->387->372->375->371->362->373->356->350->353->348->346->349->334->337->331->329->324->321->309->298->296->289->284->266->262->259->254->235->233->232->230->229->217->228->210->206->209->201->198->196->193->190->183->178->174->168->164->163->162->155->108->51->50->48->78->77->69->68->63->21->1->5->6->10->11->15->24->19->28->22->30->34->54->29->49->85->100->119->114->122->123->125->133->134->181->143->146->156->166->158->173->185->192->204->202->260->263->275->288->290->293->306->317->358->363->379->384->394->407->396->397->401->406->398->403->413->440->449->455->460->468->471->482->497->517->518->537->546->551->553->555->562->569->570->573->593->600->602->615->628->637->642->658->668->694->700->713->721->734->745->748->749->753->763->765->764->766->783->784->791->815->816->821->826->830->839->854->849->852->860->864->866->867->870->880->882->887->893->894->910->933->944->946->948->976->978->985->991->995->1017->1024->1031->1071->1077->1079->1091->1100->1110->1120->1122->1139->1167->1168->1181->1175->1178->1192->1204->1182->1184->1193->1205->1210->1223->1229->1230->1241->1232->1237->1242->1244->1251->1269->1275->1278->1296->1322->1330->1348->1364->1353->1358->1361->1362->1368->1379->1381->1387->1390->1403->1417->1434->1426->1428->1453->1462->1463->1481->1497->1500->1502->1503->1508->1510->1512->1531->1518->1528->1540->1542->1554->1555->1568->1576->1582->1583->1594->1586->1590->1600->1618->1593->1601->1604->1607->1616->1620->1633->1641->1680->1688->1719->1739->1751->1755->1757->1776->1777->1798->1782->1785->1818->1821->1823->1824->1857->1861->1871->1890->1907->1906->1940->1941->1951->1969->1980->1978->1982->1987->1991->1992->2002->2005->2013->2047->2059->2063->2071->2074->2077->2079->2099->2100->2116->2118->2121->2134->2137->2148->2158->2169->2159->2174->2181->2186->2196->2204->2208->2212->2217->2229->2461->2466->2476,2476->2500
HEURISTIC,N2500_PS_traffic_high_I1.dat,2500,7696,125,2491,2500,0.9,0.5,20.5,0.9,1,2476,0.6153999999999998,0.166,0.0332,8.29,35.85339999999999,36.92399999999999,1.992,38.91599999999999,8.29,35.85339999999999,6.17,2491->2341->2328->2326->2320->2317->2305->2300->2282->2268->2263->2256->2252->2251->2247->2244->2240->2226->2237->2220->2235->2218->2228->2211->2202->2178->2156->2183->2155->2154->2130->2109->2098->2085->2072->2082->2069->2046->2038->2033->2030->2044->2028->2014->1968->1955->1902->1895->1894->1893->1882->1872->1864->1869->1863->1860->1841->1840->1832->1827->1826->1814->1813->1807->1789->1788->1781->1779->1774->1784->1780->1778->1767->1764->1740->1736->1735->1731->1718->1713->1707->1693->1681->1677->1672->1665->1673->1664->1655->1649->1643->1637->1628->1610->1587->1579->1552->1550->1548->1530->1537->1525->1492->1490->1488->1495->1479->1486->1471->1465->1460->1430->1423->1401->1391->1384->1380->1374->1373->1369->1359->1355->1344->1311->1301->1310->1298->1290->1281->1274->1270->1279->1262->1257->1254->1234->1219->1206->1228->1203->1194->1197->1177->1170->1153->1152->1149->1142->1134->1130->1125->1117->1113->1129->1111->1099->1089->1075->1069->1065->1064->1063->1051->1042->1039->1050->1037->1036->1027->1006->988->981->969->929->924->917->912->904->903->896->892->905->888->885->878->877->874->865->861->857->856->851->813->810->812->805->786->762->761->757->755->725->715->711->723->705->696->691->697->698->689->687->681->674->667->659->657->636->609->599->592->588->576->574->586->568->575->564->560->549->547->545->543->540->538->561->532->542->530->539->526->525->527->508->501->476->469->463->450->437->436->430->408->393->387->372->375->371->362->373->356->350->353->348->346->349->334->337->331->329->324->321->309->298->296->289->284->266->262->259->254->235->233->232->230->229->217->228->210->206->209->201->198->196->193->190->183->178->174->168->164->163->162->155->108->51->50->82->81->77->69->68->63->21->1->5->6->10->11->15->24->19->28->22->30->34->54->53->89->49->85->100->119->114->122->123->125->133->134->181->143->146->156->166->158->173->185->197->204->202->260->263->275->288->290->293->306->317->358->363->379->384->394->407->396->397->401->406->398->403->413->440->449->455->460->468->471->482->497->517->518->537->546->551->553->555->562->569->570->573->593->600->602->615->628->637->642->658->668->694->700->713->721->734->745->748->749->753->763->765->764->766->783->784->791->815->816->821->826->830->839->842->849->852->860->864->866->867->870->880->882->887->893->894->910->933->944->946->948->976->978->985->991->995->1017->1024->1031->1071->1077->1079->1091->1100->1110->1120->1122->1139->1167->1168->1181->1175->1178->1192->1204->1182->1184->1193->1205->1210->1223->1229->1230->1241->1232->1237->1242->1244->1251->1269->1275->1278->1296->1322->1330->1348->1364->1353->1358->1361->1362->1368->1379->1381->1387->1390->1403->1417->1434->1426->1428->1453->1462->1463->1481->1497->1500->1502->1503->1508->1510->1512->1531->1518->1528->1540->1542->1554->1555->1568->1576->1582->1583->1594->1586->1590->1600->1618->1593->1601->1604->1607->1616->1620->1633->1641->1680->1688->1719->1739->1751->1755->1757->1776->1777->1798->1782->1785->1818->1821->1823->1824->1857->1861->1871->1890->1907->1906->1940->1941->1951->1969->1980->1978->1982->1987->1991->1992->2002->2005->2013->2047->2059->2063->2071->2074->2077->2079->2099->2100->2116->2118->2121->2134->2137->2148->2158->2169->2159->2174->2181->2186->2196->2204->2208->2212->2217->2229->2461->2466->2476,2476->2500
HEURISTIC,N2500_PS_traffic_low_I1.dat,2500,7696,125,2491,2500,0.9,0.5,20.5,0.9,1,2476,0.20460000000000025,0.166,0.0332,8.29,13.670200000000012,12.276000000000016,1.992,14.268000000000015,8.29,13.670200000000012,6.082,2491->2341->2328->2326->2320->2317->2305->2300->2282->2268->2263->2256->2252->2251->2247->2244->2240->2226->2237->2220->2235->2218->2228->2211->2202->2178->2156->2183->2155->2154->2130->2109->2098->2085->2072->2082->2069->2046->2038->2033->2030->2044->2028->2014->1968->1955->1902->1895->1894->1893->1882->1872->1864->1869->1863->1860->1841->1840->1832->1827->1826->1814->1813->1807->1789->1788->1781->1779->1774->1784->1780->1778->1767->1764->1740->1736->1735->1731->1718->1713->1707->1693->1681->1677->1687->1672->1665->1664->1655->1649->1643->1637->1628->1610->1587->1579->1552->1550->1548->1530->1537->1525->1492->1490->1488->1495->1479->1486->1471->1465->1460->1430->1423->1401->1391->1384->1380->1374->1373->1369->1359->1355->1344->1311->1301->1310->1298->1290->1281->1274->1270->1279->1262->1257->1254->1234->1219->1206->1228->1203->1194->1197->1177->1170->1153->1152->1149->1142->1134->1130->1125->1117->1113->1129->1111->1099->1089->1075->1069->1065->1064->1063->1051->1042->1039->1050->1037->1036->1027->1006->988->981->969->929->924->917->912->904->903->896->892->905->888->885->878->877->874->865->857->856->851->813->810->805->786->762->761->757->755->725->715->711->723->705->696->691->697->689->687->681->674->667->659->657->636->609->599->592->588->576->574->586->568->575->564->560->549->547->545->543->540->538->561->532->542->534->539->526->525->527->508->501->476->469->463->450->436->430->408->393->387->372->375->371->362->373->356->350->353->348->346->349->334->337->331->329->324->321->309->298->296->289->284->266->262->259->254->235->233->232->230->229->217->228->210->206->209->201->198->196->193->190->183->178->174->168->164->163->162->155->108->51->50->48->78->77->69->68->63->21->1->5->6->10->11->15->24->19->28->22->30->34->54->29->49->85->100->119->114->122->123->125->133->134->181->143->146->156->166->158->173->185->192->204->202->260->263->275->288->290->293->306->317->358->363->379->384->394->407->396->397->401->406->398->403->413->440->449->455->460->468->471->482->497->517->518->537->546->551->553->555->562->569->570->573->593->600->602->615->628->637->642->658->668->694->700->713->721->734->745->748->749->753->763->765->764->766->783->784->791->815->816->821->826->830->839->854->849->852->860->864->866->867->870->880->882->887->893->894->910->933->944->946->948->976->978->985->991->995->1017->1024->1031->1071->1077->1079->1091->1100->1110->1120->1122->1139->1167->1168->1181->1175->1178->1192->1204->1182->1184->1193->1205->1210->1223->1229->1230->1241->1232->1237->1242->1244->1251->1269->1275->1278->1296->1322->1330->1348->1364->1353->1358->1361->1362->1368->1379->1381->1387->1390->1403->1417->1434->1426->1428->1453->1462->1463->1481->1497->1500->1502->1503->1508->1510->1512->1531->1518->1528->1540->1542->1554->1555->1568->1576->1582->1583->1594->1586->1590->1600->1618->1593->1601->1604->1607->1616->1620->1633->1641->1680->1688->1719->1739->1751->1755->1757->1776->1777->1798->1782->1785->1818->1821->1823->1824->1857->1861->1871->1890->1907->1906->1940->1941->1951->1969->1980->1978->1982->1987->1991->1992->2002->2005->2013->2047->2059->2063->2071->2074->2077->2079->2099->2100->2116->2118->2121->2134->2137->2148->2158->2169->2159->2174->2181->2186->2196->2204->2208->2212->2217->2229->2461->2466->2476,2476->2500
HEURISTIC,N2500_PS_traffic_medium_I1.dat,2500,7696,125,2491,2500,0.9,0.5,20.5,0.9,1,2476,0.3218999999999996,0.166,0.0332,8.29,20.00439999999998,19.313999999999975,1.992,21.305999999999976,8.29,20.00439999999998,6.153,2491->2341->2328->2326->2320->2317->2305->2300->2282->2268->2263->2256->2252->2251->2247->2244->2240->2226->2237->2220->2235->2218->2228->2211->2202->2178->2156->2183->2155->2154->2130->2109->2098->2085->2072->2082->2069->2046->2038->2033->2030->2044->2028->2014->1968->1955->1902->1895->1894->1893->1882->1872->1864->1869->1863->1860->1841->1840->1832->1827->1826->1814->1813->1807->1789->1788->1781->1779->1774->1784->1780->1778->1767->1764->1740->1736->1735->1731->1718->1713->1707->1693->1681->1677->1672->1665->1664->1655->1649->1643->1637->1628->1610->1587->1579->1552->1550->1548->1530->1537->1525->1492->1490->1488->1495->1479->1486->1471->1465->1460->1430->1423->1401->1391->1384->1380->1374->1373->1369->1359->1355->1344->1311->1301->1310->1298->1290->1281->1274->1270->1279->1262->1257->1254->1234->1219->1206->1228->1203->1194->1197->1177->1170->1153->1152->1149->1142->1134->1130->1125->1117->1113->1129->1111->1099->1089->1075->1069->1065->1064->1063->1051->1042->1039->1050->1037->1036->1027->1006->988->981->969->929->924->917->912->904->903->896->892->905->888->885->878->877->874->865->857->856->851->813->810->812->805->786->762->761->757->755->725->715->711->723->705->696->691->697->689->687->681->674->667->659->657->636->609->599->592->588->576->574->586->568->575->564->560->549->547->545->543->540->538->561->532->542->530->539->526->525->527->508->501->476->469->463->450->436->430->408->393->387->372->375->371->362->373->356->350->353->348->346->349->334->337->331->329->324->321->309->298->296->289->284->266->262->259->254->235->233->232->230->229->217->228->210->206->209->201->198->196->193->190->183->178->174->168->164->163->162->155->108->51->50->48->78->77->69->68->63->21->1->5->6->10->11->15->24->19->28->22->30->34->54->53->89->49->85->100->119->114->122->123->125->133->134->181->143->146->156->166->158->173->185->197->204->202->260->263->275->288->290->293->306->317->358->363->379->384->394->407->396->397->401->406->398->403->413->440->449->455->460->468->471->482->497->517->518->537->546->551->553->555->562->569->570->573->593->600->602->615->628->637->642->658->668->694->700->713->721->734->745->748->749->753->763->765->764->766->783->784->791->815->816->821->826->830->839->842->849->852->860->864->866->867->870->880->882->887->893->894->910->933->944->946->948->976->978->985->991->995->1017->1024->1031->1071->1077->1079->1091->1100->1110->1120->1122->1139->1167->1168->1181->1175->1178->1192->1204->1182->1184->1193->1205->1210->1223->1229->1230->1241->1232->1237->1242->1244->1251->1269->1275->1278->1296->1322->1330->1348->1364->1353->1358->1361->1362->1368->1379->1381->1387->1390->1403->1417->1434->1426->1428->1453->1462->1463->1481->1497->1500->1502->1503->1508->1510->1512->1531->1518->1528->1540->1542->1554->1555->1568->1576->1582->1583->1594->1586->1590->1600->1618->1593->1601->1604->1607->1616->1620->1633->1641->1680->1688->1719->1739->1751->1755->1757->1776->1777->1798->1782->1785->1818->1821->1823->1824->1857->1861->1871->1890->1907->1906->1940->1941->1951->1969->1980->1978->1982->1987->1991->1992->2002->2005->2013->2047->2059->2063->2071->2074->2077->2079->2099->2100->2116->2118->2121->2134->2137->2148->2158->2169->2159->2174->2181->2186->2196->2204->2208->2212->2217->2229->2461->2466->2476,2476->2500
HEURISTIC,N2500_PS_traffic_very_low_I1.dat,2500,7696,125,2491,2500,0.9,0.5,20.5,0.9,1,2490,0.18129999999999957,0.135,0.027,10.63,12.311199999999978,10.877999999999975,1.6199999999999999,12.497999999999974,10.63,12.311199999999978,6.06,2491->2341->2328->2326->2320->2317->2300->2282->2268->2263->2256->2252->2251->2247->2244->2240->2226->2237->2220->2235->2218->2228->2211->2202->2178->2156->2183->2155->2154->2130->2109->2098->2085->2072->2082->2069->2046->2038->2033->2030->2044->2028->2014->1968->1955->1902->1895->1894->1893->1882->1872->1864->1869->1863->1860->1841->1840->1832->1827->1826->1814->1813->1807->1789->1788->1781->1779->1774->1784->1780->1778->1767->1764->1740->1736->1735->1731->1718->1713->1707->1693->1681->1677->1687->1672->1665->1664->1655->1649->1643->1637->1628->1610->1587->1579->1552->1550->1548->1530->1537->1525->1492->1490->1488->1495->1479->1486->1471->1465->1460->1430->1423->1401->1391->1384->1380->1374->1373->1369->1359->1355->1344->1311->1301->1310->1298->1290->1281->1274->1270->1279->1262->1257->1254->1234->1219->1206->1228->1203->1194->1197->1177->1170->1153->1152->1149->1142->1134->1130->1125->1117->1113->1129->1111->1099->1089->1075->1069->1065->1064->1063->1051->1042->1039->1050->1037->1036->1027->1006->988->981->969->929->924->917->912->904->903->896->892->905->888->885->878->877->874->865->857->856->851->813->810->805->786->762->761->757->755->725->715->711->723->705->696->691->697->689->687->681->674->667->659->657->636->609->599->592->588->576->574->586->568->575->564->560->549->547->545->543->540->538->561->532->542->530->539->526->525->527->508->501->476->469->463->450->436->430->408->393->387->372->375->371->362->373->356->350->353->348->346->349->334->337->331->329->324->321->309->298->299->289->284->266->262->259->254->235->233->232->230->229->217->228->210->206->209->201->198->196->193->190->183->178->174->168->164->163->162->155->108->51->50->48->78->77->69->68->63->21->1->9->10->11->15->24->19->28->22->30->34->54->29->49->85->100->119->114->122->123->125->133->134->181->143->146->156->166->158->173->185->197->204->202->260->263->275->288->290->293->306->317->358->363->379->384->394->407->396->397->401->406->398->403->413->440->449->455->460->468->471->482->497->517->518->537->546->551->553->555->562->569->570->573->593->600->602->615->628->637->642->658->668->694->700->713->721->734->745->748->749->753->763->764->766->783->784->791->815->816->821->826->830->839->854->849->852->860->864->866->867->870->880->882->887->893->894->910->933->944->946->948->976->978->985->991->995->1017->1024->1031->1071->1077->1079->1091->1100->1110->1120->1122->1139->1167->1168->1181->1175->1178->1192->1204->1182->1184->1193->1205->1210->1223->1229->1230->1241->1232->1237->1242->1244->1251->1269->1275->1278->1296->1322->1330->1348->1364->1353->1358->1361->1362->1368->1379->1381->1387->1390->1403->1417->1434->1426->1428->1453->1462->1463->1481->1497->1500->1502->1503->1508->1510->1512->1531->1518->1528->1540->1542->1554->1555->1568->1576->1582->1583->1594->1586->1590->1600->1618->1593->1601->1604->1607->1616->1620->1633->1641->1680->1688->1719->1739->1751->1755->1757->1776->1777->1798->1782->1785->1818->1821->1823->1824->1857->1861->1871->1890->1907->1906->1940->1941->1951->1969->1980->1978->1982->1987->1991->1992->2002->2005->2013->2047->2059->2063->2071->2074->2077->2079->2099->2100->2116->2118->2121->2134->2137->2148->2158->2169->2159->2174->2181->2186->2196->2204->2208->2212->2217->2229->2490,2490->2500
HEURISTIC,N2500_PS_walking_distance_W025_I1.dat,2500,7696,125,2491,2500,0.9,0.25,20.5,0.9,1,2476,0.20460000000000025,0.166,0.0332,8.29,13.670200000000012,12.276000000000016,1.992,14.268000000000015,8.29,13.670200000000012,6.156,2491->2341->2328->2326->2320->2317->2305->2300->2282->2268->2263->2256->2252->2251->2247->2244->2240->2226->2237->2220->2235->2218->2228->2211->2202->2178->2156->2183->2155->2154->2130->2109->2098->2085->2072->2082->2069->2046->2038->2033->2030->2044->2028->2014->1968->1955->1902->1895->1894->1893->1882->1872->1864->1869->1863->1860->1841->1840->1832->1827->1826->1814->1813->1807->1789->1788->1781->1779->1774->1784->1780->1778->1767->1764->1740->1736->1735->1731->1718->1713->1707->1693->1681->1677->1687->1672->1665->1664->1655->1649->1643->1637->1628->1610->1587->1579->1552->1550->1548->1530->1537->1525->1492->1490->1488->1495->1479->1486->1471->1465->1460->1430->1423->1401->1391->1384->1380->1374->1373->1369->1359->1355->1344->1311->1301->1310->1298->1290->1281->1274->1270->1279->1262->1257->1254->1234->1219->1206->1228->1203->1194->1197->1177->1170->1153->1152->1149->1142->1134->1130->1125->1117->1113->1129->1111->1099->1089->1075->1069->1065->1064->1063->1051->1042->1039->1050->1037->1036->1027->1006->988->981->969->929->924->917->912->904->903->896->892->905->888->885->878->877->874->865->857->856->851->813->810->805->786->762->761->757->755->725->715->711->723->705->696->691->697->689->687->681->674->667->659->657->636->609->599->592->588->576->574->586->568->575->564->560->549->547->545->543->540->538->561->532->542->534->539->526->525->527->508->501->476->469->463->450->436->430->408->393->387->372->375->371->362->373->356->350->353->348->346->349->334->337->331->329->324->321->309->298->296->289->284->266->262->259->254->235->233->232->230->229->217->228->210->206->209->201->198->196->193->190->183->178->174->168->164->163->162->155->108->51->50->48->78->77->69->68->63->21->1->5->6->10->11->15->24->19->28->22->30->34->54->29->49->85->100->119->114->122->123->125->133->134->181->143->146->156->166->158->173->185->192->204->202->260->263->275->288->290->293->306->317->358->363->379->384->394->407->396->397->401->406->398->403->413->440->449->455->460->468->471->482->497->517->518->537->546->551->553->555->562->569->570->573->593->600->602->615->628->637->642->658->668->694->700->713->721->734->745->748->749->753->763->765->764->766->783->784->791->815->816->821->826->830->839->854->849->852->860->864->866->867->870->880->882->887->893->894->910->933->944->946->948->976->978->985->991->995->1017->1024->1031->1071->1077->1079->1091->1100->1110->1120->1122->1139->1167->1168->1181->1175->1178->1192->1204->1182->1184->1193->1205->1210->1223->1229->1230->1241->1232->1237->1242->1244->1251->1269->1275->1278->1296->1322->1330->1348->1364->1353->1358->1361->1362->1368->1379->1381->1387->1390->1403->1417->1434->1426->1428->1453->1462->1463->1481->1497->1500->1502->1503->1508->1510->1512->1531->1518->1528->1540->1542->1554->1555->1568->1576->1582->1583->1594->1586->1590->1600->1618->1593->1601->1604->1607->1616->1620->1633->1641->1680->1688->1719->1739->1751->1755->1757->1776->1777->1798->1782->1785->1818->1821->1823->1824->1857->1861->1871->1890->1907->1906->1940->1941->1951->1969->1980->1978->1982->1987->1991->1992->2002->2005->2013->2047->2059->2063->2071->2074->2077->2079->2099->2100->2116->2118->2121->2134->2137->2148->2158->2169->2159->2174->2181->2186->2196->2204->2208->2212->2217->2229->2461->2466->2476,2476->2500
HEURISTIC,N2500_PS_walking_distance_W050_I1.dat,2500,7696,125,2491,2500,0.9,0.5,20.5,0.9,1,2476,0.20460000000000025,0.166,0.0332,8.29,13.670200000000012,12.276000000000016,1.992,14.268000000000015,8.29,13.670200000000012,6.221,2491->2341->2328->2326->2320->2317->2305->2300->2282->2268->2263->2256->2252->2251->2247->2244->2240->2226->2237->2220->2235->2218->2228->2211->2202->2178->2156->2183->2155->2154->2130->2109->2098->2085->2072->2082->2069->2046->2038->2033->2030->2044->2028->2014->1968->1955->1902->1895->1894->1893->1882->1872->1864->1869->1863->1860->1841->1840->1832->1827->1826->1814->1813->1807->1789->1788->1781->1779->1774->1784->1780->1778->1767->1764->1740->1736->1735->1731->1718->1713->1707->1693->1681->1677->1687->1672->1665->1664->1655->1649->1643->1637->1628->1610->1587->1579->1552->1550->1548->1530->1537->1525->1492->1490->1488->1495->1479->1486->1471->1465->1460->1430->1423->1401->1391->1384->1380->1374->1373->1369->1359->1355->1344->1311->1301->1310->1298->1290->1281->1274->1270->1279->1262->1257->1254->1234->1219->1206->1228->1203->1194->1197->1177->1170->1153->1152->1149->1142->1134->1130->1125->1117->1113->1129->1111->1099->1089->1075->1069->1065->1064->1063->1051->1042->1039->1050->1037->1036->1027->1006->988->981->969->929->924->917->912->904->903->896->892->905->888->885->878->877->874->865->857->856->851->813->810->805->786->762->761->757->755->725->715->711->723->705->696->691->697->689->687->681->674->667->659->657->636->609->599->592->588->576->574->586->568->575->564->560->549->547->545->543->540->538->561->532->542->534->539->526->525->527->508->501->476->469->463->450->436->430->408->393->387->372->375->371->362->373->356->350->353->348->346->349->334->337->331->329->324->321->309->298->296->289->284->266->262->259->254->235->233->232->230->229->217->228->210->206->209->201->198->196->193->190->183->178->174->168->164->163->162->155->108->51->50->48->78->77->69->68->63->21->1->5->6->10->11->15->24->19->28->22->30->34->54->29->49->85->100->119->114->122->123->125->133->134->181->143->146->156->166->158->173->185->192->204->202->260->263->275->288->290->293->306->317->358->363->379->384->394->407->396->397->401->406->398->403->413->440->449->455->460->468->471->482->497->517->518->537->546->551->553->555->562->569->570->573->593->600->602->615->628->637->642->658->668->694->700->713->721->734->745->748->749->753->763->765->764->766->783->784->791->815->816->821->826->830->839->854->849->852->860->864->866->867->870->880->882->887->893->894->910->933->944->946->948->976->978->985->991->995->1017->1024->1031->1071->1077->1079->1091->1100->1110->1120->1122->1139->1167->1168->1181->1175->1178->1192->1204->1182->1184->1193->1205->1210->1223->1229->1230->1241->1232->1237->1242->1244->1251->1269->1275->1278->1296->1322->1330->1348->1364->1353->1358->1361->1362->1368->1379->1381->1387->1390->1403->1417->1434->1426->1428->1453->1462->1463->1481->1497->1500->1502->1503->1508->1510->1512->1531->1518->1528->1540->1542->1554->1555->1568->1576->1582->1583->1594->1586->1590->1600->1618->1593->1601->1604->1607->1616->1620->1633->1641->1680->1688->1719->1739->1751->1755->1757->1776->1777->1798->1782->1785->1818->1821->1823->1824->1857->1861->1871->1890->1907->1906->1940->1941->1951->1969->1980->1978->1982->1987->1991->1992->2002->2005->2013->2047->2059->2063->2071->2074->2077->2079->2099->2100->2116->2118->2121->2134->2137->2148->2158->2169->2159->2174->2181->2186->2196->2204->2208->2212->2217->2229->2461->2466->2476,2476->2500
HEURISTIC,N2500_PS_walking_distance_W075_I1.dat,2500,7696,125,2491,2500,0.9,0.75,20.5,0.9,1,2490,0.20500000000000024,0.135,0.027,10.63,13.591000000000014,12.300000000000015,1.6199999999999999,13.920000000000014,10.63,13.591000000000014,6.231,2491->2341->2328->2326->2320->2317->2305->2300->2282->2268->2263->2256->2252->2251->2247->2244->2240->2226->2237->2220->2235->2218->2228->2211->2202->2178->2156->2183->2155->2154->2130->2109->2098->2085->2072->2082->2069->2046->2038->2033->2030->2044->2028->2014->1968->1955->1902->1895->1894->1893->1882->1872->1864->1869->1863->1860->1841->1840->1832->1827->1826->1814->1813->1807->1789->1788->1781->1779->1774->1784->1780->1778->1767->1764->1740->1736->1735->1731->1718->1713->1707->1693->1681->1677->1687->1672->1665->1664->1655->1649->1643->1637->1628->1610->1587->1579->1552->1550->1548->1530->1537->1525->1492->1490->1488->1495->1479->1486->1471->1465->1460->1430->1423->1401->1391->1384->1380->1374->1373->1369->1359->1355->1344->1311->1301->1310->1298->1290->1281->1274->1270->1279->1262->1257->1254->1234->1219->1206->1228->1203->1194->1197->1177->1170->1153->1152->1149->1142->1134->1130->1125->1117->1113->1129->1111->1099->1089->1075->1069->1065->1064->1063->1051->1042->1039->1050->1037->1036->1027->1006->988->981->969->929->924->917->912->904->903->896->892->905->888->885->878->877->874->865->857->856->851->813->810->805->786->762->761->757->755->725->715->711->723->705->696->691->697->689->687->681->674->667->659->657->636->609->599->592->588->576->574->586->568->575->564->560->549->547->545->543->540->538->561->532->542->534->539->526->525->527->508->501->476->469->463->450->436->430->408->393->387->372->375->371->362->373->356->350->353->348->346->349->334->337->331->329->324->321->309->298->296->289->284->266->262->259->254->235->233->232->230->229->217->228->210->206->209->201->198->196->193->190->183->178->174->168->164->163->162->155->108->51->50->48->78->77->69->68->63->21->1->5->6->10->11->15->24->19->28->22->30->34->54->29->49->85->100->119->114->122->123->125->133->134->181->143->146->156->166->158->173->185->192->204->202->260->263->275->288->290->293->306->317->358->363->379->384->394->407->396->397->401->406->398->403->413->440->449->455->460->468->471->482->497->517->518->537->546->551->553->555->562->569->570->573->593->600->602->615->628->637->642->658->668->694->700->713->721->734->745->748->749->753->763->765->764->766->783->784->791->815->816->821->826->830->839->854->849->852->860->864->866->867->870->880->882->887->893->894->910->933->944->946->948->976->978->985->991->995->1017->1024->1031->1071->1077->1079->1091->1100->1110->1120->1122->1139->1167->1168->1181->1175->1178->1192->1204->1182->1184->1193->1205->1210->1223->1229->1230->1241->1232->1237->1242->1244->1251->1269->1275->1278->1296->1322->1330->1348->1364->1353->1358->1361->1362->1368->1379->1381->1387->1390->1403->1417->1434->1426->1428->1453->1462->1463->1481->1497->1500->1502->1503->1508->1510->1512->1531->1518->1528->1540->1542->1554->1555->1568->1576->1582->1583->1594->1586->1590->1600->1618->1593->1601->1604->1607->1616->1620->1633->1641->1680->1688->1719->1739->1751->1755->1757->1776->1777->1798->1782->1785->1818->1821->1823->1824->1857->1861->1871->1890->1907->1906->1940->1941->1951->1969->1980->1978->1982->1987->1991->1992->2002->2005->2013->2047->2059->2063->2071->2074->2077->2079->2099->2100->2116->2118->2121->2134->2137->2148->2158->2169->2159->2174->2181->2186->2196->2204->2208->2212->2217->2229->2490,2490->2500
HEURISTIC,N2500_PS_walking_distance_W100_I1.dat,2500,7696,125,2491,2500,0.9,1.0,20.5,0.9,1,2490,0.20500000000000024,0.135,0.027,10.63,13.591000000000014,12.300000000000015,1.6199999999999999,13.920000000000014,10.63,13.591000000000014,6.4,2491->2341->2328->2326->2320->2317->2305->2300->2282->2268->2263->2256->2252->2251->2247->2244->2240->2226->2237->2220->2235->2218->2228->2211->2202->2178->2156->2183->2155->2154->2130->2109->2098->2085->2072->2082->2069->2046->2038->2033->2030->2044->2028->2014->1968->1955->1902->1895->1894->1893->1882->1872->1864->1869->1863->1860->1841->1840->1832->1827->1826->1814->1813->1807->1789->1788->1781->1779->1774->1784->1780->1778->1767->1764->1740->1736->1735->1731->1718->1713->1707->1693->1681->1677->1687->1672->1665->1664->1655->1649->1643->1637->1628->1610->1587->1579->1552->1550->1548->1530->1537->1525->1492->1490->1488->1495->1479->1486->1471->1465->1460->1430->1423->1401->1391->1384->1380->1374->1373->1369->1359->1355->1344->1311->1301->1310->1298->1290->1281->1274->1270->1279->1262->1257->1254->1234->1219->1206->1228->1203->1194->1197->1177->1170->1153->1152->1149->1142->1134->1130->1125->1117->1113->1129->1111->1099->1089->1075->1069->1065->1064->1063->1051->1042->1039->1050->1037->1036->1027->1006->988->981->969->929->924->917->912->904->903->896->892->905->888->885->878->877->874->865->857->856->851->813->810->805->786->762->761->757->755->725->715->711->723->705->696->691->697->689->687->681->674->667->659->657->636->609->599->592->588->576->574->586->568->575->564->560->549->547->545->543->540->538->561->532->542->534->539->526->525->527->508->501->476->469->463->450->436->430->408->393->387->372->375->371->362->373->356->350->353->348->346->349->334->337->331->329->324->321->309->298->296->289->284->266->262->259->254->235->233->232->230->229->217->228->210->206->209->201->198->196->193->190->183->178->174->168->164->163->162->155->108->51->50->48->78->77->69->68->63->21->1->5->6->10->11->15->24->19->28->22->30->34->54->29->49->85->100->119->114->122->123->125->133->134->181->143->146->156->166->158->173->185->192->204->202->260->263->275->288->290->293->306->317->358->363->379->384->394->407->396->397->401->406->398->403->413->440->449->455->460->468->471->482->497->517->518->537->546->551->553->555->562->569->570->573->593->600->602->615->628->637->642->658->668->694->700->713->721->734->745->748->749->753->763->765->764->766->783->784->791->815->816->821->826->830->839->854->849->852->860->864->866->867->870->880->882->887->893->894->910->933->944->946->948->976->978->985->991->995->1017->1024->1031->1071->1077->1079->1091->1100->1110->1120->1122->1139->1167->1168->1181->1175->1178->1192->1204->1182->1184->1193->1205->1210->1223->1229->1230->1241->1232->1237->1242->1244->1251->1269->1275->1278->1296->1322->1330->1348->1364->1353->1358->1361->1362->1368->1379->1381->1387->1390->1403->1417->1434->1426->1428->1453->1462->1463->1481->1497->1500->1502->1503->1508->1510->1512->1531->1518->1528->1540->1542->1554->1555->1568->1576->1582->1583->1594->1586->1590->1600->1618->1593->1601->1604->1607->1616->1620->1633->1641->1680->1688->1719->1739->1751->1755->1757->1776->1777->1798->1782->1785->1818->1821->1823->1824->1857->1861->1871->1890->1907->1906->1940->1941->1951->1969->1980->1978->1982->1987->1991->1992->2002->2005->2013->2047->2059->2063->2071->2074->2077->2079->2099->2100->2116->2118->2121->2134->2137->2148->2158->2169->2159->2174->2181->2186->2196->2204->2208->2212->2217->2229->2490,2490->2500
HEURISTIC,N2500_C1_I1.dat,2500,7696,125,2491,2500,0.9,0.5,20.5,0.9,1,2476,0.20460000000000025,0.166,0.0332,8.29,13.670200000000012,12.276000000000016,1.992,14.268000000000015,8.29,13.670200000000012,6.337,2491->2341->2328->2326->2320->2317->2305->2300->2282->2268->2263->2256->2252->2251->2247->2244->2240->2226->2237->2220->2235->2218->2228->2211->2202->2178->2156->2183->2155->2154->2130->2109->2098->2085->2072->2082->2069->2046->2038->2033->2030->2044->2028->2014->1968->1955->1902->1895->1894->1893->1882->1872->1864->1869->1863->1860->1841->1840->1832->1827->1826->1814->1813->1807->1789->1788->1781->1779->1774->1784->1780->1778->1767->1764->1740->1736->1735->1731->1718->1713->1707->1693->1681->1677->1687->1672->1665->1664->1655->1649->1643->1637->1628->1610->1587->1579->1552->1550->1548->1530->1537->1525->1492->1490->1488->1495->1479->1486->1471->1465->1460->1430->1423->1401->1391->1384->1380->1374->1373->1369->1359->1355->1344->1311->1301->1310->1298->1290->1281->1274->1270->1279->1262->1257->1254->1234->1219->1206->1228->1203->1194->1197->1177->1170->1153->1152->1149->1142->1134->1130->1125->1117->1113->1129->1111->1099->1089->1075->1069->1065->1064->1063->1051->1042->1039->1050->1037->1036->1027->1006->988->981->969->929->924->917->912->904->903->896->892->905->888->885->878->877->874->865->857->856->851->813->810->805->786->762->761->757->755->725->715->711->723->705->696->691->697->689->687->681->674->667->659->657->636->609->599->592->588->576->574->586->568->575->564->560->549->547->545->543->540->538->561->532->542->534->539->526->525->527->508->501->476->469->463->450->436->430->408->393->387->372->375->371->362->373->356->350->353->348->346->349->334->337->331->329->324->321->309->298->296->289->284->266->262->259->254->235->233->232->230->229->217->228->210->206->209->201->198->196->193->190->183->178->174->168->164->163->162->155->108->51->50->48->78->77->69->68->63->21->1->5->6->10->11->15->24->19->28->22->30->34->54->29->49->85->100->119->114->122->123->125->133->134->181->143->146->156->166->158->173->185->192->204->202->260->263->275->288->290->293->306->317->358->363->379->384->394->407->396->397->401->406->398->403->413->440->449->455->460->468->471->482->497->517->518->537->546->551->553->555->562->569->570->573->593->600->602->615->628->637->642->658->668->694->700->713->721->734->745->748->749->753->763->765->764->766->783->784->791->815->816->821->826->830->839->854->849->852->860->864->866->867->870->880->882->887->893->894->910->933->944->946->948->976->978->985->991->995->1017->1024->1031->1071->1077->1079->1091->1100->1110->1120->1122->1139->1167->1168->1181->1175->1178->1192->1204->1182->1184->1193->1205->1210->1223->1229->1230->1241->1232->1237->1242->1244->1251->1269->1275->1278->1296->1322->1330->1348->1364->1353->1358->1361->1362->1368->1379->1381->1387->1390->1403->1417->1434->1426->1428->1453->1462->1463->1481->1497->1500->1502->1503->1508->1510->1512->1531->1518->1528->1540->1542->1554->1555->1568->1576->1582->1583->1594->1586->1590->1600->1618->1593->1601->1604->1607->1616->1620->1633->1641->1680->1688->1719->1739->1751->1755->1757->1776->1777->1798->1782->1785->1818->1821->1823->1824->1857->1861->1871->1890->1907->1906->1940->1941->1951->1969->1980->1978->1982->1987->1991->1992->2002->2005->2013->2047->2059->2063->2071->2074->2077->2079->2099->2100->2116->2118->2121->2134->2137->2148->2158->2169->2159->2174->2181->2186->2196->2204->2208->2212->2217->2229->2461->2466->2476,2476->2500
HEURISTIC,N2500_C2_I1.dat,2500,8528,125,2491,2500,0.9,0.5,20.5,0.9,1,2490,0.16569999999999993,0.135,0.027,10.63,11.468799999999996,9.941999999999997,1.6199999999999999,11.561999999999996,10.63,11.468799999999996,3.921,2491->2341->2332->1894->1893->1882->1872->1864->1869->1863->1860->1841->1840->1832->1827->1826->1814->1813->1807->1465->1460->1430->1423->1401->1391->1384->1380->1374->1063->1051->1042->1039->1050->1037->681->687->689->362->373->356->350->353->348->346->138->88->189->216->223->569->570->573->893->894->910->933->944->946->948->976->978->985->991->995->1017->1390->1403->1417->1434->1426->1428->1453->1462->1463->1481->1497->1499->1821->1818->2186->2485->2490,2490->2500
HEURISTIC,N2500_C3_I1.dat,2500,7892,223,2491,2500,0.9,0.5,20.5,0.9,1,2476,0.20460000000000025,0.166,0.0332,8.29,13.670200000000012,12.276000000000016,1.992,14.268000000000015,8.29,13.670200000000012,34.022,2491->2341->2328->2326->2320->2317->2305->2300->2282->2268->2263->2256->2252->2251->2247->2244->2240->2226->2237->2220->2235->2218->2228->2211->2202->2178->2156->2183->2155->2154->2130->2109->2098->2085->2072->2082->2069->2046->2038->2033->2030->2044->2028->2014->1968->1955->1902->1895->1894->1893->1882->1872->1864->1869->1863->1860->1841->1840->1832->1827->1826->1814->1813->1807->1789->1788->1781->1779->1774->1784->1780->1778->1767->1764->1740->1736->1735->1731->1718->1713->1707->1693->1681->1677->1687->1672->1665->1664->1655->1649->1643->1637->1628->1610->1587->1579->1552->1550->1548->1530->1537->1525->1492->1490->1488->1495->1479->1486->1471->1465->1460->1430->1423->1401->1391->1384->1380->1374->1373->1369->1359->1355->1344->1311->1301->1310->1298->1290->1281->1274->1270->1279->1262->1257->1254->1234->1219->1206->1228->1203->1194->1197->1177->1170->1153->1152->1149->1142->1134->1130->1125->1117->1113->1129->1111->1099->1089->1075->1069->1065->1064->1063->1051->1042->1039->1050->1037->1036->1027->1006->988->981->969->929->924->917->912->904->903->896->892->905->888->885->878->877->874->865->857->856->851->813->810->805->786->762->761->757->755->725->715->711->723->705->696->691->697->689->687->681->674->667->659->657->636->609->599->592->588->576->574->586->568->575->564->560->549->547->545->543->540->538->561->532->542->534->539->526->525->527->508->501->476->469->463->450->436->430->408->393->387->372->375->371->362->373->356->350->353->348->346->349->334->337->331->329->324->321->309->298->296->289->284->266->262->259->254->235->233->232->230->229->217->228->210->206->209->201->198->196->193->190->183->178->174->168->164->163->162->155->108->51->50->48->78->77->69->68->63->21->1->5->6->10->11->15->24->19->28->22->30->34->54->29->49->85->100->119->114->122->123->125->133->134->181->143->146->156->166->158->173->185->192->204->202->260->263->275->288->290->293->306->317->358->363->379->384->394->407->396->397->401->406->398->403->413->440->449->455->460->468->471->482->497->517->518->537->546->551->553->555->562->569->570->573->593->600->602->615->628->637->642->658->668->694->700->713->721->734->745->748->749->753->763->765->764->766->783->784->791->815->816->821->826->830->839->854->849->852->860->864->866->867->870->880->882->887->893->894->910->933->944->946->948->976->978->985->991->995->1017->1024->1031->1071->1077->1079->1091->1100->1110->1120->1122->1139->1167->1168->1181->1175->1178->1192->1204->1182->1184->1193->1205->1210->1223->1229->1230->1241->1232->1237->1242->1244->1251->1269->1275->1278->1296->1322->1330->1348->1364->1353->1358->1361->1362->1368->1379->1381->1387->1390->1403->1417->1434->1426->1428->1453->1462->1463->1481->1497->1500->1502->1503->1508->1510->1512->1531->1518->1528->1540->1542->1554->1555->1568->1576->1582->1583->1594->1586->1590->1600->1618->1593->1601->1604->1607->1616->1620->1633->1641->1680->1688->1719->1739->1751->1755->1757->1776->1777->1798->1782->1785->1818->1821->1823->1824->1857->1861->1871->1890->1907->1906->1940->1941->1951->1969->1980->1978->1982->1987->1991->1992->2002->2005->2013->2047->2059->2063->2071->2074->2077->2079->2099->2100->2116->2118->2121->2134->2137->2148->2158->2169->2159->2174->2181->2186->2196->2204->2208->2212->2217->2229->2461->2466->2476,2476->2500
HEURISTIC,N2500_C4_I1.dat,2500,7696,125,2491,2500,0.9,1.0,20.5,0.9,1,2490,0.20500000000000024,0.135,0.027,10.63,13.591000000000014,12.300000000000015,1.6199999999999999,13.920000000000014,10.63,13.591000000000014,24.004,2491->2341->2328->2326->2320->2317->2305->2300->2282->2268->2263->2256->2252->2251->2247->2244->2240->2226->2237->2220->2235->2218->2228->2211->2202->2178->2156->2183->2155->2154->2130->2109->2098->2085->2072->2082->2069->2046->2038->2033->2030->2044->2028->2014->1968->1955->1902->1895->1894->1893->1882->1872->1864->1869->1863->1860->1841->1840->1832->1827->1826->1814->1813->1807->1789->1788->1781->1779->1774->1784->1780->1778->1767->1764->1740->1736->1735->1731->1718->1713->1707->1693->1681->1677->1687->1672->1665->1664->1655->1649->1643->1637->1628->1610->1587->1579->1552->1550->1548->1530->1537->1525->1492->1490->1488->1495->1479->1486->1471->1465->1460->1430->1423->1401->1391->1384->1380->1374->1373->1369->1359->1355->1344->1311->1301->1310->1298->1290->1281->1274->1270->1279->1262->1257->1254->1234->1219->1206->1228->1203->1194->1197->1177->1170->1153->1152->1149->1142->1134->1130->1125->1117->1113->1129->1111->1099->1089->1075->1069->1065->1064->1063->1051->1042->1039->1050->1037->1036->1027->1006->988->981->969->929->924->917->912->904->903->896->892->905->888->885->878->877->874->865->857->856->851->813->810->805->786->762->761->757->755->725->715->711->723->705->696->691->697->689->687->681->674->667->659->657->636->609->599->592->588->576->574->586->568->575->564->560->549->547->545->543->540->538->561->532->542->534->539->526->525->527->508->501->476->469->463->450->436->430->408->393->387->372->375->371->362->373->356->350->353->348->346->349->334->337->331->329->324->321->309->298->296->289->284->266->262->259->254->235->233->232->230->229->217->228->210->206->209->201->198->196->193->190->183->178->174->168->164->163->162->155->108->51->50->48->78->77->69->68->63->21->1->5->6->10->11->15->24->19->28->22->30->34->54->29->49->85->100->119->114->122->123->125->133->134->181->143->146->156->166->158->173->185->192->204->202->260->263->275->288->290->293->306->317->358->363->379->384->394->407->396->397->401->406->398->403->413->440->449->455->460->468->471->482->497->517->518->537->546->551->553->555->562->569->570->573->593->600->602->615->628->637->642->658->668->694->700->713->721->734->745->748->749->753->763->765->764->766->783->784->791->815->816->821->826->830->839->854->849->852->860->864->866->867->870->880->882->887->893->894->910->933->944->946->948->976->978->985->991->995->1017->1024->1031->1071->1077->1079->1091->1100->1110->1120->1122->1139->1167->1168->1181->1175->1178->1192->1204->1182->1184->1193->1205->1210->1223->1229->1230->1241->1232->1237->1242->1244->1251->1269->1275->1278->1296->1322->1330->1348->1364->1353->1358->1361->1362->1368->1379->1381->1387->1390->1403->1417->1434->1426->1428->1453->1462->1463->1481->1497->1500->1502->1503->1508->1510->1512->1531->1518->1528->1540->1542->1554->1555->1568->1576->1582->1583->1594->1586->1590->1600->1618->1593->1601->1604->1607->1616->1620->1633->1641->1680->1688->1719->1739->1751->1755->1757->1776->1777->1798->1782->1785->1818->1821->1823->1824->1857->1861->1871->1890->1907->1906->1940->1941->1951->1969->1980->1978->1982->1987->1991->1992->2002->2005->2013->2047->2059->2063->2071->2074->2077->2079->2099->2100->2116->2118->2121->2134->2137->2148->2158->2169->2159->2174->2181->2186->2196->2204->2208->2212->2217->2229->2490,2490->2500
HEURISTIC,N2500_C5_I1.dat,2500,7696,125,2491,2500,0.9,0.5,20.5,0.9,1,2490,0.2905000000000004,0.135,0.027,10.63,18.208000000000023,17.430000000000025,1.6199999999999999,19.050000000000026,10.63,18.208000000000023,22.893,2491->2487->2484->2481->2478->2341->2328->2326->2320->2317->2305->2300->2282->2268->2263->2256->2252->2251->2247->2244->2240->2226->2237->2220->2235->2218->2214->2211->2202->2178->2156->2183->2155->2154->2136->2130->2109->2098->2085->2072->2082->2069->2046->2038->2033->2030->2044->2028->2014->1968->1955->1902->1895->1894->1893->1882->1872->1864->1869->1863->1860->1841->1840->1832->1827->1826->1814->1813->1807->1789->1788->1781->1779->1774->1784->1780->1778->1767->1764->1740->1736->1735->1731->1718->1713->1707->1693->1681->1677->1672->1665->1664->1655->1649->1640->1643->1637->1628->1625->1610->1587->1579->1552->1550->1548->1530->1537->1525->1492->1490->1488->1495->1479->1486->1471->1465->1460->1430->1423->1401->1391->1384->1380->1374->1373->1369->1359->1355->1344->1311->1301->1310->1298->1290->1281->1274->1270->1279->1262->1257->1254->1252->1219->1206->1212->1203->1194->1197->1177->1170->1153->1152->1149->1142->1134->1130->1125->1117->1113->1129->1111->1099->1089->1075->1069->1065->1064->1063->1051->1042->1039->1050->1037->1036->1027->1006->988->981->969->929->924->917->912->904->903->896->892->905->888->885->878->877->874->865->857->856->851->813->810->812->805->786->762->761->757->755->741->725->715->711->708->705->696->691->697->698->689->687->681->674->667->659->657->636->609->599->592->588->576->574->586->568->575->564->560->549->547->545->543->540->538->561->532->542->534->539->526->525->527->508->501->476->469->463->467->450->437->436->430->415->408->393->387->372->375->371->362->373->356->350->353->348->346->344->349->334->337->331->329->324->321->309->298->296->289->284->266->262->259->254->235->233->232->230->229->217->228->210->206->209->201->198->196->193->190->183->178->174->168->164->163->175->172->105->96->60->48->47->77->69->68->63->21->1->5->6->10->11->15->24->19->28->22->30->34->54->53->89->49->85->100->119->114->122->123->125->133->134->181->143->146->156->166->158->170->173->185->192->204->202->260->263->275->288->290->293->306->317->358->363->379->384->394->407->396->397->401->406->398->403->413->440->449->455->460->468->471->482->497->517->518->537->546->551->553->555->562->569->570->573->593->600->602->615->628->637->642->658->668->694->700->713->721->734->745->748->749->753->763->765->764->766->783->784->791->815->816->821->826->830->839->842->849->852->860->864->866->867->870->880->882->887->893->894->910->933->944->946->956->976->978->985->991->995->1017->1024->1031->1071->1077->1079->1091->1100->1110->1120->1122->1139->1167->1168->1173->1175->1178->1192->1204->1182->1184->1193->1205->1210->1223->1229->1230->1241->1232->1237->1242->1244->1251->1269->1275->1278->1296->1322->1330->1348->1364->1353->1358->1361->1362->1368->1379->1381->1387->1390->1403->1417->1434->1428->1453->1462->1463->1481->1497->1500->1502->1503->1508->1510->1512->1531->1518->1528->1540->1542->1554->1555->1568->1576->1582->1583->1594->1586->1588->1599->1618->1593->1601->1604->1607->1616->1620->1633->1641->1680->1688->1719->1739->1751->1755->1757->1776->1777->1798->1782->1785->1818->1821->1823->1824->1857->1861->1871->1875->1890->1907->1906->1940->1941->1951->1969->1980->1978->1982->1987->1991->2001->2002->2005->2013->2047->2050->2059->2063->2071->2074->2077->2079->2099->2100->2116->2118->2121->2134->2137->2148->2158->2169->2159->2174->2181->2186->2196->2204->2208->2212->2217->2229->2499->2490,2490->2500
HEURISTIC,N2500_C6_I1.dat,2500,7696,125,2491,2500,0.9,0.5,20.5,0.9,1,2476,0.619700000000001,0.166,0.0332,8.29,36.085600000000056,37.18200000000006,1.992,39.17400000000006,8.29,36.085600000000056,24.631,2491->2487->2341->2332->2328->2326->2320->2317->2300->2282->2268->2263->2256->2252->2251->2247->2257->2240->2226->2237->2220->2235->2218->2228->2211->2202->2187->2178->2156->2170->2155->2154->2130->2109->2098->2085->2072->2082->2069->2046->2038->2033->2030->2044->2028->2014->1968->1955->1902->1900->1894->1893->1882->1872->1864->1869->1863->1860->1841->1840->1832->1827->1826->1814->1813->1807->1789->1788->1781->1779->1774->1784->1780->1778->1767->1764->1740->1736->1735->1731->1718->1713->1707->1693->1681->1677->1687->1672->1665->1673->1664->1655->1649->1643->1637->1628->1610->1587->1579->1552->1550->1548->1530->1537->1525->1492->1490->1488->1495->1479->1486->1471->1465->1460->1430->1423->1401->1391->1384->1380->1374->1373->1369->1359->1355->1344->1311->1301->1310->1298->1290->1281->1274->1270->1279->1262->1257->1254->1234->1219->1206->1228->1203->1194->1197->1183->1177->1170->1153->1152->1149->1142->1134->1130->1125->1117->1113->1129->1111->1099->1089->1075->1069->1065->1064->1063->1051->1042->1039->1050->1037->1036->1027->1006->988->981->969->929->924->917->912->907->904->903->896->892->905->888->885->878->877->874->865->857->856->851->818->813->810->812->805->786->762->761->757->755->725->715->711->708->705->696->691->697->689->687->681->674->667->659->657->636->609->599->592->588->576->574->586->568->575->581->560->549->547->545->543->540->566->561->532->542->534->539->526->525->527->508->501->476->469->463->467->450->436->430->408->393->387->372->375->371->362->361->356->350->353->348->346->349->334->337->331->329->324->321->309->298->296->289->284->266->262->259->254->235->233->232->230->229->217->228->210->206->209->201->198->196->193->190->183->178->174->168->164->163->175->105->96->60->48->47->42->41->40->56->38->55->37->31->25->36->46->35->23->21->1->2->6->10->11->15->24->19->28->22->30->34->54->53->89->49->85->100->119->114->122->123->125->133->134->181->143->146->156->166->158->173->185->192->204->202->260->263->275->288->290->293->306->317->358->363->379->384->394->407->396->397->401->406->398->403->413->440->449->453->455->460->461->462->471->482->497->517->518->537->546->551->553->555->562->569->570->573->593->600->602->615->628->637->642->658->668->694->700->713->721->734->745->748->749->753->763->764->766->783->784->791->815->816->821->826->830->839->842->849->852->860->864->866->867->870->880->882->887->893->894->910->933->944->946->948->976->978->985->991->995->1017->1024->1031->1071->1077->1079->1091->1100->1110->1120->1122->1139->1167->1168->1173->1175->1178->1192->1204->1182->1184->1193->1205->1210->1223->1229->1230->1241->1232->1237->1242->1244->1251->1269->1275->1278->1296->1322->1330->1348->1364->1353->1358->1361->1362->1368->1385->1379->1381->1387->1390->1403->1417->1434->1428->1453->1462->1463->1481->1497->1500->1502->1503->1508->1510->1512->1531->1518->1528->1540->1542->1554->1555->1568->1576->1582->1583->1594->1586->1588->1599->1618->1593->1601->1604->1607->1616->1620->1633->1641->1680->1688->1719->1739->1751->1755->1757->1776->1777->1798->1782->1785->1818->1821->1823->1824->1857->1861->1871->1875->1890->1907->1906->1940->1941->1951->1969->1980->1978->1982->1987->1991->1992->2002->2005->2013->2047->2050->2059->2063->2071->2074->2077->2079->2099->2108->2100->2116->2118->2121->2134->2137->2148->2158->2169->2159->2174->2181->2186->2196->2204->2208->2212->2217->2229->2461->2466->2476,2476->2500
HEURISTIC,N2500_C7_I1.dat,2500,7696,125,2491,2500,0.9,0.5,20.5,0.9,1,2476,0.20460000000000025,0.166,0.0332,8.29,13.670200000000012,12.276000000000016,1.992,14.268000000000015,8.29,13.670200000000012,28.442,2491->2341->2328->2326->2320->2317->2305->2300->2282->2268->2263->2256->2252->2251->2247->2244->2240->2226->2237->2220->2235->2218->2228->2211->2202->2178->2156->2183->2155->2154->2130->2109->2098->2085->2072->2082->2069->2046->2038->2033->2030->2044->2028->2014->1968->1955->1902->1895->1894->1893->1882->1872->1864->1869->1863->1860->1841->1840->1832->1827->1826->1814->1813->1807->1789->1788->1781->1779->1774->1784->1780->1778->1767->1764->1740->1736->1735->1731->1718->1713->1707->1693->1681->1677->1687->1672->1665->1664->1655->1649->1643->1637->1628->1610->1587->1579->1552->1550->1548->1530->1537->1525->1492->1490->1488->1495->1479->1486->1471->1465->1460->1430->1423->1401->1391->1384->1380->1374->1373->1369->1359->1355->1344->1311->1301->1310->1298->1290->1281->1274->1270->1279->1262->1257->1254->1234->1219->1206->1228->1203->1194->1197->1177->1170->1153->1152->1149->1142->1134->1130->1125->1117->1113->1129->1111->1099->1089->1075->1069->1065->1064->1063->1051->1042->1039->1050->1037->1036->1027->1006->988->981->969->929->924->917->912->904->903->896->892->905->888->885->878->877->874->865->857->856->851->813->810->805->786->762->761->757->755->725->715->711->723->705->696->691->697->689->687->681->674->667->659->657->636->609->599->592->588->576->574->586->568->575->564->560->549->547->545->543->540->538->561->532->542->534->539->526->525->527->508->501->476->469->463->450->436->430->408->393->387->372->375->371->362->373->356->350->353->348->346->349->334->337->331->329->324->321->309->298->296->289->284->266->262->259->254->235->233->232->230->229->217->228->210->206->209->201->198->196->193->190->183->178->174->168->164->163->162->155->108->51->50->48->78->77->69->68->63->21->1->5->6->10->11->15->24->19->28->22->30->34->54->29->49->85->100->119->114->122->123->125->133->134->181->143->146->156->166->158->173->185->192->204->202->260->263->275->288->290->293->306->317->358->363->379->384->394->407->396->397->401->406->398->403->413->440->449->455->460->468->471->482->497->517->518->537->546->551->553->555->562->569->570->573->593->600->602->615->628->637->642->658->668->694->700->713->721->734->745->748->749->753->763->765->764->766->783->784->791->815->816->821->826->830->839->854->849->852->860->864->866->867->870->880->882->887->893->894->910->933->944->946->948->976->978->985->991->995->1017->1024->1031->1071->1077->1079->1091->1100->1110->1120->1122->1139->1167->1168->1181->1175->1178->1192->1204->1182->1184->1193->1205->1210->1223->1229->1230->1241->1232->1237->1242->1244->1251->1269->1275->1278->1296->1322->1330->1348->1364->1353->1358->1361->1362->1368->1379->1381->1387->1390->1403->1417->1434->1426->1428->1453->1462->1463->1481->1497->1500->1502->1503->1508->1510->1512->1531->1518->1528->1540->1542->1554->1555->1568->1576->1582->1583->1594->1586->1590->1600->1618->1593->1601->1604->1607->1616->1620->1633->1641->1680->1688->1719->1739->1751->1755->1757->1776->1777->1798->1782->1785->1818->1821->1823->1824->1857->1861->1871->1890->1907->1906->1940->1941->1951->1969->1980->1978->1982->1987->1991->1992->2002->2005->2013->2047->2059->2063->2071->2074->2077->2079->2099->2100->2116->2118->2121->2134->2137->2148->2158->2169->2159->2174->2181->2186->2196->2204->2208->2212->2217->2229->2461->2466->2476,2476->2500
HEURISTIC,N2500_C8_I1.dat,2500,7696,125,2491,2500,0.1,0.5,20.5,0.1,1,2476,0.20460000000000025,0.166,0.0332,8.29,8.8878,12.276000000000016,1.992,14.268000000000015,8.29,8.8878,25.173,2491->2341->2328->2326->2320->2317->2305->2300->2282->2268->2263->2256->2252->2251->2247->2244->2240->2226->2237->2220->2235->2218->2228->2211->2202->2178->2156->2183->2155->2154->2130->2109->2098->2085->2072->2082->2069->2046->2038->2033->2030->2044->2028->2014->1968->1955->1902->1895->1894->1893->1882->1872->1864->1869->1863->1860->1841->1840->1832->1827->1826->1814->1813->1807->1789->1788->1781->1779->1774->1784->1780->1778->1767->1764->1740->1736->1735->1731->1718->1713->1707->1693->1681->1677->1687->1672->1665->1664->1655->1649->1643->1637->1628->1610->1587->1579->1552->1550->1548->1530->1537->1525->1492->1490->1488->1495->1479->1486->1471->1465->1460->1430->1423->1401->1391->1384->1380->1374->1373->1369->1359->1355->1344->1311->1301->1310->1298->1290->1281->1274->1270->1279->1262->1257->1254->1234->1219->1206->1228->1203->1194->1197->1177->1170->1153->1152->1149->1142->1134->1130->1125->1117->1113->1129->1111->1099->1089->1075->1069->1065->1064->1063->1051->1042->1039->1050->1037->1036->1027->1006->988->981->969->929->924->917->912->904->903->896->892->905->888->885->878->877->874->865->857->856->851->813->810->805->786->762->761->757->755->725->715->711->723->705->696->691->697->689->687->681->674->667->659->657->636->609->599->592->588->576->574->586->568->575->564->560->549->547->545->543->540->538->561->532->542->534->539->526->525->527->508->501->476->469->463->450->436->430->408->393->387->372->375->371->362->373->356->350->353->348->346->349->334->337->331->329->324->321->309->298->296->289->284->266->262->259->254->235->233->232->230->229->217->228->210->206->209->201->198->196->193->190->183->178->174->168->164->163->162->155->108->51->50->48->78->77->69->68->63->21->1->5->6->10->11->15->24->19->28->22->30->34->54->29->49->85->100->119->114->122->123->125->133->134->181->143->146->156->166->158->173->185->192->204->202->260->263->275->288->290->293->306->317->358->363->379->384->394->407->396->397->401->406->398->403->413->440->449->455->460->468->471->482->497->517->518->537->546->551->553->555->562->569->570->573->593->600->602->615->628->637->642->658->668->694->700->713->721->734->745->748->749->753->763->765->764->766->783->784->791->815->816->821->826->830->839->854->849->852->860->864->866->867->870->880->882->887->893->894->910->933->944->946->948->976->978->985->991->995->1017->1024->1031->1071->1077->1079->1091->1100->1110->1120->1122->1139->1167->1168->1181->1175->1178->1192->1204->1182->1184->1193->1205->1210->1223->1229->1230->1241->1232->1237->1242->1244->1251->1269->1275->1278->1296->1322->1330->1348->1364->1353->1358->1361->1362->1368->1379->1381->1387->1390->1403->1417->1434->1426->1428->1453->1462->1463->1481->1497->1500->1502->1503->1508->1510->1512->1531->1518->1528->1540->1542->1554->1555->1568->1576->1582->1583->1594->1586->1590->1600->1618->1593->1601->1604->1607->1616->1620->1633->1641->1680->1688->1719->1739->1751->1755->1757->1776->1777->1798->1782->1785->1818->1821->1823->1824->1857->1861->1871->1890->1907->1906->1940->1941->1951->1969->1980->1978->1982->1987->1991->1992->2002->2005->2013->2047->2059->2063->2071->2074->2077->2079->2099->2100->2116->2118->2121->2134->2137->2148->2158->2169->2159->2174->2181->2186->2196->2204->2208->2212->2217->2229->2461->2466->2476,2476->2500
HEURISTIC,N2500_C9_I1.dat,2500,7696,125,2491,2500,0.9,0.5,15.0,0.9,1,2476,0.20460000000000025,0.166,0.0332,8.29,13.670200000000012,12.276000000000016,1.992,14.268000000000015,8.29,13.670200000000012,21.342,2491->2341->2328->2326->2320->2317->2305->2300->2282->2268->2263->2256->2252->2251->2247->2244->2240->2226->2237->2220->2235->2218->2228->2211->2202->2178->2156->2183->2155->2154->2130->2109->2098->2085->2072->2082->2069->2046->2038->2033->2030->2044->2028->2014->1968->1955->1902->1895->1894->1893->1882->1872->1864->1869->1863->1860->1841->1840->1832->1827->1826->1814->1813->1807->1789->1788->1781->1779->1774->1784->1780->1778->1767->1764->1740->1736->1735->1731->1718->1713->1707->1693->1681->1677->1687->1672->1665->1664->1655->1649->1643->1637->1628->1610->1587->1579->1552->1550->1548->1530->1537->1525->1492->1490->1488->1495->1479->1486->1471->1465->1460->1430->1423->1401->1391->1384->1380->1374->1373->1369->1359->1355->1344->1311->1301->1310->1298->1290->1281->1274->1270->1279->1262->1257->1254->1234->1219->1206->1228->1203->1194->1197->1177->1170->1153->1152->1149->1142->1134->1130->1125->1117->1113->1129->1111->1099->1089->1075->1069->1065->1064->1063->1051->1042->1039->1050->1037->1036->1027->1006->988->981->969->929->924->917->912->904->903->896->892->905->888->885->878->877->874->865->857->856->851->813->810->805->786->762->761->757->755->725->715->711->723->705->696->691->697->689->687->681->674->667->659->657->636->609->599->592->588->576->574->586->568->575->564->560->549->547->545->543->540->538->561->532->542->534->539->526->525->527->508->501->476->469->463->450->436->430->408->393->387->372->375->371->362->373->356->350->353->348->346->349->334->337->331->329->324->321->309->298->296->289->284->266->262->259->254->235->233->232->230->229->217->228->210->206->209->201->198->196->193->190->183->178->174->168->164->163->162->155->108->51->50->48->78->77->69->68->63->21->1->5->6->10->11->15->24->19->28->22->30->34->54->29->49->85->100->119->114->122->123->125->133->134->181->143->146->156->166->158->173->185->192->204->202->260->263->275->288->290->293->306->317->358->363->379->384->394->407->396->397->401->406->398->403->413->440->449->455->460->468->471->482->497->517->518->537->546->551->553->555->562->569->570->573->593->600->602->615->628->637->642->658->668->694->700->713->721->734->745->748->749->753->763->765->764->766->783->784->791->815->816->821->826->830->839->854->849->852->860->864->866->867->870->880->882->887->893->894->910->933->944->946->948->976->978->985->991->995->1017->1024->1031->1071->1077->1079->1091->1100->1110->1120->1122->1139->1167->1168->1181->1175->1178->1192->1204->1182->1184->1193->1205->1210->1223->1229->1230->1241->1232->1237->1242->1244->1251->1269->1275->1278->1296->1322->1330->1348->1364->1353->1358->1361->1362->1368->1379->1381->1387->1390->1403->1417->1434->1426->1428->1453->1462->1463->1481->1497->1500->1502->1503->1508->1510->1512->1531->1518->1528->1540->1542->1554->1555->1568->1576->1582->1583->1594->1586->1590->1600->1618->1593->1601->1604->1607->1616->1620->1633->1641->1680->1688->1719->1739->1751->1755->1757->1776->1777->1798->1782->1785->1818->1821->1823->1824->1857->1861->1871->1890->1907->1906->1940->1941->1951->1969->1980->1978->1982->1987->1991->1992->2002->2005->2013->2047->2059->2063->2071->2074->2077->2079->2099->2100->2116->2118->2121->2134->2137->2148->2158->2169->2159->2174->2181->2186->2196->2204->2208->2212->2217->2229->2461->2466->2476,2476->2500
HEURISTIC,N2500_C10_I1.dat,2500,7696,125,2491,2500,0.9,0.5,20.5,0.9,1,2476,0.20460000000000025,0.166,0.0332,15.45,14.386200000000013,12.276000000000016,1.992,14.268000000000015,15.45,14.386200000000013,26.483,2491->2341->2328->2326->2320->2317->2305->2300->2282->2268->2263->2256->2252->2251->2247->2244->2240->2226->2237->2220->2235->2218->2228->2211->2202->2178->2156->2183->2155->2154->2130->2109->2098->2085->2072->2082->2069->2046->2038->2033->2030->2044->2028->2014->1968->1955->1902->1895->1894->1893->1882->1872->1864->1869->1863->1860->1841->1840->1832->1827->1826->1814->1813->1807->1789->1788->1781->1779->1774->1784->1780->1778->1767->1764->1740->1736->1735->1731->1718->1713->1707->1693->1681->1677->1687->1672->1665->1664->1655->1649->1643->1637->1628->1610->1587->1579->1552->1550->1548->1530->1537->1525->1492->1490->1488->1495->1479->1486->1471->1465->1460->1430->1423->1401->1391->1384->1380->1374->1373->1369->1359->1355->1344->1311->1301->1310->1298->1290->1281->1274->1270->1279->1262->1257->1254->1234->1219->1206->1228->1203->1194->1197->1177->1170->1153->1152->1149->1142->1134->1130->1125->1117->1113->1129->1111->1099->1089->1075->1069->1065->1064->1063->1051->1042->1039->1050->1037->1036->1027->1006->988->981->969->929->924->917->912->904->903->896->892->905->888->885->878->877->874->865->857->856->851->813->810->805->786->762->761->757->755->725->715->711->723->705->696->691->697->689->687->681->674->667->659->657->636->609->599->592->588->576->574->586->568->575->564->560->549->547->545->543->540->538->561->532->542->534->539->526->525->527->508->501->476->469->463->450->436->430->408->393->387->372->375->371->362->373->356->350->353->348->346->349->334->337->331->329->324->321->309->298->296->289->284->266->262->259->254->235->233->232->230->229->217->228->210->206->209->201->198->196->193->190->183->178->174->168->164->163->162->155->108->51->50->48->78->77->69->68->63->21->1->5->6->10->11->15->24->19->28->22->30->34->54->29->49->85->100->119->114->122->123->125->133->134->181->143->146->156->166->158->173->185->192->204->202->260->263->275->288->290->293->306->317->358->363->379->384->394->407->396->397->401->406->398->403->413->440->449->455->460->468->471->482->497->517->518->537->546->551->553->555->562->569->570->573->593->600->602->615->628->637->642->658->668->694->700->713->721->734->745->748->749->753->763->765->764->766->783->784->791->815->816->821->826->830->839->854->849->852->860->864->866->867->870->880->882->887->893->894->910->933->944->946->948->976->978->985->991->995->1017->1024->1031->1071->1077->1079->1091->1100->1110->1120->1122->1139->1167->1168->1181->1175->1178->1192->1204->1182->1184->1193->1205->1210->1223->1229->1230->1241->1232->1237->1242->1244->1251->1269->1275->1278->1296->1322->1330->1348->1364->1353->1358->1361->1362->1368->1379->1381->1387->1390->1403->1417->1434->1426->1428->1453->1462->1463->1481->1497->1500->1502->1503->1508->1510->1512->1531->1518->1528->1540->1542->1554->1555->1568->1576->1582->1583->1594->1586->1590->1600->1618->1593->1601->1604->1607->1616->1620->1633->1641->1680->1688->1719->1739->1751->1755->1757->1776->1777->1798->1782->1785->1818->1821->1823->1824->1857->1861->1871->1890->1907->1906->1940->1941->1951->1969->1980->1978->1982->1987->1991->1992->2002->2005->2013->2047->2059->2063->2071->2074->2077->2079->2099->2100->2116->2118->2121->2134->2137->2148->2158->2169->2159->2174->2181->2186->2196->2204->2208->2212->2217->2229->2461->2466->2476,2476->2500
HEURISTIC,sumo_case.dat,2055,5299,103,1824,283,0.5,0.5,20.41,0.5,1,915,0.17120000000000002,0.1965,0.0393,10.64,11.635000000000002,10.272000000000002,2.358,12.63,10.64,11.635000000000002,16.091,1824->1969->193->2023->2008->2006->1233->157->2001->253->1232->1245->342->75->259->1847->1995->1844->1845->346->936->347->348->1996->1210->1115->343->1911->1800->344->959->1717->1243->1371->1909->897->500->1908->1687->135->1895->1517->1894->389->1893->386->1999->1900->1998->1935->1901->1981->1983->1902->1982->1903->194->1977->40->1904->2025->227->2011->270->501->1938->1958->1771->1957->1937->526->213->1956->471->1955->129->655->1954->1811->2027->1808->1253->1601->138->775->774->2->773->771->3->1427->60->1967->801->1723->1724->1728->151->1673->489->488->1677->1676->915,915->283
