Case,Nodes,Edges,ParkingLots,TotalSpots,FeasibleSpots,Source,Destination,Alpha,Wmax,Cmax,WeightW,runtime_ms,ParkingNode,ParkingSpotIndex,ParkingSpotId,SpotClass,drive_time_hr,internal_drive_time_hr,internal_walk_time_hr,external_walk_distance_km,external_walk_time_hr,walk_time_hr,parking_cost,objective,DrivePath,WalkPath
N1000_C10_I1,1000,3252,50,1456,6,988,1000,0.9,0.5,20.5,0.9,67772.902,995,1,995_S001,near,0.1466000000000001,0.001563,0.002861,0.12,0.024,0.026861,18.32,0.8979868007997975,988->877->874->865->857->856->851->813->810->812->805->786->762->761->757->755->725->715->711->723->705->696->691->697->689->687->681->674->667->659->657->636->609->599->592->588->576->574->586->568->575->564->560->549->547->545->543->540->538->561->548->542->534->539->526->525->527->508->501->476->469->463->467->450->436->430->408->393->387->372->375->371->362->373->356->350->353->348->346->349->334->337->331->329->324->321->309->298->296->289->284->266->262->259->254->235->233->232->230->229->217->228->210->206->209->201->198->196->193->190->183->178->174->168->164->163->162->155->169->153->147->132->130->120->117->112->105->96->88->50->48->47->43->42->41->40->56->38->55->37->31->25->36->46->35->23->21->1->5->6->10->11->15->24->19->28->22->30->34->54->53->89->49->85->100->119->114->122->123->125->133->134->143->146->156->166->158->173->185->197->204->202->260->265->263->275->288->290->293->306->317->358->363->379->384->394->407->396->397->401->406->398->403->413->440->449->455->460->468->471->482->497->517->518->537->546->551->553->555->562->569->570->573->593->600->602->615->628->637->642->658->668->694->700->713->721->734->745->748->749->753->763->764->766->783->793->816->821->826->830->985->991->995,995->1000
N1000_C1_I1,1000,3252,50,1456,31,988,1000,0.9,0.5,20.5,0.9,12238.864,995,1,995_S001,near,0.1466000000000001,0.00148,0.002778,0.12,0.024,0.026778,17.44,11.186332000000005,988->877->874->865->857->856->851->813->810->812->805->786->762->761->757->755->725->715->711->723->705->696->691->697->689->687->681->674->667->659->657->636->609->599->592->588->576->574->586->568->575->564->560->549->547->545->543->540->538->561->548->542->534->539->526->525->527->508->501->476->469->463->467->450->436->430->408->393->387->372->375->371->362->373->356->350->353->348->346->349->334->337->331->329->324->321->309->298->296->289->284->266->262->259->254->235->233->232->230->229->217->228->210->206->209->201->198->196->193->190->183->178->174->168->164->163->162->155->169->153->147->132->130->120->117->112->105->96->88->50->48->47->43->42->41->40->56->38->55->37->31->25->36->46->35->23->21->1->5->6->10->11->15->24->19->28->22->30->34->54->53->89->49->85->100->119->114->122->123->125->133->134->143->146->156->166->158->173->185->197->204->202->260->265->263->275->288->290->293->306->317->358->363->379->384->394->407->396->397->401->406->398->403->413->440->449->455->460->468->471->482->497->517->518->537->546->551->553->555->562->569->570->573->593->600->602->615->628->637->642->658->668->694->700->713->721->734->745->748->749->753->763->764->766->783->793->816->821->826->830->985->991->995,995->1000
N1000_C2_I1,1000,3584,50,1456,31,988,1000,0.9,0.5,20.5,0.9,48291.084,995,1,995_S001,near,0.12340000000000001,0.001563,0.002861,0.12,0.024,0.026861,17.46,0.7043842461868179,988->969->877->874->661->659->657->467->450->436->430->408->393->254->235->233->232->230->229->217->228->210->206->110->105->96->88->50->48->47->85->100->119->114->122->123->394->407->396->397->401->406->398->403->413->440->449->455->460->468->471->482->497->517->518->537->546->551->553->555->562->569->570->573->593->784->793->816->991->995,995->1000
N1000_C3_I1,1000,3352,100,2922,31,988,1000,0.9,0.5,20.5,0.9,80760.664,995,1,995_S001,near,0.1466000000000001,0.001563,0.002861,0.12,0.024,0.026861,17.46,0.7317941444458372,988->877->874->865->857->856->851->813->810->812->805->786->762->761->757->755->725->715->711->723->705->696->691->697->689->687->681->674->667->659->657->636->609->599->592->588->576->574->586->568->575->564->560->549->547->545->543->540->538->561->548->542->534->539->526->525->527->508->501->476->469->463->467->450->436->430->408->393->387->372->375->371->362->373->356->350->353->348->346->349->334->337->331->329->324->321->309->298->296->289->284->266->262->259->254->235->233->232->230->229->217->228->210->206->209->201->198->196->193->190->183->178->174->168->164->163->162->155->169->153->147->132->130->120->117->112->105->96->88->50->48->47->43->42->41->40->56->38->55->37->31->25->36->46->35->23->21->1->5->6->10->11->15->24->19->28->22->30->34->54->53->89->49->85->100->119->114->122->123->125->133->134->143->146->156->166->158->173->185->197->204->202->260->265->263->275->288->290->293->306->317->358->363->379->384->394->407->396->397->401->406->398->403->413->440->449->455->460->468->471->482->497->517->518->537->546->551->553->555->562->569->570->573->593->600->602->615->628->637->642->658->668->694->700->713->721->734->745->748->749->753->763->764->766->783->793->816->821->826->830->985->991->995,995->1000
N1000_C4_I1,1000,3252,50,1456,109,988,1000,0.9,1.0,20.5,0.9,73737.049,995,2,995_S002,near,0.1466000000000001,0.001838,0.003154,0.12,0.024,0.027154,17.59,0.5590517372501944,988->877->874->865->857->856->851->813->810->812->805->786->762->761->757->755->725->715->711->723->705->696->691->697->689->687->681->674->667->659->657->636->609->599->592->588->576->574->586->568->575->564->560->549->547->545->543->540->538->561->548->542->534->539->526->525->527->508->501->476->469->463->467->450->436->430->408->393->387->372->375->371->362->373->356->350->353->348->346->349->334->337->331->329->324->321->309->298->296->289->284->266->262->259->254->235->233->232->230->229->217->228->210->206->209->201->198->196->193->190->183->178->174->168->164->163->162->155->169->153->147->132->130->120->117->112->105->96->88->50->48->47->43->42->41->40->56->38->55->37->31->25->36->46->35->23->21->1->5->6->10->11->15->24->19->28->22->30->34->54->53->89->49->85->100->119->114->122->123->125->133->134->143->146->156->166->158->173->185->197->204->202->260->265->263->275->288->290->293->306->317->358->363->379->384->394->407->396->397->401->406->398->403->413->440->449->455->460->468->471->482->497->517->518->537->546->551->553->555->562->569->570->573->593->600->602->615->628->637->642->658->668->694->700->713->721->734->745->748->749->753->763->764->766->783->793->816->821->826->830->985->991->995,995->1000
N1000_C5_I1,1000,3252,50,1456,31,988,1000,0.9,0.5,20.5,0.9,70213.93,995,1,995_S001,near,0.20759999999999992,0.001563,0.002861,0.12,0.024,0.026861,17.46,0.7875322883138582,988->877->874->865->857->856->851->818->813->810->805->786->762->761->757->755->741->725->715->711->723->705->696->691->697->689->687->681->674->667->659->657->636->609->599->592->588->576->574->586->568->575->564->560->549->547->545->543->540->538->561->532->542->534->539->526->525->527->508->501->476->469->463->450->436->430->415->408->393->387->372->375->371->362->373->356->350->353->348->346->349->334->337->331->329->324->321->309->298->299->289->284->266->262->259->254->235->233->232->230->229->217->228->210->206->209->201->198->196->193->190->183->178->174->168->164->163->162->155->169->153->147->132->130->120->117->112->88->50->48->47->43->42->41->40->56->39->38->55->37->31->25->36->46->35->23->21->1->5->6->10->11->15->24->19->28->22->30->34->54->53->89->49->85->100->119->114->122->123->125->133->134->143->146->156->166->158->173->185->197->204->202->260->265->263->275->288->290->293->306->317->358->363->379->384->394->407->396->397->401->406->398->403->413->440->449->455->460->468->471->482->497->517->518->537->546->551->553->555->562->569->570->573->593->600->602->615->628->637->642->658->668->694->700->713->721->734->745->748->749->753->763->765->764->766->783->793->816->821->826->830->985->991->995,995->1000
N1000_C6_I1,1000,3252,50,1456,31,988,1000,0.9,0.5,20.5,0.9,70563.622,976,148,976_S001,near,0.4380999999999999,0.001659,0.003607,0.2216,0.0443,0.047907,9.72,0.8664883056991652,988->981->877->874->865->861->857->856->851->818->813->810->812->805->786->762->776->757->755->741->725->715->711->723->705->696->691->697->689->687->681->674->667->661->659->657->636->609->599->592->588->576->574->586->568->575->564->560->549->547->545->543->540->538->561->532->542->534->539->526->525->527->508->501->476->469->463->467->450->436->430->415->408->393->387->372->375->371->362->373->356->350->353->348->346->349->334->337->331->329->324->321->309->298->296->289->284->266->262->259->254->235->233->232->244->230->229->217->228->210->206->209->201->198->196->193->190->183->178->174->168->164->163->162->155->169->153->147->132->130->120->92->52->51->60->48->64->62->59->55->37->31->25->36->46->35->23->21->1->5->6->10->13->14->15->24->19->28->22->30->34->54->53->89->49->85->100->119->114->122->123->125->133->134->181->191->143->146->156->166->158->173->185->192->204->202->260->265->263->268->275->288->290->293->306->317->358->363->379->384->394->407->396->397->401->406->398->403->413->440->449->455->460->461->462->471->482->497->517->518->536->537->546->551->553->555->562->569->570->573->593->600->602->615->628->637->642->658->668->694->700->713->721->734->745->748->749->753->763->765->764->766->783->784->793->816->821->826->830->944->946->948->976,976->1000
N1000_C7_I1,1000,3252,50,1456,31,988,1000,0.9,0.5,20.5,0.9,68498.404,995,1,995_S001,near,0.1466000000000001,0.001563,0.002861,0.12,0.024,0.026861,17.46,0.7317941444458372,988->877->874->865->857->856->851->813->810->812->805->786->762->761->757->755->725->715->711->723->705->696->691->697->689->687->681->674->667->659->657->636->609->599->592->588->576->574->586->568->575->564->560->549->547->545->543->540->538->561->548->542->534->539->526->525->527->508->501->476->469->463->467->450->436->430->408->393->387->372->375->371->362->373->356->350->353->348->346->349->334->337->331->329->324->321->309->298->296->289->284->266->262->259->254->235->233->232->230->229->217->228->210->206->209->201->198->196->193->190->183->178->174->168->164->163->162->155->169->153->147->132->130->120->117->112->105->96->88->50->48->47->43->42->41->40->56->38->55->37->31->25->36->46->35->23->21->1->5->6->10->11->15->24->19->28->22->30->34->54->53->89->49->85->100->119->114->122->123->125->133->134->143->146->156->166->158->173->185->197->204->202->260->265->263->275->288->290->293->306->317->358->363->379->384->394->407->396->397->401->406->398->403->413->440->449->455->460->468->471->482->497->517->518->537->546->551->553->555->562->569->570->573->593->600->602->615->628->637->642->658->668->694->700->713->721->734->745->748->749->753->763->764->766->783->793->816->821->826->830->985->991->995,995->1000
N1000_C8_I1,1000,3252,50,1456,31,988,1000,0.1,0.5,20.5,0.1,71400.951,995,1,995_S001,near,0.1466000000000001,0.001563,0.002861,0.12,0.024,0.026861,17.46,0.7317941444458372,988->877->874->865->857->856->851->813->810->812->805->786->762->761->757->755->725->715->711->723->705->696->691->697->689->687->681->674->667->659->657->636->609->599->592->588->576->574->586->568->575->564->560->549->547->545->543->540->538->561->548->542->534->539->526->525->527->508->501->476->469->463->467->450->436->430->408->393->387->372->375->371->362->373->356->350->353->348->346->349->334->337->331->329->324->321->309->298->296->289->284->266->262->259->254->235->233->232->230->229->217->228->210->206->209->201->198->196->193->190->183->178->174->168->164->163->162->155->169->153->147->132->130->120->117->112->105->96->88->50->48->47->43->42->41->40->56->38->55->37->31->25->36->46->35->23->21->1->5->6->10->11->15->24->19->28->22->30->34->54->53->89->49->85->100->119->114->122->123->125->133->134->143->146->156->166->158->173->185->197->204->202->260->265->263->275->288->290->293->306->317->358->363->379->384->394->407->396->397->401->406->398->403->413->440->449->455->460->468->471->482->497->517->518->537->546->551->553->555->562->569->570->573->593->600->602->615->628->637->642->658->668->694->700->713->721->734->745->748->749->753->763->764->766->783->793->816->821->826->830->985->991->995,995->1000
N1000_C9_I1,1000,3252,50,1456,21,988,1000,0.9,0.5,15.0,0.9,70440.873,985,93,985_S002,near,0.14570000000000008,0.002077,0.004301,0.1733,0.0347,0.039001,12.58,0.7709434103218442,988->877->874->865->857->856->851->813->810->812->805->786->762->761->757->755->725->715->711->723->705->696->691->697->689->687->681->674->667->659->657->636->609->599->592->588->576->574->586->568->575->564->560->549->547->545->543->540->538->561->548->542->534->539->526->525->527->508->501->476->469->463->467->450->436->430->408->393->387->372->375->371->362->373->356->350->353->348->346->349->334->337->331->329->324->321->309->298->296->289->284->266->262->259->254->235->233->232->230->229->217->228->210->206->209->201->198->196->193->190->183->178->174->168->164->163->162->155->169->153->147->132->130->120->117->112->105->96->88->50->48->47->43->42->41->40->56->38->55->37->31->25->36->46->35->23->21->1->5->6->10->11->15->24->19->28->22->30->34->54->53->89->49->85->100->119->114->122->123->125->133->134->143->146->156->166->158->173->185->197->204->202->260->265->263->275->288->290->293->306->317->358->363->379->384->394->407->396->397->401->406->398->403->413->440->449->455->460->468->471->482->497->517->518->537->546->551->553->555->562->569->570->573->593->600->602->615->628->637->642->658->668->694->700->713->721->734->745->748->749->753->763->764->766->783->793->816->821->826->830->985,985->1000
N10_C10_I1,10,46,2,62,6,8,10,0.9,0.5,20.5,0.9,1071.466,5,1,5_S001,near,0.0087,0.00179,0.004023,0.2661,0.0532,0.057222999999999996,14.58,0.7973669865280615,8->7->5,5->10
N10_C1_I1,10,46,2,62,2,8,10,0.9,0.5,20.5,0.9,72.762,5,1,5_S001,near,0.0087,0.00176,0.003992,0.2661,0.0532,0.057192,9.13,4.566208,8->7->5,5->10
N10_C2_I1,10,52,2,62,2,8,10,0.9,0.5,20.5,0.9,1353.311,5,1,5_S001,near,0.0076,0.00179,0.004023,0.2661,0.0532,0.057222999999999996,9.17,0.9741587232446856,8->5,5->10
N10_C3_I1,10,46,2,62,2,8,10,0.9,0.5,20.5,0.9,743.096,5,1,5_S001,near,0.0087,0.00179,0.004023,0.2661,0.0532,0.057222999999999996,9.17,0.9745517395070769,8->7->5,5->10
N10_C4_I1,10,46,2,62,2,8,10,0.9,1.0,20.5,0.9,910.831,5,1,5_S001,near,0.0087,0.001577,0.002959,0.2661,0.0532,0.056159,9.32,0.9771942264288743,8->7->5,5->10
N10_C5_I1,10,46,2,62,2,8,10,0.9,0.5,20.5,0.9,1021.963,5,1,5_S001,near,0.0113,0.00179,0.004023,0.2661,0.0532,0.057222999999999996,9.17,0.9754330856478606,8->7->6->5,5->10
N10_C6_I1,10,46,2,62,2,8,10,0.9,0.5,20.5,0.9,1143.859,5,1,5_S001,near,0.0259,0.00179,0.004023,0.2661,0.0532,0.057222999999999996,9.17,0.9794015542415802,8->7->5,5->10
N10_C7_I1,10,46,2,62,2,8,10,0.9,0.5,20.5,0.9,724.54,5,1,5_S001,near,0.0087,0.00179,0.004023,0.2661,0.0532,0.057222999999999996,9.17,0.9745517395070769,8->7->5,5->10
N10_C8_I1,10,46,2,62,2,8,10,0.1,0.5,20.5,0.1,819.511,5,1,5_S001,near,0.0087,0.00179,0.004023,0.2661,0.0532,0.057222999999999996,9.17,0.9745517395070769,8->7->5,5->10
N10_C9_I1,10,46,2,62,2,8,10,0.9,0.5,15.0,0.9,923.393,5,1,5_S001,near,0.0087,0.00179,0.004023,0.2661,0.0532,0.057222999999999996,9.17,0.9745517395070769,8->7->5,5->10
N1500_C10_I1,1500,4728,75,2274,26,1492,1500,0.9,0.5,20.5,0.9,119122.832,1463,446,1463_S001,near,0.16950000000000007,0.001608,0.003325,0.1857,0.0371,0.040425,18.89,0.8042108380467117,1492->1490->1298->1290->1281->1274->1270->1279->1262->1257->1254->1234->1219->1206->1228->1203->1194->1197->1177->1170->1153->1152->1149->1142->1134->1130->1125->1117->1113->1129->1111->1099->1089->1075->1069->1065->1064->1063->1051->1042->1039->1050->1037->1036->1027->1006->988->981->969->929->924->917->912->907->904->903->896->892->905->888->885->878->877->874->865->857->856->851->813->810->812->805->786->762->761->757->755->741->725->715->711->723->705->696->691->697->689->687->681->674->667->659->657->636->609->599->592->588->576->574->586->568->575->564->560->549->547->545->543->540->538->561->548->542->534->539->526->525->527->508->501->476->469->463->467->450->436->430->415->408->393->387->372->371->362->373->356->350->353->348->346->344->334->337->331->329->324->321->309->298->296->289->284->266->262->259->254->235->233->232->230->229->217->228->210->206->209->201->198->196->193->190->183->178->174->168->164->163->162->155->169->153->117->115->79->57->52->51->74->62->59->55->37->31->25->36->46->35->23->21->1->5->6->10->11->15->24->19->28->22->30->34->54->53->89->49->85->111->119->114->122->123->125->133->134->181->143->146->156->166->158->173->185->192->204->202->260->263->275->288->290->293->306->317->358->363->379->384->394->407->396->397->401->406->398->403->413->440->449->455->460->468->471->482->497->517->518->537->546->551->553->555->562->569->570->573->593->600->602->615->628->637->642->658->668->694->700->713->721->734->745->748->749->753->763->765->764->766->783->784->791->815->816->821->826->830->839->842->849->852->860->864->866->867->870->880->882->889->887->893->894->910->933->944->946->948->976->978->985->991->995->1017->1024->1031->1071->1077->1079->1091->1100->1110->1120->1122->1139->1167->1168->1173->1175->1189->1192->1204->1182->1184->1193->1205->1210->1223->1229->1230->1241->1232->1237->1242->1244->1251->1269->1453->1462->1463,1463->1500
N1500_C1_I1,1500,4728,75,2274,60,1492,1500,0.9,0.5,20.5,0.9,22803.059,1499,359,1499_S003,near,0.17000000000000007,0.002647,0.005266,0.12,0.024,0.029266,15.58,12.461302000000003,1492->1490->1298->1290->1281->1274->1270->1279->1262->1257->1254->1234->1219->1206->1228->1203->1194->1197->1177->1170->1153->1152->1149->1142->1134->1130->1125->1117->1113->1129->1111->1099->1089->1075->1069->1065->1064->1063->1051->1042->1039->1050->1037->1036->1027->1006->988->981->969->929->924->917->912->907->904->903->896->892->905->888->885->878->877->874->865->857->856->851->813->810->812->805->786->762->761->757->755->741->725->715->711->723->705->696->691->697->689->687->681->674->667->659->657->636->609->599->592->588->576->574->586->568->575->564->560->549->547->545->543->540->538->561->548->542->534->539->526->525->527->508->501->476->469->463->467->450->436->430->415->408->393->387->372->371->362->373->356->350->353->348->346->344->334->337->331->329->324->321->309->298->296->289->284->266->262->259->254->235->233->232->230->229->217->228->210->206->209->201->198->196->193->190->183->178->174->168->164->163->162->155->169->153->117->115->79->57->52->51->74->62->59->55->37->31->25->36->46->35->23->21->1->5->6->10->11->15->24->19->28->22->30->34->54->53->89->49->85->111->119->114->122->123->125->133->134->181->143->146->156->166->158->173->185->197->204->202->260->263->275->288->290->293->306->317->358->363->379->384->394->407->396->397->401->406->398->403->413->440->449->455->460->468->471->482->497->517->518->537->546->551->553->555->562->569->570->573->593->600->602->615->628->637->642->658->668->694->700->713->721->734->745->748->749->753->763->765->764->766->783->784->791->815->816->821->826->830->839->842->849->852->860->864->866->867->870->880->882->889->887->893->894->910->933->944->946->948->976->978->985->991->995->1017->1024->1031->1071->1077->1079->1091->1100->1110->1120->1122->1139->1167->1168->1173->1175->1178->1192->1204->1182->1184->1193->1205->1210->1223->1229->1230->1241->1232->1237->1242->1244->1251->1269->1499,1499->1500
N1500_C2_I1,1500,5226,75,2274,60,1492,1500,0.9,0.5,20.5,0.9,74715.343,1499,357,1499_S001,near,0.14190000000000005,0.001512,0.00281,0.12,0.024,0.02681,15.31,0.7098165863308481,1492->1490->1298->1290->1281->1274->1270->1042->1039->1050->1037->1036->1027->1006->715->711->508->501->476->469->463->467->450->436->430->415->408->393->387->372->371->362->373->356->350->353->348->346->344->334->337->331->329->324->321->309->298->296->289->284->266->262->120->90->50->48->47->43->42->41->40->56->195->482->497->517->518->537->546->766->783->784->791->815->816->1079->1091->1100->1110->1120->1122->1139->1167->1168->1390->1403->1417->1434->1428->1453->1462->1463->1481->1497->1499,1499->1500
N1500_C3_I1,1500,4878,150,4498,60,1492,1500,0.9,0.5,20.5,0.9,132067.76,1499,359,1499_S003,near,0.17000000000000007,0.00256,0.005178,0.12,0.024,0.029178000000000003,15.6,0.7525781841985525,1492->1490->1298->1290->1281->1274->1270->1279->1262->1257->1254->1234->1219->1206->1228->1203->1194->1197->1177->1170->1153->1152->1149->1142->1134->1130->1125->1117->1113->1129->1111->1099->1089->1075->1069->1065->1064->1063->1051->1042->1039->1050->1037->1036->1027->1006->988->981->969->929->924->917->912->907->904->903->896->892->905->888->885->878->877->874->865->857->856->851->813->810->812->805->786->762->761->757->755->741->725->715->711->723->705->696->691->697->689->687->681->674->667->659->657->636->609->599->592->588->576->574->586->568->575->564->560->549->547->545->543->540->538->561->548->542->534->539->526->525->527->508->501->476->469->463->467->450->436->430->415->408->393->387->372->371->362->373->356->350->353->348->346->344->334->337->331->329->324->321->309->298->296->289->284->266->262->259->254->235->233->232->230->229->217->228->210->206->209->201->198->196->193->190->183->178->174->168->164->163->162->155->169->153->117->115->79->57->52->51->74->62->59->55->37->31->25->36->46->35->23->21->1->5->6->10->11->15->24->19->28->22->30->34->54->53->89->49->85->111->119->114->122->123->125->133->134->181->143->146->156->166->158->173->185->197->204->202->260->263->275->288->290->293->306->317->358->363->379->384->394->407->396->397->401->406->398->403->413->440->449->455->460->468->471->482->497->517->518->537->546->551->553->555->562->569->570->573->593->600->602->615->628->637->642->658->668->694->700->713->721->734->745->748->749->753->763->765->764->766->783->784->791->815->816->821->826->830->839->842->849->852->860->864->866->867->870->880->882->889->887->893->894->910->933->944->946->948->976->978->985->991->995->1017->1024->1031->1071->1077->1079->1091->1100->1110->1120->1122->1139->1167->1168->1173->1175->1178->1192->1204->1182->1184->1193->1205->1210->1223->1229->1230->1241->1232->1237->1242->1244->1251->1269->1499,1499->1500
N1500_C4_I1,1500,4728,75,2274,142,1492,1500,0.9,1.0,20.5,0.9,111117.662,1499,359,1499_S003,near,0.17000000000000007,0.002457,0.004497,0.12,0.024,0.028497,15.67,0.5805064281543351,1492->1490->1298->1290->1281->1274->1270->1279->1262->1257->1254->1234->1219->1206->1228->1203->1194->1197->1177->1170->1153->1152->1149->1142->1134->1130->1125->1117->1113->1129->1111->1099->1089->1075->1069->1065->1064->1063->1051->1042->1039->1050->1037->1036->1027->1006->988->981->969->929->924->917->912->907->904->903->896->892->905->888->885->878->877->874->865->857->856->851->813->810->812->805->786->762->761->757->755->741->725->715->711->723->705->696->691->697->689->687->681->674->667->659->657->636->609->599->592->588->576->574->586->568->575->564->560->549->547->545->543->540->538->561->548->542->534->539->526->525->527->508->501->476->469->463->467->450->436->430->415->408->393->387->372->371->362->373->356->350->353->348->346->344->334->337->331->329->324->321->309->298->296->289->284->266->262->259->254->235->233->232->230->229->217->228->210->206->209->201->198->196->193->190->183->178->174->168->164->163->162->155->169->153->117->115->79->57->52->51->74->62->59->55->37->31->25->36->46->35->23->21->1->5->6->10->11->15->24->19->28->22->30->34->54->53->89->49->85->111->119->114->122->123->125->133->134->181->143->146->156->166->158->173->185->197->204->202->260->263->275->288->290->293->306->317->358->363->379->384->394->407->396->397->401->406->398->403->413->440->449->455->460->468->471->482->497->517->518->537->546->551->553->555->562->569->570->573->593->600->602->615->628->637->642->658->668->694->700->713->721->734->745->748->749->753->763->765->764->766->783->784->791->815->816->821->826->830->839->842->849->852->860->864->866->867->870->880->882->889->887->893->894->910->933->944->946->948->976->978->985->991->995->1017->1024->1031->1071->1077->1079->1091->1100->1110->1120->1122->1139->1167->1168->1173->1175->1178->1192->1204->1182->1184->1193->1205->1210->1223->1229->1230->1241->1232->1237->1242->1244->1251->1269->1499,1499->1500
N1500_C5_I1,1500,4728,75,2274,60,1492,1500,0.9,0.5,20.5,0.9,113117.048,1463,446,1463_S001,near,0.23820000000000024,0.001608,0.003325,0.1857,0.0371,0.040425,9.68,0.8001672488738537,1492->1490->1298->1290->1281->1274->1270->1279->1262->1257->1254->1252->1219->1206->1228->1203->1194->1197->1183->1177->1170->1153->1152->1149->1142->1134->1130->1125->1117->1113->1129->1111->1099->1089->1075->1069->1065->1064->1063->1051->1042->1039->1050->1037->1036->1027->1006->988->981->969->929->924->917->912->907->904->903->896->892->905->888->885->878->877->874->865->857->856->851->818->813->810->812->805->786->762->761->757->755->725->715->711->708->705->696->691->697->689->687->681->674->667->659->657->636->609->599->592->588->576->574->586->568->575->564->560->549->547->545->543->540->538->561->532->542->534->539->526->525->527->508->501->476->469->463->450->437->436->430->408->393->387->372->375->371->362->373->356->350->353->348->346->344->334->337->331->329->324->321->309->298->299->289->284->266->262->259->254->235->233->232->230->229->217->228->210->206->209->201->198->196->193->190->183->178->174->168->164->163->175->169->153->117->105->96->92->90->60->48->47->42->41->40->56->39->38->55->37->31->25->36->46->35->23->21->1->5->6->13->14->15->24->19->28->22->30->34->54->53->89->49->85->111->119->114->122->123->125->133->134->181->143->146->156->166->158->173->185->192->204->202->260->263->275->288->290->293->306->317->358->363->379->384->394->407->396->397->401->406->398->403->413->440->449->455->460->468->462->471->482->497->517->518->536->537->546->551->553->555->562->569->570->573->593->600->602->615->628->637->642->658->668->694->700->713->721->734->745->748->749->753->763->764->766->783->784->791->815->816->821->826->830->839->842->849->852->860->864->866->867->870->880->882->889->887->893->894->910->933->944->946->948->976->978->985->991->995->1017->1024->1031->1071->1077->1079->1091->1100->1110->1120->1122->1139->1167->1168->1173->1175->1178->1192->1204->1182->1184->1193->1205->1210->1223->1229->1230->1241->1232->1237->1242->1244->1251->1269->1417->1434->1428->1453->1462->1463,1463->1500
N1500_C6_I1,1500,4728,75,2274,60,1492,1500,0.9,0.5,20.5,0.9,120192.246,1463,446,1463_S001,near,0.5037000000000003,0.001608,0.003325,0.1857,0.0371,0.040425,9.68,0.8665519902462266,1492->1488->1495->1479->1298->1290->1281->1274->1270->1279->1262->1257->1254->1234->1219->1206->1212->1203->1194->1197->1177->1170->1153->1152->1149->1142->1134->1130->1125->1117->1113->1129->1111->1105->1099->1089->1075->1069->1065->1064->1063->1051->1042->1039->1050->1037->1036->1027->1006->988->981->969->929->924->917->912->907->904->903->896->892->905->888->885->878->877->874->865->857->856->851->818->813->810->812->805->786->762->761->757->755->725->715->711->723->705->696->691->697->698->689->687->681->674->667->659->657->636->609->599->592->588->576->574->586->568->575->564->560->549->547->545->543->540->538->561->548->542->530->539->526->525->527->508->501->476->469->463->450->436->430->415->408->393->387->372->371->362->373->356->350->353->348->346->344->334->337->331->329->324->321->309->298->299->289->284->266->262->259->254->235->233->232->244->230->229->217->228->210->206->209->201->198->196->193->190->183->178->174->168->164->163->175->169->153->147->110->92->90->50->48->47->42->41->81->77->69->68->63->21->1->9->10->13->14->15->24->19->28->22->30->34->54->29->49->85->100->119->114->122->123->125->133->134->181->143->146->156->166->158->173->185->197->204->202->260->263->275->288->290->293->306->317->358->363->379->384->394->407->396->397->401->406->398->403->413->440->449->455->460->468->471->482->495->497->517->518->536->537->546->551->553->555->562->569->570->573->593->600->602->615->628->637->642->658->668->694->700->709->713->721->734->745->748->749->753->763->764->766->783->784->791->815->816->821->826->830->839->854->849->852->860->864->866->867->870->880->882->889->887->893->894->910->933->944->946->956->976->978->985->991->995->1017->1024->1031->1071->1077->1079->1091->1100->1110->1120->1116->1122->1139->1167->1168->1173->1175->1189->1192->1204->1182->1184->1193->1205->1210->1223->1229->1230->1241->1232->1237->1242->1244->1251->1269->1403->1417->1434->1428->1453->1462->1463,1463->1500
N1500_C7_I1,1500,4728,75,2274,60,1492,1500,0.9,0.5,20.5,0.9,117514.12,1499,359,1499_S003,near,0.17000000000000007,0.00256,0.005178,0.12,0.024,0.029178000000000003,15.6,0.7525781841985525,1492->1490->1298->1290->1281->1274->1270->1279->1262->1257->1254->1234->1219->1206->1228->1203->1194->1197->1177->1170->1153->1152->1149->1142->1134->1130->1125->1117->1113->1129->1111->1099->1089->1075->1069->1065->1064->1063->1051->1042->1039->1050->1037->1036->1027->1006->988->981->969->929->924->917->912->907->904->903->896->892->905->888->885->878->877->874->865->857->856->851->813->810->812->805->786->762->761->757->755->741->725->715->711->723->705->696->691->697->689->687->681->674->667->659->657->636->609->599->592->588->576->574->586->568->575->564->560->549->547->545->543->540->538->561->548->542->534->539->526->525->527->508->501->476->469->463->467->450->436->430->415->408->393->387->372->371->362->373->356->350->353->348->346->344->334->337->331->329->324->321->309->298->296->289->284->266->262->259->254->235->233->232->230->229->217->228->210->206->209->201->198->196->193->190->183->178->174->168->164->163->162->155->169->153->117->115->79->57->52->51->74->62->59->55->37->31->25->36->46->35->23->21->1->5->6->10->11->15->24->19->28->22->30->34->54->53->89->49->85->111->119->114->122->123->125->133->134->181->143->146->156->166->158->173->185->197->204->202->260->263->275->288->290->293->306->317->358->363->379->384->394->407->396->397->401->406->398->403->413->440->449->455->460->468->471->482->497->517->518->537->546->551->553->555->562->569->570->573->593->600->602->615->628->637->642->658->668->694->700->713->721->734->745->748->749->753->763->765->764->766->783->784->791->815->816->821->826->830->839->842->849->852->860->864->866->867->870->880->882->889->887->893->894->910->933->944->946->948->976->978->985->991->995->1017->1024->1031->1071->1077->1079->1091->1100->1110->1120->1122->1139->1167->1168->1173->1175->1178->1192->1204->1182->1184->1193->1205->1210->1223->1229->1230->1241->1232->1237->1242->1244->1251->1269->1499,1499->1500
N1500_C8_I1,1500,4728,75,2274,60,1492,1500,0.1,0.5,20.5,0.1,117078.691,1499,358,1499_S002,near,0.17000000000000007,0.002017,0.003976,0.12,0.024,0.027976,15.46,0.7460436309516417,1492->1490->1298->1290->1281->1274->1270->1279->1262->1257->1254->1234->1219->1206->1228->1203->1194->1197->1177->1170->1153->1152->1149->1142->1134->1130->1125->1117->1113->1129->1111->1099->1089->1075->1069->1065->1064->1063->1051->1042->1039->1050->1037->1036->1027->1006->988->981->969->929->924->917->912->907->904->903->896->892->905->888->885->878->877->874->865->857->856->851->813->810->812->805->786->762->761->757->755->741->725->715->711->723->705->696->691->697->689->687->681->674->667->659->657->636->609->599->592->588->576->574->586->568->575->564->560->549->547->545->543->540->538->561->548->542->534->539->526->525->527->508->501->476->469->463->467->450->436->430->415->408->393->387->372->371->362->373->356->350->353->348->346->344->334->337->331->329->324->321->309->298->296->289->284->266->262->259->254->235->233->232->230->229->217->228->210->206->209->201->198->196->193->190->183->178->174->168->164->163->162->155->169->153->117->115->79->57->52->51->74->62->59->55->37->31->25->36->46->35->23->21->1->5->6->10->11->15->24->19->28->22->30->34->54->53->89->49->85->111->119->114->122->123->125->133->134->181->143->146->156->166->158->173->185->197->204->202->260->263->275->288->290->293->306->317->358->363->379->384->394->407->396->397->401->406->398->403->413->440->449->455->460->468->471->482->497->517->518->537->546->551->553->555->562->569->570->573->593->600->602->615->628->637->642->658->668->694->700->713->721->734->745->748->749->753->763->765->764->766->783->784->791->815->816->821->826->830->839->842->849->852->860->864->866->867->870->880->882->889->887->893->894->910->933->944->946->948->976->978->985->991->995->1017->1024->1031->1071->1077->1079->1091->1100->1110->1120->1122->1139->1167->1168->1173->1175->1178->1192->1204->1182->1184->1193->1205->1210->1223->1229->1230->1241->1232->1237->1242->1244->1251->1269->1499,1499->1500
N1500_C9_I1,1500,4728,75,2274,33,1492,1500,0.9,0.5,15.0,0.9,7429.301,1362,136,1362_S001,near,0.16660000000000003,0.002059,0.005408,0.4404,0.0881,0.093508,8.22,0.9375292532434921,1492->1490->1298->1290->1281->1274->1270->1279->1262->1257->1254->1234->1219->1206->1228->1203->1194->1197->1177->1170->1153->1152->1149->1142->1134->1130->1125->1117->1113->1129->1111->1099->1089->1075->1069->1065->1064->1063->1051->1042->1039->1050->1037->1036->1027->1006->988->981->969->929->924->917->912->907->904->903->896->892->905->888->885->878->877->874->865->857->856->851->813->810->812->805->786->762->761->757->755->741->725->715->711->723->705->696->691->697->689->687->681->674->667->659->657->636->609->599->592->588->576->574->586->568->575->564->560->549->547->545->543->540->538->561->548->542->534->539->526->525->527->508->501->476->469->463->467->450->436->430->415->408->393->387->372->371->362->373->356->350->353->348->346->344->334->337->331->329->324->321->309->298->296->289->284->266->262->259->254->235->233->232->230->229->217->228->210->206->209->201->198->196->193->190->183->178->174->168->164->163->162->155->169->153->117->115->79->57->52->51->74->62->59->55->37->31->25->36->46->35->23->21->1->5->6->10->11->15->24->19->28->22->30->34->54->53->89->49->85->111->119->114->122->123->125->133->134->181->143->146->156->166->158->173->185->192->204->202->260->263->275->288->290->293->306->317->358->363->379->384->394->407->396->397->401->406->398->403->413->440->449->455->460->468->471->482->497->517->518->537->546->551->553->555->562->569->570->573->593->600->602->615->628->637->642->658->668->694->700->713->721->734->745->748->749->753->763->765->764->766->783->784->791->815->816->821->826->830->839->842->849->852->860->864->866->867->870->880->882->889->887->893->894->910->933->944->946->948->976->978->985->991->995->1017->1024->1031->1071->1077->1079->1091->1100->1110->1120->1122->1139->1167->1168->1173->1175->1178->1192->1204->1182->1184->1193->1205->1210->1223->1229->1230->1241->1232->1237->1242->1244->1251->1269->1275->1278->1296->1322->1330->1348->1364->1353->1358->1361->1362,1362->1500
N2000_C10_I1,2000,6198,100,2979,16,1968,2000,0.9,0.5,20.5,0.9,11493.198,1982,514,1982_S001,near,0.18700000000000017,0.00162,0.003289,0.178,0.0356,0.038889,14.71,0.79488105768887,1968->1955->1807->1789->1788->1781->1779->1774->1784->1780->1778->1766->1764->1740->1736->1735->1731->1718->1713->1707->1693->1681->1677->1672->1665->1664->1655->1649->1643->1637->1628->1610->1587->1579->1552->1550->1548->1530->1537->1525->1492->1490->1488->1495->1479->1486->1471->1465->1460->1430->1423->1406->1401->1391->1384->1380->1374->1373->1369->1359->1355->1344->1311->1301->1310->1298->1290->1281->1274->1270->1279->1277->1262->1257->1254->1252->1234->1219->1206->1228->1212->1203->1194->1197->1177->1170->1153->1152->1149->1142->1134->1130->1125->1117->1113->1129->1111->1099->1089->1075->1069->1065->1064->1063->1051->1042->1039->1050->1037->1036->1027->1006->988->981->969->929->924->917->912->904->903->896->892->905->888->885->878->877->874->865->861->857->856->851->818->813->810->812->805->786->762->776->757->755->725->715->711->708->705->696->691->697->698->689->687->681->674->667->659->657->636->609->599->592->588->576->574->586->568->575->564->560->549->547->545->543->540->538->561->548->542->534->539->526->525->527->508->501->476->469->463->467->450->436->430->415->408->393->387->372->375->371->362->373->356->350->365->348->346->344->334->337->331->329->324->321->309->298->296->289->284->266->262->259->254->235->233->232->230->229->217->228->210->206->209->201->198->196->193->190->183->178->174->168->164->163->162->155->169->108->105->51->50->48->47->43->42->77->69->68->63->21->1->9->10->11->15->24->19->28->22->30->34->54->53->89->49->85->100->119->114->122->123->125->133->134->181->143->146->156->166->158->173->185->197->204->202->260->263->275->288->290->293->306->317->358->363->379->384->394->407->396->397->401->406->398->403->413->440->449->455->460->468->462->471->482->497->517->518->537->546->551->553->555->562->569->570->573->593->600->602->615->628->637->642->658->668->694->700->713->721->734->745->748->749->753->763->765->764->766->783->784->791->815->816->821->826->830->839->842->849->852->860->864->866->867->870->880->882->889->887->893->894->910->933->944->946->948->976->978->985->991->995->1017->1024->1031->1071->1077->1079->1091->1100->1110->1120->1122->1139->1167->1168->1181->1175->1189->1192->1204->1182->1184->1193->1205->1210->1223->1229->1230->1241->1232->1237->1242->1244->1251->1269->1275->1278->1296->1322->1330->1348->1364->1353->1358->1361->1362->1368->1379->1381->1387->1390->1403->1417->1434->1428->1453->1462->1463->1481->1497->1500->1502->1503->1508->1510->1512->1531->1518->1528->1540->1542->1554->1555->1568->1576->1582->1583->1594->1586->1588->1599->1618->1593->1601->1604->1607->1616->1620->1633->1641->1680->1688->1719->1739->1751->1982,1982->2000
N2000_C1_I1,2000,6198,100,2979,75,1968,2000,0.9,0.5,20.5,0.9,40307.181,1982,514,1982_S001,near,0.18700000000000017,0.00164,0.003309,0.178,0.0356,0.038909,6.45,12.932646000000009,1968->1955->1807->1789->1788->1781->1779->1774->1784->1780->1778->1766->1764->1740->1736->1735->1731->1718->1713->1707->1693->1681->1677->1672->1665->1664->1655->1649->1643->1637->1628->1610->1587->1579->1552->1550->1548->1530->1537->1525->1492->1490->1488->1495->1479->1486->1471->1465->1460->1430->1423->1406->1401->1391->1384->1380->1374->1373->1369->1359->1355->1344->1311->1301->1310->1298->1290->1281->1274->1270->1279->1277->1262->1257->1254->1252->1234->1219->1206->1228->1212->1203->1194->1197->1177->1170->1153->1152->1149->1142->1134->1130->1125->1117->1113->1129->1111->1099->1089->1075->1069->1065->1064->1063->1051->1042->1039->1050->1037->1036->1027->1006->988->981->969->929->924->917->912->904->903->896->892->905->888->885->878->877->874->865->861->857->856->851->818->813->810->812->805->786->762->776->757->755->725->715->711->708->705->696->691->697->698->689->687->681->674->667->659->657->636->609->599->592->588->576->574->586->568->575->564->560->549->547->545->543->540->538->561->548->542->534->539->526->525->527->508->501->476->469->463->467->450->436->430->415->408->393->387->372->375->371->362->373->356->350->365->348->346->344->334->337->331->329->324->321->309->298->296->289->284->266->262->259->254->235->233->232->230->229->217->228->210->206->209->201->198->196->193->190->183->178->174->168->164->163->162->155->169->108->105->51->50->48->47->43->42->77->69->68->63->21->1->9->10->11->15->24->19->28->22->30->34->54->53->89->49->85->100->119->114->122->123->125->133->134->181->143->146->156->166->158->173->185->197->204->202->260->263->275->288->290->293->306->317->358->363->379->384->394->407->396->397->401->406->398->403->413->440->449->455->460->468->462->471->482->497->517->518->537->546->551->553->555->562->569->570->573->593->600->602->615->628->637->642->658->668->694->700->713->721->734->745->748->749->753->763->765->764->766->783->784->791->815->816->821->826->830->839->842->849->852->860->864->866->867->870->880->882->889->887->893->894->910->933->944->946->948->976->978->985->991->995->1017->1024->1031->1071->1077->1079->1091->1100->1110->1120->1122->1139->1167->1168->1181->1175->1189->1192->1204->1182->1184->1193->1205->1210->1223->1229->1230->1241->1232->1237->1242->1244->1251->1269->1275->1278->1296->1322->1330->1348->1364->1353->1358->1361->1362->1368->1379->1381->1387->1390->1403->1417->1434->1428->1453->1462->1463->1481->1497->1500->1502->1503->1508->1510->1512->1531->1518->1528->1540->1542->1554->1555->1568->1576->1582->1583->1594->1586->1588->1599->1618->1593->1601->1604->1607->1616->1620->1633->1641->1680->1688->1719->1739->1751->1982,1982->2000
N2000_C2_I1,2000,6864,100,2979,75,1968,2000,0.9,0.5,20.5,0.9,9525.919,1982,514,1982_S001,near,0.1535,0.00162,0.003289,0.178,0.0356,0.038889,6.46,0.7324060318565665,1968->1955->1807->1789->1788->1488->1495->1479->1486->1471->1465->1460->1152->1149->1142->1134->1130->1125->1117->1113->1129->1111->1099->1089->1075->1069->1065->1064->1063->1051->1042->1039->1050->1037->1036->1027->1006->988->981->969->929->924->917->912->904->903->896->892->905->888->575->564->560->549->547->545->543->540->538->561->548->542->534->259->254->235->233->232->230->229->217->50->48->47->43->42->41->40->56->38->265->263->275->288->290->293->306->317->358->363->379->384->394->407->396->397->401->406->398->403->413->440->449->455->460->468->753->763->765->764->766->783->784->791->815->816->821->826->830->839->842->849->852->860->1184->1502->1782->1785->1818->1821->1823->1824->1857->1861->1871->1890->1907->1906->1940->1941->1951->1969->1980->1978->1982,1982->2000
N2000_C3_I1,2000,6392,197,5883,75,1968,2000,0.9,0.5,20.5,0.9,12034.862,1982,514,1982_S001,near,0.18700000000000017,0.00162,0.003289,0.178,0.0356,0.038889,6.46,0.7504521897196585,1968->1955->1807->1789->1788->1781->1779->1774->1784->1780->1778->1766->1764->1740->1736->1735->1731->1718->1713->1707->1693->1681->1677->1672->1665->1664->1655->1649->1643->1637->1628->1610->1587->1579->1552->1550->1548->1530->1537->1525->1492->1490->1488->1495->1479->1486->1471->1465->1460->1430->1423->1406->1401->1391->1384->1380->1374->1373->1369->1359->1355->1344->1311->1301->1310->1298->1290->1281->1274->1270->1279->1277->1262->1257->1254->1252->1234->1219->1206->1228->1212->1203->1194->1197->1177->1170->1153->1152->1149->1142->1134->1130->1125->1117->1113->1129->1111->1099->1089->1075->1069->1065->1064->1063->1051->1042->1039->1050->1037->1036->1027->1006->988->981->969->929->924->917->912->904->903->896->892->905->888->885->878->877->874->865->861->857->856->851->818->813->810->812->805->786->762->776->757->755->725->715->711->708->705->696->691->697->698->689->687->681->674->667->659->657->636->609->599->592->588->576->574->586->568->575->564->560->549->547->545->543->540->538->561->548->542->534->539->526->525->527->508->501->476->469->463->467->450->436->430->415->408->393->387->372->375->371->362->373->356->350->365->348->346->344->334->337->331->329->324->321->309->298->296->289->284->266->262->259->254->235->233->232->230->229->217->228->210->206->209->201->198->196->193->190->183->178->174->168->164->163->162->155->169->108->105->51->50->48->47->43->42->77->69->68->63->21->1->9->10->11->15->24->19->28->22->30->34->54->53->89->49->85->100->119->114->122->123->125->133->134->181->143->146->156->166->158->173->185->197->204->202->260->263->275->288->290->293->306->317->358->363->379->384->394->407->396->397->401->406->398->403->413->440->449->455->460->468->462->471->482->497->517->518->537->546->551->553->555->562->569->570->573->593->600->602->615->628->637->642->658->668->694->700->713->721->734->745->748->749->753->763->765->764->766->783->784->791->815->816->821->826->830->839->842->849->852->860->864->866->867->870->880->882->889->887->893->894->910->933->944->946->948->976->978->985->991->995->1017->1024->1031->1071->1077->1079->1091->1100->1110->1120->1122->1139->1167->1168->1181->1175->1189->1192->1204->1182->1184->1193->1205->1210->1223->1229->1230->1241->1232->1237->1242->1244->1251->1269->1275->1278->1296->1322->1330->1348->1364->1353->1358->1361->1362->1368->1379->1381->1387->1390->1403->1417->1434->1428->1453->1462->1463->1481->1497->1500->1502->1503->1508->1510->1512->1531->1518->1528->1540->1542->1554->1555->1568->1576->1582->1583->1594->1586->1588->1599->1618->1593->1601->1604->1607->1616->1620->1633->1641->1680->1688->1719->1739->1751->1982,1982->2000
N2000_C4_I1,2000,6198,100,2979,164,1968,2000,0.9,1.0,20.5,0.9,9603.523,1982,514,1982_S001,near,0.18700000000000017,0.001477,0.002577,0.178,0.0356,0.038177,6.56,0.5761083003620473,1968->1955->1807->1789->1788->1781->1779->1774->1784->1780->1778->1766->1764->1740->1736->1735->1731->1718->1713->1707->1693->1681->1677->1672->1665->1664->1655->1649->1643->1637->1628->1610->1587->1579->1552->1550->1548->1530->1537->1525->1492->1490->1488->1495->1479->1486->1471->1465->1460->1430->1423->1406->1401->1391->1384->1380->1374->1373->1369->1359->1355->1344->1311->1301->1310->1298->1290->1281->1274->1270->1279->1277->1262->1257->1254->1252->1234->1219->1206->1228->1212->1203->1194->1197->1177->1170->1153->1152->1149->1142->1134->1130->1125->1117->1113->1129->1111->1099->1089->1075->1069->1065->1064->1063->1051->1042->1039->1050->1037->1036->1027->1006->988->981->969->929->924->917->912->904->903->896->892->905->888->885->878->877->874->865->861->857->856->851->818->813->810->812->805->786->762->776->757->755->725->715->711->708->705->696->691->697->698->689->687->681->674->667->659->657->636->609->599->592->588->576->574->586->568->575->564->560->549->547->545->543->540->538->561->548->542->534->539->526->525->527->508->501->476->469->463->467->450->436->430->415->408->393->387->372->375->371->362->373->356->350->365->348->346->344->334->337->331->329->324->321->309->298->296->289->284->266->262->259->254->235->233->232->230->229->217->228->210->206->209->201->198->196->193->190->183->178->174->168->164->163->162->155->169->108->105->51->50->48->47->43->42->77->69->68->63->21->1->9->10->11->15->24->19->28->22->30->34->54->53->89->49->85->100->119->114->122->123->125->133->134->181->143->146->156->166->158->173->185->197->204->202->260->263->275->288->290->293->306->317->358->363->379->384->394->407->396->397->401->406->398->403->413->440->449->455->460->468->462->471->482->497->517->518->537->546->551->553->555->562->569->570->573->593->600->602->615->628->637->642->658->668->694->700->713->721->734->745->748->749->753->763->765->764->766->783->784->791->815->816->821->826->830->839->842->849->852->860->864->866->867->870->880->882->889->887->893->894->910->933->944->946->948->976->978->985->991->995->1017->1024->1031->1071->1077->1079->1091->1100->1110->1120->1122->1139->1167->1168->1181->1175->1189->1192->1204->1182->1184->1193->1205->1210->1223->1229->1230->1241->1232->1237->1242->1244->1251->1269->1275->1278->1296->1322->1330->1348->1364->1353->1358->1361->1362->1368->1379->1381->1387->1390->1403->1417->1434->1428->1453->1462->1463->1481->1497->1500->1502->1503->1508->1510->1512->1531->1518->1528->1540->1542->1554->1555->1568->1576->1582->1583->1594->1586->1588->1599->1618->1593->1601->1604->1607->1616->1620->1633->1641->1680->1688->1719->1739->1751->1982,1982->2000
N2000_C5_I1,2000,6198,100,2979,75,1968,2000,0.9,0.5,20.5,0.9,10228.14,1982,514,1982_S001,near,0.2661000000000004,0.00162,0.003289,0.178,0.0356,0.038889,6.46,0.7934346329118167,1968->1955->1807->1789->1788->1781->1779->1774->1784->1780->1778->1767->1764->1740->1736->1735->1731->1718->1713->1707->1693->1681->1677->1672->1665->1673->1664->1655->1649->1643->1637->1628->1625->1610->1587->1579->1552->1550->1548->1530->1537->1525->1492->1490->1488->1495->1479->1486->1471->1465->1460->1430->1423->1406->1401->1391->1384->1380->1374->1373->1369->1359->1355->1344->1311->1301->1310->1298->1290->1281->1274->1270->1279->1262->1257->1254->1252->1234->1219->1206->1212->1203->1194->1197->1177->1170->1153->1152->1149->1142->1134->1130->1125->1117->1113->1129->1111->1099->1089->1075->1069->1065->1064->1063->1051->1042->1039->1050->1037->1036->1027->1006->988->981->969->929->924->917->912->904->903->896->892->905->888->885->878->877->874->865->861->857->856->851->813->810->805->786->762->761->757->755->725->715->711->708->705->696->691->697->689->687->681->674->667->659->657->636->609->599->592->588->576->574->586->568->575->564->560->549->547->545->543->540->538->561->548->542->534->539->526->525->527->508->501->476->469->463->467->450->436->430->408->393->387->372->375->371->362->373->356->350->353->348->346->344->334->337->331->329->324->321->309->298->296->289->284->266->262->259->254->235->233->232->230->229->217->228->210->206->209->201->198->196->193->190->183->178->174->168->164->163->130->120->79->57->52->51->50->48->47->43->42->41->40->56->38->55->37->31->25->36->46->35->23->21->1->5->6->10->11->15->24->19->28->22->30->34->54->53->89->49->85->100->119->114->122->123->125->133->134->181->143->146->156->166->158->173->185->192->204->202->260->263->275->288->290->293->306->317->358->363->379->384->394->407->396->397->401->406->398->403->413->440->449->453->455->460->468->471->482->497->517->518->536->537->546->551->553->555->562->569->570->573->593->600->602->615->628->637->642->658->668->694->700->713->721->734->745->748->749->753->763->765->764->766->783->784->791->815->816->821->826->830->839->842->849->852->860->864->866->867->870->880->882->889->887->893->894->910->933->944->946->956->976->978->985->991->995->1017->1024->1031->1071->1077->1079->1091->1100->1110->1120->1116->1122->1139->1167->1168->1181->1175->1178->1192->1204->1182->1184->1193->1205->1210->1223->1229->1230->1241->1232->1237->1242->1244->1251->1269->1275->1278->1296->1322->1330->1348->1364->1353->1358->1361->1362->1368->1379->1381->1387->1390->1403->1417->1434->1428->1453->1462->1463->1481->1497->1500->1502->1503->1508->1510->1512->1531->1518->1528->1540->1542->1554->1555->1568->1576->1582->1583->1594->1586->1590->1600->1618->1593->1601->1604->1607->1616->1620->1630->1633->1641->1680->1688->1719->1739->1751->1978->1982,1982->2000
N2000_C6_I1,2000,6198,100,2979,75,1968,2000,0.9,0.5,20.5,0.9,10400.955,1982,514,1982_S001,near,0.5618000000000004,0.00162,0.003289,0.178,0.0356,0.038889,6.46,0.8593074589224885,1968->1955->1807->1789->1788->1781->1779->1774->1771->1780->1778->1766->1764->1740->1736->1735->1731->1718->1713->1707->1693->1681->1677->1672->1665->1673->1664->1655->1649->1640->1643->1637->1628->1610->1587->1579->1552->1550->1548->1547->1530->1537->1525->1492->1490->1488->1495->1479->1486->1471->1465->1460->1430->1423->1406->1401->1391->1384->1380->1374->1373->1369->1359->1355->1344->1311->1301->1310->1298->1290->1281->1274->1270->1279->1262->1257->1254->1252->1234->1219->1206->1228->1212->1203->1194->1197->1183->1177->1170->1153->1152->1149->1142->1134->1130->1125->1117->1113->1129->1111->1099->1089->1075->1069->1065->1064->1063->1051->1042->1039->1050->1037->1036->1027->1006->988->981->969->929->924->917->912->904->903->896->892->905->888->885->878->877->874->865->857->856->851->813->810->812->805->786->762->761->757->755->741->725->715->711->708->705->696->691->697->698->689->687->681->674->667->659->657->636->609->599->592->588->576->574->586->568->575->564->560->549->547->545->543->540->566->561->548->542->534->539->526->525->527->519->501->476->469->463->450->436->430->408->393->387->372->375->371->362->361->356->350->353->348->346->349->334->337->331->329->324->321->314->309->298->296->289->284->266->262->259->254->235->233->232->230->229->217->228->210->206->209->201->198->196->193->190->183->178->174->168->164->163->162->175->172->112->110->105->51->50->48->47->42->41->40->56->38->55->37->31->25->36->46->35->23->21->1->2->3->4->8->12->24->19->28->22->30->34->54->53->89->49->85->100->119->114->122->123->125->133->134->181->143->146->156->166->158->173->185->197->204->202->260->263->268->275->288->290->293->306->317->358->363->379->384->394->407->396->397->401->406->398->403->413->440->449->453->455->460->461->462->471->482->497->517->518->537->546->551->553->555->562->569->570->573->593->600->602->615->628->637->642->658->668->694->700->713->721->734->745->748->749->753->763->764->766->783->784->791->815->816->821->826->830->839->854->849->852->860->864->866->867->870->880->882->887->893->894->910->933->944->946->948->976->978->985->991->995->1017->1024->1031->1071->1077->1079->1091->1100->1110->1120->1122->1139->1167->1168->1181->1175->1189->1192->1180->1182->1184->1193->1205->1210->1223->1229->1230->1241->1232->1237->1242->1244->1251->1269->1275->1278->1296->1322->1330->1348->1364->1353->1358->1361->1362->1368->1379->1381->1387->1390->1403->1417->1434->1426->1428->1453->1462->1463->1481->1497->1500->1502->1503->1508->1510->1512->1531->1518->1528->1540->1542->1554->1555->1568->1576->1582->1583->1594->1586->1588->1599->1618->1593->1601->1595->1607->1616->1620->1630->1633->1641->1680->1688->1719->1739->1751->1980->1978->1982,1982->2000
N2000_C7_I1,2000,6198,100,2979,75,1968,2000,0.9,0.5,20.5,0.9,9839.455,1982,514,1982_S001,near,0.18700000000000017,0.00162,0.003289,0.178,0.0356,0.038889,6.46,0.7504521897196585,1968->1955->1807->1789->1788->1781->1779->1774->1784->1780->1778->1766->1764->1740->1736->1735->1731->1718->1713->1707->1693->1681->1677->1672->1665->1664->1655->1649->1643->1637->1628->1610->1587->1579->1552->1550->1548->1530->1537->1525->1492->1490->1488->1495->1479->1486->1471->1465->1460->1430->1423->1406->1401->1391->1384->1380->1374->1373->1369->1359->1355->1344->1311->1301->1310->1298->1290->1281->1274->1270->1279->1277->1262->1257->1254->1252->1234->1219->1206->1228->1212->1203->1194->1197->1177->1170->1153->1152->1149->1142->1134->1130->1125->1117->1113->1129->1111->1099->1089->1075->1069->1065->1064->1063->1051->1042->1039->1050->1037->1036->1027->1006->988->981->969->929->924->917->912->904->903->896->892->905->888->885->878->877->874->865->861->857->856->851->818->813->810->812->805->786->762->776->757->755->725->715->711->708->705->696->691->697->698->689->687->681->674->667->659->657->636->609->599->592->588->576->574->586->568->575->564->560->549->547->545->543->540->538->561->548->542->534->539->526->525->527->508->501->476->469->463->467->450->436->430->415->408->393->387->372->375->371->362->373->356->350->365->348->346->344->334->337->331->329->324->321->309->298->296->289->284->266->262->259->254->235->233->232->230->229->217->228->210->206->209->201->198->196->193->190->183->178->174->168->164->163->162->155->169->108->105->51->50->48->47->43->42->77->69->68->63->21->1->9->10->11->15->24->19->28->22->30->34->54->53->89->49->85->100->119->114->122->123->125->133->134->181->143->146->156->166->158->173->185->197->204->202->260->263->275->288->290->293->306->317->358->363->379->384->394->407->396->397->401->406->398->403->413->440->449->455->460->468->462->471->482->497->517->518->537->546->551->553->555->562->569->570->573->593->600->602->615->628->637->642->658->668->694->700->713->721->734->745->748->749->753->763->765->764->766->783->784->791->815->816->821->826->830->839->842->849->852->860->864->866->867->870->880->882->889->887->893->894->910->933->944->946->948->976->978->985->991->995->1017->1024->1031->1071->1077->1079->1091->1100->1110->1120->1122->1139->1167->1168->1181->1175->1189->1192->1204->1182->1184->1193->1205->1210->1223->1229->1230->1241->1232->1237->1242->1244->1251->1269->1275->1278->1296->1322->1330->1348->1364->1353->1358->1361->1362->1368->1379->1381->1387->1390->1403->1417->1434->1428->1453->1462->1463->1481->1497->1500->1502->1503->1508->1510->1512->1531->1518->1528->1540->1542->1554->1555->1568->1576->1582->1583->1594->1586->1588->1599->1618->1593->1601->1604->1607->1616->1620->1633->1641->1680->1688->1719->1739->1751->1982,1982->2000
N2000_C8_I1,2000,6198,100,2979,75,1968,2000,0.1,0.5,20.5,0.1,9776.617,1982,514,1982_S001,near,0.18700000000000017,0.00162,0.003289,0.178,0.0356,0.038889,6.46,0.7504521897196585,1968->1955->1807->1789->1788->1781->1779->1774->1784->1780->1778->1766->1764->1740->1736->1735->1731->1718->1713->1707->1693->1681->1677->1672->1665->1664->1655->1649->1643->1637->1628->1610->1587->1579->1552->1550->1548->1530->1537->1525->1492->1490->1488->1495->1479->1486->1471->1465->1460->1430->1423->1406->1401->1391->1384->1380->1374->1373->1369->1359->1355->1344->1311->1301->1310->1298->1290->1281->1274->1270->1279->1277->1262->1257->1254->1252->1234->1219->1206->1228->1212->1203->1194->1197->1177->1170->1153->1152->1149->1142->1134->1130->1125->1117->1113->1129->1111->1099->1089->1075->1069->1065->1064->1063->1051->1042->1039->1050->1037->1036->1027->1006->988->981->969->929->924->917->912->904->903->896->892->905->888->885->878->877->874->865->861->857->856->851->818->813->810->812->805->786->762->776->757->755->725->715->711->708->705->696->691->697->698->689->687->681->674->667->659->657->636->609->599->592->588->576->574->586->568->575->564->560->549->547->545->543->540->538->561->548->542->534->539->526->525->527->508->501->476->469->463->467->450->436->430->415->408->393->387->372->375->371->362->373->356->350->365->348->346->344->334->337->331->329->324->321->309->298->296->289->284->266->262->259->254->235->233->232->230->229->217->228->210->206->209->201->198->196->193->190->183->178->174->168->164->163->162->155->169->108->105->51->50->48->47->43->42->77->69->68->63->21->1->9->10->11->15->24->19->28->22->30->34->54->53->89->49->85->100->119->114->122->123->125->133->134->181->143->146->156->166->158->173->185->197->204->202->260->263->275->288->290->293->306->317->358->363->379->384->394->407->396->397->401->406->398->403->413->440->449->455->460->468->462->471->482->497->517->518->537->546->551->553->555->562->569->570->573->593->600->602->615->628->637->642->658->668->694->700->713->721->734->745->748->749->753->763->765->764->766->783->784->791->815->816->821->826->830->839->842->849->852->860->864->866->867->870->880->882->889->887->893->894->910->933->944->946->948->976->978->985->991->995->1017->1024->1031->1071->1077->1079->1091->1100->1110->1120->1122->1139->1167->1168->1181->1175->1189->1192->1204->1182->1184->1193->1205->1210->1223->1229->1230->1241->1232->1237->1242->1244->1251->1269->1275->1278->1296->1322->1330->1348->1364->1353->1358->1361->1362->1368->1379->1381->1387->1390->1403->1417->1434->1428->1453->1462->1463->1481->1497->1500->1502->1503->1508->1510->1512->1531->1518->1528->1540->1542->1554->1555->1568->1576->1582->1583->1594->1586->1588->1599->1618->1593->1601->1604->1607->1616->1620->1633->1641->1680->1688->1719->1739->1751->1982,1982->2000
N2000_C9_I1,2000,6198,100,2979,46,1968,2000,0.9,0.5,15.0,0.9,9927.446,1982,514,1982_S001,near,0.18700000000000017,0.00162,0.003289,0.178,0.0356,0.038889,6.46,0.7625106872052434,1968->1955->1807->1789->1788->1781->1779->1774->1784->1780->1778->1766->1764->1740->1736->1735->1731->1718->1713->1707->1693->1681->1677->1672->1665->1664->1655->1649->1643->1637->1628->1610->1587->1579->1552->1550->1548->1530->1537->1525->1492->1490->1488->1495->1479->1486->1471->1465->1460->1430->1423->1406->1401->1391->1384->1380->1374->1373->1369->1359->1355->1344->1311->1301->1310->1298->1290->1281->1274->1270->1279->1277->1262->1257->1254->1252->1234->1219->1206->1228->1212->1203->1194->1197->1177->1170->1153->1152->1149->1142->1134->1130->1125->1117->1113->1129->1111->1099->1089->1075->1069->1065->1064->1063->1051->1042->1039->1050->1037->1036->1027->1006->988->981->969->929->924->917->912->904->903->896->892->905->888->885->878->877->874->865->861->857->856->851->818->813->810->812->805->786->762->776->757->755->725->715->711->708->705->696->691->697->698->689->687->681->674->667->659->657->636->609->599->592->588->576->574->586->568->575->564->560->549->547->545->543->540->538->561->548->542->534->539->526->525->527->508->501->476->469->463->467->450->436->430->415->408->393->387->372->375->371->362->373->356->350->365->348->346->344->334->337->331->329->324->321->309->298->296->289->284->266->262->259->254->235->233->232->230->229->217->228->210->206->209->201->198->196->193->190->183->178->174->168->164->163->162->155->169->108->105->51->50->48->47->43->42->77->69->68->63->21->1->9->10->11->15->24->19->28->22->30->34->54->53->89->49->85->100->119->114->122->123->125->133->134->181->143->146->156->166->158->173->185->197->204->202->260->263->275->288->290->293->306->317->358->363->379->384->394->407->396->397->401->406->398->403->413->440->449->455->460->468->462->471->482->497->517->518->537->546->551->553->555->562->569->570->573->593->600->602->615->628->637->642->658->668->694->700->713->721->734->745->748->749->753->763->765->764->766->783->784->791->815->816->821->826->830->839->842->849->852->860->864->866->867->870->880->882->889->887->893->894->910->933->944->946->948->976->978->985->991->995->1017->1024->1031->1071->1077->1079->1091->1100->1110->1120->1122->1139->1167->1168->1181->1175->1189->1192->1204->1182->1184->1193->1205->1210->1223->1229->1230->1241->1232->1237->1242->1244->1251->1269->1275->1278->1296->1322->1330->1348->1364->1353->1358->1361->1362->1368->1379->1381->1387->1390->1403->1417->1434->1428->1453->1462->1463->1481->1497->1500->1502->1503->1508->1510->1512->1531->1518->1528->1540->1542->1554->1555->1568->1576->1582->1583->1594->1586->1588->1599->1618->1593->1601->1604->1607->1616->1620->1633->1641->1680->1688->1719->1739->1751->1982,1982->2000
N2055_C10_I1,2055,5299,103,3055,10,1824,283,0.9,0.5,20.5,0.9,812.164,1682,304,1682_S001,near,0.1691,0.001921,0.004941,0.389,0.0778,0.082741,15.27,0.949091121239786,1824->1969->193->2023->2008->2006->1233->157->2001->253->1232->1245->342->75->259->1847->1995->1844->1845->346->936->347->348->1996->1210->1115->343->1911->1800->344->959->1717->1243->1371->1909->897->500->1908->1687->135->1895->1517->1894->389->1893->386->1999->1900->1998->1935->1901->1981->1983->1902->1982->1903->194->1977->40->1904->2025->227->2011->270->501->1938->1958->1771->1957->1937->526->213->1956->471->1955->129->655->1954->1811->2027->1375->1797->2050->4->1113->124->2028->1951->2002->1635->1949->1619->50->1948->1107->47->1670->48->1672->1433->1682,1682->283
N2055_C1_I1,2055,5299,103,3055,40,1824,283,0.9,0.5,20.5,0.9,2107.773,1682,304,1682_S001,near,0.2735000000000001,0.001921,0.004941,0.389,0.0778,0.082741,7.01,1.2223964481098342,1824->1969->193->2023->2008->2006->1233->157->2001->253->1232->1245->342->75->259->1847->1995->1844->1845->346->936->347->348->1996->1210->1115->343->1911->1800->344->959->1717->1243->1371->1909->897->500->1908->1687->135->1895->1517->1894->389->1893->386->1999->1900->1998->1935->1901->1981->1983->1902->1982->1903->194->1977->40->1904->2025->227->2011->270->501->1938->1958->1771->1957->1937->526->213->1956->471->1955->129->655->1954->1811->2027->1808->1253->1601->138->775->774->2->773->771->3->1427->60->1967->801->1723->1724->1728->151->1673->489->82->1674->1675->1365->5->62->283->487->488->914->1682,1682->283
N2055_C2_I1,2055,5983,103,3055,40,1824,283,0.9,0.5,20.5,0.9,2418.383,487,476,487_S001,near,0.16629999999999998,0.00145,0.002399,0.0655,0.0131,0.015499,19.66,11.861445999999999,1824->1969->193->2023->2008->2006->1233->157->1844->1845->346->936->347->348->1988->928->899->52->683->220->1999->1900->1998->1150->87->112->176->672->677->674->676->1643->127->1879->764->501->1938->1958->1771->1957->1937->526->213->1956->471->1955->129->655->1954->1811->2027->1808->1253->772->1377->1726->1724->1728->151->1673->489->488->487,487->283
N2055_C3_I1,2055,5503,205,6078,40,1824,283,0.9,0.5,20.5,0.9,2323.955,1682,304,1682_S001,near,0.2735000000000001,0.001921,0.004941,0.389,0.0778,0.082741,7.01,1.2223964481098342,1824->1969->193->2023->2008->2006->1233->157->2001->253->1232->1245->342->75->259->1847->1995->1844->1845->346->936->347->348->1996->1210->1115->343->1911->1800->344->959->1717->1243->1371->1909->897->500->1908->1687->135->1895->1517->1894->389->1893->386->1999->1900->1998->1935->1901->1981->1983->1902->1982->1903->194->1977->40->1904->2025->227->2011->270->501->1938->1958->1771->1957->1937->526->213->1956->471->1955->129->655->1954->1811->2027->1808->1253->1601->138->775->774->2->773->771->3->1427->60->1967->801->1723->1724->1728->151->1673->489->82->1674->1675->1365->5->62->283->487->488->914->1682,1682->283
N2055_C4_I1,2055,5299,103,3055,93,1824,283,0.9,1.0,20.5,0.9,3979.036,1670,2760,1670_S001,near,0.1588,0.001938,0.004957,0.778,0.1556,0.16055699999999998,6.25,0.8358398836138756,1824->1969->193->2023->2008->2006->1233->157->2001->253->1232->1245->342->75->259->1847->1995->1844->1845->346->936->347->348->1996->1210->1115->343->1911->1800->344->959->1717->1243->1371->1909->897->500->1908->1687->135->1895->1517->1894->389->1893->386->1999->1900->1998->1935->1901->1981->1983->1902->1982->1903->194->1977->40->1904->2025->227->2011->270->501->1938->1958->1771->1957->1937->526->213->1956->471->1955->129->655->1954->1811->2027->1375->1797->2050->4->1113->124->2028->1951->2002->1635->1949->1619->50->1948->1107->47->1670,1670->283
N2055_C5_I1,2055,5299,103,3055,40,1824,283,0.9,0.5,20.5,0.9,2294.286,1682,304,1682_S001,near,0.2106,0.001921,0.004941,0.389,0.0778,0.082741,7.01,0.8948366115486047,1824->1969->193->2023->2008->2006->1233->157->2001->253->1232->1245->342->75->259->1847->1995->1846->567->1971->1211->933->22->1220->23->932->1236->565->930->835->919->2035->2021->248->2037->2043->2044->1776->2051->2045->2042->1148->1151->86->160->161->162->163->478->83->235->477->1586->925->205->476->1583->475->1589->1590->1630->1252->474->963->490->1832->92->775->774->2->773->771->3->1427->60->1967->801->1723->1724->1728->151->1673->489->488->914->1682,1682->283
N2055_C6_I1,2055,5299,103,3055,40,1824,283,0.9,0.5,20.5,0.9,733.635,1682,304,1682_S001,near,0.46649999999999986,0.001921,0.004941,0.389,0.0778,0.082741,7.01,0.9350839344419797,1824->1969->193->2023->2008->2006->1233->157->2001->253->1232->1245->342->75->259->1847->1995->1846->567->1971->1211->933->22->1220->23->1126->1123->1221->1125->1124->2032->212->24->2046->2041->2033->2034->920->948->1054->1156->633->1421->909->660->659->658->657->1276->1274->1269->427->65->1313->637->1311->2013->1961->1172->1170->1962->636->802->803->804->1112->1087->800->168->1679->6->5->1365->1675->1676->1677->488->914->1682,1682->283
N2055_C7_I1,2055,5299,103,3055,40,1824,283,0.9,0.5,20.5,0.9,2091.861,1682,304,1682_S001,near,0.2735000000000001,0.001921,0.004941,0.389,0.0778,0.082741,7.01,1.2223964481098342,1824->1969->193->2023->2008->2006->1233->157->2001->253->1232->1245->342->75->259->1847->1995->1844->1845->346->936->347->348->1996->1210->1115->343->1911->1800->344->959->1717->1243->1371->1909->897->500->1908->1687->135->1895->1517->1894->389->1893->386->1999->1900->1998->1935->1901->1981->1983->1902->1982->1903->194->1977->40->1904->2025->227->2011->270->501->1938->1958->1771->1957->1937->526->213->1956->471->1955->129->655->1954->1811->2027->1808->1253->1601->138->775->774->2->773->771->3->1427->60->1967->801->1723->1724->1728->151->1673->489->82->1674->1675->1365->5->62->283->487->488->914->1682,1682->283
N2055_C8_I1,2055,5299,103,3055,40,1824,283,0.1,0.5,20.5,0.1,2094.367,1682,304,1682_S001,near,0.2735000000000001,0.001921,0.004941,0.389,0.0778,0.082741,7.01,1.2223964481098342,1824->1969->193->2023->2008->2006->1233->157->2001->253->1232->1245->342->75->259->1847->1995->1844->1845->346->936->347->348->1996->1210->1115->343->1911->1800->344->959->1717->1243->1371->1909->897->500->1908->1687->135->1895->1517->1894->389->1893->386->1999->1900->1998->1935->1901->1981->1983->1902->1982->1903->194->1977->40->1904->2025->227->2011->270->501->1938->1958->1771->1957->1937->526->213->1956->471->1955->129->655->1954->1811->2027->1808->1253->1601->138->775->774->2->773->771->3->1427->60->1967->801->1723->1724->1728->151->1673->489->82->1674->1675->1365->5->62->283->487->488->914->1682,1682->283
N2055_C9_I1,2055,5299,103,3055,19,1824,283,0.9,0.5,15.0,0.9,948.22,1682,304,1682_S001,near,0.1691,0.001921,0.004941,0.389,0.0778,0.082741,7.01,0.8963702434983607,1824->1969->193->2023->2008->2006->1233->157->2001->253->1232->1245->342->75->259->1847->1995->1844->1845->346->936->347->348->1996->1210->1115->343->1911->1800->344->959->1717->1243->1371->1909->897->500->1908->1687->135->1895->1517->1894->389->1893->386->1999->1900->1998->1935->1901->1981->1983->1902->1982->1903->194->1977->40->1904->2025->227->2011->270->501->1938->1958->1771->1957->1937->526->213->1956->471->1955->129->655->1954->1811->2027->1375->1797->2050->4->1113->124->2028->1951->2002->1635->1949->1619->50->1948->1107->47->1670->48->1672->1433->1682,1682->283
N2055_PS_edge_density_baseline_5385_I1,2055,5299,103,3055,40,1824,283,0.9,0.5,20.5,0.9,2887.738,487,476,487_S001,near,0.171,0.00145,0.002399,0.0655,0.0131,0.015499,19.66,12.115246,1824->1969->193->2023->2008->2006->1233->157->2001->253->1232->1245->342->75->259->1847->1995->1844->1845->346->936->347->348->1996->1210->1115->343->1911->1800->344->959->1717->1243->1371->1909->897->500->1908->1687->135->1895->1517->1894->389->1893->386->1999->1900->1998->1935->1901->1981->1983->1902->1982->1903->194->1977->40->1904->2025->227->2011->270->501->1938->1958->1771->1957->1937->526->213->1956->471->1955->129->655->1954->1811->2027->1808->1253->1601->138->775->774->2->773->771->3->1427->60->1967->801->1723->1724->1728->151->1673->489->488->487,487->283
N2055_PS_edge_density_dense_6069_I1,2055,5983,103,3055,40,1824,283,0.9,0.5,20.5,0.9,2228.118,487,476,487_S001,near,0.1566,0.00145,0.002399,0.0655,0.0131,0.015499,19.66,11.337646,1824->1969->193->2023->2008->2006->1233->157->2001->253->1232->1245->342->75->259->1847->1995->1846->567->1971->1211->933->22->1220->23->1126->932->931->2032->212->921->1291->528->477->1586->925->205->476->1583->475->1518->775->138->1967->801->1723->1724->1728->151->1673->489->488->487,487->283
N2055_PS_edge_density_denser_6753_I1,2055,6667,103,3055,40,1824,283,0.9,0.5,20.5,0.9,2371.314,487,476,487_S001,near,0.1753,0.00145,0.002399,0.0655,0.0131,0.015499,19.66,12.347446000000001,1824->1969->193->2023->2008->2006->1233->157->2001->253->346->936->347->348->1988->928->899->52->683->53->1251->18->1151->194->1977->40->1904->2025->227->2011->270->1905->136->1906->1592->937->1879->127->128->474->963->490->1832->92->775->138->1967->801->1723->1724->1728->151->1673->489->488->487,487->283
N2055_PS_edge_density_densest_7437_I1,2055,7351,103,3055,40,1824,283,0.9,0.5,20.5,0.9,4145.116,487,476,487_S001,near,0.20000000000000007,0.00145,0.002399,0.0655,0.0131,0.015499,19.66,13.681246000000005,1824->1969->193->2023->2008->2006->1233->157->2001->253->346->936->347->348->1988->928->899->52->683->53->1251->18->1151->194->1977->40->1904->2025->227->2011->270->1905->136->1906->1592->937->1762->1761->1473->1529->1763->665->666->667->939->1594->941->940->1109->778->777->1907->781->1928->1929->490->1832->92->775->138->1967->801->1723->1724->1728->151->1673->489->488->487,487->283
N2055_PS_parking_budget_Cmax100_I1,2055,5299,103,3055,10,1824,283,0.9,0.5,10.0,0.9,2653.435,915,441,915_S001,near,0.17120000000000002,0.001623,0.003411,0.1965,0.0393,0.042711,9.08,12.546836000000003,1824->1969->193->2023->2008->2006->1233->157->2001->253->1232->1245->342->75->259->1847->1995->1844->1845->346->936->347->348->1996->1210->1115->343->1911->1800->344->959->1717->1243->1371->1909->897->500->1908->1687->135->1895->1517->1894->389->1893->386->1999->1900->1998->1935->1901->1981->1983->1902->1982->1903->194->1977->40->1904->2025->227->2011->270->501->1938->1958->1771->1957->1937->526->213->1956->471->1955->129->655->1954->1811->2027->1808->1253->1601->138->775->774->2->773->771->3->1427->60->1967->801->1723->1724->1728->151->1673->489->488->1677->1676->915,915->283
N2055_PS_parking_budget_Cmax150_I1,2055,5299,103,3055,19,1824,283,0.9,0.5,15.0,0.9,2942.583,915,441,915_S001,near,0.17120000000000002,0.001623,0.003411,0.1965,0.0393,0.042711,9.08,12.546836000000003,1824->1969->193->2023->2008->2006->1233->157->2001->253->1232->1245->342->75->259->1847->1995->1844->1845->346->936->347->348->1996->1210->1115->343->1911->1800->344->959->1717->1243->1371->1909->897->500->1908->1687->135->1895->1517->1894->389->1893->386->1999->1900->1998->1935->1901->1981->1983->1902->1982->1903->194->1977->40->1904->2025->227->2011->270->501->1938->1958->1771->1957->1937->526->213->1956->471->1955->129->655->1954->1811->2027->1808->1253->1601->138->775->774->2->773->771->3->1427->60->1967->801->1723->1724->1728->151->1673->489->488->1677->1676->915,915->283
N2055_PS_parking_budget_Cmax205_I1,2055,5299,103,3055,40,1824,283,0.9,0.5,20.5,0.9,2868.86,487,476,487_S001,near,0.171,0.00145,0.002399,0.0655,0.0131,0.015499,19.66,12.115246,1824->1969->193->2023->2008->2006->1233->157->2001->253->1232->1245->342->75->259->1847->1995->1844->1845->346->936->347->348->1996->1210->1115->343->1911->1800->344->959->1717->1243->1371->1909->897->500->1908->1687->135->1895->1517->1894->389->1893->386->1999->1900->1998->1935->1901->1981->1983->1902->1982->1903->194->1977->40->1904->2025->227->2011->270->501->1938->1958->1771->1957->1937->526->213->1956->471->1955->129->655->1954->1811->2027->1808->1253->1601->138->775->774->2->773->771->3->1427->60->1967->801->1723->1724->1728->151->1673->489->488->487,487->283
N2055_PS_parking_budget_Cmax250_I1,2055,5299,103,3055,46,1824,283,0.9,0.5,25.0,0.9,2940.762,487,476,487_S001,near,0.171,0.00145,0.002399,0.0655,0.0131,0.015499,19.66,12.115246,1824->1969->193->2023->2008->2006->1233->157->2001->253->1232->1245->342->75->259->1847->1995->1844->1845->346->936->347->348->1996->1210->1115->343->1911->1800->344->959->1717->1243->1371->1909->897->500->1908->1687->135->1895->1517->1894->389->1893->386->1999->1900->1998->1935->1901->1981->1983->1902->1982->1903->194->1977->40->1904->2025->227->2011->270->501->1938->1958->1771->1957->1937->526->213->1956->471->1955->129->655->1954->1811->2027->1808->1253->1601->138->775->774->2->773->771->3->1427->60->1967->801->1723->1724->1728->151->1673->489->488->487,487->283
N2055_PS_parking_cost_100_225_I1,2055,5299,103,3055,27,1824,283,0.9,0.5,20.5,0.9,2858.136,915,441,915_S001,near,0.17120000000000002,0.001623,0.003411,0.1965,0.0393,0.042711,11.33,12.771836000000002,1824->1969->193->2023->2008->2006->1233->157->2001->253->1232->1245->342->75->259->1847->1995->1844->1845->346->936->347->348->1996->1210->1115->343->1911->1800->344->959->1717->1243->1371->1909->897->500->1908->1687->135->1895->1517->1894->389->1893->386->1999->1900->1998->1935->1901->1981->1983->1902->1982->1903->194->1977->40->1904->2025->227->2011->270->501->1938->1958->1771->1957->1937->526->213->1956->471->1955->129->655->1954->1811->2027->1808->1253->1601->138->775->774->2->773->771->3->1427->60->1967->801->1723->1724->1728->151->1673->489->488->1677->1676->915,915->283
N2055_PS_parking_cost_125_250_I1,2055,5299,103,3055,17,1824,283,0.9,0.5,20.5,0.9,2843.182,915,441,915_S001,near,0.17120000000000002,0.001623,0.003411,0.1965,0.0393,0.042711,14.32,13.070836000000003,1824->1969->193->2023->2008->2006->1233->157->2001->253->1232->1245->342->75->259->1847->1995->1844->1845->346->936->347->348->1996->1210->1115->343->1911->1800->344->959->1717->1243->1371->1909->897->500->1908->1687->135->1895->1517->1894->389->1893->386->1999->1900->1998->1935->1901->1981->1983->1902->1982->1903->194->1977->40->1904->2025->227->2011->270->501->1938->1958->1771->1957->1937->526->213->1956->471->1955->129->655->1954->1811->2027->1808->1253->1601->138->775->774->2->773->771->3->1427->60->1967->801->1723->1724->1728->151->1673->489->488->1677->1676->915,915->283
N2055_PS_parking_cost_150_300_I1,2055,5299,103,3055,10,1824,283,0.9,0.5,20.5,0.9,2592.826,915,441,915_S001,near,0.17120000000000002,0.001623,0.003411,0.1965,0.0393,0.042711,18.22,13.460836000000002,1824->1969->193->2023->2008->2006->1233->157->2001->253->1232->1245->342->75->259->1847->1995->1844->1845->346->936->347->348->1996->1210->1115->343->1911->1800->344->959->1717->1243->1371->1909->897->500->1908->1687->135->1895->1517->1894->389->1893->386->1999->1900->1998->1935->1901->1981->1983->1902->1982->1903->194->1977->40->1904->2025->227->2011->270->501->1938->1958->1771->1957->1937->526->213->1956->471->1955->129->655->1954->1811->2027->1808->1253->1601->138->775->774->2->773->771->3->1427->60->1967->801->1723->1724->1728->151->1673->489->488->1677->1676->915,915->283
N2055_PS_parking_cost_80_205_I1,2055,5299,103,3055,40,1824,283,0.9,0.5,20.5,0.9,2947.368,487,476,487_S001,near,0.171,0.00145,0.002399,0.0655,0.0131,0.015499,19.66,12.115246,1824->1969->193->2023->2008->2006->1233->157->2001->253->1232->1245->342->75->259->1847->1995->1844->1845->346->936->347->348->1996->1210->1115->343->1911->1800->344->959->1717->1243->1371->1909->897->500->1908->1687->135->1895->1517->1894->389->1893->386->1999->1900->1998->1935->1901->1981->1983->1902->1982->1903->194->1977->40->1904->2025->227->2011->270->501->1938->1958->1771->1957->1937->526->213->1956->471->1955->129->655->1954->1811->2027->1808->1253->1601->138->775->774->2->773->771->3->1427->60->1967->801->1723->1724->1728->151->1673->489->488->487,487->283
N2055_PS_parking_supply_P10_I1,2055,5505,206,6224,40,1824,283,0.9,0.5,20.5,0.9,4319.643,487,476,487_S001,near,0.171,0.00145,0.002399,0.0655,0.0131,0.015499,19.66,12.115246,1824->1969->193->2023->2008->2006->1233->157->2001->253->1232->1245->342->75->259->1847->1995->1844->1845->346->936->347->348->1996->1210->1115->343->1911->1800->344->959->1717->1243->1371->1909->897->500->1908->1687->135->1895->1517->1894->389->1893->386->1999->1900->1998->1935->1901->1981->1983->1902->1982->1903->194->1977->40->1904->2025->227->2011->270->501->1938->1958->1771->1957->1937->526->213->1956->471->1955->129->655->1954->1811->2027->1808->1253->1601->138->775->774->2->773->771->3->1427->60->1967->801->1723->1724->1728->151->1673->489->488->487,487->283
N2055_PS_parking_supply_P15_I1,2055,5709,308,9316,40,1824,283,0.9,0.5,20.5,0.9,5732.286,487,476,487_S001,near,0.171,0.00145,0.002399,0.0655,0.0131,0.015499,19.66,12.115246,1824->1969->193->2023->2008->2006->1233->157->2001->253->1232->1245->342->75->259->1847->1995->1844->1845->346->936->347->348->1996->1210->1115->343->1911->1800->344->959->1717->1243->1371->1909->897->500->1908->1687->135->1895->1517->1894->389->1893->386->1999->1900->1998->1935->1901->1981->1983->1902->1982->1903->194->1977->40->1904->2025->227->2011->270->501->1938->1958->1771->1957->1937->526->213->1956->471->1955->129->655->1954->1811->2027->1808->1253->1601->138->775->774->2->773->771->3->1427->60->1967->801->1723->1724->1728->151->1673->489->488->487,487->283
N2055_PS_parking_supply_P20_I1,2055,5915,411,12360,40,1824,283,0.9,0.5,20.5,0.9,7209.456,487,476,487_S001,near,0.171,0.00145,0.002399,0.0655,0.0131,0.015499,19.66,12.115246,1824->1969->193->2023->2008->2006->1233->157->2001->253->1232->1245->342->75->259->1847->1995->1844->1845->346->936->347->348->1996->1210->1115->343->1911->1800->344->959->1717->1243->1371->1909->897->500->1908->1687->135->1895->1517->1894->389->1893->386->1999->1900->1998->1935->1901->1981->1983->1902->1982->1903->194->1977->40->1904->2025->227->2011->270->501->1938->1958->1771->1957->1937->526->213->1956->471->1955->129->655->1954->1811->2027->1808->1253->1601->138->775->774->2->773->771->3->1427->60->1967->801->1723->1724->1728->151->1673->489->488->487,487->283
N2055_PS_parking_supply_P5_I1,2055,5299,103,3144,40,1824,283,0.9,0.5,20.5,0.9,2924.539,487,476,487_S001,near,0.171,0.00145,0.002399,0.0655,0.0131,0.015499,19.66,12.115246,1824->1969->193->2023->2008->2006->1233->157->2001->253->1232->1245->342->75->259->1847->1995->1844->1845->346->936->347->348->1996->1210->1115->343->1911->1800->344->959->1717->1243->1371->1909->897->500->1908->1687->135->1895->1517->1894->389->1893->386->1999->1900->1998->1935->1901->1981->1983->1902->1982->1903->194->1977->40->1904->2025->227->2011->270->501->1938->1958->1771->1957->1937->526->213->1956->471->1955->129->655->1954->1811->2027->1808->1253->1601->138->775->774->2->773->771->3->1427->60->1967->801->1723->1724->1728->151->1673->489->488->487,487->283
N2055_PS_spot_availability_A10_I1,2055,5299,103,3055,40,1824,283,0.9,0.5,20.5,0.9,2862.521,487,476,487_S001,near,0.171,0.00145,0.002399,0.0655,0.0131,0.015499,19.66,12.115246,1824->1969->193->2023->2008->2006->1233->157->2001->253->1232->1245->342->75->259->1847->1995->1844->1845->346->936->347->348->1996->1210->1115->343->1911->1800->344->959->1717->1243->1371->1909->897->500->1908->1687->135->1895->1517->1894->389->1893->386->1999->1900->1998->1935->1901->1981->1983->1902->1982->1903->194->1977->40->1904->2025->227->2011->270->501->1938->1958->1771->1957->1937->526->213->1956->471->1955->129->655->1954->1811->2027->1808->1253->1601->138->775->774->2->773->771->3->1427->60->1967->801->1723->1724->1728->151->1673->489->488->487,487->283
N2055_PS_spot_availability_A20_I1,2055,5299,103,3055,69,1824,283,0.9,0.5,20.5,0.9,3319.243,487,476,487_S001,near,0.171,0.00145,0.002399,0.0655,0.0131,0.015499,19.66,12.115246,1824->1969->193->2023->2008->2006->1233->157->2001->253->1232->1245->342->75->259->1847->1995->1844->1845->346->936->347->348->1996->1210->1115->343->1911->1800->344->959->1717->1243->1371->1909->897->500->1908->1687->135->1895->1517->1894->389->1893->386->1999->1900->1998->1935->1901->1981->1983->1902->1982->1903->194->1977->40->1904->2025->227->2011->270->501->1938->1958->1771->1957->1937->526->213->1956->471->1955->129->655->1954->1811->2027->1808->1253->1601->138->775->774->2->773->771->3->1427->60->1967->801->1723->1724->1728->151->1673->489->488->487,487->283
N2055_PS_spot_availability_A30_I1,2055,5299,103,3055,94,1824,283,0.9,0.5,20.5,0.9,3835.793,487,476,487_S001,near,0.1746,0.00145,0.002399,0.0655,0.0131,0.015499,19.66,12.309646,1824->1969->193->2023->2008->2006->1233->157->2001->253->1232->1245->342->75->259->1847->1995->1844->1845->346->936->347->348->1996->1210->1115->343->1911->1800->344->959->1717->1243->1371->1909->897->500->1908->1687->135->1895->1517->1894->389->1893->386->1999->1900->1998->1935->1901->1981->1983->1902->1982->1903->194->1977->40->1904->2025->227->2011->270->501->1938->1958->1771->1957->1937->526->213->1956->471->1955->129->655->1954->1811->2027->1808->1253->1601->138->775->774->2->773->771->3->1427->60->1967->801->1723->1724->1728->151->1673->489->488->1677->1676->915->487,487->283
N2055_PS_spot_availability_A40_I1,2055,5299,103,3055,108,1824,283,0.9,0.5,20.5,0.9,4179.086,487,478,487_S003,near,0.171,0.002266,0.004168,0.0655,0.0131,0.017268,19.95,12.283836,1824->1969->193->2023->2008->2006->1233->157->2001->253->1232->1245->342->75->259->1847->1995->1844->1845->346->936->347->348->1996->1210->1115->343->1911->1800->344->959->1717->1243->1371->1909->897->500->1908->1687->135->1895->1517->1894->389->1893->386->1999->1900->1998->1935->1901->1981->1983->1902->1982->1903->194->1977->40->1904->2025->227->2011->270->501->1938->1958->1771->1957->1937->526->213->1956->471->1955->129->655->1954->1811->2027->1808->1253->1601->138->775->774->2->773->771->3->1427->60->1967->801->1723->1724->1728->151->1673->489->488->487,487->283
N2055_PS_spots_per_lot_S1020_I1,2055,5299,103,1834,22,1824,283,0.9,0.5,20.5,0.9,2280.907,487,311,487_S001,near,0.171,0.001,0.0018,0.0655,0.0131,0.0149,19.08,12.0006,1824->1969->193->2023->2008->2006->1233->157->2001->253->1232->1245->342->75->259->1847->1995->1844->1845->346->936->347->348->1996->1210->1115->343->1911->1800->344->959->1717->1243->1371->1909->897->500->1908->1687->135->1895->1517->1894->389->1893->386->1999->1900->1998->1935->1901->1981->1983->1902->1982->1903->194->1977->40->1904->2025->227->2011->270->501->1938->1958->1771->1957->1937->526->213->1956->471->1955->129->655->1954->1811->2027->1808->1253->1601->138->775->774->2->773->771->3->1427->60->1967->801->1723->1724->1728->151->1673->489->488->487,487->283
N2055_PS_spots_per_lot_S2040_I1,2055,5299,103,3666,29,1824,283,0.9,0.5,20.5,0.9,3343.362,487,618,487_S001,near,0.171,0.001,0.0018,0.0655,0.0131,0.0149,19.08,12.0006,1824->1969->193->2023->2008->2006->1233->157->2001->253->1232->1245->342->75->259->1847->1995->1844->1845->346->936->347->348->1996->1210->1115->343->1911->1800->344->959->1717->1243->1371->1909->897->500->1908->1687->135->1895->1517->1894->389->1893->386->1999->1900->1998->1935->1901->1981->1983->1902->1982->1903->194->1977->40->1904->2025->227->2011->270->501->1938->1958->1771->1957->1937->526->213->1956->471->1955->129->655->1954->1811->2027->1808->1253->1601->138->775->774->2->773->771->3->1427->60->1967->801->1723->1724->1728->151->1673->489->488->487,487->283
N2055_PS_spots_per_lot_S4060_I1,2055,5299,103,5494,35,1824,283,0.9,0.5,20.5,0.9,3856.604,487,919,487_S001,near,0.171,0.001,0.0018,0.0655,0.0131,0.0149,19.08,12.0006,1824->1969->193->2023->2008->2006->1233->157->2001->253->1232->1245->342->75->259->1847->1995->1844->1845->346->936->347->348->1996->1210->1115->343->1911->1800->344->959->1717->1243->1371->1909->897->500->1908->1687->135->1895->1517->1894->389->1893->386->1999->1900->1998->1935->1901->1981->1983->1902->1982->1903->194->1977->40->1904->2025->227->2011->270->501->1938->1958->1771->1957->1937->526->213->1956->471->1955->129->655->1954->1811->2027->1808->1253->1601->138->775->774->2->773->771->3->1427->60->1967->801->1723->1724->1728->151->1673->489->488->487,487->283
N2055_PS_spots_per_lot_S6080_I1,2055,5299,103,7328,40,1824,283,0.9,0.5,20.5,0.9,4619.223,487,1229,487_S001,near,0.171,0.001,0.0018,0.0655,0.0131,0.0149,19.08,12.0006,1824->1969->193->2023->2008->2006->1233->157->2001->253->1232->1245->342->75->259->1847->1995->1844->1845->346->936->347->348->1996->1210->1115->343->1911->1800->344->959->1717->1243->1371->1909->897->500->1908->1687->135->1895->1517->1894->389->1893->386->1999->1900->1998->1935->1901->1981->1983->1902->1982->1903->194->1977->40->1904->2025->227->2011->270->501->1938->1958->1771->1957->1937->526->213->1956->471->1955->129->655->1954->1811->2027->1808->1253->1601->138->775->774->2->773->771->3->1427->60->1967->801->1723->1724->1728->151->1673->489->488->487,487->283
N2055_PS_traffic_high_I1,2055,5299,103,3055,40,1824,283,0.9,0.5,20.5,0.9,2815.374,487,476,487_S001,near,0.5286000000000001,0.00145,0.002399,0.0655,0.0131,0.015499,19.66,31.425646000000008,1824->1969->193->2023->2008->2006->1233->157->2001->253->1232->1245->342->75->259->1847->1995->1844->1845->346->936->347->348->1996->1210->1115->343->1911->1800->344->959->1717->1243->1371->1909->897->500->1908->1687->135->1895->1517->1894->389->1893->386->1999->1900->1998->1935->1901->1981->1983->1902->1982->1903->194->1977->40->1904->2025->227->2011->270->501->1938->1958->1771->1957->1937->526->213->1956->471->1955->129->655->1954->1811->2027->1808->1253->1601->138->775->774->2->773->771->3->1427->60->1967->801->1723->1724->1728->151->1673->489->488->487,487->283
N2055_PS_traffic_low_I1,2055,5299,103,3055,40,1824,283,0.9,0.5,20.5,0.9,2945.642,487,476,487_S001,near,0.171,0.00145,0.002399,0.0655,0.0131,0.015499,19.66,12.115246,1824->1969->193->2023->2008->2006->1233->157->2001->253->1232->1245->342->75->259->1847->1995->1844->1845->346->936->347->348->1996->1210->1115->343->1911->1800->344->959->1717->1243->1371->1909->897->500->1908->1687->135->1895->1517->1894->389->1893->386->1999->1900->1998->1935->1901->1981->1983->1902->1982->1903->194->1977->40->1904->2025->227->2011->270->501->1938->1958->1771->1957->1937->526->213->1956->471->1955->129->655->1954->1811->2027->1808->1253->1601->138->775->774->2->773->771->3->1427->60->1967->801->1723->1724->1728->151->1673->489->488->487,487->283
N2055_PS_traffic_medium_I1,2055,5299,103,3055,40,1824,283,0.9,0.5,20.5,0.9,2888.443,487,476,487_S001,near,0.2613000000000001,0.00145,0.002399,0.0655,0.0131,0.015499,19.66,16.991446000000007,1824->1969->193->2023->2008->2006->1233->157->2001->253->1232->1245->342->75->259->1847->1995->1844->1845->346->936->347->348->1996->1210->1115->343->1911->1800->344->959->1717->1243->1371->1909->897->500->1908->1687->135->1895->1517->1894->389->1893->386->1999->1900->1998->1935->1901->1981->1983->1902->1982->1903->194->1977->40->1904->2025->227->2011->270->501->1938->1958->1771->1957->1937->526->213->1956->471->1955->129->655->1954->1811->2027->1808->1253->1601->138->775->774->2->773->771->3->1427->60->1967->801->1723->1724->1728->151->1673->489->488->487,487->283
N2055_PS_traffic_very_low_I1,2055,5299,103,3055,40,1824,283,0.9,0.5,20.5,0.9,2834.375,487,476,487_S001,near,0.14690000000000006,0.00145,0.002399,0.0655,0.0131,0.015499,19.66,10.813846000000005,1824->1969->193->2023->2008->2006->1233->157->2001->253->1232->1245->342->75->259->1847->1995->1844->1845->346->936->347->348->1996->1210->1115->343->1911->1800->344->959->1717->1243->1371->1909->897->500->1908->1687->135->1895->1517->1894->389->1893->386->1999->1900->1998->1935->1901->1981->1983->1902->1982->1903->194->1977->40->1904->2025->227->2011->270->501->1938->1958->1771->1957->1937->526->213->1956->471->1955->129->655->1954->1811->2027->1808->1253->1601->138->775->774->2->773->771->3->1427->60->1967->801->1723->1724->1728->151->1673->489->488->487,487->283
N2055_PS_walking_distance_W025_I1,2055,5299,103,3055,11,1824,283,0.9,0.25,20.5,0.9,2673.38,487,476,487_S001,near,0.171,0.00145,0.002399,0.0655,0.0131,0.015499,19.66,12.115246,1824->1969->193->2023->2008->2006->1233->157->2001->253->1232->1245->342->75->259->1847->1995->1844->1845->346->936->347->348->1996->1210->1115->343->1911->1800->344->959->1717->1243->1371->1909->897->500->1908->1687->135->1895->1517->1894->389->1893->386->1999->1900->1998->1935->1901->1981->1983->1902->1982->1903->194->1977->40->1904->2025->227->2011->270->501->1938->1958->1771->1957->1937->526->213->1956->471->1955->129->655->1954->1811->2027->1808->1253->1601->138->775->774->2->773->771->3->1427->60->1967->801->1723->1724->1728->151->1673->489->488->487,487->283
N2055_PS_walking_distance_W050_I1,2055,5299,103,3055,40,1824,283,0.9,0.5,20.5,0.9,2946.687,487,476,487_S001,near,0.171,0.00145,0.002399,0.0655,0.0131,0.015499,19.66,12.115246,1824->1969->193->2023->2008->2006->1233->157->2001->253->1232->1245->342->75->259->1847->1995->1844->1845->346->936->347->348->1996->1210->1115->343->1911->1800->344->959->1717->1243->1371->1909->897->500->1908->1687->135->1895->1517->1894->389->1893->386->1999->1900->1998->1935->1901->1981->1983->1902->1982->1903->194->1977->40->1904->2025->227->2011->270->501->1938->1958->1771->1957->1937->526->213->1956->471->1955->129->655->1954->1811->2027->1808->1253->1601->138->775->774->2->773->771->3->1427->60->1967->801->1723->1724->1728->151->1673->489->488->487,487->283
N2055_PS_walking_distance_W075_I1,2055,5299,103,3055,54,1824,283,0.9,0.75,20.5,0.9,2975.668,487,476,487_S001,near,0.171,0.00145,0.002399,0.0655,0.0131,0.015499,19.66,12.115246,1824->1969->193->2023->2008->2006->1233->157->2001->253->1232->1245->342->75->259->1847->1995->1844->1845->346->936->347->348->1996->1210->1115->343->1911->1800->344->959->1717->1243->1371->1909->897->500->1908->1687->135->1895->1517->1894->389->1893->386->1999->1900->1998->1935->1901->1981->1983->1902->1982->1903->194->1977->40->1904->2025->227->2011->270->501->1938->1958->1771->1957->1937->526->213->1956->471->1955->129->655->1954->1811->2027->1808->1253->1601->138->775->774->2->773->771->3->1427->60->1967->801->1723->1724->1728->151->1673->489->488->487,487->283
N2055_PS_walking_distance_W100_I1,2055,5299,103,3055,96,1824,283,0.9,1.0,20.5,0.9,3317.662,487,476,487_S001,near,0.18049999999999997,0.00145,0.002399,0.0655,0.0131,0.015499,19.66,12.628245999999999,1824->1969->193->2023->2008->2006->1233->157->2001->253->1232->1245->342->75->259->1847->1995->1844->1845->346->936->347->348->1996->1210->1115->343->1911->1800->344->959->1717->1243->1371->1909->897->500->1908->1687->135->1895->1517->1894->389->1893->386->1999->1900->1998->1935->1901->1981->1983->1902->1982->1903->194->1977->40->1904->2025->227->2011->270->501->1938->1958->1771->1957->1937->526->213->1956->471->1955->129->655->1954->1811->2027->1375->1797->2050->4->1113->124->2028->1951->2002->1635->1949->1619->50->1948->1107->47->1670->48->1672->1433->1682->914->488->1677->1676->915->487,487->283
N20_C10_I1,20,62,2,68,3,1,20,0.9,0.5,20.5,0.9,44.124,18,35,18_S001,near,0.0205,0.001925,0.004695,0.35,0.07,0.07469500000000001,14.86,0.9692688124196643,1->5->6->10->11->15->18,18->20
N20_C1_I1,20,62,2,68,6,1,20,0.9,0.5,20.5,0.9,109.655,19,1,19_S001,near,0.0251,0.001559,0.002857,0.12,0.024,0.026857,17.77,4.6668639999999995,1->5->6->10->11->15->18->19,19->20
N20_C2_I1,20,68,2,68,6,1,20,0.9,0.5,20.5,0.9,45.112,18,35,18_S001,near,0.0205,0.001925,0.004695,0.35,0.07,0.07469500000000001,7.35,0.9115157116798439,1->5->6->10->11->15->18,18->20
N20_C3_I1,20,62,2,68,6,1,20,0.9,0.5,20.5,0.9,44.426,18,35,18_S001,near,0.0205,0.001925,0.004695,0.35,0.07,0.07469500000000001,7.35,0.9115157116798439,1->5->6->10->11->15->18,18->20
N20_C4_I1,20,62,2,68,6,1,20,0.9,1.0,20.5,0.9,44.622,18,35,18_S001,near,0.0205,0.001645,0.003295,0.35,0.07,0.07329500000000001,7.54,0.9159756231542832,1->5->6->10->11->15->18,18->20
N20_C5_I1,20,62,2,68,6,1,20,0.9,0.5,20.5,0.9,44.251,18,35,18_S001,near,0.0308,0.001925,0.004695,0.35,0.07,0.07469500000000001,7.35,0.9142397005390257,1->5->6->10->11->15->18,18->20
N20_C6_I1,20,62,2,68,6,1,20,0.9,0.5,20.5,0.9,44.518,18,35,18_S001,near,0.0607,0.001925,0.004695,0.35,0.07,0.07469500000000001,7.35,0.9198860678762758,1->5->6->10->11->15->18,18->20
N20_C7_I1,20,62,2,68,6,1,20,0.9,0.5,20.5,0.9,47.843,18,35,18_S001,near,0.0205,0.001925,0.004695,0.35,0.07,0.07469500000000001,7.35,0.9115157116798439,1->5->6->10->11->15->18,18->20
N20_C8_I1,20,62,2,68,6,1,20,0.1,0.5,20.5,0.1,43.973,18,35,18_S001,near,0.0205,0.001925,0.004695,0.35,0.07,0.07469500000000001,7.35,0.9115157116798439,1->5->6->10->11->15->18,18->20
N20_C9_I1,20,62,2,68,3,1,20,0.9,0.5,15.0,0.9,44.442,18,35,18_S001,near,0.0205,0.001925,0.004695,0.35,0.07,0.07469500000000001,7.35,0.9689897304468704,1->5->6->10->11->15->18,18->20
N2500_C10_I1,2500,7696,125,3732,24,2491,2500,0.9,0.5,20.5,0.9,13889.021,2476,340,2476_S001,near,0.2046000000000003,0.001553,0.003145,0.1661,0.0332,0.036345,14.75,0.7908089381259764,2491->2341->2328->2326->2320->2317->2305->2300->2282->2268->2263->2256->2252->2251->2247->2244->2240->2226->2237->2220->2235->2218->2228->2214->2211->2202->2178->2156->2183->2170->2155->2154->2130->2109->2098->2085->2072->2082->2069->2046->2038->2033->2030->2044->2028->2014->1968->1955->1902->1895->1894->1893->1882->1872->1864->1869->1863->1860->1841->1840->1832->1827->1826->1814->1813->1807->1789->1788->1781->1779->1774->1784->1780->1778->1767->1764->1740->1736->1735->1731->1718->1713->1707->1693->1681->1677->1687->1672->1665->1673->1664->1655->1649->1643->1637->1628->1610->1587->1579->1552->1550->1548->1530->1537->1525->1492->1490->1488->1495->1479->1486->1471->1465->1460->1430->1423->1406->1401->1391->1384->1380->1374->1373->1369->1359->1355->1344->1311->1301->1310->1298->1290->1281->1274->1270->1279->1262->1257->1254->1252->1219->1206->1228->1212->1203->1194->1197->1177->1170->1153->1152->1149->1142->1134->1130->1125->1117->1113->1129->1111->1099->1089->1075->1069->1065->1064->1063->1051->1042->1039->1050->1037->1036->1027->1006->988->981->969->929->924->917->912->904->903->896->892->905->888->885->878->877->874->865->861->857->856->851->818->813->810->812->805->786->762->761->757->755->725->715->711->723->705->696->691->697->698->689->687->681->674->667->659->657->636->609->599->592->588->576->574->586->568->575->564->560->549->547->545->543->540->538->561->532->542->534->539->526->525->527->508->501->476->469->463->450->436->430->408->393->387->372->375->371->362->373->356->350->353->348->346->349->334->337->331->329->324->321->309->298->299->296->289->284->266->262->259->254->235->233->232->230->229->217->228->210->206->209->201->198->196->193->190->183->178->174->168->164->163->162->155->108->51->50->82->81->77->69->68->63->21->1->5->6->10->11->15->24->19->28->22->30->34->54->29->49->85->100->119->114->122->123->125->133->134->181->143->146->156->166->158->173->185->192->204->202->260->263->275->288->290->293->306->317->358->363->379->384->394->407->396->397->401->406->398->403->413->440->449->455->460->468->471->482->497->517->518->537->546->551->553->555->562->569->570->573->593->600->602->615->628->637->642->658->668->694->700->713->721->734->745->748->749->753->763->765->764->766->783->784->791->815->816->821->826->830->839->854->849->852->860->864->866->867->870->880->882->887->893->894->910->933->944->946->948->976->978->985->991->995->1017->1024->1031->1071->1077->1079->1091->1100->1110->1120->1122->1139->1167->1168->1181->1175->1178->1192->1204->1182->1184->1193->1205->1210->1223->1229->1230->1241->1232->1237->1242->1244->1251->1269->1275->1278->1296->1322->1330->1348->1364->1353->1358->1361->1362->1368->1379->1381->1387->1390->1403->1417->1434->1426->1428->1453->1462->1463->1481->1497->1500->1502->1503->1508->1510->1512->1531->1518->1528->1540->1542->1554->1555->1568->1576->1582->1583->1594->1586->1590->1600->1618->1593->1601->1604->1607->1616->1620->1633->1641->1680->1688->1719->1739->1751->1755->1757->1776->1777->1798->1782->1791->1785->1818->1821->1823->1824->1857->1859->1861->1871->1890->1907->1906->1940->1941->1951->1969->1980->1978->1982->1987->1991->2001->2002->2005->2013->2047->2059->2063->2071->2074->2077->2079->2099->2100->2116->2118->2121->2134->2137->2148->2158->2169->2171->2174->2181->2195->2186->2196->2204->2208->2212->2217->2229->2461->2466->2476,2476->2500
N2500_C1_I1,2500,7696,125,3732,63,2491,2500,0.9,0.5,20.5,0.9,46942.792,2476,340,2476_S001,near,0.2046000000000003,0.001603,0.003195,0.1661,0.0332,0.036395,6.66,13.766292000000018,2491->2341->2328->2326->2320->2317->2305->2300->2282->2268->2263->2256->2252->2251->2247->2244->2240->2226->2237->2220->2235->2218->2228->2214->2211->2202->2178->2156->2183->2170->2155->2154->2130->2109->2098->2085->2072->2082->2069->2046->2038->2033->2030->2044->2028->2014->1968->1955->1902->1895->1894->1893->1882->1872->1864->1869->1863->1860->1841->1840->1832->1827->1826->1814->1813->1807->1789->1788->1781->1779->1774->1784->1780->1778->1767->1764->1740->1736->1735->1731->1718->1713->1707->1693->1681->1677->1687->1672->1665->1673->1664->1655->1649->1643->1637->1628->1610->1587->1579->1552->1550->1548->1530->1537->1525->1492->1490->1488->1495->1479->1486->1471->1465->1460->1430->1423->1406->1401->1391->1384->1380->1374->1373->1369->1359->1355->1344->1311->1301->1310->1298->1290->1281->1274->1270->1279->1262->1257->1254->1252->1219->1206->1228->1212->1203->1194->1197->1177->1170->1153->1152->1149->1142->1134->1130->1125->1117->1113->1129->1111->1099->1089->1075->1069->1065->1064->1063->1051->1042->1039->1050->1037->1036->1027->1006->988->981->969->929->924->917->912->904->903->896->892->905->888->885->878->877->874->865->861->857->856->851->818->813->810->812->805->786->762->761->757->755->725->715->711->723->705->696->691->697->698->689->687->681->674->667->659->657->636->609->599->592->588->576->574->586->568->575->564->560->549->547->545->543->540->538->561->532->542->534->539->526->525->527->508->501->476->469->463->450->436->430->408->393->387->372->375->371->362->373->356->350->353->348->346->349->334->337->331->329->324->321->309->298->299->296->289->284->266->262->259->254->235->233->232->230->229->217->228->210->206->209->201->198->196->193->190->183->178->174->168->164->163->162->155->108->51->50->82->81->77->69->68->63->21->1->5->6->10->11->15->24->19->28->22->30->34->54->29->49->85->100->119->114->122->123->125->133->134->181->143->146->156->166->158->173->185->192->204->202->260->263->275->288->290->293->306->317->358->363->379->384->394->407->396->397->401->406->398->403->413->440->449->455->460->468->471->482->497->517->518->537->546->551->553->555->562->569->570->573->593->600->602->615->628->637->642->658->668->694->700->713->721->734->745->748->749->753->763->765->764->766->783->784->791->815->816->821->826->830->839->854->849->852->860->864->866->867->870->880->882->887->893->894->910->933->944->946->948->976->978->985->991->995->1017->1024->1031->1071->1077->1079->1091->1100->1110->1120->1122->1139->1167->1168->1181->1175->1178->1192->1204->1182->1184->1193->1205->1210->1223->1229->1230->1241->1232->1237->1242->1244->1251->1269->1275->1278->1296->1322->1330->1348->1364->1353->1358->1361->1362->1368->1379->1381->1387->1390->1403->1417->1434->1426->1428->1453->1462->1463->1481->1497->1500->1502->1503->1508->1510->1512->1531->1518->1528->1540->1542->1554->1555->1568->1576->1582->1583->1594->1586->1590->1600->1618->1593->1601->1604->1607->1616->1620->1633->1641->1680->1688->1719->1739->1751->1755->1757->1776->1777->1798->1782->1791->1785->1818->1821->1823->1824->1857->1859->1861->1871->1890->1907->1906->1940->1941->1951->1969->1980->1978->1982->1987->1991->2001->2002->2005->2013->2047->2059->2063->2071->2074->2077->2079->2099->2100->2116->2118->2121->2134->2137->2148->2158->2169->2171->2174->2181->2195->2186->2196->2204->2208->2212->2217->2229->2461->2466->2476,2476->2500
N2500_C2_I1,2500,8528,125,3732,63,2491,2500,0.9,0.5,20.5,0.9,7477.625,2490,294,2490_S001,near,0.16669999999999996,0.001557,0.002951,0.1348,0.027,0.029951,9.13,11.616231999999998,2491->2341->2332->1894->1893->1882->1872->1864->1869->1863->1860->1841->1840->1832->1827->1826->1814->1813->1807->1465->1460->1430->1423->1406->1401->1391->1384->1380->1374->1063->1051->1042->1039->1050->1037->681->687->689->362->373->356->350->353->348->346->138->88->189->216->223->569->570->573->893->894->910->933->944->946->948->976->978->985->991->995->1017->1390->1403->1417->1434->1426->1428->1453->1462->1463->1481->1497->1499->1821->1818->2186->2196->2204->2208->2212->2217->2229->2441->2452->2456->2473->2461->2466->2476->2485->2490,2490->2500
N2500_C3_I1,2500,7892,223,6689,63,2491,2500,0.9,0.5,20.5,0.9,15941.419,2476,340,2476_S001,near,0.20720000000000036,0.001553,0.003145,0.1661,0.0332,0.036345,6.65,0.7590320746788446,2491->2341->2328->2326->2320->2317->2305->2300->2282->2268->2263->2256->2252->2251->2247->2244->2240->2226->2237->2220->2235->2218->2228->2214->2211->2202->2178->2156->2183->2170->2155->2154->2130->2109->2098->2085->2072->2082->2069->2046->2038->2033->2030->2044->2028->2014->1968->1955->1902->1895->1894->1893->1882->1872->1864->1869->1863->1860->1841->1840->1832->1827->1826->1814->1813->1807->1789->1788->1781->1779->1774->1784->1780->1778->1767->1764->1740->1736->1735->1731->1718->1713->1707->1693->1681->1677->1687->1672->1665->1673->1664->1655->1649->1643->1637->1628->1610->1587->1579->1552->1550->1548->1530->1537->1525->1492->1490->1488->1495->1479->1486->1471->1465->1460->1430->1423->1406->1401->1391->1384->1380->1374->1373->1369->1359->1355->1344->1311->1301->1310->1298->1290->1281->1274->1270->1279->1262->1257->1254->1252->1219->1206->1228->1212->1203->1194->1197->1177->1170->1153->1152->1149->1142->1134->1130->1125->1117->1113->1129->1111->1099->1089->1075->1069->1065->1064->1063->1051->1042->1039->1050->1037->1036->1027->1006->988->981->969->929->924->917->912->904->903->896->892->905->888->885->878->877->874->865->861->857->856->851->818->813->810->812->805->786->762->761->757->755->725->715->711->723->705->696->691->697->698->689->687->681->674->667->659->657->636->609->599->592->588->576->574->586->568->575->564->560->549->547->545->543->540->538->561->532->542->534->539->526->525->527->508->501->476->469->463->450->437->436->430->408->393->387->372->375->371->362->373->356->350->353->348->346->349->334->337->331->329->324->321->309->298->299->296->289->284->266->262->259->254->235->233->232->230->229->217->228->210->206->209->201->198->196->193->190->183->178->174->168->164->163->162->155->108->51->50->82->81->77->69->68->63->21->1->5->6->10->11->15->24->19->28->22->30->34->54->29->49->85->100->119->114->122->123->125->133->134->181->143->146->156->166->158->173->185->192->204->202->260->263->275->288->290->293->306->317->358->363->379->384->394->407->396->397->401->406->398->403->413->440->449->455->460->468->471->482->497->517->518->537->546->551->553->555->562->569->570->573->593->600->602->615->628->637->642->658->668->694->700->713->721->734->745->748->749->753->763->765->764->766->783->784->791->815->816->821->826->830->839->854->849->852->860->864->866->867->870->880->882->887->893->894->910->933->944->946->948->976->978->985->991->995->1017->1024->1031->1071->1077->1079->1091->1100->1110->1120->1122->1139->1167->1168->1181->1175->1178->1192->1204->1182->1184->1193->1205->1210->1223->1229->1230->1241->1232->1237->1242->1244->1251->1269->1275->1278->1296->1322->1330->1348->1364->1353->1358->1361->1362->1368->1379->1381->1387->1390->1403->1417->1434->1426->1428->1453->1462->1463->1481->1497->1500->1502->1503->1508->1510->1512->1531->1518->1528->1540->1542->1554->1555->1568->1576->1582->1583->1594->1586->1590->1600->1618->1593->1601->1604->1607->1616->1620->1630->1633->1641->1680->1688->1719->1739->1751->1755->1757->1776->1777->1798->1782->1791->1785->1818->1821->1823->1824->1857->1859->1861->1871->1890->1907->1906->1940->1941->1951->1969->1980->1978->1982->1987->1991->2001->2002->2005->2013->2047->2059->2063->2071->2074->2077->2079->2099->2100->2116->2118->2121->2134->2137->2148->2158->2169->2171->2174->2181->2195->2186->2196->2204->2208->2212->2217->2229->2248->2262->2270->2295->2308->2312->2327->2334->2343->2351->2361->2365->2383->2371->2382->2388->2389->2394->2409->2405->2416->2417->2422->2425->2455->2430->2439->2441->2452->2456->2460->2473->2461->2466->2476,2476->2500
N2500_C4_I1,2500,7696,125,3732,166,2491,2500,0.9,1.0,20.5,0.9,13489.923,2476,340,2476_S001,near,0.2071000000000004,0.00142,0.002481,0.1661,0.0332,0.035681,6.74,0.592405755240631,2491->2341->2328->2326->2320->2317->2305->2300->2282->2268->2263->2256->2252->2251->2247->2244->2240->2226->2237->2220->2235->2218->2228->2214->2211->2202->2178->2156->2183->2170->2155->2154->2130->2109->2098->2085->2072->2082->2069->2046->2038->2033->2030->2044->2028->2014->1968->1955->1902->1895->1894->1893->1882->1872->1864->1869->1863->1860->1841->1840->1832->1827->1826->1814->1813->1807->1789->1788->1781->1779->1774->1784->1780->1778->1767->1764->1740->1736->1735->1731->1718->1713->1707->1693->1681->1677->1687->1672->1665->1673->1664->1655->1649->1643->1637->1628->1610->1587->1579->1552->1550->1548->1530->1537->1525->1492->1490->1488->1495->1479->1486->1471->1465->1460->1430->1423->1406->1401->1391->1384->1380->1374->1373->1369->1359->1355->1344->1311->1301->1310->1298->1290->1281->1274->1270->1279->1262->1257->1254->1252->1219->1206->1228->1212->1203->1194->1197->1177->1170->1153->1152->1149->1142->1134->1130->1125->1117->1113->1129->1111->1099->1089->1075->1069->1065->1064->1063->1051->1042->1039->1050->1037->1036->1027->1006->988->981->969->929->924->917->912->904->903->896->892->905->888->885->878->877->874->865->861->857->856->851->818->813->810->812->805->786->762->761->757->755->725->715->711->723->705->696->691->697->698->689->687->681->674->667->659->657->636->609->599->592->588->576->574->586->568->575->564->560->549->547->545->543->540->538->561->532->542->534->539->526->525->527->508->501->476->469->463->450->437->436->430->408->393->387->372->375->371->362->373->356->350->353->348->346->349->334->337->331->329->324->321->309->298->299->296->289->284->266->262->259->254->235->233->232->230->229->217->228->210->206->209->201->198->196->193->190->183->178->174->168->164->163->162->155->108->51->50->82->81->77->69->68->63->21->1->5->6->10->11->15->24->19->28->22->30->34->54->29->49->85->100->119->114->122->123->125->133->134->181->143->146->156->166->158->173->185->192->204->202->260->263->275->288->290->293->306->317->358->363->379->384->394->407->396->397->401->406->398->403->413->440->449->455->460->468->471->482->497->517->518->537->546->551->553->555->562->569->570->573->593->600->602->615->628->637->642->658->668->694->700->713->721->734->745->748->749->753->763->765->764->766->783->784->791->815->816->821->826->830->839->842->849->852->860->864->866->867->870->880->882->887->893->894->910->933->944->946->948->976->978->985->991->995->1017->1024->1031->1071->1077->1079->1091->1100->1110->1120->1122->1139->1167->1168->1181->1175->1178->1192->1204->1182->1184->1193->1205->1210->1223->1229->1230->1241->1232->1237->1242->1244->1251->1269->1275->1278->1296->1322->1330->1348->1364->1353->1358->1361->1362->1368->1379->1381->1387->1390->1403->1417->1434->1426->1428->1453->1462->1463->1481->1497->1500->1502->1503->1508->1510->1512->1531->1518->1528->1540->1542->1554->1555->1568->1576->1582->1583->1594->1586->1590->1600->1618->1593->1601->1604->1607->1616->1620->1630->1633->1641->1680->1688->1719->1739->1751->1755->1757->1776->1777->1798->1782->1791->1785->1818->1821->1823->1824->1857->1859->1861->1871->1890->1907->1906->1940->1941->1951->1969->1980->1978->1982->1987->1991->2001->2002->2005->2013->2047->2059->2063->2071->2074->2077->2079->2099->2100->2116->2118->2121->2134->2137->2148->2158->2169->2171->2174->2181->2195->2186->2196->2204->2208->2212->2217->2229->2248->2262->2270->2295->2308->2312->2327->2334->2343->2351->2361->2365->2383->2371->2382->2388->2389->2409->2405->2416->2417->2422->2425->2455->2430->2439->2441->2451->2452->2456->2473->2461->2466->2476,2476->2500
N2500_C5_I1,2500,7696,125,3732,63,2491,2500,0.9,0.5,20.5,0.9,14221.038,2476,340,2476_S001,near,0.2899000000000005,0.001553,0.003145,0.1661,0.0332,0.036345,6.65,0.7961671871784144,2491->2487->2484->2481->2478->2341->2328->2326->2320->2317->2305->2300->2282->2268->2263->2256->2252->2251->2247->2244->2240->2226->2237->2220->2235->2218->2214->2211->2202->2187->2178->2156->2183->2155->2154->2136->2130->2109->2098->2085->2072->2082->2069->2046->2038->2033->2030->2044->2028->2014->1968->1955->1902->1895->1894->1893->1882->1872->1864->1869->1863->1860->1841->1840->1832->1827->1826->1814->1813->1807->1789->1788->1781->1779->1774->1784->1780->1778->1767->1764->1740->1736->1735->1731->1718->1713->1707->1693->1681->1677->1672->1665->1664->1655->1649->1640->1643->1637->1628->1610->1587->1579->1552->1550->1548->1530->1537->1525->1492->1490->1488->1495->1479->1486->1471->1465->1460->1430->1423->1406->1401->1391->1384->1380->1374->1373->1369->1359->1355->1344->1311->1301->1310->1298->1290->1281->1274->1270->1279->1262->1257->1254->1252->1219->1206->1212->1203->1194->1197->1177->1170->1153->1152->1149->1142->1134->1130->1125->1117->1113->1129->1111->1099->1089->1075->1069->1065->1064->1063->1051->1042->1039->1050->1037->1036->1027->1006->988->981->969->961->929->924->917->912->907->904->903->896->892->905->888->885->878->877->874->865->857->856->851->818->813->810->812->805->786->762->761->757->755->741->725->715->711->723->705->696->691->697->698->689->687->681->674->667->659->657->636->609->599->592->588->576->574->586->568->575->564->560->549->547->545->543->540->538->561->532->542->534->539->526->525->527->508->501->476->469->463->467->450->437->436->430->415->408->393->387->372->375->371->362->373->356->350->353->348->346->344->349->334->337->331->329->324->321->309->298->296->289->284->266->262->259->254->235->233->232->230->229->217->228->210->206->209->201->198->196->193->190->183->178->174->168->164->163->175->172->105->96->60->48->47->77->69->68->63->21->1->5->6->10->11->15->24->19->28->22->30->34->54->53->89->49->85->100->119->114->129->122->123->125->133->134->181->143->146->156->166->158->170->173->185->197->204->202->260->265->263->275->288->290->293->306->317->358->363->379->384->394->407->396->397->401->406->398->403->413->440->449->455->460->461->462->471->482->497->517->518->537->546->551->553->555->562->569->570->573->593->600->602->615->628->637->642->658->668->694->700->713->721->734->745->748->749->753->763->765->764->766->783->784->791->815->816->821->826->830->839->842->849->852->860->864->866->867->870->880->882->887->893->894->910->933->944->946->956->976->978->985->991->995->1017->1024->1031->1071->1077->1079->1091->1100->1110->1120->1122->1139->1167->1168->1173->1175->1178->1192->1204->1182->1184->1193->1205->1210->1223->1229->1230->1241->1232->1237->1242->1244->1251->1269->1275->1278->1296->1322->1330->1348->1364->1353->1358->1361->1362->1368->1379->1381->1387->1390->1403->1417->1434->1428->1453->1462->1463->1481->1497->1500->1502->1503->1508->1510->1512->1531->1518->1528->1540->1542->1554->1555->1568->1576->1582->1583->1594->1586->1588->1599->1618->1593->1601->1604->1607->1616->1620->1633->1641->1680->1688->1719->1739->1751->1755->1757->1776->1777->1798->1782->1785->1818->1821->1823->1824->1857->1861->1871->1875->1890->1907->1906->1940->1941->1951->1969->1980->1978->1982->1987->1991->2001->2002->2005->2013->2047->2050->2059->2063->2071->2074->2077->2079->2099->2100->2116->2118->2121->2134->2137->2148->2158->2169->2159->2174->2181->2186->2196->2204->2208->2212->2217->2229->2455->2430->2439->2441->2452->2456->2473->2461->2466->2476,2476->2500
N2500_C6_I1,2500,7696,125,3732,63,2491,2500,0.9,0.5,20.5,0.9,14694.809,2476,340,2476_S001,near,0.6246000000000014,0.001553,0.003145,0.1661,0.0332,0.036345,6.65,0.8692022791886795,2491->2487->2341->2332->2328->2326->2320->2317->2300->2282->2268->2263->2256->2252->2251->2247->2257->2240->2226->2237->2220->2235->2218->2228->2211->2202->2187->2178->2156->2170->2155->2154->2130->2109->2098->2085->2072->2082->2069->2046->2038->2033->2030->2044->2028->2014->1968->1955->1902->1900->1894->1893->1882->1872->1864->1869->1863->1860->1841->1840->1832->1827->1826->1814->1813->1807->1789->1788->1781->1779->1774->1784->1780->1778->1767->1764->1740->1736->1735->1731->1718->1713->1707->1693->1689->1681->1677->1687->1672->1665->1673->1664->1655->1649->1643->1637->1628->1610->1587->1579->1552->1550->1548->1530->1537->1525->1524->1492->1490->1488->1495->1479->1486->1471->1465->1460->1430->1423->1401->1391->1384->1380->1374->1373->1369->1359->1355->1344->1311->1301->1310->1298->1290->1281->1274->1270->1279->1262->1257->1254->1234->1219->1206->1228->1203->1194->1197->1183->1177->1170->1153->1152->1149->1142->1134->1130->1125->1117->1113->1129->1111->1099->1089->1075->1069->1065->1064->1063->1051->1042->1039->1050->1037->1036->1027->1006->988->981->969->929->924->917->912->907->904->903->896->892->905->888->885->878->877->874->865->857->856->851->818->813->810->812->805->786->762->761->757->755->725->715->711->708->705->696->691->697->689->687->681->674->667->659->657->636->609->599->592->588->576->574->586->568->575->581->560->549->547->545->543->540->566->561->532->542->534->539->526->525->527->508->501->476->469->463->467->450->436->430->408->393->387->372->375->371->362->361->356->350->353->348->346->349->334->337->331->329->324->321->309->298->296->289->284->266->262->259->254->235->233->232->230->229->217->228->210->206->209->201->198->196->193->190->183->178->174->168->164->163->175->105->96->60->48->47->42->41->40->56->39->38->55->37->31->25->36->46->35->23->21->1->2->6->10->11->15->24->19->28->22->30->34->54->53->89->49->85->100->119->114->122->123->125->133->134->181->143->146->156->166->158->173->185->192->204->202->260->263->275->288->290->293->306->317->358->363->379->384->394->407->396->397->401->406->398->403->413->440->449->453->455->460->461->462->471->482->497->517->518->537->546->551->553->555->562->569->570->573->593->600->602->615->628->637->642->658->668->694->700->709->713->721->734->745->748->749->753->763->764->766->783->784->791->815->816->821->826->830->839->842->849->852->860->864->866->867->870->880->882->887->893->894->910->933->944->946->948->976->978->985->991->995->1017->1024->1031->1071->1077->1079->1091->1100->1110->1120->1122->1139->1167->1168->1173->1175->1178->1192->1204->1182->1184->1193->1205->1210->1223->1229->1230->1241->1232->1237->1242->1244->1251->1269->1275->1278->1296->1322->1330->1348->1364->1353->1358->1361->1362->1368->1385->1379->1381->1387->1390->1403->1417->1434->1428->1453->1462->1463->1481->1497->1500->1502->1503->1508->1510->1512->1531->1518->1528->1540->1542->1554->1555->1568->1576->1582->1583->1594->1586->1590->1600->1618->1593->1601->1604->1607->1616->1620->1633->1641->1680->1688->1719->1739->1751->1755->1757->1776->1777->1798->1782->1785->1818->1821->1823->1824->1857->1861->1871->1875->1890->1907->1906->1940->1941->1951->1969->1980->1978->1982->1987->1991->1992->2002->2005->2013->2047->2050->2059->2063->2071->2074->2077->2079->2099->2108->2100->2116->2118->2121->2134->2137->2148->2158->2169->2159->2174->2181->2186->2196->2204->2208->2212->2217->2229->2248->2262->2270->2295->2308->2312->2327->2343->2351->2368->2361->2365->2383->2371->2382->2388->2399->2389->2409->2405->2416->2417->2422->2425->2455->2430->2439->2441->2452->2456->2473->2461->2466->2476,2476->2500
N2500_C7_I1,2500,7696,125,3732,63,2491,2500,0.9,0.5,20.5,0.9,14093.537,2490,294,2490_S001,near,0.20780000000000035,0.001547,0.002941,0.1348,0.027,0.029941,9.13,0.7539310444502696,2491->2341->2328->2326->2320->2317->2305->2300->2282->2268->2263->2256->2252->2251->2247->2244->2240->2226->2237->2220->2235->2218->2228->2214->2211->2202->2178->2156->2183->2170->2155->2154->2130->2109->2098->2085->2072->2082->2069->2046->2038->2033->2030->2044->2028->2014->1968->1955->1902->1895->1894->1893->1882->1872->1864->1869->1863->1860->1841->1840->1832->1827->1826->1814->1813->1807->1789->1788->1781->1779->1774->1784->1780->1778->1767->1764->1740->1736->1735->1731->1718->1713->1707->1693->1681->1677->1687->1672->1665->1673->1664->1655->1649->1643->1637->1628->1610->1587->1579->1552->1550->1548->1530->1537->1525->1492->1490->1488->1495->1479->1486->1471->1465->1460->1430->1423->1406->1401->1391->1384->1380->1374->1373->1369->1359->1355->1344->1311->1301->1310->1298->1290->1281->1274->1270->1279->1262->1257->1254->1252->1219->1206->1228->1212->1203->1194->1197->1177->1170->1153->1152->1149->1142->1134->1130->1125->1117->1113->1129->1111->1099->1089->1075->1069->1065->1064->1063->1051->1042->1039->1050->1037->1036->1027->1006->988->981->969->929->924->917->912->904->903->896->892->905->888->885->878->877->874->865->861->857->856->851->818->813->810->812->805->786->762->761->757->755->725->715->711->723->705->696->691->697->698->689->687->681->674->667->659->657->636->609->599->592->588->576->574->586->568->575->564->560->549->547->545->543->540->538->561->532->542->534->539->526->525->527->508->501->476->469->463->450->437->436->430->408->393->387->372->375->371->362->373->356->350->353->348->346->349->334->337->331->329->324->321->309->298->299->296->289->284->266->262->259->254->235->233->232->230->229->217->228->210->206->209->201->198->196->193->190->183->178->174->168->164->163->162->155->108->51->50->82->81->77->69->68->63->21->1->5->6->10->11->15->24->19->28->22->30->34->54->29->49->85->100->119->114->122->123->125->133->134->181->143->146->156->166->158->173->185->192->204->202->260->263->275->288->290->293->306->317->358->363->379->384->394->407->396->397->401->406->398->403->413->440->449->455->460->468->471->482->497->517->518->537->546->551->553->555->562->569->570->573->593->600->602->615->628->637->642->658->668->694->700->713->721->734->745->748->749->753->763->765->764->766->783->784->791->815->816->821->826->830->839->854->849->852->860->864->866->867->870->880->882->887->893->894->910->933->944->946->948->976->978->985->991->995->1017->1024->1031->1071->1077->1079->1091->1100->1110->1120->1122->1139->1167->1168->1181->1175->1178->1192->1204->1182->1184->1193->1205->1210->1223->1229->1230->1241->1232->1237->1242->1244->1251->1269->1275->1278->1296->1322->1330->1348->1364->1353->1358->1361->1362->1368->1379->1381->1387->1390->1403->1417->1434->1426->1428->1453->1462->1463->1481->1497->1500->1502->1503->1508->1510->1512->1531->1518->1528->1540->1542->1554->1555->1568->1576->1582->1583->1594->1586->1590->1600->1618->1593->1601->1604->1607->1616->1620->1630->1633->1641->1680->1688->1719->1739->1751->1755->1757->1776->1777->1798->1782->1791->1785->1818->1821->1823->1824->1857->1859->1861->1871->1890->1907->1906->1940->1941->1951->1969->1980->1978->1982->1987->1991->2001->2002->2005->2013->2047->2059->2063->2071->2074->2077->2079->2099->2100->2116->2118->2121->2134->2137->2148->2158->2169->2171->2174->2181->2195->2186->2196->2204->2208->2212->2217->2229->2248->2262->2270->2295->2308->2312->2327->2334->2343->2351->2361->2365->2383->2371->2382->2388->2389->2394->2409->2405->2416->2417->2422->2425->2455->2430->2439->2441->2452->2456->2460->2473->2461->2466->2476->2485->2490,2490->2500
N2500_C8_I1,2500,7696,125,3732,63,2491,2500,0.1,0.5,20.5,0.1,13996.325,2425,689,2425_S001,near,0.20400000000000032,0.001809,0.004352,0.3145,0.0629,0.06725199999999999,7.05,0.8438761902735431,2491->2341->2328->2326->2320->2317->2305->2300->2282->2268->2263->2256->2252->2251->2247->2244->2240->2226->2237->2220->2235->2218->2228->2214->2211->2202->2178->2156->2183->2170->2155->2154->2130->2109->2098->2085->2072->2082->2069->2046->2038->2033->2030->2044->2028->2014->1968->1955->1902->1895->1894->1893->1882->1872->1864->1869->1863->1860->1841->1840->1832->1827->1826->1814->1813->1807->1789->1788->1781->1779->1774->1784->1780->1778->1767->1764->1740->1736->1735->1731->1718->1713->1707->1693->1681->1677->1687->1672->1665->1673->1664->1655->1649->1643->1637->1628->1610->1587->1579->1552->1550->1548->1530->1537->1525->1492->1490->1488->1495->1479->1486->1471->1465->1460->1430->1423->1406->1401->1391->1384->1380->1374->1373->1369->1359->1355->1344->1311->1301->1310->1298->1290->1281->1274->1270->1279->1262->1257->1254->1252->1219->1206->1228->1212->1203->1194->1197->1177->1170->1153->1152->1149->1142->1134->1130->1125->1117->1113->1129->1111->1099->1089->1075->1069->1065->1064->1063->1051->1042->1039->1050->1037->1036->1027->1006->988->981->969->929->924->917->912->904->903->896->892->905->888->885->878->877->874->865->861->857->856->851->818->813->810->812->805->786->762->761->757->755->725->715->711->723->705->696->691->697->698->689->687->681->674->667->659->657->636->609->599->592->588->576->574->586->568->575->564->560->549->547->545->543->540->538->561->532->542->534->539->526->525->527->508->501->476->469->463->450->437->436->430->408->393->387->372->375->371->362->373->356->350->353->348->346->349->334->337->331->329->324->321->309->298->299->296->289->284->266->262->259->254->235->233->232->230->229->217->228->210->206->209->201->198->196->193->190->183->178->174->168->164->163->162->155->108->51->50->82->81->77->69->68->63->21->1->5->6->10->11->15->24->19->28->22->30->34->54->29->49->85->100->119->114->122->123->125->133->134->181->143->146->156->166->158->173->185->192->204->202->260->263->275->288->290->293->306->317->358->363->379->384->394->407->396->397->401->406->398->403->413->440->449->455->460->468->471->482->497->517->518->537->546->551->553->555->562->569->570->573->593->600->602->615->628->637->642->658->668->694->700->713->721->734->745->748->749->753->763->765->764->766->783->784->791->815->816->821->826->830->839->854->849->852->860->864->866->867->870->880->882->887->893->894->910->933->944->946->948->976->978->985->991->995->1017->1024->1031->1071->1077->1079->1091->1100->1110->1120->1122->1139->1167->1168->1181->1175->1178->1192->1204->1182->1184->1193->1205->1210->1223->1229->1230->1241->1232->1237->1242->1244->1251->1269->1275->1278->1296->1322->1330->1348->1364->1353->1358->1361->1362->1368->1379->1381->1387->1390->1403->1417->1434->1426->1428->1453->1462->1463->1481->1497->1500->1502->1503->1508->1510->1512->1531->1518->1528->1540->1542->1554->1555->1568->1576->1582->1583->1594->1586->1590->1600->1618->1593->1601->1604->1607->1616->1620->1630->1633->1641->1680->1688->1719->1739->1751->1755->1757->1776->1777->1798->1782->1791->1785->1818->1821->1823->1824->1857->1859->1861->1871->1890->1907->1906->1940->1941->1951->1969->1980->1978->1982->1987->1991->2001->2002->2005->2013->2047->2059->2063->2071->2074->2077->2079->2099->2100->2116->2118->2121->2134->2137->2148->2158->2169->2171->2174->2181->2195->2186->2196->2204->2208->2212->2217->2229->2248->2262->2270->2295->2308->2312->2327->2334->2343->2351->2361->2365->2383->2371->2382->2388->2389->2409->2405->2416->2417->2422->2425,2425->2500
N2500_C9_I1,2500,7696,125,3732,49,2491,2500,0.9,0.5,15.0,0.9,14058.617,2476,340,2476_S001,near,0.20720000000000036,0.001553,0.003145,0.1661,0.0332,0.036345,6.65,0.7722340982400302,2491->2341->2328->2326->2320->2317->2305->2300->2282->2268->2263->2256->2252->2251->2247->2244->2240->2226->2237->2220->2235->2218->2228->2214->2211->2202->2178->2156->2183->2170->2155->2154->2130->2109->2098->2085->2072->2082->2069->2046->2038->2033->2030->2044->2028->2014->1968->1955->1902->1895->1894->1893->1882->1872->1864->1869->1863->1860->1841->1840->1832->1827->1826->1814->1813->1807->1789->1788->1781->1779->1774->1784->1780->1778->1767->1764->1740->1736->1735->1731->1718->1713->1707->1693->1681->1677->1687->1672->1665->1673->1664->1655->1649->1643->1637->1628->1610->1587->1579->1552->1550->1548->1530->1537->1525->1492->1490->1488->1495->1479->1486->1471->1465->1460->1430->1423->1406->1401->1391->1384->1380->1374->1373->1369->1359->1355->1344->1311->1301->1310->1298->1290->1281->1274->1270->1279->1262->1257->1254->1252->1219->1206->1228->1212->1203->1194->1197->1177->1170->1153->1152->1149->1142->1134->1130->1125->1117->1113->1129->1111->1099->1089->1075->1069->1065->1064->1063->1051->1042->1039->1050->1037->1036->1027->1006->988->981->969->929->924->917->912->904->903->896->892->905->888->885->878->877->874->865->861->857->856->851->818->813->810->812->805->786->762->761->757->755->725->715->711->723->705->696->691->697->698->689->687->681->674->667->659->657->636->609->599->592->588->576->574->586->568->575->564->560->549->547->545->543->540->538->561->532->542->534->539->526->525->527->508->501->476->469->463->450->437->436->430->408->393->387->372->375->371->362->373->356->350->353->348->346->349->334->337->331->329->324->321->309->298->299->296->289->284->266->262->259->254->235->233->232->230->229->217->228->210->206->209->201->198->196->193->190->183->178->174->168->164->163->162->155->108->51->50->82->81->77->69->68->63->21->1->5->6->10->11->15->24->19->28->22->30->34->54->29->49->85->100->119->114->122->123->125->133->134->181->143->146->156->166->158->173->185->192->204->202->260->263->275->288->290->293->306->317->358->363->379->384->394->407->396->397->401->406->398->403->413->440->449->455->460->468->471->482->497->517->518->537->546->551->553->555->562->569->570->573->593->600->602->615->628->637->642->658->668->694->700->713->721->734->745->748->749->753->763->765->764->766->783->784->791->815->816->821->826->830->839->854->849->852->860->864->866->867->870->880->882->887->893->894->910->933->944->946->948->976->978->985->991->995->1017->1024->1031->1071->1077->1079->1091->1100->1110->1120->1122->1139->1167->1168->1181->1175->1178->1192->1204->1182->1184->1193->1205->1210->1223->1229->1230->1241->1232->1237->1242->1244->1251->1269->1275->1278->1296->1322->1330->1348->1364->1353->1358->1361->1362->1368->1379->1381->1387->1390->1403->1417->1434->1426->1428->1453->1462->1463->1481->1497->1500->1502->1503->1508->1510->1512->1531->1518->1528->1540->1542->1554->1555->1568->1576->1582->1583->1594->1586->1590->1600->1618->1593->1601->1604->1607->1616->1620->1630->1633->1641->1680->1688->1719->1739->1751->1755->1757->1776->1777->1798->1782->1791->1785->1818->1821->1823->1824->1857->1859->1861->1871->1890->1907->1906->1940->1941->1951->1969->1980->1978->1982->1987->1991->2001->2002->2005->2013->2047->2059->2063->2071->2074->2077->2079->2099->2100->2116->2118->2121->2134->2137->2148->2158->2169->2171->2174->2181->2195->2186->2196->2204->2208->2212->2217->2229->2248->2262->2270->2295->2308->2312->2327->2334->2343->2351->2361->2365->2383->2371->2382->2388->2389->2394->2409->2405->2416->2417->2422->2425->2455->2430->2439->2441->2452->2456->2460->2473->2461->2466->2476,2476->2500
N2500_PS_edge_density_baseline_7446_I1,2500,7696,125,3732,63,2491,2500,0.9,0.5,20.5,0.9,46887.527,2476,340,2476_S001,near,0.2046000000000003,0.001603,0.003195,0.1661,0.0332,0.036395,6.66,13.766292000000018,2491->2341->2328->2326->2320->2317->2305->2300->2282->2268->2263->2256->2252->2251->2247->2244->2240->2226->2237->2220->2235->2218->2228->2214->2211->2202->2178->2156->2183->2170->2155->2154->2130->2109->2098->2085->2072->2082->2069->2046->2038->2033->2030->2044->2028->2014->1968->1955->1902->1895->1894->1893->1882->1872->1864->1869->1863->1860->1841->1840->1832->1827->1826->1814->1813->1807->1789->1788->1781->1779->1774->1784->1780->1778->1767->1764->1740->1736->1735->1731->1718->1713->1707->1693->1681->1677->1687->1672->1665->1673->1664->1655->1649->1643->1637->1628->1610->1587->1579->1552->1550->1548->1530->1537->1525->1492->1490->1488->1495->1479->1486->1471->1465->1460->1430->1423->1406->1401->1391->1384->1380->1374->1373->1369->1359->1355->1344->1311->1301->1310->1298->1290->1281->1274->1270->1279->1262->1257->1254->1252->1219->1206->1228->1212->1203->1194->1197->1177->1170->1153->1152->1149->1142->1134->1130->1125->1117->1113->1129->1111->1099->1089->1075->1069->1065->1064->1063->1051->1042->1039->1050->1037->1036->1027->1006->988->981->969->929->924->917->912->904->903->896->892->905->888->885->878->877->874->865->861->857->856->851->818->813->810->812->805->786->762->761->757->755->725->715->711->723->705->696->691->697->698->689->687->681->674->667->659->657->636->609->599->592->588->576->574->586->568->575->564->560->549->547->545->543->540->538->561->532->542->534->539->526->525->527->508->501->476->469->463->450->436->430->408->393->387->372->375->371->362->373->356->350->353->348->346->349->334->337->331->329->324->321->309->298->299->296->289->284->266->262->259->254->235->233->232->230->229->217->228->210->206->209->201->198->196->193->190->183->178->174->168->164->163->162->155->108->51->50->82->81->77->69->68->63->21->1->5->6->10->11->15->24->19->28->22->30->34->54->29->49->85->100->119->114->122->123->125->133->134->181->143->146->156->166->158->173->185->192->204->202->260->263->275->288->290->293->306->317->358->363->379->384->394->407->396->397->401->406->398->403->413->440->449->455->460->468->471->482->497->517->518->537->546->551->553->555->562->569->570->573->593->600->602->615->628->637->642->658->668->694->700->713->721->734->745->748->749->753->763->765->764->766->783->784->791->815->816->821->826->830->839->854->849->852->860->864->866->867->870->880->882->887->893->894->910->933->944->946->948->976->978->985->991->995->1017->1024->1031->1071->1077->1079->1091->1100->1110->1120->1122->1139->1167->1168->1181->1175->1178->1192->1204->1182->1184->1193->1205->1210->1223->1229->1230->1241->1232->1237->1242->1244->1251->1269->1275->1278->1296->1322->1330->1348->1364->1353->1358->1361->1362->1368->1379->1381->1387->1390->1403->1417->1434->1426->1428->1453->1462->1463->1481->1497->1500->1502->1503->1508->1510->1512->1531->1518->1528->1540->1542->1554->1555->1568->1576->1582->1583->1594->1586->1590->1600->1618->1593->1601->1604->1607->1616->1620->1633->1641->1680->1688->1719->1739->1751->1755->1757->1776->1777->1798->1782->1791->1785->1818->1821->1823->1824->1857->1859->1861->1871->1890->1907->1906->1940->1941->1951->1969->1980->1978->1982->1987->1991->2001->2002->2005->2013->2047->2059->2063->2071->2074->2077->2079->2099->2100->2116->2118->2121->2134->2137->2148->2158->2169->2171->2174->2181->2195->2186->2196->2204->2208->2212->2217->2229->2461->2466->2476,2476->2500
N2500_PS_edge_density_dense_8278_I1,2500,8528,125,3732,63,2491,2500,0.9,0.5,20.5,0.9,8067.404,2476,340,2476_S001,near,0.16579999999999995,0.001603,0.003195,0.1661,0.0332,0.036395,6.66,11.671091999999998,2491->2487->2484->2481->2478->2468->2448->2443->2458->2442->2426->2412->2401->2400->2395->2379->2374->2370->2369->2372->2028->1673->1664->1655->1649->1643->1262->1257->1254->1234->896->892->905->888->885->878->877->874->865->861->857->856->851->818->813->810->805->786->762->450->437->436->430->408->393->387->372->375->371->362->175->105->96->107->92->90->88->189->216->223->569->570->573->593->600->602->615->628->637->642->658->668->694->700->713->721->734->745->748->1092->1100->1110->1120->1463->1481->1497->1499->1821->1818->2186->2485->2476,2476->2500
N2500_PS_edge_density_denser_9110_I1,2500,9360,125,3732,63,2491,2500,0.9,0.5,20.5,0.9,7016.873,2490,294,2490_S001,near,0.16340000000000002,0.001557,0.002951,0.1348,0.027,0.029951,9.13,11.438032000000003,2491->2341->2328->2326->2320->2317->2305->1863->1860->1841->1840->1832->1827->1826->1814->1813->1807->1465->1460->1430->1423->1113->1129->1111->1099->1089->1075->1069->711->708->387->164->8->4->3->2->401->406->748->749->753->763->765->764->766->783->784->791->1175->1178->1192->1204->1182->1184->1193->1205->1528->1540->1542->1554->1555->1568->1576->1582->1583->1594->1586->1590->1600->1618->1593->1601->1604->1595->2013->2047->2050->2382->2388->2389->2409->2405->2416->2417->2422->2425->2455->2430->2439->2441->2452->2456->2473->2461->2466->2476->2485->2490,2490->2500
N2500_PS_edge_density_densest_9942_I1,2500,10192,125,3732,63,2491,2500,0.9,0.5,20.5,0.9,4516.01,2490,294,2490_S001,near,0.16179999999999994,0.001557,0.002951,0.1348,0.027,0.029951,9.13,11.351631999999997,2491->2341->1895->1894->1893->1882->1587->1252->1219->1206->1228->888->885->878->877->874->865->857->856->851->818->813->810->805->786->762->450->193->81->77->72->379->384->394->407->396->397->401->406->398->403->749->753->763->765->764->766->783->784->791->815->816->821->826->830->839->1223->1229->1230->1241->1232->1237->1242->1244->1251->1583->1594->1586->1590->2002->2351->2361->2365->2383->2371->2382->2388->2389->2409->2405->2416->2417->2422->2425->2455->2430->2439->2441->2452->2456->2473->2461->2466->2476->2485->2490,2490->2500
N2500_PS_parking_budget_Cmax100_I1,2500,7696,125,3732,21,2491,2500,0.9,0.5,10.0,0.9,20274.999,2476,340,2476_S001,near,0.2046000000000003,0.001603,0.003195,0.1661,0.0332,0.036395,6.66,13.766292000000018,2491->2341->2328->2326->2320->2317->2305->2300->2282->2268->2263->2256->2252->2251->2247->2244->2240->2226->2237->2220->2235->2218->2228->2214->2211->2202->2178->2156->2183->2170->2155->2154->2130->2109->2098->2085->2072->2082->2069->2046->2038->2033->2030->2044->2028->2014->1968->1955->1902->1895->1894->1893->1882->1872->1864->1869->1863->1860->1841->1840->1832->1827->1826->1814->1813->1807->1789->1788->1781->1779->1774->1784->1780->1778->1767->1764->1740->1736->1735->1731->1718->1713->1707->1693->1681->1677->1687->1672->1665->1673->1664->1655->1649->1643->1637->1628->1610->1587->1579->1552->1550->1548->1530->1537->1525->1492->1490->1488->1495->1479->1486->1471->1465->1460->1430->1423->1406->1401->1391->1384->1380->1374->1373->1369->1359->1355->1344->1311->1301->1310->1298->1290->1281->1274->1270->1279->1262->1257->1254->1252->1219->1206->1228->1212->1203->1194->1197->1177->1170->1153->1152->1149->1142->1134->1130->1125->1117->1113->1129->1111->1099->1089->1075->1069->1065->1064->1063->1051->1042->1039->1050->1037->1036->1027->1006->988->981->969->929->924->917->912->904->903->896->892->905->888->885->878->877->874->865->861->857->856->851->818->813->810->812->805->786->762->761->757->755->725->715->711->723->705->696->691->697->698->689->687->681->674->667->659->657->636->609->599->592->588->576->574->586->568->575->564->560->549->547->545->543->540->538->561->532->542->534->539->526->525->527->508->501->476->469->463->450->436->430->408->393->387->372->375->371->362->373->356->350->353->348->346->349->334->337->331->329->324->321->309->298->299->296->289->284->266->262->259->254->235->233->232->230->229->217->228->210->206->209->201->198->196->193->190->183->178->174->168->164->163->162->155->108->51->50->82->81->77->69->68->63->21->1->5->6->10->11->15->24->19->28->22->30->34->54->29->49->85->100->119->114->122->123->125->133->134->181->143->146->156->166->158->173->185->192->204->202->260->263->275->288->290->293->306->317->358->363->379->384->394->407->396->397->401->406->398->403->413->440->449->455->460->468->471->482->497->517->518->537->546->551->553->555->562->569->570->573->593->600->602->615->628->637->642->658->668->694->700->713->721->734->745->748->749->753->763->765->764->766->783->784->791->815->816->821->826->830->839->854->849->852->860->864->866->867->870->880->882->887->893->894->910->933->944->946->948->976->978->985->991->995->1017->1024->1031->1071->1077->1079->1091->1100->1110->1120->1122->1139->1167->1168->1181->1175->1178->1192->1204->1182->1184->1193->1205->1210->1223->1229->1230->1241->1232->1237->1242->1244->1251->1269->1275->1278->1296->1322->1330->1348->1364->1353->1358->1361->1362->1368->1379->1381->1387->1390->1403->1417->1434->1426->1428->1453->1462->1463->1481->1497->1500->1502->1503->1508->1510->1512->1531->1518->1528->1540->1542->1554->1555->1568->1576->1582->1583->1594->1586->1590->1600->1618->1593->1601->1604->1607->1616->1620->1633->1641->1680->1688->1719->1739->1751->1755->1757->1776->1777->1798->1782->1791->1785->1818->1821->1823->1824->1857->1859->1861->1871->1890->1907->1906->1940->1941->1951->1969->1980->1978->1982->1987->1991->2001->2002->2005->2013->2047->2059->2063->2071->2074->2077->2079->2099->2100->2116->2118->2121->2134->2137->2148->2158->2169->2171->2174->2181->2195->2186->2196->2204->2208->2212->2217->2229->2461->2466->2476,2476->2500
N2500_PS_parking_budget_Cmax150_I1,2500,7696,125,3732,49,2491,2500,0.9,0.5,15.0,0.9,22536.23,2476,340,2476_S001,near,0.2046000000000003,0.001603,0.003195,0.1661,0.0332,0.036395,6.66,13.766292000000018,2491->2341->2328->2326->2320->2317->2305->2300->2282->2268->2263->2256->2252->2251->2247->2244->2240->2226->2237->2220->2235->2218->2228->2214->2211->2202->2178->2156->2183->2170->2155->2154->2130->2109->2098->2085->2072->2082->2069->2046->2038->2033->2030->2044->2028->2014->1968->1955->1902->1895->1894->1893->1882->1872->1864->1869->1863->1860->1841->1840->1832->1827->1826->1814->1813->1807->1789->1788->1781->1779->1774->1784->1780->1778->1767->1764->1740->1736->1735->1731->1718->1713->1707->1693->1681->1677->1687->1672->1665->1673->1664->1655->1649->1643->1637->1628->1610->1587->1579->1552->1550->1548->1530->1537->1525->1492->1490->1488->1495->1479->1486->1471->1465->1460->1430->1423->1406->1401->1391->1384->1380->1374->1373->1369->1359->1355->1344->1311->1301->1310->1298->1290->1281->1274->1270->1279->1262->1257->1254->1252->1219->1206->1228->1212->1203->1194->1197->1177->1170->1153->1152->1149->1142->1134->1130->1125->1117->1113->1129->1111->1099->1089->1075->1069->1065->1064->1063->1051->1042->1039->1050->1037->1036->1027->1006->988->981->969->929->924->917->912->904->903->896->892->905->888->885->878->877->874->865->861->857->856->851->818->813->810->812->805->786->762->761->757->755->725->715->711->723->705->696->691->697->698->689->687->681->674->667->659->657->636->609->599->592->588->576->574->586->568->575->564->560->549->547->545->543->540->538->561->532->542->534->539->526->525->527->508->501->476->469->463->450->436->430->408->393->387->372->375->371->362->373->356->350->353->348->346->349->334->337->331->329->324->321->309->298->299->296->289->284->266->262->259->254->235->233->232->230->229->217->228->210->206->209->201->198->196->193->190->183->178->174->168->164->163->162->155->108->51->50->82->81->77->69->68->63->21->1->5->6->10->11->15->24->19->28->22->30->34->54->29->49->85->100->119->114->122->123->125->133->134->181->143->146->156->166->158->173->185->192->204->202->260->263->275->288->290->293->306->317->358->363->379->384->394->407->396->397->401->406->398->403->413->440->449->455->460->468->471->482->497->517->518->537->546->551->553->555->562->569->570->573->593->600->602->615->628->637->642->658->668->694->700->713->721->734->745->748->749->753->763->765->764->766->783->784->791->815->816->821->826->830->839->854->849->852->860->864->866->867->870->880->882->887->893->894->910->933->944->946->948->976->978->985->991->995->1017->1024->1031->1071->1077->1079->1091->1100->1110->1120->1122->1139->1167->1168->1181->1175->1178->1192->1204->1182->1184->1193->1205->1210->1223->1229->1230->1241->1232->1237->1242->1244->1251->1269->1275->1278->1296->1322->1330->1348->1364->1353->1358->1361->1362->1368->1379->1381->1387->1390->1403->1417->1434->1426->1428->1453->1462->1463->1481->1497->1500->1502->1503->1508->1510->1512->1531->1518->1528->1540->1542->1554->1555->1568->1576->1582->1583->1594->1586->1590->1600->1618->1593->1601->1604->1607->1616->1620->1633->1641->1680->1688->1719->1739->1751->1755->1757->1776->1777->1798->1782->1791->1785->1818->1821->1823->1824->1857->1859->1861->1871->1890->1907->1906->1940->1941->1951->1969->1980->1978->1982->1987->1991->2001->2002->2005->2013->2047->2059->2063->2071->2074->2077->2079->2099->2100->2116->2118->2121->2134->2137->2148->2158->2169->2171->2174->2181->2195->2186->2196->2204->2208->2212->2217->2229->2461->2466->2476,2476->2500
N2500_PS_parking_budget_Cmax205_I1,2500,7696,125,3732,63,2491,2500,0.9,0.5,20.5,0.9,22955.162,2476,340,2476_S001,near,0.2046000000000003,0.001603,0.003195,0.1661,0.0332,0.036395,6.66,13.766292000000018,2491->2341->2328->2326->2320->2317->2305->2300->2282->2268->2263->2256->2252->2251->2247->2244->2240->2226->2237->2220->2235->2218->2228->2214->2211->2202->2178->2156->2183->2170->2155->2154->2130->2109->2098->2085->2072->2082->2069->2046->2038->2033->2030->2044->2028->2014->1968->1955->1902->1895->1894->1893->1882->1872->1864->1869->1863->1860->1841->1840->1832->1827->1826->1814->1813->1807->1789->1788->1781->1779->1774->1784->1780->1778->1767->1764->1740->1736->1735->1731->1718->1713->1707->1693->1681->1677->1687->1672->1665->1673->1664->1655->1649->1643->1637->1628->1610->1587->1579->1552->1550->1548->1530->1537->1525->1492->1490->1488->1495->1479->1486->1471->1465->1460->1430->1423->1406->1401->1391->1384->1380->1374->1373->1369->1359->1355->1344->1311->1301->1310->1298->1290->1281->1274->1270->1279->1262->1257->1254->1252->1219->1206->1228->1212->1203->1194->1197->1177->1170->1153->1152->1149->1142->1134->1130->1125->1117->1113->1129->1111->1099->1089->1075->1069->1065->1064->1063->1051->1042->1039->1050->1037->1036->1027->1006->988->981->969->929->924->917->912->904->903->896->892->905->888->885->878->877->874->865->861->857->856->851->818->813->810->812->805->786->762->761->757->755->725->715->711->723->705->696->691->697->698->689->687->681->674->667->659->657->636->609->599->592->588->576->574->586->568->575->564->560->549->547->545->543->540->538->561->532->542->534->539->526->525->527->508->501->476->469->463->450->436->430->408->393->387->372->375->371->362->373->356->350->353->348->346->349->334->337->331->329->324->321->309->298->299->296->289->284->266->262->259->254->235->233->232->230->229->217->228->210->206->209->201->198->196->193->190->183->178->174->168->164->163->162->155->108->51->50->82->81->77->69->68->63->21->1->5->6->10->11->15->24->19->28->22->30->34->54->29->49->85->100->119->114->122->123->125->133->134->181->143->146->156->166->158->173->185->192->204->202->260->263->275->288->290->293->306->317->358->363->379->384->394->407->396->397->401->406->398->403->413->440->449->455->460->468->471->482->497->517->518->537->546->551->553->555->562->569->570->573->593->600->602->615->628->637->642->658->668->694->700->713->721->734->745->748->749->753->763->765->764->766->783->784->791->815->816->821->826->830->839->854->849->852->860->864->866->867->870->880->882->887->893->894->910->933->944->946->948->976->978->985->991->995->1017->1024->1031->1071->1077->1079->1091->1100->1110->1120->1122->1139->1167->1168->1181->1175->1178->1192->1204->1182->1184->1193->1205->1210->1223->1229->1230->1241->1232->1237->1242->1244->1251->1269->1275->1278->1296->1322->1330->1348->1364->1353->1358->1361->1362->1368->1379->1381->1387->1390->1403->1417->1434->1426->1428->1453->1462->1463->1481->1497->1500->1502->1503->1508->1510->1512->1531->1518->1528->1540->1542->1554->1555->1568->1576->1582->1583->1594->1586->1590->1600->1618->1593->1601->1604->1607->1616->1620->1633->1641->1680->1688->1719->1739->1751->1755->1757->1776->1777->1798->1782->1791->1785->1818->1821->1823->1824->1857->1859->1861->1871->1890->1907->1906->1940->1941->1951->1969->1980->1978->1982->1987->1991->2001->2002->2005->2013->2047->2059->2063->2071->2074->2077->2079->2099->2100->2116->2118->2121->2134->2137->2148->2158->2169->2171->2174->2181->2195->2186->2196->2204->2208->2212->2217->2229->2461->2466->2476,2476->2500
N2500_PS_parking_budget_Cmax250_I1,2500,7696,125,3732,75,2491,2500,0.9,0.5,25.0,0.9,23314.208,2476,340,2476_S001,near,0.2046000000000003,0.001603,0.003195,0.1661,0.0332,0.036395,6.66,13.766292000000018,2491->2341->2328->2326->2320->2317->2305->2300->2282->2268->2263->2256->2252->2251->2247->2244->2240->2226->2237->2220->2235->2218->2228->2214->2211->2202->2178->2156->2183->2170->2155->2154->2130->2109->2098->2085->2072->2082->2069->2046->2038->2033->2030->2044->2028->2014->1968->1955->1902->1895->1894->1893->1882->1872->1864->1869->1863->1860->1841->1840->1832->1827->1826->1814->1813->1807->1789->1788->1781->1779->1774->1784->1780->1778->1767->1764->1740->1736->1735->1731->1718->1713->1707->1693->1681->1677->1687->1672->1665->1673->1664->1655->1649->1643->1637->1628->1610->1587->1579->1552->1550->1548->1530->1537->1525->1492->1490->1488->1495->1479->1486->1471->1465->1460->1430->1423->1406->1401->1391->1384->1380->1374->1373->1369->1359->1355->1344->1311->1301->1310->1298->1290->1281->1274->1270->1279->1262->1257->1254->1252->1219->1206->1228->1212->1203->1194->1197->1177->1170->1153->1152->1149->1142->1134->1130->1125->1117->1113->1129->1111->1099->1089->1075->1069->1065->1064->1063->1051->1042->1039->1050->1037->1036->1027->1006->988->981->969->929->924->917->912->904->903->896->892->905->888->885->878->877->874->865->861->857->856->851->818->813->810->812->805->786->762->761->757->755->725->715->711->723->705->696->691->697->698->689->687->681->674->667->659->657->636->609->599->592->588->576->574->586->568->575->564->560->549->547->545->543->540->538->561->532->542->534->539->526->525->527->508->501->476->469->463->450->436->430->408->393->387->372->375->371->362->373->356->350->353->348->346->349->334->337->331->329->324->321->309->298->299->296->289->284->266->262->259->254->235->233->232->230->229->217->228->210->206->209->201->198->196->193->190->183->178->174->168->164->163->162->155->108->51->50->82->81->77->69->68->63->21->1->5->6->10->11->15->24->19->28->22->30->34->54->29->49->85->100->119->114->122->123->125->133->134->181->143->146->156->166->158->173->185->192->204->202->260->263->275->288->290->293->306->317->358->363->379->384->394->407->396->397->401->406->398->403->413->440->449->455->460->468->471->482->497->517->518->537->546->551->553->555->562->569->570->573->593->600->602->615->628->637->642->658->668->694->700->713->721->734->745->748->749->753->763->765->764->766->783->784->791->815->816->821->826->830->839->854->849->852->860->864->866->867->870->880->882->887->893->894->910->933->944->946->948->976->978->985->991->995->1017->1024->1031->1071->1077->1079->1091->1100->1110->1120->1122->1139->1167->1168->1181->1175->1178->1192->1204->1182->1184->1193->1205->1210->1223->1229->1230->1241->1232->1237->1242->1244->1251->1269->1275->1278->1296->1322->1330->1348->1364->1353->1358->1361->1362->1368->1379->1381->1387->1390->1403->1417->1434->1426->1428->1453->1462->1463->1481->1497->1500->1502->1503->1508->1510->1512->1531->1518->1528->1540->1542->1554->1555->1568->1576->1582->1583->1594->1586->1590->1600->1618->1593->1601->1604->1607->1616->1620->1633->1641->1680->1688->1719->1739->1751->1755->1757->1776->1777->1798->1782->1791->1785->1818->1821->1823->1824->1857->1859->1861->1871->1890->1907->1906->1940->1941->1951->1969->1980->1978->1982->1987->1991->2001->2002->2005->2013->2047->2059->2063->2071->2074->2077->2079->2099->2100->2116->2118->2121->2134->2137->2148->2158->2169->2171->2174->2181->2195->2186->2196->2204->2208->2212->2217->2229->2461->2466->2476,2476->2500
N2500_PS_parking_cost_100_225_I1,2500,7696,125,3732,58,2491,2500,0.9,0.5,20.5,0.9,23369.238,2476,340,2476_S001,near,0.2046000000000003,0.001603,0.003195,0.1661,0.0332,0.036395,8.72,13.972292000000017,2491->2341->2328->2326->2320->2317->2305->2300->2282->2268->2263->2256->2252->2251->2247->2244->2240->2226->2237->2220->2235->2218->2228->2214->2211->2202->2178->2156->2183->2170->2155->2154->2130->2109->2098->2085->2072->2082->2069->2046->2038->2033->2030->2044->2028->2014->1968->1955->1902->1895->1894->1893->1882->1872->1864->1869->1863->1860->1841->1840->1832->1827->1826->1814->1813->1807->1789->1788->1781->1779->1774->1784->1780->1778->1767->1764->1740->1736->1735->1731->1718->1713->1707->1693->1681->1677->1687->1672->1665->1673->1664->1655->1649->1643->1637->1628->1610->1587->1579->1552->1550->1548->1530->1537->1525->1492->1490->1488->1495->1479->1486->1471->1465->1460->1430->1423->1406->1401->1391->1384->1380->1374->1373->1369->1359->1355->1344->1311->1301->1310->1298->1290->1281->1274->1270->1279->1262->1257->1254->1252->1219->1206->1228->1212->1203->1194->1197->1177->1170->1153->1152->1149->1142->1134->1130->1125->1117->1113->1129->1111->1099->1089->1075->1069->1065->1064->1063->1051->1042->1039->1050->1037->1036->1027->1006->988->981->969->929->924->917->912->904->903->896->892->905->888->885->878->877->874->865->861->857->856->851->818->813->810->812->805->786->762->761->757->755->725->715->711->723->705->696->691->697->698->689->687->681->674->667->659->657->636->609->599->592->588->576->574->586->568->575->564->560->549->547->545->543->540->538->561->532->542->534->539->526->525->527->508->501->476->469->463->450->436->430->408->393->387->372->375->371->362->373->356->350->353->348->346->349->334->337->331->329->324->321->309->298->299->296->289->284->266->262->259->254->235->233->232->230->229->217->228->210->206->209->201->198->196->193->190->183->178->174->168->164->163->162->155->108->51->50->82->81->77->69->68->63->21->1->5->6->10->11->15->24->19->28->22->30->34->54->29->49->85->100->119->114->122->123->125->133->134->181->143->146->156->166->158->173->185->192->204->202->260->263->275->288->290->293->306->317->358->363->379->384->394->407->396->397->401->406->398->403->413->440->449->455->460->468->471->482->497->517->518->537->546->551->553->555->562->569->570->573->593->600->602->615->628->637->642->658->668->694->700->713->721->734->745->748->749->753->763->765->764->766->783->784->791->815->816->821->826->830->839->854->849->852->860->864->866->867->870->880->882->887->893->894->910->933->944->946->948->976->978->985->991->995->1017->1024->1031->1071->1077->1079->1091->1100->1110->1120->1122->1139->1167->1168->1181->1175->1178->1192->1204->1182->1184->1193->1205->1210->1223->1229->1230->1241->1232->1237->1242->1244->1251->1269->1275->1278->1296->1322->1330->1348->1364->1353->1358->1361->1362->1368->1379->1381->1387->1390->1403->1417->1434->1426->1428->1453->1462->1463->1481->1497->1500->1502->1503->1508->1510->1512->1531->1518->1528->1540->1542->1554->1555->1568->1576->1582->1583->1594->1586->1590->1600->1618->1593->1601->1604->1607->1616->1620->1633->1641->1680->1688->1719->1739->1751->1755->1757->1776->1777->1798->1782->1791->1785->1818->1821->1823->1824->1857->1859->1861->1871->1890->1907->1906->1940->1941->1951->1969->1980->1978->1982->1987->1991->2001->2002->2005->2013->2047->2059->2063->2071->2074->2077->2079->2099->2100->2116->2118->2121->2134->2137->2148->2158->2169->2171->2174->2181->2195->2186->2196->2204->2208->2212->2217->2229->2461->2466->2476,2476->2500
N2500_PS_parking_cost_125_250_I1,2500,7696,125,3732,49,2491,2500,0.9,0.5,20.5,0.9,23457.995,2490,294,2490_S001,near,0.20500000000000035,0.001557,0.002951,0.1348,0.027,0.029951,14.73,14.24443200000002,2491->2341->2328->2326->2320->2317->2305->2300->2282->2268->2263->2256->2252->2251->2247->2244->2240->2226->2237->2220->2235->2218->2228->2214->2211->2202->2178->2156->2183->2170->2155->2154->2130->2109->2098->2085->2072->2082->2069->2046->2038->2033->2030->2044->2028->2014->1968->1955->1902->1895->1894->1893->1882->1872->1864->1869->1863->1860->1841->1840->1832->1827->1826->1814->1813->1807->1789->1788->1781->1779->1774->1784->1780->1778->1767->1764->1740->1736->1735->1731->1718->1713->1707->1693->1681->1677->1687->1672->1665->1673->1664->1655->1649->1643->1637->1628->1610->1587->1579->1552->1550->1548->1530->1537->1525->1492->1490->1488->1495->1479->1486->1471->1465->1460->1430->1423->1406->1401->1391->1384->1380->1374->1373->1369->1359->1355->1344->1311->1301->1310->1298->1290->1281->1274->1270->1279->1262->1257->1254->1252->1219->1206->1228->1212->1203->1194->1197->1177->1170->1153->1152->1149->1142->1134->1130->1125->1117->1113->1129->1111->1099->1089->1075->1069->1065->1064->1063->1051->1042->1039->1050->1037->1036->1027->1006->988->981->969->929->924->917->912->904->903->896->892->905->888->885->878->877->874->865->861->857->856->851->818->813->810->812->805->786->762->761->757->755->725->715->711->723->705->696->691->697->698->689->687->681->674->667->659->657->636->609->599->592->588->576->574->586->568->575->564->560->549->547->545->543->540->538->561->532->542->534->539->526->525->527->508->501->476->469->463->450->437->436->430->408->393->387->372->375->371->362->373->356->350->353->348->346->349->334->337->331->329->324->321->309->298->299->296->289->284->266->262->259->254->235->233->232->230->229->217->228->210->206->209->201->198->196->193->190->183->178->174->168->164->163->162->155->108->51->50->82->81->77->69->68->63->21->1->5->6->10->11->15->24->19->28->22->30->34->54->29->49->85->100->119->114->122->123->125->133->134->181->143->146->156->166->158->173->185->192->204->202->260->263->275->288->290->293->306->317->358->363->379->384->394->407->396->397->401->406->398->403->413->440->449->455->460->468->471->482->497->517->518->537->546->551->553->555->562->569->570->573->593->600->602->615->628->637->642->658->668->694->700->713->721->734->745->748->749->753->763->765->764->766->783->784->791->815->816->821->826->830->839->854->849->852->860->864->866->867->870->880->882->887->893->894->910->933->944->946->948->976->978->985->991->995->1017->1024->1031->1071->1077->1079->1091->1100->1110->1120->1122->1139->1167->1168->1181->1175->1178->1192->1204->1182->1184->1193->1205->1210->1223->1229->1230->1241->1232->1237->1242->1244->1251->1269->1275->1278->1296->1322->1330->1348->1364->1353->1358->1361->1362->1368->1379->1381->1387->1390->1403->1417->1434->1426->1428->1453->1462->1463->1481->1497->1500->1502->1503->1508->1510->1512->1531->1518->1528->1540->1542->1554->1555->1568->1576->1582->1583->1594->1586->1590->1600->1618->1593->1601->1604->1607->1616->1620->1633->1641->1680->1688->1719->1739->1751->1755->1757->1776->1777->1798->1782->1791->1785->1818->1821->1823->1824->1857->1859->1861->1871->1890->1907->1906->1940->1941->1951->1969->1980->1978->1982->1987->1991->2001->2002->2005->2013->2047->2059->2063->2071->2074->2077->2079->2099->2100->2116->2118->2121->2134->2137->2148->2158->2169->2171->2174->2181->2195->2186->2196->2204->2208->2212->2217->2229->2490,2490->2500
N2500_PS_parking_cost_150_300_I1,2500,7696,125,3732,24,2491,2500,0.9,0.5,20.5,0.9,23627.039,2476,340,2476_S001,near,0.2046000000000003,0.001603,0.003195,0.1661,0.0332,0.036395,14.76,14.576292000000016,2491->2341->2328->2326->2320->2317->2305->2300->2282->2268->2263->2256->2252->2251->2247->2244->2240->2226->2237->2220->2235->2218->2228->2214->2211->2202->2178->2156->2183->2170->2155->2154->2130->2109->2098->2085->2072->2082->2069->2046->2038->2033->2030->2044->2028->2014->1968->1955->1902->1895->1894->1893->1882->1872->1864->1869->1863->1860->1841->1840->1832->1827->1826->1814->1813->1807->1789->1788->1781->1779->1774->1784->1780->1778->1767->1764->1740->1736->1735->1731->1718->1713->1707->1693->1681->1677->1687->1672->1665->1673->1664->1655->1649->1643->1637->1628->1610->1587->1579->1552->1550->1548->1530->1537->1525->1492->1490->1488->1495->1479->1486->1471->1465->1460->1430->1423->1406->1401->1391->1384->1380->1374->1373->1369->1359->1355->1344->1311->1301->1310->1298->1290->1281->1274->1270->1279->1262->1257->1254->1252->1219->1206->1228->1212->1203->1194->1197->1177->1170->1153->1152->1149->1142->1134->1130->1125->1117->1113->1129->1111->1099->1089->1075->1069->1065->1064->1063->1051->1042->1039->1050->1037->1036->1027->1006->988->981->969->929->924->917->912->904->903->896->892->905->888->885->878->877->874->865->861->857->856->851->818->813->810->812->805->786->762->761->757->755->725->715->711->723->705->696->691->697->698->689->687->681->674->667->659->657->636->609->599->592->588->576->574->586->568->575->564->560->549->547->545->543->540->538->561->532->542->534->539->526->525->527->508->501->476->469->463->450->436->430->408->393->387->372->375->371->362->373->356->350->353->348->346->349->334->337->331->329->324->321->309->298->299->296->289->284->266->262->259->254->235->233->232->230->229->217->228->210->206->209->201->198->196->193->190->183->178->174->168->164->163->162->155->108->51->50->82->81->77->69->68->63->21->1->5->6->10->11->15->24->19->28->22->30->34->54->29->49->85->100->119->114->122->123->125->133->134->181->143->146->156->166->158->173->185->192->204->202->260->263->275->288->290->293->306->317->358->363->379->384->394->407->396->397->401->406->398->403->413->440->449->455->460->468->471->482->497->517->518->537->546->551->553->555->562->569->570->573->593->600->602->615->628->637->642->658->668->694->700->713->721->734->745->748->749->753->763->765->764->766->783->784->791->815->816->821->826->830->839->854->849->852->860->864->866->867->870->880->882->887->893->894->910->933->944->946->948->976->978->985->991->995->1017->1024->1031->1071->1077->1079->1091->1100->1110->1120->1122->1139->1167->1168->1181->1175->1178->1192->1204->1182->1184->1193->1205->1210->1223->1229->1230->1241->1232->1237->1242->1244->1251->1269->1275->1278->1296->1322->1330->1348->1364->1353->1358->1361->1362->1368->1379->1381->1387->1390->1403->1417->1434->1426->1428->1453->1462->1463->1481->1497->1500->1502->1503->1508->1510->1512->1531->1518->1528->1540->1542->1554->1555->1568->1576->1582->1583->1594->1586->1590->1600->1618->1593->1601->1604->1607->1616->1620->1633->1641->1680->1688->1719->1739->1751->1755->1757->1776->1777->1798->1782->1791->1785->1818->1821->1823->1824->1857->1859->1861->1871->1890->1907->1906->1940->1941->1951->1969->1980->1978->1982->1987->1991->2001->2002->2005->2013->2047->2059->2063->2071->2074->2077->2079->2099->2100->2116->2118->2121->2134->2137->2148->2158->2169->2171->2174->2181->2195->2186->2196->2204->2208->2212->2217->2229->2461->2466->2476,2476->2500
N2500_PS_parking_cost_80_205_I1,2500,7696,125,3732,63,2491,2500,0.9,0.5,20.5,0.9,23890.377,2476,340,2476_S001,near,0.2046000000000003,0.001603,0.003195,0.1661,0.0332,0.036395,6.66,13.766292000000018,2491->2341->2328->2326->2320->2317->2305->2300->2282->2268->2263->2256->2252->2251->2247->2244->2240->2226->2237->2220->2235->2218->2228->2214->2211->2202->2178->2156->2183->2170->2155->2154->2130->2109->2098->2085->2072->2082->2069->2046->2038->2033->2030->2044->2028->2014->1968->1955->1902->1895->1894->1893->1882->1872->1864->1869->1863->1860->1841->1840->1832->1827->1826->1814->1813->1807->1789->1788->1781->1779->1774->1784->1780->1778->1767->1764->1740->1736->1735->1731->1718->1713->1707->1693->1681->1677->1687->1672->1665->1673->1664->1655->1649->1643->1637->1628->1610->1587->1579->1552->1550->1548->1530->1537->1525->1492->1490->1488->1495->1479->1486->1471->1465->1460->1430->1423->1406->1401->1391->1384->1380->1374->1373->1369->1359->1355->1344->1311->1301->1310->1298->1290->1281->1274->1270->1279->1262->1257->1254->1252->1219->1206->1228->1212->1203->1194->1197->1177->1170->1153->1152->1149->1142->1134->1130->1125->1117->1113->1129->1111->1099->1089->1075->1069->1065->1064->1063->1051->1042->1039->1050->1037->1036->1027->1006->988->981->969->929->924->917->912->904->903->896->892->905->888->885->878->877->874->865->861->857->856->851->818->813->810->812->805->786->762->761->757->755->725->715->711->723->705->696->691->697->698->689->687->681->674->667->659->657->636->609->599->592->588->576->574->586->568->575->564->560->549->547->545->543->540->538->561->532->542->534->539->526->525->527->508->501->476->469->463->450->436->430->408->393->387->372->375->371->362->373->356->350->353->348->346->349->334->337->331->329->324->321->309->298->299->296->289->284->266->262->259->254->235->233->232->230->229->217->228->210->206->209->201->198->196->193->190->183->178->174->168->164->163->162->155->108->51->50->82->81->77->69->68->63->21->1->5->6->10->11->15->24->19->28->22->30->34->54->29->49->85->100->119->114->122->123->125->133->134->181->143->146->156->166->158->173->185->192->204->202->260->263->275->288->290->293->306->317->358->363->379->384->394->407->396->397->401->406->398->403->413->440->449->455->460->468->471->482->497->517->518->537->546->551->553->555->562->569->570->573->593->600->602->615->628->637->642->658->668->694->700->713->721->734->745->748->749->753->763->765->764->766->783->784->791->815->816->821->826->830->839->854->849->852->860->864->866->867->870->880->882->887->893->894->910->933->944->946->948->976->978->985->991->995->1017->1024->1031->1071->1077->1079->1091->1100->1110->1120->1122->1139->1167->1168->1181->1175->1178->1192->1204->1182->1184->1193->1205->1210->1223->1229->1230->1241->1232->1237->1242->1244->1251->1269->1275->1278->1296->1322->1330->1348->1364->1353->1358->1361->1362->1368->1379->1381->1387->1390->1403->1417->1434->1426->1428->1453->1462->1463->1481->1497->1500->1502->1503->1508->1510->1512->1531->1518->1528->1540->1542->1554->1555->1568->1576->1582->1583->1594->1586->1590->1600->1618->1593->1601->1604->1607->1616->1620->1633->1641->1680->1688->1719->1739->1751->1755->1757->1776->1777->1798->1782->1791->1785->1818->1821->1823->1824->1857->1859->1861->1871->1890->1907->1906->1940->1941->1951->1969->1980->1978->1982->1987->1991->2001->2002->2005->2013->2047->2059->2063->2071->2074->2077->2079->2099->2100->2116->2118->2121->2134->2137->2148->2158->2169->2171->2174->2181->2195->2186->2196->2204->2208->2212->2217->2229->2461->2466->2476,2476->2500
N2500_PS_parking_supply_P10_I1,2500,7892,223,6689,63,2491,2500,0.9,0.5,20.5,0.9,27181.529,2476,340,2476_S001,near,0.2046000000000003,0.001603,0.003195,0.1661,0.0332,0.036395,6.66,13.766292000000018,2491->2341->2328->2326->2320->2317->2305->2300->2282->2268->2263->2256->2252->2251->2247->2244->2240->2226->2237->2220->2235->2218->2228->2214->2211->2202->2178->2156->2183->2170->2155->2154->2130->2109->2098->2085->2072->2082->2069->2046->2038->2033->2030->2044->2028->2014->1968->1955->1902->1895->1894->1893->1882->1872->1864->1869->1863->1860->1841->1840->1832->1827->1826->1814->1813->1807->1789->1788->1781->1779->1774->1784->1780->1778->1767->1764->1740->1736->1735->1731->1718->1713->1707->1693->1681->1677->1687->1672->1665->1673->1664->1655->1649->1643->1637->1628->1610->1587->1579->1552->1550->1548->1530->1537->1525->1492->1490->1488->1495->1479->1486->1471->1465->1460->1430->1423->1406->1401->1391->1384->1380->1374->1373->1369->1359->1355->1344->1311->1301->1310->1298->1290->1281->1274->1270->1279->1262->1257->1254->1252->1219->1206->1228->1212->1203->1194->1197->1177->1170->1153->1152->1149->1142->1134->1130->1125->1117->1113->1129->1111->1099->1089->1075->1069->1065->1064->1063->1051->1042->1039->1050->1037->1036->1027->1006->988->981->969->929->924->917->912->904->903->896->892->905->888->885->878->877->874->865->861->857->856->851->818->813->810->812->805->786->762->761->757->755->725->715->711->723->705->696->691->697->698->689->687->681->674->667->659->657->636->609->599->592->588->576->574->586->568->575->564->560->549->547->545->543->540->538->561->532->542->534->539->526->525->527->508->501->476->469->463->450->436->430->408->393->387->372->375->371->362->373->356->350->353->348->346->349->334->337->331->329->324->321->309->298->299->296->289->284->266->262->259->254->235->233->232->230->229->217->228->210->206->209->201->198->196->193->190->183->178->174->168->164->163->162->155->108->51->50->82->81->77->69->68->63->21->1->5->6->10->11->15->24->19->28->22->30->34->54->29->49->85->100->119->114->122->123->125->133->134->181->143->146->156->166->158->173->185->192->204->202->260->263->275->288->290->293->306->317->358->363->379->384->394->407->396->397->401->406->398->403->413->440->449->455->460->468->471->482->497->517->518->537->546->551->553->555->562->569->570->573->593->600->602->615->628->637->642->658->668->694->700->713->721->734->745->748->749->753->763->765->764->766->783->784->791->815->816->821->826->830->839->854->849->852->860->864->866->867->870->880->882->887->893->894->910->933->944->946->948->976->978->985->991->995->1017->1024->1031->1071->1077->1079->1091->1100->1110->1120->1122->1139->1167->1168->1181->1175->1178->1192->1204->1182->1184->1193->1205->1210->1223->1229->1230->1241->1232->1237->1242->1244->1251->1269->1275->1278->1296->1322->1330->1348->1364->1353->1358->1361->1362->1368->1379->1381->1387->1390->1403->1417->1434->1426->1428->1453->1462->1463->1481->1497->1500->1502->1503->1508->1510->1512->1531->1518->1528->1540->1542->1554->1555->1568->1576->1582->1583->1594->1586->1590->1600->1618->1593->1601->1604->1607->1616->1620->1633->1641->1680->1688->1719->1739->1751->1755->1757->1776->1777->1798->1782->1791->1785->1818->1821->1823->1824->1857->1859->1861->1871->1890->1907->1906->1940->1941->1951->1969->1980->1978->1982->1987->1991->2001->2002->2005->2013->2047->2059->2063->2071->2074->2077->2079->2099->2100->2116->2118->2121->2134->2137->2148->2158->2169->2171->2174->2181->2195->2186->2196->2204->2208->2212->2217->2229->2461->2466->2476,2476->2500
N2500_PS_parking_supply_P15_I1,2500,7892,223,6689,63,2491,2500,0.9,0.5,20.5,0.9,27597.894,2476,340,2476_S001,near,0.2046000000000003,0.001603,0.003195,0.1661,0.0332,0.036395,6.66,13.766292000000018,2491->2341->2328->2326->2320->2317->2305->2300->2282->2268->2263->2256->2252->2251->2247->2244->2240->2226->2237->2220->2235->2218->2228->2214->2211->2202->2178->2156->2183->2170->2155->2154->2130->2109->2098->2085->2072->2082->2069->2046->2038->2033->2030->2044->2028->2014->1968->1955->1902->1895->1894->1893->1882->1872->1864->1869->1863->1860->1841->1840->1832->1827->1826->1814->1813->1807->1789->1788->1781->1779->1774->1784->1780->1778->1767->1764->1740->1736->1735->1731->1718->1713->1707->1693->1681->1677->1687->1672->1665->1673->1664->1655->1649->1643->1637->1628->1610->1587->1579->1552->1550->1548->1530->1537->1525->1492->1490->1488->1495->1479->1486->1471->1465->1460->1430->1423->1406->1401->1391->1384->1380->1374->1373->1369->1359->1355->1344->1311->1301->1310->1298->1290->1281->1274->1270->1279->1262->1257->1254->1252->1219->1206->1228->1212->1203->1194->1197->1177->1170->1153->1152->1149->1142->1134->1130->1125->1117->1113->1129->1111->1099->1089->1075->1069->1065->1064->1063->1051->1042->1039->1050->1037->1036->1027->1006->988->981->969->929->924->917->912->904->903->896->892->905->888->885->878->877->874->865->861->857->856->851->818->813->810->812->805->786->762->761->757->755->725->715->711->723->705->696->691->697->698->689->687->681->674->667->659->657->636->609->599->592->588->576->574->586->568->575->564->560->549->547->545->543->540->538->561->532->542->534->539->526->525->527->508->501->476->469->463->450->436->430->408->393->387->372->375->371->362->373->356->350->353->348->346->349->334->337->331->329->324->321->309->298->299->296->289->284->266->262->259->254->235->233->232->230->229->217->228->210->206->209->201->198->196->193->190->183->178->174->168->164->163->162->155->108->51->50->82->81->77->69->68->63->21->1->5->6->10->11->15->24->19->28->22->30->34->54->29->49->85->100->119->114->122->123->125->133->134->181->143->146->156->166->158->173->185->192->204->202->260->263->275->288->290->293->306->317->358->363->379->384->394->407->396->397->401->406->398->403->413->440->449->455->460->468->471->482->497->517->518->537->546->551->553->555->562->569->570->573->593->600->602->615->628->637->642->658->668->694->700->713->721->734->745->748->749->753->763->765->764->766->783->784->791->815->816->821->826->830->839->854->849->852->860->864->866->867->870->880->882->887->893->894->910->933->944->946->948->976->978->985->991->995->1017->1024->1031->1071->1077->1079->1091->1100->1110->1120->1122->1139->1167->1168->1181->1175->1178->1192->1204->1182->1184->1193->1205->1210->1223->1229->1230->1241->1232->1237->1242->1244->1251->1269->1275->1278->1296->1322->1330->1348->1364->1353->1358->1361->1362->1368->1379->1381->1387->1390->1403->1417->1434->1426->1428->1453->1462->1463->1481->1497->1500->1502->1503->1508->1510->1512->1531->1518->1528->1540->1542->1554->1555->1568->1576->1582->1583->1594->1586->1590->1600->1618->1593->1601->1604->1607->1616->1620->1633->1641->1680->1688->1719->1739->1751->1755->1757->1776->1777->1798->1782->1791->1785->1818->1821->1823->1824->1857->1859->1861->1871->1890->1907->1906->1940->1941->1951->1969->1980->1978->1982->1987->1991->2001->2002->2005->2013->2047->2059->2063->2071->2074->2077->2079->2099->2100->2116->2118->2121->2134->2137->2148->2158->2169->2171->2174->2181->2195->2186->2196->2204->2208->2212->2217->2229->2461->2466->2476,2476->2500
N2500_PS_parking_supply_P20_I1,2500,7892,223,6689,63,2491,2500,0.9,0.5,20.5,0.9,27528.023,2476,340,2476_S001,near,0.2046000000000003,0.001603,0.003195,0.1661,0.0332,0.036395,6.66,13.766292000000018,2491->2341->2328->2326->2320->2317->2305->2300->2282->2268->2263->2256->2252->2251->2247->2244->2240->2226->2237->2220->2235->2218->2228->2214->2211->2202->2178->2156->2183->2170->2155->2154->2130->2109->2098->2085->2072->2082->2069->2046->2038->2033->2030->2044->2028->2014->1968->1955->1902->1895->1894->1893->1882->1872->1864->1869->1863->1860->1841->1840->1832->1827->1826->1814->1813->1807->1789->1788->1781->1779->1774->1784->1780->1778->1767->1764->1740->1736->1735->1731->1718->1713->1707->1693->1681->1677->1687->1672->1665->1673->1664->1655->1649->1643->1637->1628->1610->1587->1579->1552->1550->1548->1530->1537->1525->1492->1490->1488->1495->1479->1486->1471->1465->1460->1430->1423->1406->1401->1391->1384->1380->1374->1373->1369->1359->1355->1344->1311->1301->1310->1298->1290->1281->1274->1270->1279->1262->1257->1254->1252->1219->1206->1228->1212->1203->1194->1197->1177->1170->1153->1152->1149->1142->1134->1130->1125->1117->1113->1129->1111->1099->1089->1075->1069->1065->1064->1063->1051->1042->1039->1050->1037->1036->1027->1006->988->981->969->929->924->917->912->904->903->896->892->905->888->885->878->877->874->865->861->857->856->851->818->813->810->812->805->786->762->761->757->755->725->715->711->723->705->696->691->697->698->689->687->681->674->667->659->657->636->609->599->592->588->576->574->586->568->575->564->560->549->547->545->543->540->538->561->532->542->534->539->526->525->527->508->501->476->469->463->450->436->430->408->393->387->372->375->371->362->373->356->350->353->348->346->349->334->337->331->329->324->321->309->298->299->296->289->284->266->262->259->254->235->233->232->230->229->217->228->210->206->209->201->198->196->193->190->183->178->174->168->164->163->162->155->108->51->50->82->81->77->69->68->63->21->1->5->6->10->11->15->24->19->28->22->30->34->54->29->49->85->100->119->114->122->123->125->133->134->181->143->146->156->166->158->173->185->192->204->202->260->263->275->288->290->293->306->317->358->363->379->384->394->407->396->397->401->406->398->403->413->440->449->455->460->468->471->482->497->517->518->537->546->551->553->555->562->569->570->573->593->600->602->615->628->637->642->658->668->694->700->713->721->734->745->748->749->753->763->765->764->766->783->784->791->815->816->821->826->830->839->854->849->852->860->864->866->867->870->880->882->887->893->894->910->933->944->946->948->976->978->985->991->995->1017->1024->1031->1071->1077->1079->1091->1100->1110->1120->1122->1139->1167->1168->1181->1175->1178->1192->1204->1182->1184->1193->1205->1210->1223->1229->1230->1241->1232->1237->1242->1244->1251->1269->1275->1278->1296->1322->1330->1348->1364->1353->1358->1361->1362->1368->1379->1381->1387->1390->1403->1417->1434->1426->1428->1453->1462->1463->1481->1497->1500->1502->1503->1508->1510->1512->1531->1518->1528->1540->1542->1554->1555->1568->1576->1582->1583->1594->1586->1590->1600->1618->1593->1601->1604->1607->1616->1620->1633->1641->1680->1688->1719->1739->1751->1755->1757->1776->1777->1798->1782->1791->1785->1818->1821->1823->1824->1857->1859->1861->1871->1890->1907->1906->1940->1941->1951->1969->1980->1978->1982->1987->1991->2001->2002->2005->2013->2047->2059->2063->2071->2074->2077->2079->2099->2100->2116->2118->2121->2134->2137->2148->2158->2169->2171->2174->2181->2195->2186->2196->2204->2208->2212->2217->2229->2461->2466->2476,2476->2500
N2500_PS_parking_supply_P5_I1,2500,7696,125,3732,63,2491,2500,0.9,0.5,20.5,0.9,24696.552,2476,340,2476_S001,near,0.2046000000000003,0.001603,0.003195,0.1661,0.0332,0.036395,6.66,13.766292000000018,2491->2341->2328->2326->2320->2317->2305->2300->2282->2268->2263->2256->2252->2251->2247->2244->2240->2226->2237->2220->2235->2218->2228->2214->2211->2202->2178->2156->2183->2170->2155->2154->2130->2109->2098->2085->2072->2082->2069->2046->2038->2033->2030->2044->2028->2014->1968->1955->1902->1895->1894->1893->1882->1872->1864->1869->1863->1860->1841->1840->1832->1827->1826->1814->1813->1807->1789->1788->1781->1779->1774->1784->1780->1778->1767->1764->1740->1736->1735->1731->1718->1713->1707->1693->1681->1677->1687->1672->1665->1673->1664->1655->1649->1643->1637->1628->1610->1587->1579->1552->1550->1548->1530->1537->1525->1492->1490->1488->1495->1479->1486->1471->1465->1460->1430->1423->1406->1401->1391->1384->1380->1374->1373->1369->1359->1355->1344->1311->1301->1310->1298->1290->1281->1274->1270->1279->1262->1257->1254->1252->1219->1206->1228->1212->1203->1194->1197->1177->1170->1153->1152->1149->1142->1134->1130->1125->1117->1113->1129->1111->1099->1089->1075->1069->1065->1064->1063->1051->1042->1039->1050->1037->1036->1027->1006->988->981->969->929->924->917->912->904->903->896->892->905->888->885->878->877->874->865->861->857->856->851->818->813->810->812->805->786->762->761->757->755->725->715->711->723->705->696->691->697->698->689->687->681->674->667->659->657->636->609->599->592->588->576->574->586->568->575->564->560->549->547->545->543->540->538->561->532->542->534->539->526->525->527->508->501->476->469->463->450->436->430->408->393->387->372->375->371->362->373->356->350->353->348->346->349->334->337->331->329->324->321->309->298->299->296->289->284->266->262->259->254->235->233->232->230->229->217->228->210->206->209->201->198->196->193->190->183->178->174->168->164->163->162->155->108->51->50->82->81->77->69->68->63->21->1->5->6->10->11->15->24->19->28->22->30->34->54->29->49->85->100->119->114->122->123->125->133->134->181->143->146->156->166->158->173->185->192->204->202->260->263->275->288->290->293->306->317->358->363->379->384->394->407->396->397->401->406->398->403->413->440->449->455->460->468->471->482->497->517->518->537->546->551->553->555->562->569->570->573->593->600->602->615->628->637->642->658->668->694->700->713->721->734->745->748->749->753->763->765->764->766->783->784->791->815->816->821->826->830->839->854->849->852->860->864->866->867->870->880->882->887->893->894->910->933->944->946->948->976->978->985->991->995->1017->1024->1031->1071->1077->1079->1091->1100->1110->1120->1122->1139->1167->1168->1181->1175->1178->1192->1204->1182->1184->1193->1205->1210->1223->1229->1230->1241->1232->1237->1242->1244->1251->1269->1275->1278->1296->1322->1330->1348->1364->1353->1358->1361->1362->1368->1379->1381->1387->1390->1403->1417->1434->1426->1428->1453->1462->1463->1481->1497->1500->1502->1503->1508->1510->1512->1531->1518->1528->1540->1542->1554->1555->1568->1576->1582->1583->1594->1586->1590->1600->1618->1593->1601->1604->1607->1616->1620->1633->1641->1680->1688->1719->1739->1751->1755->1757->1776->1777->1798->1782->1791->1785->1818->1821->1823->1824->1857->1859->1861->1871->1890->1907->1906->1940->1941->1951->1969->1980->1978->1982->1987->1991->2001->2002->2005->2013->2047->2059->2063->2071->2074->2077->2079->2099->2100->2116->2118->2121->2134->2137->2148->2158->2169->2171->2174->2181->2195->2186->2196->2204->2208->2212->2217->2229->2461->2466->2476,2476->2500
N2500_PS_spot_availability_A10_I1,2500,7696,125,3732,63,2491,2500,0.9,0.5,20.5,0.9,23521.942,2476,340,2476_S001,near,0.2046000000000003,0.001603,0.003195,0.1661,0.0332,0.036395,6.66,13.766292000000018,2491->2341->2328->2326->2320->2317->2305->2300->2282->2268->2263->2256->2252->2251->2247->2244->2240->2226->2237->2220->2235->2218->2228->2214->2211->2202->2178->2156->2183->2170->2155->2154->2130->2109->2098->2085->2072->2082->2069->2046->2038->2033->2030->2044->2028->2014->1968->1955->1902->1895->1894->1893->1882->1872->1864->1869->1863->1860->1841->1840->1832->1827->1826->1814->1813->1807->1789->1788->1781->1779->1774->1784->1780->1778->1767->1764->1740->1736->1735->1731->1718->1713->1707->1693->1681->1677->1687->1672->1665->1673->1664->1655->1649->1643->1637->1628->1610->1587->1579->1552->1550->1548->1530->1537->1525->1492->1490->1488->1495->1479->1486->1471->1465->1460->1430->1423->1406->1401->1391->1384->1380->1374->1373->1369->1359->1355->1344->1311->1301->1310->1298->1290->1281->1274->1270->1279->1262->1257->1254->1252->1219->1206->1228->1212->1203->1194->1197->1177->1170->1153->1152->1149->1142->1134->1130->1125->1117->1113->1129->1111->1099->1089->1075->1069->1065->1064->1063->1051->1042->1039->1050->1037->1036->1027->1006->988->981->969->929->924->917->912->904->903->896->892->905->888->885->878->877->874->865->861->857->856->851->818->813->810->812->805->786->762->761->757->755->725->715->711->723->705->696->691->697->698->689->687->681->674->667->659->657->636->609->599->592->588->576->574->586->568->575->564->560->549->547->545->543->540->538->561->532->542->534->539->526->525->527->508->501->476->469->463->450->436->430->408->393->387->372->375->371->362->373->356->350->353->348->346->349->334->337->331->329->324->321->309->298->299->296->289->284->266->262->259->254->235->233->232->230->229->217->228->210->206->209->201->198->196->193->190->183->178->174->168->164->163->162->155->108->51->50->82->81->77->69->68->63->21->1->5->6->10->11->15->24->19->28->22->30->34->54->29->49->85->100->119->114->122->123->125->133->134->181->143->146->156->166->158->173->185->192->204->202->260->263->275->288->290->293->306->317->358->363->379->384->394->407->396->397->401->406->398->403->413->440->449->455->460->468->471->482->497->517->518->537->546->551->553->555->562->569->570->573->593->600->602->615->628->637->642->658->668->694->700->713->721->734->745->748->749->753->763->765->764->766->783->784->791->815->816->821->826->830->839->854->849->852->860->864->866->867->870->880->882->887->893->894->910->933->944->946->948->976->978->985->991->995->1017->1024->1031->1071->1077->1079->1091->1100->1110->1120->1122->1139->1167->1168->1181->1175->1178->1192->1204->1182->1184->1193->1205->1210->1223->1229->1230->1241->1232->1237->1242->1244->1251->1269->1275->1278->1296->1322->1330->1348->1364->1353->1358->1361->1362->1368->1379->1381->1387->1390->1403->1417->1434->1426->1428->1453->1462->1463->1481->1497->1500->1502->1503->1508->1510->1512->1531->1518->1528->1540->1542->1554->1555->1568->1576->1582->1583->1594->1586->1590->1600->1618->1593->1601->1604->1607->1616->1620->1633->1641->1680->1688->1719->1739->1751->1755->1757->1776->1777->1798->1782->1791->1785->1818->1821->1823->1824->1857->1859->1861->1871->1890->1907->1906->1940->1941->1951->1969->1980->1978->1982->1987->1991->2001->2002->2005->2013->2047->2059->2063->2071->2074->2077->2079->2099->2100->2116->2118->2121->2134->2137->2148->2158->2169->2171->2174->2181->2195->2186->2196->2204->2208->2212->2217->2229->2461->2466->2476,2476->2500
N2500_PS_spot_availability_A20_I1,2500,7696,125,3732,126,2491,2500,0.9,0.5,20.5,0.9,24478.998,2490,294,2490_S001,near,0.20500000000000035,0.001557,0.002951,0.1348,0.027,0.029951,9.13,13.68443200000002,2491->2341->2328->2326->2320->2317->2305->2300->2282->2268->2263->2256->2252->2251->2247->2244->2240->2226->2237->2220->2235->2218->2228->2214->2211->2202->2178->2156->2183->2170->2155->2154->2130->2109->2098->2085->2072->2082->2069->2046->2038->2033->2030->2044->2028->2014->1968->1955->1902->1895->1894->1893->1882->1872->1864->1869->1863->1860->1841->1840->1832->1827->1826->1814->1813->1807->1789->1788->1781->1779->1774->1784->1780->1778->1767->1764->1740->1736->1735->1731->1718->1713->1707->1693->1681->1677->1687->1672->1665->1673->1664->1655->1649->1643->1637->1628->1610->1587->1579->1552->1550->1548->1530->1537->1525->1492->1490->1488->1495->1479->1486->1471->1465->1460->1430->1423->1406->1401->1391->1384->1380->1374->1373->1369->1359->1355->1344->1311->1301->1310->1298->1290->1281->1274->1270->1279->1262->1257->1254->1252->1219->1206->1228->1212->1203->1194->1197->1177->1170->1153->1152->1149->1142->1134->1130->1125->1117->1113->1129->1111->1099->1089->1075->1069->1065->1064->1063->1051->1042->1039->1050->1037->1036->1027->1006->988->981->969->929->924->917->912->904->903->896->892->905->888->885->878->877->874->865->861->857->856->851->818->813->810->812->805->786->762->761->757->755->725->715->711->723->705->696->691->697->698->689->687->681->674->667->659->657->636->609->599->592->588->576->574->586->568->575->564->560->549->547->545->543->540->538->561->532->542->534->539->526->525->527->508->501->476->469->463->450->437->436->430->408->393->387->372->375->371->362->373->356->350->353->348->346->349->334->337->331->329->324->321->309->298->299->296->289->284->266->262->259->254->235->233->232->230->229->217->228->210->206->209->201->198->196->193->190->183->178->174->168->164->163->162->155->108->51->50->82->81->77->69->68->63->21->1->5->6->10->11->15->24->19->28->22->30->34->54->29->49->85->100->119->114->122->123->125->133->134->181->143->146->156->166->158->173->185->192->204->202->260->263->275->288->290->293->306->317->358->363->379->384->394->407->396->397->401->406->398->403->413->440->449->455->460->468->471->482->497->517->518->537->546->551->553->555->562->569->570->573->593->600->602->615->628->637->642->658->668->694->700->713->721->734->745->748->749->753->763->765->764->766->783->784->791->815->816->821->826->830->839->854->849->852->860->864->866->867->870->880->882->887->893->894->910->933->944->946->948->976->978->985->991->995->1017->1024->1031->1071->1077->1079->1091->1100->1110->1120->1122->1139->1167->1168->1181->1175->1178->1192->1204->1182->1184->1193->1205->1210->1223->1229->1230->1241->1232->1237->1242->1244->1251->1269->1275->1278->1296->1322->1330->1348->1364->1353->1358->1361->1362->1368->1379->1381->1387->1390->1403->1417->1434->1426->1428->1453->1462->1463->1481->1497->1500->1502->1503->1508->1510->1512->1531->1518->1528->1540->1542->1554->1555->1568->1576->1582->1583->1594->1586->1590->1600->1618->1593->1601->1604->1607->1616->1620->1633->1641->1680->1688->1719->1739->1751->1755->1757->1776->1777->1798->1782->1791->1785->1818->1821->1823->1824->1857->1859->1861->1871->1890->1907->1906->1940->1941->1951->1969->1980->1978->1982->1987->1991->2001->2002->2005->2013->2047->2059->2063->2071->2074->2077->2079->2099->2100->2116->2118->2121->2134->2137->2148->2158->2169->2171->2174->2181->2195->2186->2196->2204->2208->2212->2217->2229->2490,2490->2500
N2500_PS_spot_availability_A30_I1,2500,7696,125,3732,180,2491,2500,0.9,0.5,20.5,0.9,25656.287,2490,294,2490_S001,near,0.20500000000000035,0.001557,0.002951,0.1348,0.027,0.029951,9.13,13.68443200000002,2491->2341->2328->2326->2320->2317->2305->2300->2282->2268->2263->2256->2252->2251->2247->2244->2240->2226->2237->2220->2235->2218->2228->2214->2211->2202->2178->2156->2183->2170->2155->2154->2130->2109->2098->2085->2072->2082->2069->2046->2038->2033->2030->2044->2028->2014->1968->1955->1902->1895->1894->1893->1882->1872->1864->1869->1863->1860->1841->1840->1832->1827->1826->1814->1813->1807->1789->1788->1781->1779->1774->1784->1780->1778->1767->1764->1740->1736->1735->1731->1718->1713->1707->1693->1681->1677->1687->1672->1665->1673->1664->1655->1649->1643->1637->1628->1610->1587->1579->1552->1550->1548->1530->1537->1525->1492->1490->1488->1495->1479->1486->1471->1465->1460->1430->1423->1406->1401->1391->1384->1380->1374->1373->1369->1359->1355->1344->1311->1301->1310->1298->1290->1281->1274->1270->1279->1262->1257->1254->1252->1219->1206->1228->1212->1203->1194->1197->1177->1170->1153->1152->1149->1142->1134->1130->1125->1117->1113->1129->1111->1099->1089->1075->1069->1065->1064->1063->1051->1042->1039->1050->1037->1036->1027->1006->988->981->969->929->924->917->912->904->903->896->892->905->888->885->878->877->874->865->861->857->856->851->818->813->810->812->805->786->762->761->757->755->725->715->711->723->705->696->691->697->698->689->687->681->674->667->659->657->636->609->599->592->588->576->574->586->568->575->564->560->549->547->545->543->540->538->561->532->542->534->539->526->525->527->508->501->476->469->463->450->437->436->430->408->393->387->372->375->371->362->373->356->350->353->348->346->349->334->337->331->329->324->321->309->298->299->296->289->284->266->262->259->254->235->233->232->230->229->217->228->210->206->209->201->198->196->193->190->183->178->174->168->164->163->162->155->108->51->50->82->81->77->69->68->63->21->1->5->6->10->11->15->24->19->28->22->30->34->54->29->49->85->100->119->114->122->123->125->133->134->181->143->146->156->166->158->173->185->192->204->202->260->263->275->288->290->293->306->317->358->363->379->384->394->407->396->397->401->406->398->403->413->440->449->455->460->468->471->482->497->517->518->537->546->551->553->555->562->569->570->573->593->600->602->615->628->637->642->658->668->694->700->713->721->734->745->748->749->753->763->765->764->766->783->784->791->815->816->821->826->830->839->854->849->852->860->864->866->867->870->880->882->887->893->894->910->933->944->946->948->976->978->985->991->995->1017->1024->1031->1071->1077->1079->1091->1100->1110->1120->1122->1139->1167->1168->1181->1175->1178->1192->1204->1182->1184->1193->1205->1210->1223->1229->1230->1241->1232->1237->1242->1244->1251->1269->1275->1278->1296->1322->1330->1348->1364->1353->1358->1361->1362->1368->1379->1381->1387->1390->1403->1417->1434->1426->1428->1453->1462->1463->1481->1497->1500->1502->1503->1508->1510->1512->1531->1518->1528->1540->1542->1554->1555->1568->1576->1582->1583->1594->1586->1590->1600->1618->1593->1601->1604->1607->1616->1620->1630->1633->1641->1680->1688->1719->1739->1751->1755->1757->1776->1777->1798->1782->1791->1785->1818->1821->1823->1824->1857->1859->1861->1871->1890->1907->1906->1940->1941->1951->1969->1980->1978->1982->1987->1991->2001->2002->2005->2013->2047->2059->2063->2071->2074->2077->2079->2099->2100->2116->2118->2121->2134->2137->2148->2158->2169->2171->2174->2181->2195->2186->2196->2204->2208->2212->2217->2229->2490,2490->2500
N2500_PS_spot_availability_A40_I1,2500,7696,125,3732,225,2491,2500,0.9,0.5,20.5,0.9,24162.502,2490,294,2490_S001,near,0.20520000000000033,0.001557,0.002951,0.1348,0.027,0.029951,9.13,13.695232000000019,2491->2341->2328->2326->2320->2317->2305->2300->2282->2268->2263->2256->2252->2251->2247->2244->2240->2226->2237->2220->2235->2218->2228->2214->2211->2202->2178->2156->2183->2170->2155->2154->2130->2109->2098->2085->2072->2082->2069->2046->2038->2033->2030->2044->2028->2014->1968->1955->1902->1895->1894->1893->1882->1872->1864->1869->1863->1860->1841->1840->1832->1827->1826->1814->1813->1807->1789->1788->1781->1779->1774->1784->1780->1778->1767->1764->1740->1736->1735->1731->1718->1713->1707->1693->1681->1677->1687->1672->1665->1673->1664->1655->1649->1643->1637->1628->1610->1587->1579->1552->1550->1548->1530->1537->1525->1492->1490->1488->1495->1479->1486->1471->1465->1460->1430->1423->1406->1401->1391->1384->1380->1374->1373->1369->1359->1355->1344->1311->1301->1310->1298->1290->1281->1274->1270->1279->1262->1257->1254->1252->1219->1206->1228->1212->1203->1194->1197->1177->1170->1153->1152->1149->1142->1134->1130->1125->1117->1113->1129->1111->1099->1089->1075->1069->1065->1064->1063->1051->1042->1039->1050->1037->1036->1027->1006->988->981->969->929->924->917->912->904->903->896->892->905->888->885->878->877->874->865->861->857->856->851->818->813->810->812->805->786->762->761->757->755->725->715->711->723->705->696->691->697->698->689->687->681->674->667->659->657->636->609->599->592->588->576->574->586->568->575->564->560->549->547->545->543->540->538->561->532->542->534->539->526->525->527->508->501->476->469->463->450->437->436->430->408->393->387->372->375->371->362->373->356->350->353->348->346->349->334->337->331->329->324->321->309->298->299->296->289->284->266->262->259->254->235->233->232->230->229->217->228->210->206->209->201->198->196->193->190->183->178->174->168->164->163->162->155->108->51->50->82->81->77->69->68->63->21->1->5->6->10->11->15->24->19->28->22->30->34->54->29->49->85->100->119->114->122->123->125->133->134->181->143->146->156->166->158->173->185->192->204->202->260->263->275->288->290->293->306->317->358->363->379->384->394->407->396->397->401->406->398->403->413->440->449->455->460->468->471->482->497->517->518->537->546->551->553->555->562->569->570->573->593->600->602->615->628->637->642->658->668->694->700->713->721->734->745->748->749->753->763->765->764->766->783->784->791->815->816->821->826->830->839->854->849->852->860->864->866->867->870->880->882->887->893->894->910->933->944->946->948->976->978->985->991->995->1017->1024->1031->1071->1077->1079->1091->1100->1110->1120->1122->1139->1167->1168->1181->1175->1178->1192->1204->1182->1184->1193->1205->1210->1223->1229->1230->1241->1232->1237->1242->1244->1251->1269->1275->1278->1296->1322->1330->1348->1364->1353->1358->1361->1362->1368->1379->1381->1387->1390->1403->1417->1434->1426->1428->1453->1462->1463->1481->1497->1500->1502->1503->1508->1510->1512->1531->1518->1528->1540->1542->1554->1555->1568->1576->1582->1583->1594->1586->1590->1600->1618->1593->1601->1604->1607->1616->1620->1630->1633->1641->1680->1688->1719->1739->1751->1755->1757->1776->1777->1798->1782->1791->1785->1818->1821->1823->1824->1857->1859->1861->1871->1890->1907->1906->1940->1941->1951->1969->1980->1978->1982->1987->1991->2001->2002->2005->2013->2047->2059->2063->2071->2074->2077->2079->2099->2100->2116->2118->2121->2134->2137->2148->2158->2169->2171->2174->2181->2195->2186->2196->2204->2208->2212->2217->2229->2461->2466->2476->2485->2490,2490->2500
N2500_PS_spots_per_lot_S1020_I1,2500,7696,125,2205,38,2491,2500,0.9,0.5,20.5,0.9,22853.464,2476,217,2476_S003,near,0.2046000000000003,0.001127,0.003048,0.1661,0.0332,0.036248,5.88,13.654650000000014,2491->2341->2328->2326->2320->2317->2305->2300->2282->2268->2263->2256->2252->2251->2247->2244->2240->2226->2237->2220->2235->2218->2228->2214->2211->2202->2178->2156->2183->2170->2155->2154->2130->2109->2098->2085->2072->2082->2069->2046->2038->2033->2030->2044->2028->2014->1968->1955->1902->1895->1894->1893->1882->1872->1864->1869->1863->1860->1841->1840->1832->1827->1826->1814->1813->1807->1789->1788->1781->1779->1774->1784->1780->1778->1767->1764->1740->1736->1735->1731->1718->1713->1707->1693->1681->1677->1687->1672->1665->1673->1664->1655->1649->1643->1637->1628->1610->1587->1579->1552->1550->1548->1530->1537->1525->1492->1490->1488->1495->1479->1486->1471->1465->1460->1430->1423->1406->1401->1391->1384->1380->1374->1373->1369->1359->1355->1344->1311->1301->1310->1298->1290->1281->1274->1270->1279->1262->1257->1254->1252->1219->1206->1228->1212->1203->1194->1197->1177->1170->1153->1152->1149->1142->1134->1130->1125->1117->1113->1129->1111->1099->1089->1075->1069->1065->1064->1063->1051->1042->1039->1050->1037->1036->1027->1006->988->981->969->929->924->917->912->904->903->896->892->905->888->885->878->877->874->865->861->857->856->851->818->813->810->812->805->786->762->761->757->755->725->715->711->723->705->696->691->697->698->689->687->681->674->667->659->657->636->609->599->592->588->576->574->586->568->575->564->560->549->547->545->543->540->538->561->532->542->534->539->526->525->527->508->501->476->469->463->450->436->430->408->393->387->372->375->371->362->373->356->350->353->348->346->349->334->337->331->329->324->321->309->298->299->296->289->284->266->262->259->254->235->233->232->230->229->217->228->210->206->209->201->198->196->193->190->183->178->174->168->164->163->162->155->108->51->50->82->81->77->69->68->63->21->1->5->6->10->11->15->24->19->28->22->30->34->54->29->49->85->100->119->114->122->123->125->133->134->181->143->146->156->166->158->173->185->192->204->202->260->263->275->288->290->293->306->317->358->363->379->384->394->407->396->397->401->406->398->403->413->440->449->455->460->468->471->482->497->517->518->537->546->551->553->555->562->569->570->573->593->600->602->615->628->637->642->658->668->694->700->713->721->734->745->748->749->753->763->765->764->766->783->784->791->815->816->821->826->830->839->854->849->852->860->864->866->867->870->880->882->887->893->894->910->933->944->946->948->976->978->985->991->995->1017->1024->1031->1071->1077->1079->1091->1100->1110->1120->1122->1139->1167->1168->1181->1175->1178->1192->1204->1182->1184->1193->1205->1210->1223->1229->1230->1241->1232->1237->1242->1244->1251->1269->1275->1278->1296->1322->1330->1348->1364->1353->1358->1361->1362->1368->1379->1381->1387->1390->1403->1417->1434->1426->1428->1453->1462->1463->1481->1497->1500->1502->1503->1508->1510->1512->1531->1518->1528->1540->1542->1554->1555->1568->1576->1582->1583->1594->1586->1590->1600->1618->1593->1601->1604->1607->1616->1620->1633->1641->1680->1688->1719->1739->1751->1755->1757->1776->1777->1798->1782->1791->1785->1818->1821->1823->1824->1857->1859->1861->1871->1890->1907->1906->1940->1941->1951->1969->1980->1978->1982->1987->1991->2001->2002->2005->2013->2047->2059->2063->2071->2074->2077->2079->2099->2100->2116->2118->2121->2134->2137->2148->2158->2169->2171->2174->2181->2195->2186->2196->2204->2208->2212->2217->2229->2461->2466->2476,2476->2500
N2500_PS_spots_per_lot_S2040_I1,2500,7696,125,4404,73,2491,2500,0.9,0.5,20.5,0.9,23758.847,2476,432,2476_S003,near,0.2046000000000003,0.001127,0.003048,0.1661,0.0332,0.036248,5.88,13.654650000000014,2491->2341->2328->2326->2320->2317->2305->2300->2282->2268->2263->2256->2252->2251->2247->2244->2240->2226->2237->2220->2235->2218->2228->2214->2211->2202->2178->2156->2183->2170->2155->2154->2130->2109->2098->2085->2072->2082->2069->2046->2038->2033->2030->2044->2028->2014->1968->1955->1902->1895->1894->1893->1882->1872->1864->1869->1863->1860->1841->1840->1832->1827->1826->1814->1813->1807->1789->1788->1781->1779->1774->1784->1780->1778->1767->1764->1740->1736->1735->1731->1718->1713->1707->1693->1681->1677->1687->1672->1665->1673->1664->1655->1649->1643->1637->1628->1610->1587->1579->1552->1550->1548->1530->1537->1525->1492->1490->1488->1495->1479->1486->1471->1465->1460->1430->1423->1406->1401->1391->1384->1380->1374->1373->1369->1359->1355->1344->1311->1301->1310->1298->1290->1281->1274->1270->1279->1262->1257->1254->1252->1219->1206->1228->1212->1203->1194->1197->1177->1170->1153->1152->1149->1142->1134->1130->1125->1117->1113->1129->1111->1099->1089->1075->1069->1065->1064->1063->1051->1042->1039->1050->1037->1036->1027->1006->988->981->969->929->924->917->912->904->903->896->892->905->888->885->878->877->874->865->861->857->856->851->818->813->810->812->805->786->762->761->757->755->725->715->711->723->705->696->691->697->698->689->687->681->674->667->659->657->636->609->599->592->588->576->574->586->568->575->564->560->549->547->545->543->540->538->561->532->542->534->539->526->525->527->508->501->476->469->463->450->436->430->408->393->387->372->375->371->362->373->356->350->353->348->346->349->334->337->331->329->324->321->309->298->299->296->289->284->266->262->259->254->235->233->232->230->229->217->228->210->206->209->201->198->196->193->190->183->178->174->168->164->163->162->155->108->51->50->82->81->77->69->68->63->21->1->5->6->10->11->15->24->19->28->22->30->34->54->29->49->85->100->119->114->122->123->125->133->134->181->143->146->156->166->158->173->185->192->204->202->260->263->275->288->290->293->306->317->358->363->379->384->394->407->396->397->401->406->398->403->413->440->449->455->460->468->471->482->497->517->518->537->546->551->553->555->562->569->570->573->593->600->602->615->628->637->642->658->668->694->700->713->721->734->745->748->749->753->763->765->764->766->783->784->791->815->816->821->826->830->839->854->849->852->860->864->866->867->870->880->882->887->893->894->910->933->944->946->948->976->978->985->991->995->1017->1024->1031->1071->1077->1079->1091->1100->1110->1120->1122->1139->1167->1168->1181->1175->1178->1192->1204->1182->1184->1193->1205->1210->1223->1229->1230->1241->1232->1237->1242->1244->1251->1269->1275->1278->1296->1322->1330->1348->1364->1353->1358->1361->1362->1368->1379->1381->1387->1390->1403->1417->1434->1426->1428->1453->1462->1463->1481->1497->1500->1502->1503->1508->1510->1512->1531->1518->1528->1540->1542->1554->1555->1568->1576->1582->1583->1594->1586->1590->1600->1618->1593->1601->1604->1607->1616->1620->1633->1641->1680->1688->1719->1739->1751->1755->1757->1776->1777->1798->1782->1791->1785->1818->1821->1823->1824->1857->1859->1861->1871->1890->1907->1906->1940->1941->1951->1969->1980->1978->1982->1987->1991->2001->2002->2005->2013->2047->2059->2063->2071->2074->2077->2079->2099->2100->2116->2118->2121->2134->2137->2148->2158->2169->2171->2174->2181->2195->2186->2196->2204->2208->2212->2217->2229->2461->2466->2476,2476->2500
N2500_PS_spots_per_lot_S4060_I1,2500,7696,125,6600,101,2491,2500,0.9,0.5,20.5,0.9,23663.765,2476,644,2476_S003,near,0.2046000000000003,0.001127,0.003048,0.1661,0.0332,0.036248,5.88,13.654650000000014,2491->2341->2328->2326->2320->2317->2305->2300->2282->2268->2263->2256->2252->2251->2247->2244->2240->2226->2237->2220->2235->2218->2228->2214->2211->2202->2178->2156->2183->2170->2155->2154->2130->2109->2098->2085->2072->2082->2069->2046->2038->2033->2030->2044->2028->2014->1968->1955->1902->1895->1894->1893->1882->1872->1864->1869->1863->1860->1841->1840->1832->1827->1826->1814->1813->1807->1789->1788->1781->1779->1774->1784->1780->1778->1767->1764->1740->1736->1735->1731->1718->1713->1707->1693->1681->1677->1687->1672->1665->1673->1664->1655->1649->1643->1637->1628->1610->1587->1579->1552->1550->1548->1530->1537->1525->1492->1490->1488->1495->1479->1486->1471->1465->1460->1430->1423->1406->1401->1391->1384->1380->1374->1373->1369->1359->1355->1344->1311->1301->1310->1298->1290->1281->1274->1270->1279->1262->1257->1254->1252->1219->1206->1228->1212->1203->1194->1197->1177->1170->1153->1152->1149->1142->1134->1130->1125->1117->1113->1129->1111->1099->1089->1075->1069->1065->1064->1063->1051->1042->1039->1050->1037->1036->1027->1006->988->981->969->929->924->917->912->904->903->896->892->905->888->885->878->877->874->865->861->857->856->851->818->813->810->812->805->786->762->761->757->755->725->715->711->723->705->696->691->697->698->689->687->681->674->667->659->657->636->609->599->592->588->576->574->586->568->575->564->560->549->547->545->543->540->538->561->532->542->534->539->526->525->527->508->501->476->469->463->450->436->430->408->393->387->372->375->371->362->373->356->350->353->348->346->349->334->337->331->329->324->321->309->298->299->296->289->284->266->262->259->254->235->233->232->230->229->217->228->210->206->209->201->198->196->193->190->183->178->174->168->164->163->162->155->108->51->50->82->81->77->69->68->63->21->1->5->6->10->11->15->24->19->28->22->30->34->54->29->49->85->100->119->114->122->123->125->133->134->181->143->146->156->166->158->173->185->192->204->202->260->263->275->288->290->293->306->317->358->363->379->384->394->407->396->397->401->406->398->403->413->440->449->455->460->468->471->482->497->517->518->537->546->551->553->555->562->569->570->573->593->600->602->615->628->637->642->658->668->694->700->713->721->734->745->748->749->753->763->765->764->766->783->784->791->815->816->821->826->830->839->854->849->852->860->864->866->867->870->880->882->887->893->894->910->933->944->946->948->976->978->985->991->995->1017->1024->1031->1071->1077->1079->1091->1100->1110->1120->1122->1139->1167->1168->1181->1175->1178->1192->1204->1182->1184->1193->1205->1210->1223->1229->1230->1241->1232->1237->1242->1244->1251->1269->1275->1278->1296->1322->1330->1348->1364->1353->1358->1361->1362->1368->1379->1381->1387->1390->1403->1417->1434->1426->1428->1453->1462->1463->1481->1497->1500->1502->1503->1508->1510->1512->1531->1518->1528->1540->1542->1554->1555->1568->1576->1582->1583->1594->1586->1590->1600->1618->1593->1601->1604->1607->1616->1620->1633->1641->1680->1688->1719->1739->1751->1755->1757->1776->1777->1798->1782->1791->1785->1818->1821->1823->1824->1857->1859->1861->1871->1890->1907->1906->1940->1941->1951->1969->1980->1978->1982->1987->1991->2001->2002->2005->2013->2047->2059->2063->2071->2074->2077->2079->2099->2100->2116->2118->2121->2134->2137->2148->2158->2169->2171->2174->2181->2195->2186->2196->2204->2208->2212->2217->2229->2461->2466->2476,2476->2500
N2500_PS_spots_per_lot_S6080_I1,2500,7696,125,8805,128,2491,2500,0.9,0.5,20.5,0.9,25519.568,2476,858,2476_S003,near,0.2046000000000003,0.001127,0.003048,0.1661,0.0332,0.036248,5.88,13.654650000000014,2491->2341->2328->2326->2320->2317->2305->2300->2282->2268->2263->2256->2252->2251->2247->2244->2240->2226->2237->2220->2235->2218->2228->2214->2211->2202->2178->2156->2183->2170->2155->2154->2130->2109->2098->2085->2072->2082->2069->2046->2038->2033->2030->2044->2028->2014->1968->1955->1902->1895->1894->1893->1882->1872->1864->1869->1863->1860->1841->1840->1832->1827->1826->1814->1813->1807->1789->1788->1781->1779->1774->1784->1780->1778->1767->1764->1740->1736->1735->1731->1718->1713->1707->1693->1681->1677->1687->1672->1665->1673->1664->1655->1649->1643->1637->1628->1610->1587->1579->1552->1550->1548->1530->1537->1525->1492->1490->1488->1495->1479->1486->1471->1465->1460->1430->1423->1406->1401->1391->1384->1380->1374->1373->1369->1359->1355->1344->1311->1301->1310->1298->1290->1281->1274->1270->1279->1262->1257->1254->1252->1219->1206->1228->1212->1203->1194->1197->1177->1170->1153->1152->1149->1142->1134->1130->1125->1117->1113->1129->1111->1099->1089->1075->1069->1065->1064->1063->1051->1042->1039->1050->1037->1036->1027->1006->988->981->969->929->924->917->912->904->903->896->892->905->888->885->878->877->874->865->861->857->856->851->818->813->810->812->805->786->762->761->757->755->725->715->711->723->705->696->691->697->698->689->687->681->674->667->659->657->636->609->599->592->588->576->574->586->568->575->564->560->549->547->545->543->540->538->561->532->542->534->539->526->525->527->508->501->476->469->463->450->436->430->408->393->387->372->375->371->362->373->356->350->353->348->346->349->334->337->331->329->324->321->309->298->299->296->289->284->266->262->259->254->235->233->232->230->229->217->228->210->206->209->201->198->196->193->190->183->178->174->168->164->163->162->155->108->51->50->82->81->77->69->68->63->21->1->5->6->10->11->15->24->19->28->22->30->34->54->29->49->85->100->119->114->122->123->125->133->134->181->143->146->156->166->158->173->185->192->204->202->260->263->275->288->290->293->306->317->358->363->379->384->394->407->396->397->401->406->398->403->413->440->449->455->460->468->471->482->497->517->518->537->546->551->553->555->562->569->570->573->593->600->602->615->628->637->642->658->668->694->700->713->721->734->745->748->749->753->763->765->764->766->783->784->791->815->816->821->826->830->839->854->849->852->860->864->866->867->870->880->882->887->893->894->910->933->944->946->948->976->978->985->991->995->1017->1024->1031->1071->1077->1079->1091->1100->1110->1120->1122->1139->1167->1168->1181->1175->1178->1192->1204->1182->1184->1193->1205->1210->1223->1229->1230->1241->1232->1237->1242->1244->1251->1269->1275->1278->1296->1322->1330->1348->1364->1353->1358->1361->1362->1368->1379->1381->1387->1390->1403->1417->1434->1426->1428->1453->1462->1463->1481->1497->1500->1502->1503->1508->1510->1512->1531->1518->1528->1540->1542->1554->1555->1568->1576->1582->1583->1594->1586->1590->1600->1618->1593->1601->1604->1607->1616->1620->1630->1633->1641->1680->1688->1719->1739->1751->1755->1757->1776->1777->1798->1782->1791->1785->1818->1821->1823->1824->1857->1859->1861->1871->1890->1907->1906->1940->1941->1951->1969->1980->1978->1982->1987->1991->2001->2002->2005->2013->2047->2059->2063->2071->2074->2077->2079->2099->2100->2116->2118->2121->2134->2137->2148->2158->2169->2171->2174->2181->2195->2186->2196->2204->2208->2212->2217->2229->2461->2466->2476,2476->2500
N2500_PS_traffic_high_I1,2500,7696,125,3732,63,2491,2500,0.9,0.5,20.5,0.9,25245.946,2476,340,2476_S001,near,0.6154000000000002,0.001603,0.003195,0.1661,0.0332,0.036395,6.66,35.949492000000006,2491->2341->2328->2326->2320->2317->2305->2300->2282->2268->2263->2256->2252->2251->2247->2244->2240->2226->2237->2220->2235->2218->2228->2214->2211->2202->2178->2156->2183->2170->2155->2154->2130->2109->2098->2085->2072->2082->2069->2046->2038->2033->2030->2044->2028->2014->1968->1955->1902->1895->1894->1893->1882->1872->1864->1869->1863->1860->1841->1840->1832->1827->1826->1814->1813->1807->1789->1788->1781->1779->1774->1784->1780->1778->1767->1764->1740->1736->1735->1731->1718->1713->1707->1693->1681->1677->1687->1672->1665->1673->1664->1655->1649->1643->1637->1628->1610->1587->1579->1552->1550->1548->1530->1537->1525->1492->1490->1488->1495->1479->1486->1471->1465->1460->1430->1423->1406->1401->1391->1384->1380->1374->1373->1369->1359->1355->1344->1311->1301->1310->1298->1290->1281->1274->1270->1279->1262->1257->1254->1252->1219->1206->1228->1203->1194->1197->1177->1170->1153->1152->1149->1142->1134->1130->1125->1117->1113->1129->1111->1099->1089->1075->1069->1065->1064->1063->1051->1042->1039->1050->1037->1036->1027->1006->988->981->969->929->924->917->912->904->903->896->892->905->888->885->878->877->874->865->861->857->856->851->818->813->810->812->805->786->762->761->757->755->725->715->711->723->705->696->691->697->698->689->687->681->674->667->659->657->636->609->599->592->588->576->574->586->568->575->564->560->549->547->545->543->540->538->561->532->542->534->539->526->525->527->508->501->476->469->463->450->437->436->430->408->393->387->372->375->371->362->373->356->350->353->348->346->349->334->337->331->329->324->321->309->298->296->289->284->266->262->259->254->235->233->232->230->229->217->228->210->206->209->201->198->196->193->190->183->178->174->168->164->163->162->155->108->51->50->82->81->77->69->68->63->21->1->5->6->10->11->15->24->19->28->22->30->34->54->53->89->49->85->100->119->114->129->122->123->125->133->134->181->143->146->156->166->158->173->185->197->204->202->260->265->263->275->288->290->293->306->317->358->363->379->384->394->407->396->397->401->406->398->403->413->440->449->455->460->468->471->482->497->517->518->537->546->551->553->555->562->569->570->573->593->600->602->615->628->637->642->658->668->694->700->713->721->734->745->748->749->753->763->765->764->766->783->784->791->815->816->821->826->830->839->854->849->852->860->864->866->867->870->880->882->887->893->894->910->933->944->946->948->976->978->985->991->995->1017->1024->1031->1071->1077->1079->1091->1100->1110->1120->1116->1122->1139->1167->1168->1181->1175->1178->1192->1204->1182->1184->1193->1205->1210->1223->1229->1230->1241->1232->1237->1242->1244->1251->1269->1275->1278->1296->1322->1330->1348->1364->1353->1358->1361->1362->1368->1379->1381->1387->1390->1403->1417->1434->1426->1428->1453->1462->1463->1481->1497->1500->1502->1503->1508->1510->1512->1531->1518->1528->1540->1542->1554->1555->1568->1576->1582->1583->1594->1586->1590->1600->1618->1593->1601->1604->1607->1616->1620->1633->1641->1680->1688->1719->1739->1751->1755->1757->1776->1777->1798->1782->1791->1785->1818->1821->1823->1824->1857->1861->1871->1890->1907->1906->1940->1941->1951->1969->1980->1978->1982->1987->1991->2001->2002->2005->2013->2047->2059->2063->2071->2074->2077->2079->2099->2100->2116->2118->2121->2134->2137->2148->2158->2169->2171->2174->2181->2195->2186->2196->2204->2208->2212->2217->2229->2461->2466->2476,2476->2500
N2500_PS_traffic_low_I1,2500,7696,125,3732,63,2491,2500,0.9,0.5,20.5,0.9,24678.598,2476,340,2476_S001,near,0.2046000000000003,0.001603,0.003195,0.1661,0.0332,0.036395,6.66,13.766292000000018,2491->2341->2328->2326->2320->2317->2305->2300->2282->2268->2263->2256->2252->2251->2247->2244->2240->2226->2237->2220->2235->2218->2228->2214->2211->2202->2178->2156->2183->2170->2155->2154->2130->2109->2098->2085->2072->2082->2069->2046->2038->2033->2030->2044->2028->2014->1968->1955->1902->1895->1894->1893->1882->1872->1864->1869->1863->1860->1841->1840->1832->1827->1826->1814->1813->1807->1789->1788->1781->1779->1774->1784->1780->1778->1767->1764->1740->1736->1735->1731->1718->1713->1707->1693->1681->1677->1687->1672->1665->1673->1664->1655->1649->1643->1637->1628->1610->1587->1579->1552->1550->1548->1530->1537->1525->1492->1490->1488->1495->1479->1486->1471->1465->1460->1430->1423->1406->1401->1391->1384->1380->1374->1373->1369->1359->1355->1344->1311->1301->1310->1298->1290->1281->1274->1270->1279->1262->1257->1254->1252->1219->1206->1228->1212->1203->1194->1197->1177->1170->1153->1152->1149->1142->1134->1130->1125->1117->1113->1129->1111->1099->1089->1075->1069->1065->1064->1063->1051->1042->1039->1050->1037->1036->1027->1006->988->981->969->929->924->917->912->904->903->896->892->905->888->885->878->877->874->865->861->857->856->851->818->813->810->812->805->786->762->761->757->755->725->715->711->723->705->696->691->697->698->689->687->681->674->667->659->657->636->609->599->592->588->576->574->586->568->575->564->560->549->547->545->543->540->538->561->532->542->534->539->526->525->527->508->501->476->469->463->450->436->430->408->393->387->372->375->371->362->373->356->350->353->348->346->349->334->337->331->329->324->321->309->298->299->296->289->284->266->262->259->254->235->233->232->230->229->217->228->210->206->209->201->198->196->193->190->183->178->174->168->164->163->162->155->108->51->50->82->81->77->69->68->63->21->1->5->6->10->11->15->24->19->28->22->30->34->54->29->49->85->100->119->114->122->123->125->133->134->181->143->146->156->166->158->173->185->192->204->202->260->263->275->288->290->293->306->317->358->363->379->384->394->407->396->397->401->406->398->403->413->440->449->455->460->468->471->482->497->517->518->537->546->551->553->555->562->569->570->573->593->600->602->615->628->637->642->658->668->694->700->713->721->734->745->748->749->753->763->765->764->766->783->784->791->815->816->821->826->830->839->854->849->852->860->864->866->867->870->880->882->887->893->894->910->933->944->946->948->976->978->985->991->995->1017->1024->1031->1071->1077->1079->1091->1100->1110->1120->1122->1139->1167->1168->1181->1175->1178->1192->1204->1182->1184->1193->1205->1210->1223->1229->1230->1241->1232->1237->1242->1244->1251->1269->1275->1278->1296->1322->1330->1348->1364->1353->1358->1361->1362->1368->1379->1381->1387->1390->1403->1417->1434->1426->1428->1453->1462->1463->1481->1497->1500->1502->1503->1508->1510->1512->1531->1518->1528->1540->1542->1554->1555->1568->1576->1582->1583->1594->1586->1590->1600->1618->1593->1601->1604->1607->1616->1620->1633->1641->1680->1688->1719->1739->1751->1755->1757->1776->1777->1798->1782->1791->1785->1818->1821->1823->1824->1857->1859->1861->1871->1890->1907->1906->1940->1941->1951->1969->1980->1978->1982->1987->1991->2001->2002->2005->2013->2047->2059->2063->2071->2074->2077->2079->2099->2100->2116->2118->2121->2134->2137->2148->2158->2169->2171->2174->2181->2195->2186->2196->2204->2208->2212->2217->2229->2461->2466->2476,2476->2500
N2500_PS_traffic_medium_I1,2500,7696,125,3732,63,2491,2500,0.9,0.5,20.5,0.9,24641.273,2476,340,2476_S001,near,0.3218999999999996,0.001603,0.003195,0.1661,0.0332,0.036395,6.66,20.10049199999998,2491->2341->2328->2326->2320->2317->2305->2300->2282->2268->2263->2256->2252->2251->2247->2244->2240->2226->2237->2220->2235->2218->2228->2211->2202->2178->2156->2183->2170->2155->2154->2130->2109->2098->2085->2072->2082->2069->2046->2038->2033->2030->2044->2028->2014->1968->1955->1902->1895->1894->1893->1882->1872->1864->1869->1863->1860->1841->1840->1832->1827->1826->1814->1813->1807->1789->1788->1781->1779->1774->1784->1780->1778->1767->1764->1740->1736->1735->1731->1718->1713->1707->1693->1681->1677->1687->1672->1665->1664->1655->1649->1643->1637->1628->1610->1587->1579->1552->1550->1548->1530->1537->1525->1492->1490->1488->1495->1479->1486->1471->1465->1460->1430->1423->1401->1391->1384->1380->1374->1373->1369->1359->1355->1344->1311->1301->1310->1298->1290->1281->1274->1270->1279->1262->1257->1254->1234->1219->1206->1228->1203->1194->1197->1177->1170->1153->1152->1149->1142->1134->1130->1125->1117->1113->1129->1111->1099->1089->1075->1069->1065->1064->1063->1051->1042->1039->1050->1037->1036->1027->1006->988->981->969->929->924->917->912->904->903->896->892->905->888->885->878->877->874->865->861->857->856->851->813->810->812->805->786->762->761->757->755->725->715->711->723->705->696->691->697->698->689->687->681->674->667->659->657->636->609->599->592->588->576->574->586->568->575->564->560->549->547->545->543->540->538->561->532->542->530->539->526->525->527->508->501->476->469->463->450->437->436->430->408->393->387->372->375->371->362->373->356->350->353->348->346->349->334->337->331->329->324->321->309->298->296->289->284->266->262->259->254->235->233->232->230->229->217->228->210->206->209->201->198->196->193->190->183->178->174->168->164->163->162->155->108->51->50->82->81->77->69->68->63->21->1->5->6->10->11->15->24->19->28->22->30->34->54->53->89->49->85->100->119->114->129->122->123->125->133->134->181->143->146->156->166->158->173->185->197->204->202->260->265->263->275->288->290->293->306->317->358->363->379->384->394->407->396->397->401->406->398->403->413->440->449->455->460->468->471->482->497->517->518->537->546->551->553->555->562->569->570->573->593->600->602->615->628->637->642->658->668->694->700->713->721->734->745->748->749->753->763->765->764->766->783->784->791->815->816->821->826->830->839->842->849->852->860->864->866->867->870->880->882->887->893->894->910->933->944->946->948->976->978->985->991->995->1017->1024->1031->1071->1077->1079->1091->1100->1110->1120->1116->1122->1139->1167->1168->1181->1175->1178->1192->1204->1182->1184->1193->1205->1210->1223->1229->1230->1241->1232->1237->1242->1244->1251->1269->1275->1278->1296->1322->1330->1348->1364->1353->1358->1361->1362->1368->1379->1381->1387->1390->1403->1417->1434->1426->1428->1453->1462->1463->1481->1497->1500->1502->1503->1508->1510->1512->1531->1518->1528->1540->1542->1554->1555->1568->1576->1582->1583->1594->1586->1590->1600->1618->1593->1601->1604->1607->1616->1620->1633->1641->1680->1688->1719->1739->1751->1755->1757->1776->1777->1798->1782->1791->1785->1818->1821->1823->1824->1857->1861->1871->1890->1907->1906->1940->1941->1951->1969->1980->1978->1982->1987->1991->2001->2002->2005->2013->2047->2059->2063->2071->2074->2077->2079->2099->2100->2116->2118->2121->2134->2137->2148->2158->2169->2171->2174->2181->2186->2196->2204->2208->2212->2217->2229->2461->2466->2476,2476->2500
N2500_PS_traffic_very_low_I1,2500,7696,125,3732,63,2491,2500,0.9,0.5,20.5,0.9,24078.393,2476,340,2476_S001,near,0.18089999999999964,0.001603,0.003195,0.1661,0.0332,0.036395,6.66,12.48649199999998,2491->2493->2341->2328->2326->2320->2317->2305->2300->2282->2268->2263->2256->2252->2251->2247->2244->2240->2226->2237->2220->2235->2218->2228->2211->2202->2178->2156->2183->2170->2155->2154->2130->2109->2098->2085->2072->2082->2069->2046->2038->2033->2030->2044->2028->2014->1968->1955->1902->1895->1894->1893->1882->1872->1864->1869->1863->1860->1841->1840->1832->1827->1826->1814->1813->1807->1789->1788->1781->1779->1774->1784->1780->1778->1767->1764->1740->1736->1735->1731->1718->1713->1707->1693->1681->1677->1687->1672->1665->1664->1655->1649->1643->1637->1628->1610->1587->1579->1552->1550->1548->1530->1537->1525->1492->1490->1488->1495->1479->1486->1471->1465->1460->1430->1423->1401->1391->1384->1380->1374->1373->1369->1359->1355->1344->1311->1301->1310->1298->1290->1281->1274->1270->1279->1262->1257->1254->1234->1219->1206->1228->1212->1203->1194->1197->1177->1170->1153->1152->1149->1142->1134->1130->1125->1117->1113->1129->1111->1099->1089->1075->1069->1065->1064->1063->1051->1042->1039->1050->1037->1036->1027->1006->988->981->969->929->924->917->912->904->903->896->892->905->888->885->878->877->874->865->861->857->856->851->813->810->805->786->762->761->757->755->725->715->711->723->705->696->691->697->698->689->687->681->674->667->659->657->636->609->599->592->588->576->574->586->568->575->564->560->549->547->545->543->540->566->561->532->542->530->539->526->525->527->508->501->476->469->463->450->436->430->408->393->387->372->375->371->362->373->356->350->353->348->346->349->334->337->331->329->324->321->309->298->299->296->289->284->266->262->259->254->235->233->232->230->229->217->228->210->206->209->201->198->196->193->190->183->178->174->168->164->163->162->155->108->51->50->48->78->77->69->68->63->21->1->9->10->11->15->24->19->28->22->30->34->54->29->49->85->111->119->114->122->123->125->133->134->181->143->146->156->166->158->173->185->197->204->202->260->263->275->288->290->293->306->317->358->363->379->384->394->407->396->397->401->406->398->403->413->440->449->455->460->468->471->482->497->517->518->537->546->551->553->555->562->569->570->573->593->600->602->615->628->637->642->658->668->694->700->713->721->734->745->748->749->753->763->765->764->766->783->784->791->815->816->821->826->830->839->854->849->852->860->864->866->867->870->880->882->887->893->894->910->933->944->946->948->976->978->985->991->995->1017->1024->1031->1071->1077->1079->1091->1100->1110->1120->1122->1139->1167->1168->1181->1175->1189->1192->1204->1182->1184->1193->1205->1210->1223->1229->1230->1241->1232->1237->1242->1244->1251->1269->1275->1278->1296->1322->1330->1348->1364->1353->1358->1366->1362->1368->1379->1381->1387->1390->1403->1417->1434->1428->1453->1462->1463->1481->1497->1500->1502->1503->1508->1510->1512->1531->1518->1528->1540->1542->1554->1555->1568->1576->1582->1583->1594->1586->1590->1600->1618->1593->1601->1604->1607->1616->1620->1633->1641->1680->1688->1719->1739->1751->1755->1757->1776->1777->1798->1782->1785->1818->1821->1823->1824->1857->1861->1871->1890->1907->1906->1940->1941->1951->1969->1980->1978->1982->1987->1991->2001->2002->2005->2013->2047->2059->2063->2071->2074->2077->2079->2099->2100->2116->2118->2121->2134->2137->2148->2158->2169->2171->2174->2181->2186->2196->2204->2208->2212->2217->2229->2461->2466->2476,2476->2500
N2500_PS_walking_distance_W025_I1,2500,7696,125,3732,18,2491,2500,0.9,0.25,20.5,0.9,57978.854,2490,294,2490_S001,near,0.20500000000000035,0.001557,0.002951,0.1348,0.027,0.029951,9.13,13.68443200000002,2491->2341->2328->2326->2320->2317->2305->2300->2282->2268->2263->2256->2252->2251->2247->2244->2240->2226->2237->2220->2235->2218->2228->2214->2211->2202->2178->2156->2183->2170->2155->2154->2130->2109->2098->2085->2072->2082->2069->2046->2038->2033->2030->2044->2028->2014->1968->1955->1902->1895->1894->1893->1882->1872->1864->1869->1863->1860->1841->1840->1832->1827->1826->1814->1813->1807->1789->1788->1781->1779->1774->1784->1780->1778->1767->1764->1740->1736->1735->1731->1718->1713->1707->1693->1681->1677->1687->1672->1665->1673->1664->1655->1649->1643->1637->1628->1610->1587->1579->1552->1550->1548->1530->1537->1525->1492->1490->1488->1495->1479->1486->1471->1465->1460->1430->1423->1406->1401->1391->1384->1380->1374->1373->1369->1359->1355->1344->1311->1301->1310->1298->1290->1281->1274->1270->1279->1262->1257->1254->1252->1219->1206->1228->1212->1203->1194->1197->1177->1170->1153->1152->1149->1142->1134->1130->1125->1117->1113->1129->1111->1099->1089->1075->1069->1065->1064->1063->1051->1042->1039->1050->1037->1036->1027->1006->988->981->969->929->924->917->912->904->903->896->892->905->888->885->878->877->874->865->861->857->856->851->818->813->810->812->805->786->762->761->757->755->725->715->711->723->705->696->691->697->698->689->687->681->674->667->659->657->636->609->599->592->588->576->574->586->568->575->564->560->549->547->545->543->540->538->561->532->542->534->539->526->525->527->508->501->476->469->463->450->437->436->430->408->393->387->372->375->371->362->373->356->350->353->348->346->349->334->337->331->329->324->321->309->298->299->296->289->284->266->262->259->254->235->233->232->230->229->217->228->210->206->209->201->198->196->193->190->183->178->174->168->164->163->162->155->108->51->50->82->81->77->69->68->63->21->1->5->6->10->11->15->24->19->28->22->30->34->54->29->49->85->100->119->114->122->123->125->133->134->181->143->146->156->166->158->173->185->192->204->202->260->263->275->288->290->293->306->317->358->363->379->384->394->407->396->397->401->406->398->403->413->440->449->455->460->468->471->482->497->517->518->537->546->551->553->555->562->569->570->573->593->600->602->615->628->637->642->658->668->694->700->713->721->734->745->748->749->753->763->765->764->766->783->784->791->815->816->821->826->830->839->854->849->852->860->864->866->867->870->880->882->887->893->894->910->933->944->946->948->976->978->985->991->995->1017->1024->1031->1071->1077->1079->1091->1100->1110->1120->1122->1139->1167->1168->1181->1175->1178->1192->1204->1182->1184->1193->1205->1210->1223->1229->1230->1241->1232->1237->1242->1244->1251->1269->1275->1278->1296->1322->1330->1348->1364->1353->1358->1361->1362->1368->1379->1381->1387->1390->1403->1417->1434->1426->1428->1453->1462->1463->1481->1497->1500->1502->1503->1508->1510->1512->1531->1518->1528->1540->1542->1554->1555->1568->1576->1582->1583->1594->1586->1590->1600->1618->1593->1601->1604->1607->1616->1620->1633->1641->1680->1688->1719->1739->1751->1755->1757->1776->1777->1798->1782->1791->1785->1818->1821->1823->1824->1857->1859->1861->1871->1890->1907->1906->1940->1941->1951->1969->1980->1978->1982->1987->1991->2001->2002->2005->2013->2047->2059->2063->2071->2074->2077->2079->2099->2100->2116->2118->2121->2134->2137->2148->2158->2169->2171->2174->2181->2195->2186->2196->2204->2208->2212->2217->2229->2490,2490->2500
N2500_PS_walking_distance_W050_I1,2500,7696,125,3732,63,2491,2500,0.9,0.5,20.5,0.9,58863.106,2476,340,2476_S001,near,0.2046000000000003,0.001603,0.003195,0.1661,0.0332,0.036395,6.66,13.766292000000018,2491->2341->2328->2326->2320->2317->2305->2300->2282->2268->2263->2256->2252->2251->2247->2244->2240->2226->2237->2220->2235->2218->2228->2214->2211->2202->2178->2156->2183->2170->2155->2154->2130->2109->2098->2085->2072->2082->2069->2046->2038->2033->2030->2044->2028->2014->1968->1955->1902->1895->1894->1893->1882->1872->1864->1869->1863->1860->1841->1840->1832->1827->1826->1814->1813->1807->1789->1788->1781->1779->1774->1784->1780->1778->1767->1764->1740->1736->1735->1731->1718->1713->1707->1693->1681->1677->1687->1672->1665->1673->1664->1655->1649->1643->1637->1628->1610->1587->1579->1552->1550->1548->1530->1537->1525->1492->1490->1488->1495->1479->1486->1471->1465->1460->1430->1423->1406->1401->1391->1384->1380->1374->1373->1369->1359->1355->1344->1311->1301->1310->1298->1290->1281->1274->1270->1279->1262->1257->1254->1252->1219->1206->1228->1212->1203->1194->1197->1177->1170->1153->1152->1149->1142->1134->1130->1125->1117->1113->1129->1111->1099->1089->1075->1069->1065->1064->1063->1051->1042->1039->1050->1037->1036->1027->1006->988->981->969->929->924->917->912->904->903->896->892->905->888->885->878->877->874->865->861->857->856->851->818->813->810->812->805->786->762->761->757->755->725->715->711->723->705->696->691->697->698->689->687->681->674->667->659->657->636->609->599->592->588->576->574->586->568->575->564->560->549->547->545->543->540->538->561->532->542->534->539->526->525->527->508->501->476->469->463->450->436->430->408->393->387->372->375->371->362->373->356->350->353->348->346->349->334->337->331->329->324->321->309->298->299->296->289->284->266->262->259->254->235->233->232->230->229->217->228->210->206->209->201->198->196->193->190->183->178->174->168->164->163->162->155->108->51->50->82->81->77->69->68->63->21->1->5->6->10->11->15->24->19->28->22->30->34->54->29->49->85->100->119->114->122->123->125->133->134->181->143->146->156->166->158->173->185->192->204->202->260->263->275->288->290->293->306->317->358->363->379->384->394->407->396->397->401->406->398->403->413->440->449->455->460->468->471->482->497->517->518->537->546->551->553->555->562->569->570->573->593->600->602->615->628->637->642->658->668->694->700->713->721->734->745->748->749->753->763->765->764->766->783->784->791->815->816->821->826->830->839->854->849->852->860->864->866->867->870->880->882->887->893->894->910->933->944->946->948->976->978->985->991->995->1017->1024->1031->1071->1077->1079->1091->1100->1110->1120->1122->1139->1167->1168->1181->1175->1178->1192->1204->1182->1184->1193->1205->1210->1223->1229->1230->1241->1232->1237->1242->1244->1251->1269->1275->1278->1296->1322->1330->1348->1364->1353->1358->1361->1362->1368->1379->1381->1387->1390->1403->1417->1434->1426->1428->1453->1462->1463->1481->1497->1500->1502->1503->1508->1510->1512->1531->1518->1528->1540->1542->1554->1555->1568->1576->1582->1583->1594->1586->1590->1600->1618->1593->1601->1604->1607->1616->1620->1633->1641->1680->1688->1719->1739->1751->1755->1757->1776->1777->1798->1782->1791->1785->1818->1821->1823->1824->1857->1859->1861->1871->1890->1907->1906->1940->1941->1951->1969->1980->1978->1982->1987->1991->2001->2002->2005->2013->2047->2059->2063->2071->2074->2077->2079->2099->2100->2116->2118->2121->2134->2137->2148->2158->2169->2171->2174->2181->2195->2186->2196->2204->2208->2212->2217->2229->2461->2466->2476,2476->2500
N2500_PS_walking_distance_W075_I1,2500,7696,125,3732,109,2491,2500,0.9,0.75,20.5,0.9,18728.019,2490,294,2490_S001,near,0.20500000000000035,0.001557,0.002951,0.1348,0.027,0.029951,9.13,13.68443200000002,2491->2341->2328->2326->2320->2317->2305->2300->2282->2268->2263->2256->2252->2251->2247->2244->2240->2226->2237->2220->2235->2218->2228->2214->2211->2202->2178->2156->2183->2170->2155->2154->2130->2109->2098->2085->2072->2082->2069->2046->2038->2033->2030->2044->2028->2014->1968->1955->1902->1895->1894->1893->1882->1872->1864->1869->1863->1860->1841->1840->1832->1827->1826->1814->1813->1807->1789->1788->1781->1779->1774->1784->1780->1778->1767->1764->1740->1736->1735->1731->1718->1713->1707->1693->1681->1677->1687->1672->1665->1673->1664->1655->1649->1643->1637->1628->1610->1587->1579->1552->1550->1548->1530->1537->1525->1492->1490->1488->1495->1479->1486->1471->1465->1460->1430->1423->1406->1401->1391->1384->1380->1374->1373->1369->1359->1355->1344->1311->1301->1310->1298->1290->1281->1274->1270->1279->1262->1257->1254->1252->1219->1206->1228->1212->1203->1194->1197->1177->1170->1153->1152->1149->1142->1134->1130->1125->1117->1113->1129->1111->1099->1089->1075->1069->1065->1064->1063->1051->1042->1039->1050->1037->1036->1027->1006->988->981->969->929->924->917->912->904->903->896->892->905->888->885->878->877->874->865->861->857->856->851->818->813->810->812->805->786->762->761->757->755->725->715->711->723->705->696->691->697->698->689->687->681->674->667->659->657->636->609->599->592->588->576->574->586->568->575->564->560->549->547->545->543->540->538->561->532->542->534->539->526->525->527->508->501->476->469->463->450->437->436->430->408->393->387->372->375->371->362->373->356->350->353->348->346->349->334->337->331->329->324->321->309->298->299->296->289->284->266->262->259->254->235->233->232->230->229->217->228->210->206->209->201->198->196->193->190->183->178->174->168->164->163->162->155->108->51->50->82->81->77->69->68->63->21->1->5->6->10->11->15->24->19->28->22->30->34->54->29->49->85->100->119->114->122->123->125->133->134->181->143->146->156->166->158->173->185->192->204->202->260->263->275->288->290->293->306->317->358->363->379->384->394->407->396->397->401->406->398->403->413->440->449->455->460->468->471->482->497->517->518->537->546->551->553->555->562->569->570->573->593->600->602->615->628->637->642->658->668->694->700->713->721->734->745->748->749->753->763->765->764->766->783->784->791->815->816->821->826->830->839->854->849->852->860->864->866->867->870->880->882->887->893->894->910->933->944->946->948->976->978->985->991->995->1017->1024->1031->1071->1077->1079->1091->1100->1110->1120->1122->1139->1167->1168->1181->1175->1178->1192->1204->1182->1184->1193->1205->1210->1223->1229->1230->1241->1232->1237->1242->1244->1251->1269->1275->1278->1296->1322->1330->1348->1364->1353->1358->1361->1362->1368->1379->1381->1387->1390->1403->1417->1434->1426->1428->1453->1462->1463->1481->1497->1500->1502->1503->1508->1510->1512->1531->1518->1528->1540->1542->1554->1555->1568->1576->1582->1583->1594->1586->1590->1600->1618->1593->1601->1604->1607->1616->1620->1633->1641->1680->1688->1719->1739->1751->1755->1757->1776->1777->1798->1782->1791->1785->1818->1821->1823->1824->1857->1859->1861->1871->1890->1907->1906->1940->1941->1951->1969->1980->1978->1982->1987->1991->2001->2002->2005->2013->2047->2059->2063->2071->2074->2077->2079->2099->2100->2116->2118->2121->2134->2137->2148->2158->2169->2171->2174->2181->2195->2186->2196->2204->2208->2212->2217->2229->2490,2490->2500
N2500_PS_walking_distance_W100_I1,2500,7696,125,3732,169,2491,2500,0.9,1.0,20.5,0.9,20232.88,2490,294,2490_S001,near,0.20770000000000036,0.001557,0.002951,0.1348,0.027,0.029951,9.13,13.83023200000002,2491->2341->2328->2326->2320->2317->2305->2300->2282->2268->2263->2256->2252->2251->2247->2244->2240->2226->2237->2220->2235->2218->2228->2214->2211->2202->2178->2156->2183->2170->2155->2154->2130->2109->2098->2085->2072->2082->2069->2046->2038->2033->2030->2044->2028->2014->1968->1955->1902->1895->1894->1893->1882->1872->1864->1869->1863->1860->1841->1840->1832->1827->1826->1814->1813->1807->1789->1788->1781->1779->1774->1784->1780->1778->1767->1764->1740->1736->1735->1731->1718->1713->1707->1693->1681->1677->1687->1672->1665->1673->1664->1655->1649->1643->1637->1628->1610->1587->1579->1552->1550->1548->1530->1537->1525->1492->1490->1488->1495->1479->1486->1471->1465->1460->1430->1423->1406->1401->1391->1384->1380->1374->1373->1369->1359->1355->1344->1311->1301->1310->1298->1290->1281->1274->1270->1279->1262->1257->1254->1252->1219->1206->1228->1212->1203->1194->1197->1177->1170->1153->1152->1149->1142->1134->1130->1125->1117->1113->1129->1111->1099->1089->1075->1069->1065->1064->1063->1051->1042->1039->1050->1037->1036->1027->1006->988->981->969->929->924->917->912->904->903->896->892->905->888->885->878->877->874->865->861->857->856->851->818->813->810->812->805->786->762->761->757->755->725->715->711->723->705->696->691->697->698->689->687->681->674->667->659->657->636->609->599->592->588->576->574->586->568->575->564->560->549->547->545->543->540->538->561->532->542->534->539->526->525->527->508->501->476->469->463->450->437->436->430->408->393->387->372->375->371->362->373->356->350->353->348->346->349->334->337->331->329->324->321->309->298->299->296->289->284->266->262->259->254->235->233->232->230->229->217->228->210->206->209->201->198->196->193->190->183->178->174->168->164->163->162->155->108->51->50->82->81->77->69->68->63->21->1->5->6->10->11->15->24->19->28->22->30->34->54->29->49->85->100->119->114->122->123->125->133->134->181->143->146->156->166->158->173->185->192->204->202->260->263->275->288->290->293->306->317->358->363->379->384->394->407->396->397->401->406->398->403->413->440->449->455->460->468->471->482->497->517->518->537->546->551->553->555->562->569->570->573->593->600->602->615->628->637->642->658->668->694->700->713->721->734->745->748->749->753->763->765->764->766->783->784->791->815->816->821->826->830->839->854->849->852->860->864->866->867->870->880->882->887->893->894->910->933->944->946->948->976->978->985->991->995->1017->1024->1031->1071->1077->1079->1091->1100->1110->1120->1122->1139->1167->1168->1181->1175->1178->1192->1204->1182->1184->1193->1205->1210->1223->1229->1230->1241->1232->1237->1242->1244->1251->1269->1275->1278->1296->1322->1330->1348->1364->1353->1358->1361->1362->1368->1379->1381->1387->1390->1403->1417->1434->1426->1428->1453->1462->1463->1481->1497->1500->1502->1503->1508->1510->1512->1531->1518->1528->1540->1542->1554->1555->1568->1576->1582->1583->1594->1586->1590->1600->1618->1593->1601->1604->1607->1616->1620->1630->1633->1641->1680->1688->1719->1739->1751->1755->1757->1776->1777->1798->1782->1791->1785->1818->1821->1823->1824->1857->1859->1861->1871->1890->1907->1906->1940->1941->1951->1969->1980->1978->1982->1987->1991->2001->2002->2005->2013->2047->2059->2063->2071->2074->2077->2079->2099->2100->2116->2118->2121->2134->2137->2148->2158->2169->2171->2174->2181->2195->2186->2196->2204->2208->2212->2217->2229->2248->2262->2270->2295->2308->2312->2327->2334->2343->2351->2361->2365->2383->2371->2382->2388->2389->2394->2409->2405->2416->2417->2422->2425->2455->2430->2439->2441->2452->2456->2473->2461->2466->2476->2485->2490,2490->2500
N30_C10_I1,30,142,2,70,4,25,30,0.9,0.5,20.5,0.9,64.69,27,31,27_S001,near,0.0221,0.00172,0.003863,0.2521,0.0504,0.054263,16.21,0.9553868495781481,25->23->1->6->11->15->18->20->26->27,27->30
N30_C1_I1,30,142,2,70,7,25,30,0.9,0.5,20.5,0.9,160.502,29,1,29_S001,near,0.0247,0.00157,0.002868,0.12,0.024,0.026868,13.26,4.1954519999999995,25->23->1->6->11->15->18->20->26->27->29,29->30
N30_C2_I1,30,150,2,70,7,25,30,0.9,0.5,20.5,0.9,39.107,27,31,27_S001,near,0.019299999999999998,0.00172,0.003863,0.2521,0.0504,0.054263,7.69,0.9126765582757022,25->23->1->6->27,27->30
N30_C3_I1,30,144,3,97,10,25,30,0.9,0.5,20.5,0.9,63.538,26,71,26_S001,near,0.0194,0.002024,0.005098,0.3976,0.0795,0.084598,6.09,0.9110171595503768,25->23->1->6->11->15->18->20->26,26->30
N30_C4_I1,30,142,2,70,7,25,30,0.9,1.0,20.5,0.9,74.439,27,31,27_S001,near,0.0221,0.001518,0.002855,0.2521,0.0504,0.053255,7.83,0.9188077864641297,25->23->1->6->11->15->18->20->26->27,27->30
N30_C5_I1,30,142,2,70,7,25,30,0.9,0.5,20.5,0.9,64.798,27,31,27_S001,near,0.0317,0.00172,0.003863,0.2521,0.0504,0.054263,7.69,0.918683954537365,25->23->1->6->11->15->18->20->26->27,27->30
N30_C6_I1,30,142,2,70,7,25,30,0.9,0.5,20.5,0.9,67.143,27,31,27_S001,near,0.0595,0.00172,0.003863,0.2521,0.0504,0.054263,7.69,0.9276171377580414,25->21->5->6->11->15->18->20->26->27,27->30
N30_C7_I1,30,142,2,70,7,25,30,0.9,0.5,20.5,0.9,64.102,27,31,27_S001,near,0.0221,0.00172,0.003863,0.2521,0.0504,0.054263,7.69,0.914191903080531,25->23->1->6->11->15->18->20->26->27,27->30
N30_C8_I1,30,142,2,70,7,25,30,0.1,0.5,20.5,0.1,64.522,27,31,27_S001,near,0.0221,0.00172,0.003863,0.2521,0.0504,0.054263,7.69,0.914191903080531,25->23->1->6->11->15->18->20->26->27,27->30
N30_C9_I1,30,142,2,70,7,25,30,0.9,0.5,15.0,0.9,64.585,27,31,27_S001,near,0.0221,0.00172,0.003863,0.2521,0.0504,0.054263,7.69,0.914191903080531,25->23->1->6->11->15->18->20->26->27,27->30
N40_C10_I1,40,184,2,62,6,29,40,0.9,0.5,20.5,0.9,93.59,38,39,38_S001,near,0.026699999999999998,0.001556,0.003046,0.1501,0.03,0.033046,15.12,0.9547229656709268,29->33->26->20->18->15->14->5->1->21->23->36->25->37->38,38->40
N40_C1_I1,40,184,2,62,6,29,40,0.9,0.5,20.5,0.9,201.044,39,1,39_S001,near,0.026999999999999996,0.001496,0.002794,0.12,0.024,0.026794000000000002,19.63,4.948659999999999,29->33->26->20->18->15->14->5->1->21->23->36->31->39,39->40
N40_C2_I1,40,196,2,62,6,29,40,0.9,0.5,20.5,0.9,113.567,39,1,39_S001,near,0.023,0.001496,0.002794,0.12,0.024,0.026794000000000002,19.63,4.732659999999999,29->10->6->5->39,39->40
N40_C3_I1,40,188,4,121,8,29,40,0.9,0.5,20.5,0.9,98.497,37,63,37_S001,near,0.0243,0.001756,0.004117,0.2861,0.0572,0.061317,6.22,0.9067081419492729,29->33->26->20->18->15->14->5->1->21->23->36->25->37,37->40
N40_C4_I1,40,184,2,62,6,29,40,0.9,1.0,20.5,0.9,95.182,39,1,39_S001,near,0.026999999999999996,0.001394,0.002308,0.12,0.024,0.026308,19.73,0.8868450129516972,29->33->26->20->18->15->14->5->1->21->23->36->31->39,39->40
N40_C5_I1,40,184,2,62,6,29,40,0.9,0.5,20.5,0.9,95.876,39,1,39_S001,near,0.0381,0.00149,0.002788,0.12,0.024,0.026788,19.67,0.9056994010721646,29->27->32->20->18->15->14->5->1->21->23->36->25->37->39,39->40
N40_C6_I1,40,184,2,62,6,29,40,0.9,0.5,20.5,0.9,99.158,39,1,39_S001,near,0.0708,0.00149,0.002788,0.12,0.024,0.026788,19.67,0.9171342496037332,29->33->26->20->18->17->16->13->1->21->23->36->25->31->37->39,39->40
N40_C7_I1,40,184,2,62,6,29,40,0.9,0.5,20.5,0.9,94.453,39,1,39_S001,near,0.026999999999999996,0.00149,0.002788,0.12,0.024,0.026788,19.67,0.8843832455748402,29->33->26->20->18->15->14->5->1->21->23->36->31->39,39->40
N40_C8_I1,40,184,2,62,6,29,40,0.1,0.5,20.5,0.1,94.624,39,1,39_S001,near,0.026999999999999996,0.00149,0.002788,0.12,0.024,0.026788,19.67,0.8843832455748402,29->33->26->20->18->15->14->5->1->21->23->36->31->39,39->40
N40_C9_I1,40,184,2,62,4,29,40,0.9,0.5,15.0,0.9,95.141,,,,,,,,,,,,,,
N40_PS_edge_density_baseline_180_I1,40,184,2,62,6,29,40,0.9,0.5,20.5,0.9,207.157,39,1,39_S001,near,0.026999999999999996,0.001496,0.002794,0.12,0.024,0.026794000000000002,19.63,4.948659999999999,29->33->26->20->18->15->14->5->1->21->23->36->31->39,39->40
N40_PS_edge_density_dense_192_I1,40,196,2,62,6,29,40,0.9,0.5,20.5,0.9,108.615,39,1,39_S001,near,0.0234,0.001496,0.002794,0.12,0.024,0.026794000000000002,19.63,4.7542599999999995,29->10->9->38->39,39->40
N40_PS_edge_density_denser_204_I1,40,208,2,62,6,29,40,0.9,0.5,20.5,0.9,106.328,39,1,39_S001,near,0.023200000000000002,0.001496,0.002794,0.12,0.024,0.026794000000000002,19.63,4.74346,29->10->9->38->39,39->40
N40_PS_edge_density_densest_216_I1,40,220,2,62,6,29,40,0.9,0.5,20.5,0.9,151.189,39,1,39_S001,near,0.022,0.001496,0.002794,0.12,0.024,0.026794000000000002,19.63,4.67866,29->10->6->5->39,39->40
N40_PS_parking_budget_Cmax100_I1,40,184,2,62,4,29,40,0.9,0.5,10.0,0.9,39,39,1,39_S001,near,0.02700000000000001,0.001496,0.002794,0.12,0.024,0.026794000000000002,6.39,3.62466,29->33->26->20->18->15->14->5->1->21->23->36->31->39,39->40
N40_PS_parking_budget_Cmax150_I1,40,184,2,62,4,29,40,0.9,0.5,15.0,0.9,39,39,1,39_S001,near,0.02700000000000001,0.001496,0.002794,0.12,0.024,0.026794000000000002,6.39,3.62466,29->33->26->20->18->15->14->5->1->21->23->36->31->39,39->40
N40_PS_parking_budget_Cmax205_I1,40,184,2,62,6,29,40,0.9,0.5,20.5,0.9,39,39,1,39_S001,near,0.02700000000000001,0.001496,0.002794,0.12,0.024,0.026794000000000002,6.39,3.62466,29->33->26->20->18->15->14->5->1->21->23->36->31->39,39->40
N40_PS_parking_budget_Cmax250_I1,40,184,2,62,6,29,40,0.9,0.5,25.0,0.9,39,39,1,39_S001,near,0.02700000000000001,0.001496,0.002794,0.12,0.024,0.026794000000000002,6.39,3.62466,29->33->26->20->18->15->14->5->1->21->23->36->31->39,39->40
N40_PS_parking_cost_100_225_I1,40,184,2,62,6,29,40,0.9,0.5,20.5,0.9,190.374,39,1,39_S001,near,0.026999999999999996,0.001496,0.002794,0.12,0.024,0.026794000000000002,9.5,3.93566,29->33->26->20->18->15->14->5->1->21->23->36->31->39,39->40
N40_PS_parking_cost_125_250_I1,40,184,2,62,6,29,40,0.9,0.5,20.5,0.9,202.122,39,1,39_S001,near,0.026999999999999996,0.001496,0.002794,0.12,0.024,0.026794000000000002,15.35,4.5206599999999995,29->33->26->20->18->15->14->5->1->21->23->36->31->39,39->40
N40_PS_parking_cost_150_300_I1,40,184,2,62,6,29,40,0.9,0.5,20.5,0.9,205.909,39,1,39_S001,near,0.026999999999999996,0.001496,0.002794,0.12,0.024,0.026794000000000002,17.94,4.77966,29->33->26->20->18->15->14->5->1->21->23->36->31->39,39->40
N40_PS_parking_cost_80_205_I1,40,184,2,62,6,29,40,0.9,0.5,20.5,0.9,197.063,39,1,39_S001,near,0.026999999999999996,0.001496,0.002794,0.12,0.024,0.026794000000000002,19.63,4.948659999999999,29->33->26->20->18->15->14->5->1->21->23->36->31->39,39->40
N40_PS_parking_supply_P10_I1,40,188,4,112,11,29,40,0.9,0.5,20.5,0.9,236.353,39,1,39_S001,near,0.026999999999999996,0.001496,0.002794,0.12,0.024,0.026794000000000002,19.63,4.948659999999999,29->33->26->20->18->15->14->5->1->21->23->36->31->39,39->40
N40_PS_parking_supply_P15_I1,40,192,6,173,17,29,40,0.9,0.5,20.5,0.9,282.665,39,1,39_S001,near,0.026999999999999996,0.001496,0.002794,0.12,0.024,0.026794000000000002,19.63,4.948659999999999,29->33->26->20->18->15->14->5->1->21->23->36->31->39,39->40
N40_PS_parking_supply_P20_I1,40,196,8,231,17,29,40,0.9,0.5,20.5,0.9,306.67,39,1,39_S001,near,0.026999999999999996,0.001496,0.002794,0.12,0.024,0.026794000000000002,19.63,4.948659999999999,29->33->26->20->18->15->14->5->1->21->23->36->31->39,39->40
N40_PS_parking_supply_P5_I1,40,184,2,62,6,29,40,0.9,0.5,20.5,0.9,199.118,39,1,39_S001,near,0.026999999999999996,0.001496,0.002794,0.12,0.024,0.026794000000000002,19.63,4.948659999999999,29->33->26->20->18->15->14->5->1->21->23->36->31->39,39->40
N40_PS_spot_availability_A10_I1,40,184,2,62,6,29,40,0.9,0.5,20.5,0.9,208.637,39,1,39_S001,near,0.026999999999999996,0.001496,0.002794,0.12,0.024,0.026794000000000002,19.63,4.948659999999999,29->33->26->20->18->15->14->5->1->21->23->36->31->39,39->40
N40_PS_spot_availability_A20_I1,40,184,2,62,12,29,40,0.9,0.5,20.5,0.9,229.549,39,1,39_S001,near,0.026999999999999996,0.001496,0.002794,0.12,0.024,0.026794000000000002,19.63,4.948659999999999,29->33->26->20->18->15->14->5->1->21->23->36->31->39,39->40
N40_PS_spot_availability_A30_I1,40,184,2,62,12,29,40,0.9,0.5,20.5,0.9,226.119,39,1,39_S001,near,0.026999999999999996,0.001496,0.002794,0.12,0.024,0.026794000000000002,19.63,4.948659999999999,29->33->26->20->18->15->14->5->1->21->23->36->31->39,39->40
N40_PS_spot_availability_A40_I1,40,184,2,62,12,29,40,0.9,0.5,20.5,0.9,247.371,39,1,39_S001,near,0.026999999999999996,0.001496,0.002794,0.12,0.024,0.026794000000000002,19.63,4.948659999999999,29->33->26->20->18->15->14->5->1->21->23->36->31->39,39->40
N40_PS_spots_per_lot_S1020_I1,40,184,2,33,2,29,40,0.9,0.5,20.5,0.9,176.231,39,4,39_S004,near,0.026999999999999996,0.001481,0.003372,0.12,0.024,0.027372,19.22,4.938061999999999,29->33->26->20->18->15->14->5->1->21->23->36->31->39,39->40
N40_PS_spots_per_lot_S2040_I1,40,184,2,67,2,29,40,0.9,0.5,20.5,0.9,182.318,39,4,39_S004,near,0.026999999999999996,0.001481,0.003372,0.12,0.024,0.027372,19.22,4.938061999999999,29->33->26->20->18->15->14->5->1->21->23->36->31->39,39->40
N40_PS_spots_per_lot_S4060_I1,40,184,2,100,2,29,40,0.9,0.5,20.5,0.9,208.653,39,4,39_S004,near,0.026999999999999996,0.001481,0.003372,0.12,0.024,0.027372,19.22,4.938061999999999,29->33->26->20->18->15->14->5->1->21->23->36->31->39,39->40
N40_PS_spots_per_lot_S6080_I1,40,184,2,133,2,29,40,0.9,0.5,20.5,0.9,224.508,39,4,39_S004,near,0.026999999999999996,0.001481,0.003372,0.12,0.024,0.027372,19.22,4.938061999999999,29->33->26->20->18->15->14->5->1->21->23->36->31->39,39->40
N40_PS_traffic_high_I1,40,184,2,62,6,29,40,0.9,0.5,20.5,0.9,206.81,39,1,39_S001,near,0.0832,0.001496,0.002794,0.12,0.024,0.026794000000000002,19.63,7.983459999999999,29->33->26->20->18->15->14->5->1->21->23->36->31->39,39->40
N40_PS_traffic_low_I1,40,184,2,62,6,29,40,0.9,0.5,20.5,0.9,205.228,39,1,39_S001,near,0.026999999999999996,0.001496,0.002794,0.12,0.024,0.026794000000000002,19.63,4.948659999999999,29->33->26->20->18->15->14->5->1->21->23->36->31->39,39->40
N40_PS_traffic_medium_I1,40,184,2,62,6,29,40,0.9,0.5,20.5,0.9,195.497,39,1,39_S001,near,0.04080000000000001,0.001496,0.002794,0.12,0.024,0.026794000000000002,19.63,5.69386,29->33->26->20->18->15->14->5->1->21->23->36->31->39,39->40
N40_PS_traffic_very_low_I1,40,184,2,62,6,29,40,0.9,0.5,20.5,0.9,194.401,39,1,39_S001,near,0.023200000000000005,0.001496,0.002794,0.12,0.024,0.026794000000000002,19.63,4.74346,29->33->26->20->18->15->14->5->1->21->23->36->31->39,39->40
N40_PS_walking_distance_W025_I1,40,184,2,62,6,29,40,0.9,0.25,20.5,0.9,206.376,39,1,39_S001,near,0.026999999999999996,0.001496,0.002794,0.12,0.024,0.026794000000000002,19.63,4.948659999999999,29->33->26->20->18->15->14->5->1->21->23->36->31->39,39->40
N40_PS_walking_distance_W050_I1,40,184,2,62,6,29,40,0.9,0.5,20.5,0.9,197.273,39,1,39_S001,near,0.026999999999999996,0.001496,0.002794,0.12,0.024,0.026794000000000002,19.63,4.948659999999999,29->33->26->20->18->15->14->5->1->21->23->36->31->39,39->40
N40_PS_walking_distance_W075_I1,40,184,2,62,6,29,40,0.9,0.75,20.5,0.9,202.457,39,1,39_S001,near,0.026999999999999996,0.001496,0.002794,0.12,0.024,0.026794000000000002,19.63,4.948659999999999,29->33->26->20->18->15->14->5->1->21->23->36->31->39,39->40
N40_PS_walking_distance_W100_I1,40,184,2,62,6,29,40,0.9,1.0,20.5,0.9,216.725,39,1,39_S001,near,0.026999999999999996,0.001496,0.002794,0.12,0.024,0.026794000000000002,19.63,4.948659999999999,29->33->26->20->18->15->14->5->1->21->23->36->31->39,39->40
N500_C1_I1,500,1760,25,738,41,476,500,0.9,0.5,20.5,0.9,4871.193,495,31,495_S001,near,0.10900000000000011,0.001559,0.002991,0.1408,0.0282,0.031191,7.26,8.380500000000005,476->469->463->362->361->356->350->353->348->366->349->334->337->331->329->324->321->309->298->296->289->284->266->262->259->254->235->233->232->230->229->217->228->210->206->209->201->198->196->193->190->183->178->174->168->164->163->162->155->169->153->147->137->132->130->120->117->112->110->105->96->92->90->88->79->57->64->47->43->39->44->91->21->1->5->6->10->11->15->24->19->28->22->30->34->54->53->89->49->85->100->119->114->122->123->125->133->134->181->143->146->156->166->158->173->185->197->204->202->260->265->263->275->288->290->293->306->317->358->363->379->384->394->407->396->397->401->406->398->403->413->440->449->453->455->460->468->471->482->495,495->500
N500_C4_I1,500,1760,25,738,74,476,500,0.9,1.0,20.5,0.9,1275.029,413,406,413_S001,near,0.10160000000000008,0.001781,0.003837,0.4772,0.0954,0.09923699999999999,6.39,0.7615893380302778,476->469->463->362->361->356->350->353->348->366->349->334->337->331->329->324->321->309->298->296->289->284->266->262->259->254->235->233->232->230->229->217->228->210->206->209->201->198->196->193->190->183->178->174->168->164->163->162->155->169->153->147->137->132->130->120->117->112->110->105->96->92->90->88->79->57->64->47->43->39->44->91->21->1->5->6->10->11->15->24->19->28->22->30->34->54->53->89->49->85->100->119->114->122->123->125->133->134->181->143->146->156->166->158->173->185->197->204->202->260->265->263->275->288->290->293->306->317->358->363->379->384->394->407->396->397->401->406->398->403->413,413->500
N50_C10_I1,50,226,2,72,7,48,50,0.9,0.5,20.5,0.9,110.92,29,33,29_S001,near,0.0294,0.001701,0.003552,0.2067,0.0413,0.044852,14.18,0.9452155418990607,48->43->41->40->38->37->36->23->21->11->15->18->20->32->27->29,29->50
N50_C1_I1,50,226,2,72,7,48,50,0.9,0.5,20.5,0.9,115.892,29,33,29_S001,near,0.0294,0.001701,0.003552,0.2067,0.0413,0.044852,8.44,0.9288559126182139,48->43->41->40->38->37->36->23->21->11->15->18->20->32->27->29,29->50
N50_C2_I1,50,242,2,72,7,48,50,0.9,0.5,20.5,0.9,43.834,29,33,29_S001,near,0.0251,0.001701,0.003552,0.2067,0.0413,0.044852,8.44,0.9265598317270056,48->47->35->21->27->29,29->50
N50_C3_I1,50,232,5,177,14,48,50,0.9,0.5,20.5,0.9,106.879,27,73,27_S001,near,0.0278,0.001877,0.004352,0.3041,0.0608,0.065152,6.23,0.8407505069930264,48->43->41->40->38->37->36->23->21->11->15->18->20->32->27,27->50
N50_C4_I1,50,226,2,72,7,48,50,0.9,1.0,20.5,0.9,112.168,29,33,29_S001,near,0.0294,0.001535,0.002726,0.2067,0.0413,0.044026,8.55,0.932643088255531,48->43->41->40->38->37->36->23->21->11->15->18->20->32->27->29,29->50
N50_C5_I1,50,226,2,72,7,48,50,0.9,0.5,20.5,0.9,139.168,29,33,29_S001,near,0.04179999999999998,0.001701,0.003552,0.2067,0.0413,0.044852,8.44,0.9342739593055484,48->42->41->40->39->38->37->36->23->21->9->10->11->15->18->20->26->45->27->29,29->50
N50_C6_I1,50,226,2,72,7,48,50,0.9,0.5,20.5,0.9,145.642,29,33,29_S001,near,0.08,0.001701,0.003552,0.2067,0.0413,0.044852,8.44,0.9444733505832046,48->47->42->41->40->38->37->36->23->21->1->2->7->11->15->18->20->26->45->29,29->50
N50_C7_I1,50,226,2,72,7,48,50,0.9,0.5,20.5,0.9,111.0,29,33,29_S001,near,0.0294,0.001701,0.003552,0.2067,0.0413,0.044852,8.44,0.9288559126182139,48->43->41->40->38->37->36->23->21->11->15->18->20->32->27->29,29->50
N50_C8_I1,50,226,2,72,7,48,50,0.1,0.5,20.5,0.1,111.108,29,33,29_S001,near,0.0294,0.001701,0.003552,0.2067,0.0413,0.044852,8.44,0.9288559126182139,48->43->41->40->38->37->36->23->21->11->15->18->20->32->27->29,29->50
N50_C9_I1,50,226,2,72,7,48,50,0.9,0.5,15.0,0.9,110.933,29,33,29_S001,near,0.0294,0.001701,0.003552,0.2067,0.0413,0.044852,8.44,0.9288559126182139,48->43->41->40->38->37->36->23->21->11->15->18->20->32->27->29,29->50
sumo_case,2055,5299,103,3055,40,1824,283,0.5,0.5,20.41,0.5,63114.302,487,477,487_S002,near,0.1746,0.001904,0.00333,0.0655,0.0131,0.01643,19.8,0.7370649993003358,1824->1969->193->2023->2008->2006->1233->157->2001->253->1232->1245->342->75->259->1847->1995->1844->1845->346->936->347->348->1996->1210->1115->343->1911->1800->344->959->1717->1243->1371->1909->897->500->1908->1687->135->1895->1517->1894->389->1893->386->1999->1900->1998->1935->1901->1981->1983->1902->1982->1903->194->1977->40->1904->2025->227->2011->270->501->1938->1958->1771->1957->1937->526->213->1956->471->1955->129->655->1954->1811->2027->1808->1253->1601->138->775->774->2->773->771->3->1427->60->1967->801->1723->1724->1728->151->1673->489->488->1677->1676->915->487,487->283
