Case,Nodes,Edges,ParkingLots,TotalSpots,FeasibleSpots,Source,Destination,Alpha,Wmax,Cmax,WeightW,runtime_ms,ParkingNode,ParkingSpotIndex,ParkingSpotId,SpotClass,drive_time_hr,internal_drive_time_hr,internal_walk_time_hr,external_walk_distance_km,external_walk_time_hr,walk_time_hr,parking_cost,objective,DrivePath,WalkPath
N1000_C10_I1,1000,3252,50,1456,6,988,1000,0.9,0.5,20.5,0.9,144124.028,995,1,995_S001,near,0.21240000000000012,0.001563,0.002861,0.12,0.024,0.026861,18.32,1.198594411928675,988->981->877->874->865->857->856->851->813->810->805->786->762->776->757->755->741->725->715->711->708->705->696->691->697->698->689->687->695->681->674->667->659->669->657->636->609->599->592->588->576->574->586->568->575->564->560->549->547->545->543->540->538->561->548->532->542->534->539->526->525->527->522->508->501->476->469->463->450->437->436->430->415->408->393->387->372->375->371->362->361->356->350->365->348->346->344->349->334->337->331->329->324->321->309->298->296->289->284->500->266->262->259->254->235->456->457->233->232->244->230->229->219->217->228->410->198->196->193->190->183->178->335->333->326->164->163->301->316->292->278->277->272->246->242->241->239->108->79->57->52->51->60->80->43->42->41->40->78->77->69->91->84->46->35->23->21->1->9->10->11->15->24->19->28->22->30->34->54->29->49->98->121->85->100->119->114->122->123->125->133->134->143->146->156->166->158->173->185->197->199->204->202->260->265->263->275->288->290->293->306->317->358->363->379->384->394->407->396->397->401->406->398->399->403->413->440->449->455->460->461->462->471->482->497->517->518->537->546->551->553->555->562->569->570->573->593->600->602->615->628->637->642->658->668->694->700->709->713->721->734->745->748->749->753->763->764->766->783->793->791->815->822->821->826->830->985->995,995->1000
N1000_C1_I1,1000,3252,50,1456,31,988,1000,0.9,0.5,20.5,0.9,18595.151,995,1,995_S001,near,0.2015000000000002,0.00148,0.002778,0.12,0.024,0.026778,17.44,14.150932000000012,988->877->874->865->857->856->851->813->810->805->786->762->776->757->755->725->715->711->723->705->696->691->697->689->687->695->681->674->667->659->657->636->609->599->592->588->576->574->586->568->575->564->560->549->547->545->543->540->538->561->548->542->534->539->526->525->527->508->501->476->469->463->450->436->430->408->393->387->372->375->371->362->361->356->350->365->353->348->346->349->334->337->331->329->324->321->309->298->296->289->284->266->262->259->254->235->233->232->244->230->229->219->217->228->210->206->410->404->196->193->390->383->183->178->174->341->333->326->318->316->162->175->169->153->147->132->251->241->239->108->79->57->52->51->71->80->65->74->66->56->69->91->84->46->35->102->104->68->63->21->1->9->10->11->15->18->12->24->19->28->22->30->34->54->29->49->85->111->119->114->122->123->125->133->134->181->143->146->156->166->167->158->170->173->185->197->204->202->260->263->275->288->290->293->306->317->358->363->379->384->402->394->407->396->397->401->406->398->403->413->440->449->455->460->468->471->482->497->517->518->537->546->551->553->555->562->569->570->573->593->600->602->615->628->637->642->658->668->694->700->713->721->734->745->748->749->753->763->764->766->783->793->816->822->821->826->830->985->995,995->1000
N1000_C2_I1,1000,3584,50,1456,31,988,1000,0.9,0.5,20.5,0.9,92297.855,995,1,995_S001,near,0.1448,0.001563,0.002861,0.12,0.024,0.026861,17.46,0.7912270633930583,988->877->874->661->659->667->674->681->687->689->698->697->691->696->548->561->538->566->540->543->545->362->373->356->350->206->110->79->57->52->27->34->30->22->28->19->24->18->17->15->202->260->263->275->288->290->293->306->317->358->363->379->384->394->407->396->397->401->406->398->403->413->440->449->453->455->460->468->471->482->497->517->518->537->546->551->553->555->562->569->570->573->593->784->793->791->815->816->991->995,995->1000
N1000_C3_I1,1000,3352,100,2922,31,988,1000,0.9,0.5,20.5,0.9,150689.971,995,1,995_S001,near,0.6617000000000002,0.001563,0.002861,0.12,0.024,0.026861,17.46,2.6256988752244954,988->877->874->865->857->856->851->813->810->812->805->786->762->776->757->755->725->715->711->723->705->696->691->697->698->689->687->681->674->667->661->659->657->636->609->599->592->588->576->574->586->568->575->564->560->549->547->545->543->540->538->561->548->542->534->539->526->525->527->508->501->476->469->463->450->436->430->415->408->393->387->372->375->371->362->373->356->350->353->348->346->349->334->337->331->329->324->321->309->298->296->289->487->485->479->475->254->235->233->232->230->229->217->228->210->418->409->198->196->193->190->183->178->338->164->318->301->278->277->155->169->153->147->132->251->241->239->238->108->79->87->99->83->76->73->71->80->65->62->59->55->78->86->91->69->25->36->46->35->23->21->1->9->10->13->14->15->8->12->24->19->28->22->26->33->27->34->54->29->53->89->98->67->85->100->119->114->122->123->125->133->134->181->191->143->146->156->166->158->173->185->197->204->202->260->263->275->288->290->293->297->306->317->358->363->379->384->402->394->407->396->397->1000->995,995->1000
N1000_C4_I1,1000,3252,50,1456,109,988,1000,0.9,1.0,20.5,0.9,64095.091,995,1,995_S001,near,0.1707000000000001,0.001467,0.002381,0.12,0.024,0.026381,17.52,0.6204949451351751,988->877->874->865->861->857->856->851->813->810->805->786->762->761->757->755->725->715->711->708->705->696->691->697->698->689->687->681->674->667->659->657->636->609->599->592->588->576->574->586->568->575->564->560->549->547->545->543->540->538->561->548->542->534->539->526->525->527->508->501->476->469->463->467->450->436->430->408->393->387->372->375->371->362->373->356->350->353->348->346->344->349->334->337->331->329->324->321->309->298->296->289->284->266->262->259->254->235->233->232->230->229->217->228->210->410->404->392->193->190->183->178->174->168->164->163->162->175->169->153->137->132->130->120->92->90->118->95->87->99->83->61->60->80->42->41->40->78->77->69->68->63->21->1->5->6->10->11->15->24->19->28->20->26->30->34->54->53->89->49->85->100->119->114->122->123->125->133->152->134->181->143->146->156->166->158->170->173->185->192->204->202->260->263->275->288->290->293->306->317->358->363->379->384->402->394->407->396->397->401->406->398->403->413->440->449->455->460->468->471->482->497->517->518->537->546->551->553->555->562->569->570->573->593->600->602->615->628->637->642->658->668->694->700->713->721->734->745->748->749->753->763->764->766->783->784->793->816->822->821->826->830->985->995,995->1000
N1000_C5_I1,1000,3252,50,1456,31,988,1000,0.9,0.5,20.5,0.9,95984.57,995,1,995_S001,near,0.3311000000000002,0.001563,0.002861,0.12,0.024,0.026861,17.46,1.1534220769767074,988->877->874->865->857->856->851->813->810->805->786->762->761->757->755->725->715->711->708->705->696->691->697->698->689->687->695->681->674->667->661->659->657->636->609->599->592->588->576->574->586->568->575->564->560->549->547->545->543->540->566->561->532->542->534->539->526->525->527->519->501->476->469->463->450->437->436->430->408->393->387->372->375->371->362->361->356->350->353->348->346->349->334->337->331->329->324->321->309->298->296->289->284->266->492->485->262->259->254->235->233->232->230->229->217->228->210->206->424->420->418->409->201->198->196->193->392->390->383->183->370->174->339->338->164->163->316->162->175->169->153->137->132->130->138->251->241->239->108->105->110->115->315->303->41->62->59->82->81->77->69->68->63->21->1->5->9->10->11->15->18->24->19->28->20->26->33->27->34->54->29->49->85->111->119->114->129->122->123->125->133->134->181->191->184->194->189->216->187->177->167->158->173->185->192->204->202->260->263->275->288->290->293->306->317->358->363->379->384->402->394->407->396->397->401->406->398->403->413->440->454->449->455->460->468->471->482->497->517->518->537->546->551->553->555->562->569->570->573->593->600->602->615->628->637->642->658->668->694->700->713->721->734->745->748->749->753->763->764->766->783->784->793->816->822->821->826->830->985->991->995,995->1000
N1000_C6_I1,1000,3252,50,1456,31,988,1000,0.9,0.5,20.5,0.9,103747.079,976,148,976_S001,near,0.6750999999999998,0.001659,0.003607,0.2216,0.0443,0.047907,9.72,1.2637098037065397,988->969->877->874->865->861->857->856->851->818->813->810->805->786->762->776->757->755->741->725->715->711->708->723->705->696->691->697->689->687->681->674->667->661->659->657->636->609->599->592->588->576->574->586->568->575->581->564->560->549->547->545->543->540->538->561->548->542->530->534->539->526->525->527->519->508->501->476->469->463->450->437->436->430->422->415->408->393->387->381->372->375->371->362->373->356->350->365->348->346->366->344->349->334->337->331->329->324->321->309->298->296->289->487->492->266->262->259->254->235->233->232->244->230->229->217->228->210->410->209->201->198->196->193->190->370->178->174->168->333->335->338->164->163->162->155->172->277->272->246->147->137->132->251->138->130->120->92->52->51->71->70->116->103->171->176->182->9->5->2->7->14->15->24->19->28->22->26->32->45->27->34->54->53->89->49->67->85->100->111->119->114->129->122->123->125->133->134->181->191->194->189->216->187->177->167->158->173->185->197->204->202->260->265->263->268->275->288->290->293->306->317->358->363->379->384->394->407->396->397->401->406->398->403->413->440->449->453->455->460->468->471->482->495->497->517->518->536->537->546->551->553->554->555->562->569->570->573->593->600->602->615->628->637->642->658->668->694->700->713->721->734->745->748->749->753->763->765->764->766->783->784->793->816->822->821->826->830->978->976,976->1000
N1000_C7_I1,1000,3252,50,1456,31,988,1000,0.9,0.5,20.5,0.9,60178.274,995,1,995_S001,near,0.19300000000000023,0.001563,0.002861,0.12,0.024,0.026861,17.46,0.9023963178260158,988->877->874->865->857->856->851->813->810->805->786->762->776->757->755->725->715->711->723->705->696->691->697->689->687->695->681->674->667->659->657->636->609->599->592->588->576->574->586->568->575->564->560->549->547->545->543->540->538->561->548->542->534->539->526->525->527->508->501->476->469->463->467->450->436->430->408->393->387->372->375->371->362->361->356->350->365->353->348->346->349->334->337->331->329->324->321->309->298->296->289->284->266->262->259->254->235->233->232->244->230->229->219->217->228->210->206->410->404->196->193->390->383->183->178->174->341->333->326->318->316->163->162->175->169->153->147->132->251->241->239->108->79->57->52->51->60->80->65->74->66->56->69->91->84->46->35->23->21->1->9->10->11->15->18->12->24->19->28->22->30->34->54->29->49->85->111->119->114->122->123->125->133->134->181->143->146->156->166->167->158->170->173->185->197->204->202->260->263->275->288->290->293->306->317->358->363->379->384->394->407->396->397->401->406->398->403->413->440->449->455->460->468->471->482->497->517->518->537->546->551->553->555->562->569->570->573->593->600->602->615->628->637->642->658->668->694->700->713->721->734->745->748->749->753->763->764->766->783->793->816->822->821->826->830->985->995,995->1000
N1000_C8_I1,1000,3252,50,1456,31,988,1000,0.1,0.5,20.5,0.1,149924.558,995,1,995_S001,near,0.19300000000000023,0.001563,0.002861,0.12,0.024,0.026861,17.46,0.9023963178260158,988->877->874->865->857->856->851->813->810->805->786->762->776->757->755->725->715->711->723->705->696->691->697->689->687->695->681->674->667->659->657->636->609->599->592->588->576->574->586->568->575->564->560->549->547->545->543->540->538->561->548->542->534->539->526->525->527->508->501->476->469->463->467->450->436->430->408->393->387->372->375->371->362->361->356->350->365->353->348->346->349->334->337->331->329->324->321->309->298->296->289->284->266->262->259->254->235->233->232->244->230->229->219->217->228->210->206->410->404->196->193->390->383->183->178->174->341->333->326->318->316->163->162->175->169->153->147->132->251->241->239->108->79->57->52->51->60->80->65->74->66->56->69->91->84->46->35->23->21->1->9->10->11->15->18->12->24->19->28->22->30->34->54->29->49->85->111->119->114->122->123->125->133->134->181->143->146->156->166->167->158->170->173->185->197->204->202->260->263->275->288->290->293->306->317->358->363->379->384->394->407->396->397->401->406->398->403->413->440->449->455->460->468->471->482->497->517->518->537->546->551->553->555->562->569->570->573->593->600->602->615->628->637->642->658->668->694->700->713->721->734->745->748->749->753->763->764->766->783->793->816->822->821->826->830->985->995,995->1000
N1000_C9_I1,1000,3252,50,1456,21,988,1000,0.9,0.5,15.0,0.9,251500.381,985,92,985_S001,near,0.22640000000000005,0.001597,0.003238,0.1733,0.0347,0.037938,12.51,1.061517029799072,988->877->874->865->861->857->856->851->813->810->812->805->786->762->776->757->755->741->725->715->711->723->705->696->691->697->689->687->695->681->674->667->659->657->636->609->599->592->588->576->574->586->568->575->564->560->549->547->545->543->540->538->561->532->542->534->539->526->525->527->508->501->476->469->463->450->437->436->430->415->408->393->387->372->375->371->362->361->356->350->365->348->346->366->349->334->337->331->329->324->321->309->298->299->296->289->284->266->262->485->479->475->458->464->456->235->233->232->244->230->425->424->420->210->206->209->201->198->196->392->390->383->385->380->178->338->164->163->316->318->301->278->277->272->246->243->132->138->130->120->92->52->61->73->264->255->74->65->80->42->41->40->78->77->69->179->176->182->9->5->1->2->3->4->8->12->24->19->28->22->30->26->32->45->27->34->54->29->89->98->121->85->100->119->114->122->123->125->133->152->134->143->146->156->166->158->173->185->197->199->204->202->260->263->275->288->290->293->306->317->358->363->379->384->402->394->407->396->397->401->406->398->403->413->440->449->455->460->461->462->471->482->497->517->518->537->546->551->553->554->555->562->569->570->573->593->600->602->615->628->637->642->658->668->694->700->713->721->734->745->748->749->753->763->764->766->783->793->791->815->816->821->826->830->976->978->985,985->1000
N10_C10_I1,10,46,2,62,6,8,10,0.9,0.5,20.5,0.9,869.394,5,1,5_S001,near,0.0087,0.00179,0.004023,0.2661,0.0532,0.057222999999999996,14.58,0.7973669865280615,8->7->5,5->10
N10_C1_I1,10,46,2,62,2,8,10,0.9,0.5,20.5,0.9,78.255,5,1,5_S001,near,0.0087,0.00176,0.003992,0.2661,0.0532,0.057192,9.13,4.566208,8->7->5,5->10
N10_C2_I1,10,52,2,62,2,8,10,0.9,0.5,20.5,0.9,2091.417,5,1,5_S001,near,0.0076,0.00179,0.004023,0.2661,0.0532,0.057222999999999996,9.17,0.9741587232446856,8->5,5->10
N10_C3_I1,10,46,2,62,2,8,10,0.9,0.5,20.5,0.9,2219.241,5,1,5_S001,near,0.0087,0.00179,0.004023,0.2661,0.0532,0.057222999999999996,9.17,0.9745517395070769,8->7->5,5->10
N10_C4_I1,10,46,2,62,2,8,10,0.9,1.0,20.5,0.9,859.128,5,1,5_S001,near,0.0087,0.001577,0.002959,0.2661,0.0532,0.056159,9.32,0.9771942264288743,8->7->5,5->10
N10_C5_I1,10,46,2,62,2,8,10,0.9,0.5,20.5,0.9,759.817,5,1,5_S001,near,0.0113,0.00179,0.004023,0.2661,0.0532,0.057222999999999996,9.17,0.9754330856478606,8->7->6->5,5->10
N10_C6_I1,10,46,2,62,2,8,10,0.9,0.5,20.5,0.9,2345.647,5,1,5_S001,near,0.0259,0.00179,0.004023,0.2661,0.0532,0.057222999999999996,9.17,0.9794015542415802,8->7->5,5->10
N10_C7_I1,10,46,2,62,2,8,10,0.9,0.5,20.5,0.9,2181.996,5,1,5_S001,near,0.0087,0.00179,0.004023,0.2661,0.0532,0.057222999999999996,9.17,0.9745517395070769,8->7->5,5->10
N10_C8_I1,10,46,2,62,2,8,10,0.1,0.5,20.5,0.1,686.159,5,1,5_S001,near,0.0087,0.00179,0.004023,0.2661,0.0532,0.057222999999999996,9.17,0.9745517395070769,8->7->5,5->10
N10_C9_I1,10,46,2,62,2,8,10,0.9,0.5,15.0,0.9,714.417,5,1,5_S001,near,0.0087,0.00179,0.004023,0.2661,0.0532,0.057222999999999996,9.17,0.9745517395070769,8->7->5,5->10
N1500_C10_I1,1500,4728,75,2274,26,1492,1500,0.9,0.5,20.5,0.9,856455.111,1463,446,1463_S001,near,0.22870000000000026,0.001608,0.003325,0.1857,0.0371,0.040425,18.89,1.003490469110098,1492->1490->1298->1290->1281->1274->1270->1279->1262->1257->1254->1234->1231->1219->1206->1212->1228->1203->1194->1197->1177->1170->1153->1152->1149->1142->1134->1130->1125->1117->1113->1129->1111->1099->1089->1075->1069->1065->1064->1063->1051->1042->1039->1050->1037->1036->1027->1006->988->981->969->961->929->924->917->912->907->904->903->896->892->905->888->885->878->877->874->865->857->856->851->813->810->812->805->786->762->761->757->755->725->715->711->723->705->696->691->697->689->687->681->674->667->659->669->657->636->609->599->592->588->576->574->586->568->575->581->564->560->549->547->545->543->540->566->561->532->542->534->539->526->524->522->508->501->476->469->463->450->436->430->415->408->393->387->372->371->362->373->356->350->365->348->635->626->366->344->334->337->331->329->324->321->314->493->289->284->266->262->259->254->456->457->441->206->209->410->409->198->196->193->190->183->370->178->174->168->164->163->175->169->153->137->132->138->319->311->41->40->59->55->75->86->91->9->5->2->3->4->8->12->24->19->28->22->26->33->45->27->34->54->53->89->98->67->85->100->119->114->129->122->123->125->133->134->181->143->191->184->189->216->187->195->211->170->173->185->197->204->202->260->263->268->275->288->290->293->306->317->358->363->379->384->394->407->396->397->401->406->398->403->413->440->449->453->455->460->468->461->462->471->482->495->497->517->518->536->537->546->551->553->555->562->569->570->573->593->600->602->615->628->637->642->658->668->694->700->713->721->734->745->748->749->753->763->764->766->783->784->791->815->816->821->826->830->839->842->854->849->852->860->864->866->867->870->880->882->887->893->894->910->933->944->946->948->976->978->985->991->995->1017->1024->1031->1068->1071->1077->1079->1091->1100->1110->1120->1122->1139->1167->1168->1173->1175->1189->1192->1191->1199->1204->1182->1184->1193->1205->1210->1223->1229->1230->1241->1232->1237->1242->1244->1251->1269->1463,1463->1500
N1500_C1_I1,1500,4728,75,2274,60,1492,1500,0.9,0.5,20.5,0.9,157649.072,1499,357,1499_S001,near,0.20790000000000033,0.001572,0.00287,0.12,0.024,0.02687,15.32,14.294468000000018,1492->1490->1298->1290->1281->1274->1270->1279->1262->1257->1254->1234->1231->1219->1206->1212->1228->1203->1194->1197->1177->1170->1153->1152->1149->1142->1134->1130->1125->1117->1113->1129->1111->1099->1089->1075->1069->1065->1064->1063->1051->1042->1039->1050->1037->1036->1027->1006->988->981->969->929->924->917->912->904->903->896->892->905->888->885->878->877->874->865->857->856->851->813->810->805->786->762->761->757->755->741->725->715->711->723->705->696->691->697->689->687->681->674->667->659->657->636->609->599->592->588->576->574->586->568->575->581->560->549->547->545->543->540->538->561->532->542->534->539->526->524->522->508->501->476->469->463->450->436->430->408->393->387->372->371->362->373->356->350->365->348->346->344->334->337->331->329->324->321->314->493->289->284->266->262->259->254->456->457->441->206->209->410->198->196->193->190->183->370->339->338->341->333->326->318->301->292->153->147->110->105->108->57->52->70->103->102->58->46->35->21->1->2->3->4->8->12->24->19->28->22->26->33->27->34->54->53->29->49->85->100->119->114->129->122->123->125->133->134->181->143->146->156->166->158->170->173->185->197->204->202->260->263->275->288->290->293->306->317->358->363->379->384->394->407->396->397->401->406->398->403->413->440->449->455->460->468->471->482->497->517->518->537->546->551->553->555->562->569->570->573->593->600->602->615->628->637->642->658->668->694->700->713->721->734->745->748->749->753->763->764->766->783->784->791->815->816->821->826->830->839->842->849->852->860->864->866->867->870->880->882->887->893->894->910->933->944->946->948->976->978->985->991->995->1017->1024->1031->1068->1071->1077->1079->1091->1100->1110->1120->1122->1139->1167->1168->1173->1175->1189->1192->1191->1199->1204->1182->1184->1193->1205->1210->1223->1229->1230->1241->1232->1237->1242->1244->1251->1269->1499,1499->1500
N1500_C2_I1,1500,5226,75,2274,60,1492,1500,0.9,0.5,20.5,0.9,907595.432,1499,357,1499_S001,near,0.18090000000000003,0.001512,0.00281,0.12,0.024,0.02681,15.31,0.8552075679477945,1492->1298->1486->1479->1231->1234->1252->1254->1257->1262->1279->1270->1042->1039->1050->1037->1036->1027->1006->715->711->508->501->516->509->493->491->487->266->262->120->90->88->76->73->126->127->177->187->195->482->495->497->517->518->537->546->551->783->793->791->815->816->1079->1091->1100->1110->1120->1116->1122->1139->1167->1168->1390->1269->1497->1499,1499->1500
N1500_C3_I1,1500,4878,150,4498,60,1492,1500,0.9,0.5,20.5,0.9,890633.307,1497,383,1497_S001,near,0.7376000000000001,0.001562,0.002917,0.1288,0.0258,0.028717,15.38,2.6483428096598476,1492->1298->1290->1281->1274->1270->1279->1262->1257->1254->1252->1219->1206->1212->1203->1194->1197->1177->1170->1153->1152->1149->1142->1134->1130->1125->1117->1113->1129->1111->1099->1089->1075->1069->1065->1064->1063->1051->1042->1039->1050->1037->1036->1027->1006->988->981->969->961->929->924->917->912->904->903->896->892->905->888->885->878->877->874->865->861->857->856->851->818->813->810->812->805->786->762->761->757->755->741->725->715->711->723->705->696->691->697->689->687->681->674->667->661->659->657->636->609->599->592->588->576->574->586->568->575->564->581->560->549->547->545->543->540->538->561->548->532->542->534->539->526->524->522->508->501->476->469->463->450->436->430->422->415->408->393->387->372->371->362->361->356->350->353->348->346->349->334->337->331->329->324->321->552->520->514->523->535->298->299->289->284->266->262->259->254->235->233->232->230->229->217->228->210->206->418->409->198->196->193->392->390->383->380->183->178->339->338->335->333->326->316->301->292->153->147->110->112->96->124->118->95->87->99->83->73->116->39->56->44->77->69->68->63->21->1->9->5->6->13->14->11->4->8->12->24->19->28->20->32->30->34->54->53->29->49->85->100->119->114->122->123->125->133->152->134->181->143->194->189->216->187->195->211->170->173->185->197->204->202->260->263->268->275->288->290->293->297->306->317->358->363->379->384->394->407->396->397->401->406->398->403->413->440->449->453->455->460->468->462->471->482->497->517->518->536->537->1500->1497,1497->1500
N1500_C4_I1,1500,4728,75,2274,142,1492,1500,0.9,1.0,20.5,0.9,626375.409,1499,357,1499_S001,near,0.2460000000000005,0.001416,0.00233,0.12,0.024,0.02633,15.37,0.7616182067867869,1492->1298->1290->1281->1274->1270->1279->1262->1257->1254->1234->1219->1206->1212->1203->1194->1197->1177->1170->1153->1152->1149->1142->1134->1130->1125->1117->1113->1129->1111->1099->1089->1075->1069->1065->1064->1063->1051->1042->1039->1050->1037->1036->1027->1006->988->981->969->929->924->917->912->904->903->896->892->905->888->885->878->877->874->865->861->857->856->851->813->810->812->805->786->762->761->757->755->741->725->715->711->723->705->696->691->697->689->687->695->681->674->667->659->657->636->609->599->592->588->576->574->586->568->575->564->581->560->549->547->545->543->540->538->561->548->542->534->539->526->525->527->519->501->476->469->463->467->450->436->430->415->408->393->387->372->371->362->361->356->350->353->365->348->346->349->334->337->331->329->324->321->314->493->289->500->259->254->235->233->232->244->230->229->420->206->418->409->198->196->392->193->190->183->178->174->168->164->333->326->162->172->155->316->292->278->153->147->110->92->90->88->76->73->116->101->82->104->31->37->72->77->69->68->63->46->35->21->1->2->3->4->8->12->24->19->28->22->30->33->45->27->34->54->53->89->49->85->111->119->114->122->123->125->133->152->134->181->143->146->156->216->223->211->212->173->185->197->204->202->260->263->268->275->288->290->293->306->317->358->363->379->384->394->407->396->397->401->406->398->403->413->440->449->453->455->460->461->462->471->482->495->497->517->518->536->537->546->551->553->555->562->569->570->573->593->600->602->615->628->637->642->658->668->694->700->713->721->734->745->748->749->753->763->764->766->783->793->791->815->816->821->826->830->839->854->849->852->860->864->866->875->867->870->880->882->887->893->894->910->933->944->946->948->976->978->985->991->995->1017->1024->1031->1071->1077->1079->1091->1092->1100->1110->1120->1116->1122->1139->1167->1168->1181->1175->1178->1192->1199->1204->1182->1184->1193->1205->1210->1223->1229->1230->1241->1232->1237->1242->1244->1251->1269->1499,1499->1500
N1500_C5_I1,1500,4728,75,2274,60,1492,1500,0.9,0.5,20.5,0.9,1038217.69,1434,638,1434_S001,near,0.30840000000000023,0.001766,0.004204,0.298,0.0596,0.063804,9.68,1.0519093218153248,1492->1490->1298->1290->1281->1274->1270->1279->1262->1257->1254->1252->1219->1206->1212->1228->1203->1194->1197->1177->1170->1153->1152->1149->1142->1134->1130->1125->1117->1113->1129->1111->1099->1089->1075->1069->1065->1064->1063->1051->1055->1042->1039->1050->1037->1036->1027->1006->988->981->969->929->924->917->912->907->904->903->896->892->905->888->885->878->877->874->865->857->856->851->813->810->805->786->762->761->757->755->741->725->715->711->723->705->696->691->697->689->687->681->674->667->659->657->636->609->599->592->588->576->574->586->568->575->564->560->549->547->545->543->540->538->561->548->542->534->539->526->525->524->522->508->501->476->469->463->450->439->437->436->430->422->415->408->393->387->381->372->371->362->361->356->350->353->348->346->349->334->337->331->329->594->587->577->559->324->321->309->298->296->299->289->500->259->254->235->233->232->230->229->219->217->228->210->206->209->201->198->196->193->190->183->178->339->338->335->333->326->316->292->153->147->110->105->96->107->118->95->87->97->99->83->73->116->101->82->150->145->23->21->1->2->3->4->8->15->24->19->20->26->33->27->34->54->53->89->49->85->111->119->114->122->123->125->133->134->181->143->146->216->156->166->158->170->211->212->227->185->197->204->202->260->265->263->275->288->290->293->306->317->358->363->379->384->394->407->396->397->401->406->398->403->413->440->454->449->455->460->468->462->471->482->495->497->517->518->537->546->551->553->554->555->562->569->570->573->593->600->602->615->628->637->642->658->668->694->700->713->721->734->745->748->749->753->763->764->766->783->784->791->815->816->821->826->830->839->854->849->852->860->864->866->875->867->870->880->882->889->887->893->894->910->933->944->946->948->976->978->985->991->995->1017->1024->1031->1071->1077->1079->1091->1100->1110->1120->1116->1122->1139->1167->1168->1173->1175->1178->1192->1180->1182->1184->1193->1205->1210->1223->1229->1230->1241->1232->1237->1242->1244->1251->1269->1426->1434,1434->1500
N1500_C6_I1,1500,4728,75,2274,60,1492,1500,0.9,0.5,20.5,0.9,438396.822,1403,700,1403_S004,near,0.6711999999999999,0.003008,0.007755,0.3197,0.0639,0.071655,17.39,1.2047751261274613,1492->1488->1298->1290->1281->1274->1270->1279->1262->1257->1254->1252->1219->1206->1228->1203->1194->1197->1177->1170->1153->1152->1149->1142->1134->1130->1125->1117->1113->1129->1111->1105->1099->1089->1075->1069->1065->1064->1063->1051->1042->1039->1050->1037->1036->1027->1006->988->981->969->929->924->917->912->907->904->903->896->892->905->888->885->878->877->874->865->861->857->856->851->813->810->812->805->786->762->761->757->755->725->715->711->708->705->696->691->697->689->687->681->674->667->659->669->657->636->609->599->592->588->576->574->586->568->575->564->560->549->547->545->543->540->538->561->548->542->530->539->526->525->527->519->501->476->469->463->450->436->430->408->393->387->372->371->362->361->356->350->353->348->346->344->349->334->337->331->329->324->577->559->558->552->521->314->309->298->299->289->500->259->254->235->457->451->206->210->420->418->409->404->392->193->190->183->178->174->168->164->163->175->169->153->147->110->92->90->88->83->73->116->65->62->59->55->37->31->69->68->36->46->35->21->1->2->3->4->17->18->24->19->28->22->30->34->54->53->89->98->121->85->100->119->114->122->123->125->133->134->181->143->146->216->223->211->212->173->185->197->204->202->260->263->275->288->290->293->306->317->358->363->379->384->394->407->396->397->401->406->398->403->413->440->449->455->460->468->462->471->482->497->517->518->536->537->546->551->553->554->555->562->569->570->573->593->600->602->615->628->637->642->658->668->694->700->713->721->734->745->748->749->753->763->765->764->766->783->784->791->815->816->821->826->830->839->854->849->852->860->864->866->875->867->870->880->882->889->887->893->894->910->933->944->946->948->956->976->978->985->991->995->1017->1024->1031->1071->1077->1079->1091->1100->1110->1120->1116->1122->1139->1167->1168->1181->1175->1189->1192->1199->1204->1182->1184->1193->1205->1210->1223->1229->1230->1241->1232->1237->1242->1244->1251->1269->1403,1403->1500
N1500_C7_I1,1500,4728,75,2274,60,1492,1500,0.9,0.5,20.5,0.9,703559.263,1499,357,1499_S001,near,0.2246000000000004,0.001512,0.00281,0.12,0.024,0.02681,15.31,0.9226442365484439,1492->1298->1290->1281->1274->1270->1279->1262->1257->1254->1234->1231->1219->1206->1212->1228->1203->1194->1197->1177->1170->1153->1152->1149->1142->1134->1130->1125->1117->1113->1129->1111->1099->1089->1075->1069->1065->1064->1063->1051->1042->1039->1050->1037->1036->1027->1006->988->981->969->929->924->917->912->904->903->896->892->905->888->885->878->877->874->865->857->856->851->813->810->812->805->786->762->761->757->755->725->715->711->723->705->696->691->697->698->689->687->681->674->667->659->669->657->636->609->599->592->588->576->574->586->568->575->564->581->560->549->547->545->543->540->538->561->532->542->534->539->526->525->527->519->501->476->469->463->450->439->437->436->430->415->408->393->387->372->371->362->361->356->350->365->348->346->344->366->349->334->337->331->329->324->321->309->298->299->289->500->259->254->235->233->441->451->206->209->410->409->198->196->193->190->183->370->178->174->168->164->341->333->326->318->316->292->153->117->105->110->92->90->97->99->83->73->116->101->82->104->36->68->63->23->35->21->1->5->6->10->11->14->15->24->19->28->26->33->45->27->34->54->53->29->49->85->111->119->114->122->123->125->133->152->134->181->143->194->189->146->156->187->177->167->158->173->185->192->204->202->260->265->263->268->275->288->290->293->306->317->358->363->379->384->394->407->396->397->401->406->398->403->413->440->449->453->455->460->468->471->482->497->517->518->536->537->546->551->553->554->555->562->569->570->573->593->600->602->615->628->637->642->658->668->694->700->709->713->721->734->745->748->749->753->763->765->764->766->783->784->791->815->816->821->826->830->839->854->849->852->860->864->866->867->870->880->882->889->887->893->894->910->933->944->946->948->976->978->985->991->995->1017->1024->1031->1068->1071->1077->1079->1091->1100->1110->1120->1122->1139->1167->1168->1173->1175->1189->1192->1191->1199->1204->1182->1184->1193->1205->1210->1223->1229->1230->1241->1232->1237->1242->1244->1251->1269->1499,1499->1500
N1500_C8_I1,1500,4728,75,2274,60,1492,1500,0.1,0.5,20.5,0.1,974420.249,1499,357,1499_S001,near,0.2246000000000004,0.001512,0.00281,0.12,0.024,0.02681,15.31,0.9226442365484439,1492->1298->1290->1281->1274->1270->1279->1262->1257->1254->1234->1231->1219->1206->1212->1228->1203->1194->1197->1177->1170->1153->1152->1149->1142->1134->1130->1125->1117->1113->1129->1111->1099->1089->1075->1069->1065->1064->1063->1051->1042->1039->1050->1037->1036->1027->1006->988->981->969->929->924->917->912->904->903->896->892->905->888->885->878->877->874->865->857->856->851->813->810->812->805->786->762->761->757->755->725->715->711->723->705->696->691->697->698->689->687->681->674->667->659->669->657->636->609->599->592->588->576->574->586->568->575->564->581->560->549->547->545->543->540->538->561->532->542->534->539->526->525->527->519->501->476->469->463->450->439->437->436->430->415->408->393->387->372->371->362->361->356->350->365->348->346->344->366->349->334->337->331->329->324->321->309->298->299->289->500->259->254->235->233->441->451->206->209->410->409->198->196->193->190->183->370->178->174->168->164->341->333->326->318->316->292->153->117->105->110->92->90->97->99->83->73->116->101->82->104->36->68->63->23->35->21->1->5->6->10->11->14->15->24->19->28->26->33->45->27->34->54->53->29->49->85->111->119->114->122->123->125->133->152->134->181->143->194->189->146->156->187->177->167->158->173->185->192->204->202->260->265->263->268->275->288->290->293->306->317->358->363->379->384->394->407->396->397->401->406->398->403->413->440->449->453->455->460->468->471->482->497->517->518->536->537->546->551->553->554->555->562->569->570->573->593->600->602->615->628->637->642->658->668->694->700->709->713->721->734->745->748->749->753->763->765->764->766->783->784->791->815->816->821->826->830->839->854->849->852->860->864->866->867->870->880->882->889->887->893->894->910->933->944->946->948->976->978->985->991->995->1017->1024->1031->1068->1071->1077->1079->1091->1100->1110->1120->1122->1139->1167->1168->1173->1175->1189->1192->1191->1199->1204->1182->1184->1193->1205->1210->1223->1229->1230->1241->1232->1237->1242->1244->1251->1269->1499,1499->1500
N1500_C9_I1,1500,4728,75,2274,33,1492,1500,0.9,0.5,15.0,0.9,696075.699,1463,446,1463_S001,near,0.2199000000000004,0.001608,0.003325,0.1857,0.0371,0.040425,9.68,0.9465139831326306,1492->1298->1290->1281->1274->1270->1279->1277->1262->1257->1254->1252->1219->1206->1228->1203->1194->1197->1183->1177->1170->1153->1152->1149->1142->1134->1130->1125->1117->1113->1129->1111->1099->1089->1075->1069->1065->1064->1063->1051->1055->1042->1039->1050->1037->1036->1027->1006->988->981->969->929->924->917->912->907->904->903->896->892->905->888->885->878->877->874->865->857->856->851->813->810->805->786->762->761->757->755->741->725->715->711->723->705->696->691->697->689->687->695->681->674->667->659->669->657->636->609->599->592->588->576->574->586->568->575->581->560->549->547->545->543->540->538->561->548->542->534->539->526->525->527->508->501->476->469->463->450->437->436->430->415->408->393->387->372->371->362->373->356->350->365->348->635->626->625->606->616->603->614->612->594->329->324->321->309->298->296->299->289->500->262->475->458->464->232->244->230->229->219->217->228->210->206->209->201->198->196->193->190->183->370->380->339->338->335->341->333->326->318->316->301->278->169->153->117->112->79->57->52->51->60->48->64->59->55->37->31->69->68->91->9->10->13->14->15->24->19->20->26->32->45->27->34->54->53->89->98->121->85->100->119->114->122->123->125->133->152->134->181->143->146->216->187->195->211->170->173->185->197->204->202->260->263->275->288->290->293->306->317->358->363->379->384->394->407->396->397->401->406->398->403->413->440->449->455->460->468->471->482->497->517->518->537->546->551->553->555->562->569->570->573->593->600->602->615->628->637->642->658->668->694->700->709->713->721->734->745->748->749->753->763->764->766->783->793->791->815->816->821->826->830->839->854->849->852->860->864->866->875->867->870->880->882->889->887->893->894->910->933->944->946->948->976->978->985->991->995->1011->1017->1024->1031->1068->1071->1077->1079->1091->1100->1110->1120->1116->1122->1139->1167->1168->1173->1175->1189->1192->1191->1199->1204->1182->1184->1193->1205->1210->1223->1229->1230->1241->1232->1237->1242->1244->1251->1269->1463,1463->1500
N2000_C10_I1,2000,6198,100,2979,16,1968,2000,0.9,0.5,20.5,0.9,875515.351,1982,514,1982_S001,near,0.27490000000000053,0.00162,0.003289,0.178,0.0356,0.038889,14.71,1.0741986344650143,1968->1955->1807->1789->1788->1781->1779->1774->1771->1780->1778->1766->1764->1740->1736->1735->1731->1718->1713->1707->1693->1681->1677->1687->1672->1665->1664->1655->1649->1643->1637->1628->1610->1587->1579->1552->1550->1548->1547->1530->1537->1525->1492->1490->1488->1495->1479->1486->1471->1469->1465->1460->1430->1423->1406->1401->1391->1384->1380->1374->1373->1369->1359->1355->1344->1311->1301->1310->1298->1290->1281->1274->1270->1279->1262->1257->1254->1252->1219->1206->1212->1203->1194->1197->1177->1170->1153->1152->1149->1142->1134->1130->1125->1117->1113->1129->1111->1099->1089->1075->1069->1065->1064->1063->1051->1042->1039->1050->1037->1036->1027->1006->988->981->969->929->924->917->912->904->903->896->892->905->888->885->878->877->874->865->857->856->851->818->813->810->805->786->762->761->757->755->741->725->715->711->708->705->696->691->697->689->687->681->674->667->659->657->636->609->599->592->588->576->574->586->568->575->581->560->549->547->545->543->540->538->566->561->532->542->534->539->526->524->522->508->519->501->476->469->463->450->436->430->408->712->706->690->680->663->677->688->375->371->362->646->638->644->373->356->350->365->348->346->344->349->334->558->314->321->521->520->514->523->298->500->259->254->235->233->438->425->206->209->201->198->196->392->390->383->380->370->178->174->168->164->163->130->90->83->97->93->273->74->66->101->157->188->200->247->249->252->221->17->4->8->15->24->19->20->32->30->34->54->53->89->49->85->100->119->114->122->123->125->133->134->181->191->184->189->216->187->177->167->158->173->185->192->204->202->260->263->275->288->290->293->297->306->317->358->363->379->384->394->407->396->397->401->406->398->403->413->440->449->453->455->460->468->471->482->495->497->517->518->536->537->546->551->553->555->562->569->570->573->593->600->602->615->628->637->642->658->668->694->700->713->721->734->745->748->749->753->763->765->764->766->783->784->793->791->815->816->821->826->830->839->842->849->852->860->864->866->867->870->880->882->889->887->893->894->910->933->944->946->948->976->978->985->991->995->1011->1017->1024->1031->1071->1077->1079->1091->1092->1100->1110->1120->1122->1139->1167->1168->1181->1175->1178->1192->1204->1182->1184->1193->1205->1210->1223->1229->1230->1241->1232->1237->1242->1244->1251->1269->1275->1278->1296->1322->1330->1348->1364->1353->1358->1361->1362->1368->1379->1382->1387->1390->1403->1417->1408->1426->1428->1453->1462->1463->1481->1497->1500->1502->1503->1508->1510->1512->1531->1518->1528->1540->1542->1554->1555->1568->1576->1582->1583->1594->1586->1590->1600->1618->1593->1601->1604->1607->1616->1620->1630->1633->1641->1680->1688->1719->1739->1751->1982,1982->2000
N2000_C1_I1,2000,6198,100,2979,75,1968,2000,0.9,0.5,20.5,0.9,451366.862,1982,514,1982_S001,near,0.26230000000000037,0.00164,0.003309,0.178,0.0356,0.038909,6.45,16.99884600000002,1968->1807->1789->1788->1806->1781->1779->1774->1771->1780->1778->1766->1764->1740->1736->1735->1731->1718->1713->1707->1693->1681->1677->1687->1672->1665->1664->1655->1649->1643->1637->1628->1610->1587->1579->1552->1550->1548->1530->1537->1525->1492->1490->1488->1495->1479->1486->1471->1469->1465->1460->1430->1423->1406->1401->1391->1384->1386->1380->1374->1373->1369->1359->1355->1344->1311->1301->1310->1298->1290->1281->1274->1270->1279->1277->1262->1257->1254->1252->1219->1206->1228->1212->1203->1194->1197->1183->1177->1170->1153->1152->1149->1142->1134->1130->1125->1117->1113->1129->1111->1099->1089->1075->1069->1065->1064->1063->1051->1055->1042->1039->1050->1037->1036->1027->1006->988->981->969->929->924->917->912->904->903->896->892->905->888->885->878->877->874->865->857->856->851->818->813->810->805->786->762->761->757->755->725->715->711->708->723->705->696->691->697->689->687->681->674->667->659->657->636->609->599->592->588->576->574->586->568->575->581->560->549->547->545->543->540->538->566->561->532->542->534->539->526->524->522->508->501->476->469->463->450->436->430->408->393->706->690->680->663->677->688->375->371->362->646->638->644->373->356->350->353->348->346->344->334->558->324->321->314->491->284->266->262->259->254->235->457->206->209->410->201->198->196->193->190->183->370->380->339->338->164->163->175->172->112->110->105->51->50->61->65->70->106->220->11->4->8->12->24->19->20->26->30->34->54->53->89->49->67->85->100->119->114->122->123->125->133->134->181->191->184->189->216->187->177->166->158->170->211->212->224->185->192->204->202->260->263->275->288->290->293->297->306->317->358->363->379->384->394->407->396->397->401->406->398->403->413->440->449->455->460->468->462->471->482->495->497->517->518->536->537->546->551->553->555->562->569->570->573->593->600->602->615->628->637->642->658->668->694->700->713->721->734->745->748->749->753->763->764->766->783->793->791->815->816->822->821->826->830->839->842->849->852->860->864->866->867->870->880->882->887->893->894->910->933->944->946->948->976->978->985->991->995->1011->1017->1024->1031->1071->1077->1079->1091->1092->1100->1110->1120->1122->1139->1167->1168->1181->1175->1178->1189->1191->1192->1204->1182->1184->1193->1205->1210->1223->1229->1230->1241->1232->1237->1242->1244->1251->1269->1275->1278->1296->1322->1330->1348->1364->1353->1358->1366->1362->1368->1385->1379->1382->1387->1390->1403->1417->1408->1426->1428->1453->1462->1463->1481->1497->1500->1502->1503->1508->1510->1512->1521->1522->1518->1528->1540->1542->1554->1555->1568->1576->1582->1583->1594->1586->1590->1600->1618->1593->1601->1595->1607->1616->1620->1633->1641->1680->1688->1719->1739->1751->1986->1982,1982->2000
N2000_C2_I1,2000,6864,100,2979,75,1968,2000,0.9,0.5,20.5,0.9,397042.716,1991,418,1991_S001,near,0.19200000000000003,0.001549,0.002905,0.1288,0.0258,0.028705,19.61,0.8993578050294005,1968->1807->1789->1788->1488->1495->1479->1486->1471->1465->1460->1430->1423->1406->1401->1391->1130->1134->1457->1144->1163->1150->1132->1123->1102->1101->1096->1087->1086->609->599->592->663->372->387->393->408->430->436->206->210->228->60->76->167->158->166->156->146->189->518->517->497->766->783->784->791->1116->1122->1139->1167->1168->1181->1175->1178->1192->1204->1182->1184->1502->1503->1791->1785->1818->1834->1821->1823->1824->1857->1859->1861->1871->1875->1890->1907->1906->1940->1941->1951->1969->1980->1978->1982->1987->1991,1991->2000
N2000_C3_I1,2000,6392,197,5883,75,1968,2000,0.9,0.5,20.5,0.9,565108.044,1982,514,1982_S001,near,0.8178000000000002,0.00162,0.003289,0.178,0.0356,0.038889,6.46,2.7426898601785896,1968->1955->1807->1789->1788->1781->1779->1774->1771->1780->1778->1766->1764->1740->1736->1735->1731->1718->1713->1707->1693->1681->1677->1672->1665->1664->1655->1649->1643->1637->1628->1610->1587->1579->1552->1550->1548->1530->1537->1525->1524->1492->1490->1488->1495->1479->1486->1471->1469->1465->1460->1430->1423->1406->1401->1391->1384->1380->1374->1373->1369->1359->1355->1344->1311->1301->1310->1298->1290->1281->1274->1270->1279->1262->1257->1254->1252->1234->1219->1206->1212->1203->1194->1197->1177->1170->1153->1152->1149->1142->1134->1130->1125->1117->1113->1129->1111->1099->1089->1075->1069->1065->1064->1063->1051->1042->1039->1050->1037->1036->1027->1006->988->981->969->929->924->917->912->907->904->903->896->892->905->888->885->878->877->874->865->857->856->851->818->813->810->812->805->786->762->761->757->755->725->715->711->708->705->696->691->697->698->689->687->681->674->667->659->657->636->609->599->592->588->576->574->586->568->575->581->560->549->547->545->543->540->538->566->561->548->542->534->539->526->525->527->508->501->476->469->463->467->450->437->436->430->408->393->706->690->680->372->663->677->660->646->638->373->626->608->616->603->334->558->314->309->298->296->289->284->266->262->259->254->457->206->410->409->198->196->193->190->183->370->339->338->341->335->168->164->163->162->120->79->88->73->71->70->106->35->63->23->21->1->5->6->10->13->14->16->17->18->24->19->20->32->33->30->34->54->29->49->85->100->119->114->122->123->125->133->134->181->143->146->156->166->167->158->173->185->192->199->204->202->260->263->268->275->288->290->293->306->317->358->363->379->384->394->407->396->397->401->406->398->403->413->440->449->455->460->468->471->482->497->517->518->536->537->546->551->553->555->562->569->570->573->593->600->602->615->628->637->642->658->668->694->700->713->721->734->745->748->749->753->2000->1982,1982->2000
N2000_C4_I1,2000,6198,100,2979,164,1968,2000,0.9,1.0,20.5,0.9,520216.83,1941,666,1941_S001,near,0.25490000000000035,0.001538,0.002887,0.2561,0.0512,0.054087,8.63,0.7875347330736374,1968->1807->1789->1788->1781->1779->1774->1784->1780->1778->1767->1764->1740->1736->1735->1731->1718->1713->1707->1693->1681->1677->1672->1665->1673->1664->1655->1649->1643->1637->1628->1610->1587->1579->1552->1550->1548->1530->1537->1525->1492->1490->1488->1495->1479->1486->1471->1469->1465->1460->1430->1423->1401->1391->1384->1380->1374->1373->1369->1359->1355->1344->1311->1301->1310->1298->1290->1281->1274->1270->1279->1277->1262->1257->1254->1252->1219->1206->1212->1203->1194->1197->1177->1170->1153->1152->1149->1142->1134->1130->1125->1117->1113->1129->1111->1105->1099->1089->1075->1069->1065->1064->1063->1051->1042->1039->1050->1037->1036->1027->1006->988->981->969->961->929->924->917->912->907->904->903->896->892->905->888->885->878->877->874->865->857->856->851->813->810->805->786->762->761->757->755->741->725->715->711->708->705->696->691->697->689->687->681->674->667->661->659->669->657->636->609->599->592->588->576->574->586->568->575->581->560->549->547->545->543->540->538->561->548->542->534->539->526->525->527->508->501->476->469->463->450->437->436->430->422->415->408->393->387->381->680->372->375->371->362->361->638->373->356->350->353->348->346->344->334->603->614->612->337->331->329->324->321->309->298->299->289->284->266->487->492->485->479->475->458->466->262->259->254->235->233->232->244->230->229->217->228->210->206->209->201->198->196->193->190->183->178->174->168->164->163->162->120->117->112->110->142->124->118->95->87->99->83->76->73->48->47->42->77->72->41->62->101->182->5->1->9->10->11->4->8->15->24->19->28->22->30->33->45->27->34->54->53->89->49->85->111->119->114->122->123->125->133->152->134->181->143->146->189->216->223->166->177->167->158->170->173->185->197->204->202->260->265->263->275->288->290->293->297->306->317->358->363->379->384->394->407->396->397->401->406->398->403->413->440->449->453->455->460->461->462->471->482->497->517->518->536->537->546->551->553->555->562->569->570->573->593->600->602->615->628->637->642->658->668->694->700->713->721->734->745->748->749->753->763->764->766->783->793->791->815->816->822->821->826->830->839->842->849->852->860->864->866->867->870->880->882->887->893->894->910->933->944->946->948->976->978->985->991->995->1017->1024->1031->1071->1077->1079->1091->1100->1110->1120->1122->1139->1167->1168->1181->1175->1189->1191->1199->1204->1182->1184->1193->1205->1210->1223->1229->1230->1241->1232->1237->1242->1244->1251->1269->1275->1278->1296->1322->1330->1348->1364->1353->1358->1361->1362->1368->1379->1382->1387->1390->1403->1417->1434->1428->1453->1462->1463->1481->1497->1500->1502->1503->1508->1510->1512->1531->1518->1528->1540->1542->1554->1555->1568->1576->1582->1583->1594->1586->1588->1590->1599->1618->1593->1601->1604->1595->1607->1616->1620->1630->1633->1641->1680->1688->1719->1739->1751->1941,1941->2000
N2000_C5_I1,2000,6198,100,2979,75,1968,2000,0.9,0.5,20.5,0.9,862220.849,1982,514,1982_S001,near,0.7043000000000004,0.00162,0.003289,0.178,0.0356,0.038889,6.46,1.881781773647977,1968->1902->1895->1894->1893->1882->1872->1864->1869->1863->1860->1841->1840->1832->1827->1826->1814->1813->1807->1789->1788->1781->1779->1774->1771->1780->1778->1767->1764->1740->1736->1735->1731->1718->1713->1707->1693->1681->1677->1702->1687->1672->1665->1673->1664->1655->1649->1640->1643->1637->1628->1625->1610->1587->1579->1552->1550->1548->1530->1537->1525->1524->1492->1490->1488->1495->1479->1486->1471->1465->1460->1430->1423->1401->1391->1384->1380->1374->1373->1369->1359->1355->1344->1311->1301->1310->1298->1290->1281->1274->1270->1279->1262->1257->1254->1252->1219->1206->1212->1203->1194->1197->1183->1177->1170->1153->1152->1149->1142->1134->1130->1125->1117->1113->1129->1111->1099->1089->1075->1069->1065->1064->1063->1051->1042->1039->1050->1037->1036->1027->1006->988->981->969->929->924->917->912->907->904->903->896->892->905->888->885->878->877->874->865->857->856->851->813->810->805->786->762->776->757->755->741->725->715->711->708->705->696->691->697->698->689->687->695->681->674->667->659->657->636->609->599->592->588->576->574->586->568->575->581->560->549->547->545->543->540->538->561->532->542->534->539->526->525->524->522->508->519->501->476->469->463->450->439->437->436->430->408->393->387->372->375->371->677->660->646->638->361->356->350->626->348->346->587->329->577->559->314->309->298->296->289->493->491->487->485->479->475->458->464->456->457->206->209->410->404->198->196->390->383->380->339->338->335->333->326->318->162->120->79->88->73->71->43->42->81->77->75->176->182->5->6->10->13->14->15->24->19->28->22->30->34->54->29->49->85->100->119->114->122->123->125->133->134->181->143->194->189->216->223->211->212->224->231->227->192->204->202->260->265->263->275->288->290->293->306->317->358->363->379->384->402->394->407->396->397->401->406->398->403->413->440->449->453->455->460->461->462->471->482->497->517->518->536->537->546->551->553->555->562->569->570->573->593->600->602->615->628->637->642->658->668->694->700->713->721->734->745->748->749->753->763->764->766->783->784->791->815->816->821->826->830->839->842->849->852->860->864->866->875->867->870->880->882->889->887->893->894->910->933->944->946->956->976->978->985->991->995->1011->1017->1024->1031->1071->1077->1079->1091->1100->1110->1120->1122->1139->1167->1168->1181->1175->1189->1191->1199->1204->1182->1184->1193->1205->1210->1223->1229->1230->1241->1232->1237->1242->1244->1251->1269->1275->1278->1296->1322->1330->1348->1364->2000->1986->1982,1982->2000
N2000_C6_I1,2000,6198,100,2979,75,1968,2000,0.9,0.5,20.5,0.9,649422.085,1982,514,1982_S001,near,1.0054,0.00162,0.003289,0.178,0.0356,0.038889,6.46,1.4686797401458727,1968->1955->1807->1789->1788->1781->1779->1774->1771->1780->1778->1766->1764->1740->1736->1735->1731->1718->1713->1707->1693->1681->1677->1672->1665->1673->1664->1655->1649->1643->1637->1628->1610->1587->1579->1552->1550->1548->1530->1537->1525->1492->1490->1488->1495->1479->1486->1471->1465->1460->1430->1423->1406->1401->1391->1384->1380->1374->1373->1369->1359->1355->1344->1311->1301->1310->1298->1290->1281->1274->1270->1279->1262->1257->1254->1252->1219->1206->1212->1203->1194->1197->1177->1170->1153->1152->1149->1142->1134->1130->1125->1117->1113->1129->1111->1099->1089->1075->1069->1065->1064->1063->1051->1042->1039->1050->1037->1036->1027->1006->988->981->969->961->929->924->917->912->904->903->896->892->905->888->885->878->877->874->865->861->857->856->851->818->813->810->812->805->786->762->761->757->755->725->715->711->708->723->705->696->691->697->689->687->695->681->674->667->659->657->636->609->599->592->588->576->574->586->568->575->581->560->549->547->545->543->540->566->561->548->542->534->539->526->525->527->519->501->476->469->463->450->436->430->408->393->387->372->663->688->375->371->362->373->626->608->606->366->349->558->552->520->514->523->509->493->491->487->485->479->475->458->466->464->232->230->229->420->418->409->410->209->201->198->196->193->190->183->178->174->168->164->163->130->90->88->73->48->47->43->82->101->182->5->9->10->11->16->17->18->24->19->20->32->45->27->34->54->53->89->49->67->85->100->119->114->122->123->125->133->134->181->191->184->189->216->223->166->158->173->212->227->192->197->199->204->202->260->263->268->275->288->290->293->306->317->358->363->379->384->394->407->396->397->401->406->398->403->413->440->449->453->455->460->461->462->471->482->497->517->518->537->546->551->553->554->555->562->569->570->573->593->600->602->615->628->637->642->658->668->694->700->713->721->734->745->748->749->753->763->764->766->783->784->791->815->816->821->826->830->839->854->849->852->860->864->866->867->870->880->882->889->887->893->894->910->933->944->946->956->976->978->985->991->995->1011->1017->1024->1031->1068->1071->1077->1079->1091->1100->1110->1120->1122->1139->1167->1168->1173->1175->1189->1192->1180->1182->1184->1193->1205->1210->1223->1229->1230->1241->1232->1237->1242->1244->1251->1269->1275->1278->1296->1322->1330->1348->1364->1353->1358->1361->1362->1368->2000->1987->1982,1982->2000
N2000_C7_I1,2000,6198,100,2979,75,1968,2000,0.9,0.5,20.5,0.9,766930.175,1982,514,1982_S001,near,0.2696000000000007,0.00162,0.003289,0.178,0.0356,0.038889,6.46,1.0113254167011245,1968->1955->1807->1789->1806->1781->1779->1774->1771->1780->1778->1766->1764->1763->1740->1736->1735->1731->1718->1713->1707->1693->1681->1677->1687->1672->1665->1673->1664->1655->1649->1643->1637->1628->1610->1587->1579->1552->1550->1548->1530->1537->1525->1492->1490->1488->1495->1479->1486->1471->1465->1460->1430->1423->1406->1401->1391->1384->1386->1380->1374->1373->1369->1359->1355->1344->1311->1301->1310->1298->1290->1281->1274->1270->1279->1262->1257->1254->1252->1219->1206->1212->1203->1194->1197->1183->1177->1170->1153->1152->1149->1142->1134->1130->1125->1117->1113->1129->1111->1099->1089->1075->1069->1065->1064->1063->1051->1055->1042->1039->1050->1037->1036->1027->1006->988->981->969->929->924->917->912->907->904->903->896->892->905->888->885->878->877->874->865->861->857->856->851->818->813->810->805->786->762->776->757->755->725->715->711->708->723->705->696->691->697->689->687->681->674->667->659->657->636->609->599->592->588->576->574->586->568->575->581->560->549->547->545->543->540->538->561->532->542->534->539->526->524->522->508->501->476->469->463->450->436->430->408->393->387->690->680->663->677->688->375->371->362->646->638->373->356->350->365->348->346->344->334->558->314->493->289->284->266->262->259->254->235->457->206->209->201->198->196->193->190->183->178->174->168->164->333->326->318->301->292->278->155->169->175->162->163->130->90->83->97->99->93->273->74->66->101->159->157->188->200->249->252->221->17->4->8->15->24->19->28->22->30->34->54->53->89->49->85->100->119->114->122->123->125->133->134->181->191->184->189->216->187->177->167->158->173->185->197->204->202->260->265->263->275->288->290->293->306->317->358->363->379->384->394->407->396->397->401->406->398->403->413->440->449->455->460->468->462->471->482->495->497->517->518->536->537->546->551->553->554->555->562->569->570->573->593->600->602->615->628->637->642->658->668->694->700->713->721->734->745->748->749->753->763->765->764->766->783->784->791->815->816->822->821->826->830->839->854->842->849->852->860->864->876->866->867->870->880->882->887->893->894->910->933->944->946->948->976->978->985->991->995->1017->1024->1031->1071->1077->1079->1091->1100->1110->1120->1122->1139->1167->1168->1181->1175->1178->1192->1204->1180->1182->1184->1193->1205->1210->1223->1229->1230->1241->1232->1237->1242->1244->1251->1269->1275->1278->1296->1322->1330->1348->1364->1353->1358->1361->1362->1368->1379->1382->1387->1390->1403->1417->1434->1428->1453->1462->1463->1481->1497->1500->1502->1503->1508->1510->1512->1531->1522->1518->1528->1540->1542->1554->1555->1568->1576->1582->1583->1594->1586->1588->1590->1600->1618->1593->1601->1595->1607->1616->1620->1630->1633->1641->1680->1688->1719->1739->1751->1982,1982->2000
N2000_C8_I1,2000,6198,100,2979,75,1968,2000,0.1,0.5,20.5,0.1,758613.413,1982,514,1982_S001,near,0.2696000000000007,0.00162,0.003289,0.178,0.0356,0.038889,6.46,1.0113254167011245,1968->1955->1807->1789->1806->1781->1779->1774->1771->1780->1778->1766->1764->1763->1740->1736->1735->1731->1718->1713->1707->1693->1681->1677->1687->1672->1665->1673->1664->1655->1649->1643->1637->1628->1610->1587->1579->1552->1550->1548->1530->1537->1525->1492->1490->1488->1495->1479->1486->1471->1465->1460->1430->1423->1406->1401->1391->1384->1386->1380->1374->1373->1369->1359->1355->1344->1311->1301->1310->1298->1290->1281->1274->1270->1279->1262->1257->1254->1252->1219->1206->1212->1203->1194->1197->1183->1177->1170->1153->1152->1149->1142->1134->1130->1125->1117->1113->1129->1111->1099->1089->1075->1069->1065->1064->1063->1051->1055->1042->1039->1050->1037->1036->1027->1006->988->981->969->929->924->917->912->907->904->903->896->892->905->888->885->878->877->874->865->861->857->856->851->818->813->810->805->786->762->776->757->755->725->715->711->708->723->705->696->691->697->689->687->681->674->667->659->657->636->609->599->592->588->576->574->586->568->575->581->560->549->547->545->543->540->538->561->532->542->534->539->526->524->522->508->501->476->469->463->450->436->430->408->393->387->690->680->663->677->688->375->371->362->646->638->373->356->350->365->348->346->344->334->558->314->493->289->284->266->262->259->254->235->457->206->209->201->198->196->193->190->183->178->174->168->164->333->326->318->301->292->278->155->169->175->162->163->130->90->83->97->99->93->273->74->66->101->159->157->188->200->249->252->221->17->4->8->15->24->19->28->22->30->34->54->53->89->49->85->100->119->114->122->123->125->133->134->181->191->184->189->216->187->177->167->158->173->185->197->204->202->260->265->263->275->288->290->293->306->317->358->363->379->384->394->407->396->397->401->406->398->403->413->440->449->455->460->468->462->471->482->495->497->517->518->536->537->546->551->553->554->555->562->569->570->573->593->600->602->615->628->637->642->658->668->694->700->713->721->734->745->748->749->753->763->765->764->766->783->784->791->815->816->822->821->826->830->839->854->842->849->852->860->864->876->866->867->870->880->882->887->893->894->910->933->944->946->948->976->978->985->991->995->1017->1024->1031->1071->1077->1079->1091->1100->1110->1120->1122->1139->1167->1168->1181->1175->1178->1192->1204->1180->1182->1184->1193->1205->1210->1223->1229->1230->1241->1232->1237->1242->1244->1251->1269->1275->1278->1296->1322->1330->1348->1364->1353->1358->1361->1362->1368->1379->1382->1387->1390->1403->1417->1434->1428->1453->1462->1463->1481->1497->1500->1502->1503->1508->1510->1512->1531->1522->1518->1528->1540->1542->1554->1555->1568->1576->1582->1583->1594->1586->1588->1590->1600->1618->1593->1601->1595->1607->1616->1620->1630->1633->1641->1680->1688->1719->1739->1751->1982,1982->2000
N2000_C9_I1,2000,6198,100,2979,46,1968,2000,0.9,0.5,15.0,0.9,792093.444,1982,514,1982_S001,near,0.26460000000000033,0.00162,0.003289,0.178,0.0356,0.038889,6.46,1.0075925566212443,1968->1955->1902->1900->1894->1893->1882->1872->1864->1869->1863->1860->1841->1840->1832->1827->1826->1814->1813->1807->1789->1788->1806->1781->1779->1774->1771->1780->1778->1766->1764->1740->1736->1735->1731->1718->1713->1707->1693->1681->1677->1672->1665->1664->1655->1649->1643->1637->1628->1610->1587->1579->1552->1550->1548->1547->1530->1537->1525->1492->1490->1488->1495->1479->1486->1471->1465->1460->1430->1423->1401->1391->1384->1380->1374->1373->1369->1359->1355->1344->1311->1301->1310->1298->1290->1281->1274->1270->1279->1262->1257->1254->1252->1219->1206->1212->1203->1194->1197->1183->1177->1170->1153->1152->1149->1142->1134->1130->1125->1117->1113->1129->1111->1099->1089->1075->1069->1065->1064->1063->1051->1042->1039->1050->1037->1036->1027->1006->988->981->969->929->924->917->912->904->903->896->892->905->888->885->878->877->874->865->857->856->851->813->810->805->786->762->776->761->757->755->741->725->715->711->708->723->705->696->691->697->689->687->681->674->667->659->657->636->609->599->592->588->576->574->586->568->575->564->560->549->547->545->543->540->566->561->532->542->534->539->526->525->527->519->508->501->476->469->463->450->436->430->408->712->706->393->387->381->372->663->677->660->646->638->644->373->626->348->346->344->334->337->331->329->324->321->309->298->500->284->266->487->485->479->475->458->464->456->457->206->209->201->198->196->392->193->190->183->178->370->380->339->338->164->163->130->90->83->97->99->283->40->66->101->182->9->10->11->4->8->12->24->19->28->22->30->34->54->53->89->49->85->100->119->114->122->123->125->133->134->181->143->146->216->187->177->167->158->173->185->192->204->202->260->263->275->288->290->293->297->306->317->358->363->379->384->394->407->396->397->401->406->398->403->413->440->449->455->460->461->462->471->482->497->517->518->536->537->546->551->553->555->562->569->570->573->593->600->602->615->628->637->642->658->668->694->700->713->721->734->745->748->749->753->763->764->766->783->784->791->815->816->821->826->830->839->842->849->852->860->864->866->867->870->880->882->887->893->894->910->933->944->946->948->976->978->985->991->995->1011->1017->1024->1031->1071->1077->1079->1091->1100->1110->1120->1122->1139->1167->1168->1181->1175->1178->1192->1204->1182->1184->1193->1205->1210->1223->1229->1230->1241->1232->1237->1242->1244->1251->1269->1275->1278->1296->1322->1330->1348->1364->1353->1358->1361->1362->1368->1385->1379->1382->1387->1390->1403->1417->1434->1428->1453->1462->1463->1481->1497->1500->1502->1503->1508->1510->1512->1531->1522->1518->1528->1540->1542->1554->1555->1568->1576->1582->1583->1594->1586->1590->1600->1618->1593->1601->1595->1607->1616->1620->1630->1633->1641->1680->1688->1719->1739->1751->1982,1982->2000
N2055_C10_I1,2055,5299,103,3055,10,1824,283,0.9,0.5,20.5,0.9,674822.201,62,209,62_S001,near,0.2077,0.001962,0.005141,0.4142,0.0828,0.08794099999999999,19.4,1.1206679331046592,1824->1969->193->2023->2008->2006->1233->157->2001->253->1232->1245->342->75->259->1847->1995->38->496->495->2031->299->1096->865->866->2010->1979->1090->2009->206->207->540->468->208->1873->1997->1874->1258->893->1266->892->1711->1875->891->1277->1273->1275->1270->1269->427->65->1313->637->1311->2013->1961->1172->1170->1962->636->802->803->804->1112->1087->800->168->1679->6->5->62,62->283
N2055_C1_I1,2055,5299,103,3055,40,1824,283,0.9,0.5,20.5,0.9,682177.402,487,476,487_S001,near,0.2693999999999999,0.001421,0.00237,0.0655,0.0131,0.015470000000000001,19.66,1.0460418619809873,1824->1969->1732->428->2004->2003->2000->27->2001->253->1232->1245->342->75->259->1847->1995->1846->567->1205->840->1212->839->1207->22->1220->23->932->931->2032->212->24->1134->1138->1132->1135->1130->1131->1153->1227->479->652->1292->533->663->1997->1740->1083->1373->1203->1204->1863->1993->1742->2015->1082->426->926->1185->2014->1576->1575->1177->427->65->1313->1314->1312->2022->2013->1961->1172->1170->1962->636->485->1645->90->799->101->1646->1422->1514->1648->1649->168->1679->6->5->1365->1675->1676->915->487,487->283
N2055_C2_I1,2055,5983,103,3055,40,1824,283,0.9,0.5,20.5,0.9,56518.358,487,476,487_S001,near,0.19560000000000005,0.00145,0.002399,0.0655,0.0131,0.015499,19.66,13.443646000000003,1824->1969->193->2023->453->156->1244->1980->1986->1798->1210->1115->1202->1116->1117->2018->500->1754->260->1988->928->899->52->683->53->1251->18->1151->194->1977->40->1904->2025->227->2011->270->1905->136->1775->526->213->1956->471->1955->129->655->1954->1811->2027->2026->798->1663->1940->1664->1978->49->1107->1674->82->489->488->487,487->283
N2055_C3_I1,2055,5503,205,6078,40,1824,283,0.9,0.5,20.5,0.9,690734.868,5,233,5_S001,near,0.2099000000000001,0.001969,0.005123,0.4099,0.082,0.087123,12.36,1.052368984689536,1824->1969->193->2023->2008->2006->1233->157->155->1820->1972->497->496->495->2031->1749->962->1984->961->1750->2019->609->2010->1979->1090->2009->206->207->540->468->208->1873->1997->1740->1083->1373->1203->1204->1863->1993->1742->2015->1082->426->926->1185->2014->1576->1575->1177->427->65->1313->637->1311->2013->1961->1172->1170->1962->636->802->803->804->1112->1087->800->168->1679->6->5,5->283
N2055_C4_I1,2055,5299,103,3055,93,1824,283,0.9,1.0,20.5,0.9,637731.967,62,209,62_S001,near,0.20930000000000007,0.00163,0.003485,0.4142,0.0828,0.086285,10.05,0.7940688967062117,1824->1969->193->2023->2008->2006->1233->157->155->1820->1972->497->496->495->2031->1749->962->1984->1756->2010->1979->1090->2009->206->207->540->468->208->1873->1997->1740->1083->1373->1203->2015->1082->426->926->1185->2014->1177->1575->1779->1176->492->1084->484->1079->1078->1647->852->851->850->1525->1542->1497->1646->1422->1514->1648->1649->168->1679->6->5->62,62->283
N2055_C5_I1,2055,5299,103,3055,40,1824,283,0.9,0.5,20.5,0.9,702800.807,62,209,62_S001,near,0.23460000000000006,0.001962,0.005141,0.4142,0.0828,0.08794099999999999,9.82,0.9938324440652149,1824->1969->193->2023->2008->2006->1233->157->2001->253->1232->1245->342->153->156->1244->1980->352->1996->1201->950->564->836->835->919->2035->2021->248->2037->2043->1158->223->1157->1156->633->1421->909->660->659->658->657->1851->1877->1975->1821->14->1295->1297->637->1311->2013->1961->1172->1170->1171->1168->1166->1169->1099->2040->1100->636->485->1645->90->799->1085->800->168->1679->6->5->62,62->283
N2055_C6_I1,2055,5299,103,3055,40,1824,283,0.9,0.5,20.5,0.9,635115.467,915,441,915_S001,near,0.48460000000000003,0.001625,0.003412,0.1965,0.0393,0.042712,9.09,0.9089651040454181,1824->1969->193->2023->2008->2006->1233->157->2001->253->1232->1245->342->75->259->1847->1995->1846->567->1971->894->934->895->838->837->950->564->834->901->900->224->37->2044->2043->1158->223->1157->923->633->1421->909->660->659->658->657->1276->1274->1269->427->65->1313->1314->1312->2022->1173->1171->1168->1166->1169->1099->2040->1100->636->802->803->1300->1301->804->1112->1087->800->168->1679->6->5->1365->915,915->283
N2055_C7_I1,2055,5299,103,3055,40,1824,283,0.9,0.5,20.5,0.9,681495.231,487,476,487_S001,near,0.2693999999999999,0.001421,0.00237,0.0655,0.0131,0.015470000000000001,19.66,1.0460418619809873,1824->1969->1732->428->2004->2003->2000->27->2001->253->1232->1245->342->75->259->1847->1995->1846->567->1205->840->1212->839->1207->22->1220->23->932->931->2032->212->24->1134->1138->1132->1135->1130->1131->1153->1227->479->652->1292->533->663->1997->1740->1083->1373->1203->1204->1863->1993->1742->2015->1082->426->926->1185->2014->1576->1575->1177->427->65->1313->1314->1312->2022->2013->1961->1172->1170->1962->636->485->1645->90->799->101->1646->1422->1514->1648->1649->168->1679->6->5->1365->1675->1676->915->487,487->283
N2055_C8_I1,2055,5299,103,3055,40,1824,283,0.1,0.5,20.5,0.1,681552.317,487,476,487_S001,near,0.2693999999999999,0.001421,0.00237,0.0655,0.0131,0.015470000000000001,19.66,1.0460418619809873,1824->1969->1732->428->2004->2003->2000->27->2001->253->1232->1245->342->75->259->1847->1995->1846->567->1205->840->1212->839->1207->22->1220->23->932->931->2032->212->24->1134->1138->1132->1135->1130->1131->1153->1227->479->652->1292->533->663->1997->1740->1083->1373->1203->1204->1863->1993->1742->2015->1082->426->926->1185->2014->1576->1575->1177->427->65->1313->1314->1312->2022->2013->1961->1172->1170->1962->636->485->1645->90->799->101->1646->1422->1514->1648->1649->168->1679->6->5->1365->1675->1676->915->487,487->283
N2055_C9_I1,2055,5299,103,3055,19,1824,283,0.9,0.5,15.0,0.9,688286.049,915,441,915_S001,near,0.19790000000000008,0.001625,0.003412,0.1965,0.0393,0.042712,9.09,0.8716493147423404,1824->1969->193->2023->2008->2006->1233->157->2001->253->1232->1245->342->153->156->1244->1980->1986->2055->1910->343->1911->1800->344->959->1717->1243->1371->1909->897->500->2018->1988->928->929->1239->898->1240->899->52->683->53->1251->18->1151->86->160->161->162->163->478->83->235->477->1586->925->205->476->1620->2053->1852->1643->127->1879->764->501->1938->1958->1771->1957->1937->526->213->1956->471->1593->766->656->1985->1600->1810->2027->1808->1253->772->1377->1374->125->1427->60->1967->801->1723->1724->1728->151->1673->489->82->1674->1675->1365->915,915->283
N2055_PS_edge_density_baseline_5385_I1,2055,5299,103,3055,40,1824,283,0.9,0.5,20.5,0.9,70815.423,487,476,487_S001,near,0.2662999999999999,0.00145,0.002399,0.0655,0.0131,0.015499,19.66,17.261445999999996,1824->1969->1732->428->2004->2003->2000->27->2001->253->1232->1245->342->75->259->1847->1995->1846->567->1205->840->1212->839->1207->22->1220->23->1126->932->931->2032->212->24->1134->1138->1132->1135->1130->1131->1153->1227->479->652->1292->533->663->1997->1740->1083->1373->1203->1204->1863->1993->1742->2015->1082->426->926->1185->2014->1576->1575->1177->427->65->1313->1314->1312->2022->2013->1961->1172->1170->1962->636->485->1645->90->799->101->1646->1422->1514->1648->1649->168->1679->6->5->1365->915->487,487->283
N2055_PS_edge_density_dense_6069_I1,2055,5983,103,3055,40,1824,283,0.9,0.5,20.5,0.9,127032.989,62,209,62_S001,near,0.1938,0.001994,0.005173,0.4142,0.0828,0.087973,9.83,16.306418,1824->1969->193->2023->453->156->1244->1980->352->1996->348->1988->2018->167->1151->194->1977->1730->1887->2011->270->1905->136->781->1928->1929->490->1828->1831->1830->1829->1641->132->1806->1991->804->1112->1087->800->168->1679->6->5->62,62->283
N2055_PS_edge_density_denser_6753_I1,2055,6667,103,3055,40,1824,283,0.9,0.5,20.5,0.9,165929.947,62,209,62_S001,near,0.19320000000000004,0.001994,0.005173,0.4142,0.0828,0.087973,9.83,16.274018000000005,1824->1969->193->2023->453->156->1244->1201->950->2046->2033->247->1163->924->477->1586->925->1588->913->1587->890->1975->1821->14->1295->1297->637->1313->1314->1312->1640->1497->1646->1422->1514->6->5->62,62->283
N2055_PS_edge_density_densest_7437_I1,2055,7351,103,3055,40,1824,283,0.9,0.5,20.5,0.9,74871.864,487,476,487_S001,near,0.18490000000000006,0.00145,0.002399,0.0655,0.0131,0.015499,19.66,12.865846000000003,1824->1969->193->2023->2008->2006->1233->157->1844->1845->346->936->347->167->1151->1148->1766->32->654->1487->1584->120->1585->1582->1444->1641->1829->1100->2040->1099->1514->1648->1649->1466->216->1673->489->488->487,487->283
N2055_PS_parking_budget_Cmax100_I1,2055,5299,103,3055,10,1824,283,0.9,0.5,10.0,0.9,80389.585,62,209,62_S001,near,0.2077,0.001994,0.005173,0.4142,0.0828,0.087973,9.83,17.057018000000003,1824->1969->193->2023->2008->2006->1233->157->2001->253->1232->1245->342->75->259->1847->1995->38->496->495->2031->299->1096->865->866->2010->1979->1090->2009->206->207->540->468->208->1873->1997->1874->1258->893->1266->892->1711->1875->891->1277->1273->1275->1270->1269->427->65->1313->637->1311->2013->1961->1172->1170->1962->636->802->803->804->1112->1087->800->168->1679->6->5->62,62->283
N2055_PS_parking_budget_Cmax150_I1,2055,5299,103,3055,19,1824,283,0.9,0.5,15.0,0.9,93424.977,915,441,915_S001,near,0.19790000000000008,0.001623,0.003411,0.1965,0.0393,0.042711,9.08,13.988636000000003,1824->1969->193->2023->2008->2006->1233->157->2001->253->1232->1245->342->153->156->1244->1980->1986->2055->1910->343->1911->1800->344->959->1717->1243->1371->1909->897->500->2018->1988->928->929->1239->898->1240->899->52->683->53->1251->18->1151->86->160->161->162->163->478->83->235->477->1586->925->205->476->1620->2053->1852->1643->127->1879->764->501->1938->1958->1771->1957->1937->526->213->1956->471->1593->766->656->1985->1600->1810->2027->1808->1253->772->1377->1374->125->1427->60->1967->801->1723->1724->1728->151->1673->489->82->1674->1675->1365->915,915->283
N2055_PS_parking_budget_Cmax205_I1,2055,5299,103,3055,40,1824,283,0.9,0.5,20.5,0.9,70835.457,487,476,487_S001,near,0.2662999999999999,0.00145,0.002399,0.0655,0.0131,0.015499,19.66,17.261445999999996,1824->1969->1732->428->2004->2003->2000->27->2001->253->1232->1245->342->75->259->1847->1995->1846->567->1205->840->1212->839->1207->22->1220->23->1126->932->931->2032->212->24->1134->1138->1132->1135->1130->1131->1153->1227->479->652->1292->533->663->1997->1740->1083->1373->1203->1204->1863->1993->1742->2015->1082->426->926->1185->2014->1576->1575->1177->427->65->1313->1314->1312->2022->2013->1961->1172->1170->1962->636->485->1645->90->799->101->1646->1422->1514->1648->1649->168->1679->6->5->1365->915->487,487->283
N2055_PS_parking_budget_Cmax250_I1,2055,5299,103,3055,46,1824,283,0.9,0.5,25.0,0.9,54761.034,487,476,487_S001,near,0.2569,0.00145,0.002399,0.0655,0.0131,0.015499,19.66,16.753846,1824->1969->2024->644->642->641->640->639->638->2023->2008->2006->1233->157->155->1820->1972->684->450->498->57->41->446->727->449->745->742->739->623->2039->1758->1984->1756->2010->1979->1090->2009->206->207->540->468->208->1873->1997->1740->1083->1373->1203->1204->1863->1993->1742->2015->1082->426->926->1185->2014->1576->494->917->493->1077->1078->1647->852->851->850->1525->1542->1497->1646->101->799->1085->800->168->1679->6->5->1365->915->487,487->283
N2055_PS_parking_cost_100_225_I1,2055,5299,103,3055,27,1824,283,0.9,0.5,20.5,0.9,85775.812,1678,158,1678_S001,near,0.2216000000000001,0.00201,0.005215,0.418,0.0836,0.08881499999999999,14.46,18.316950000000006,1824->1969->193->2023->2008->2006->1233->157->2001->253->1232->1245->342->75->259->1847->1995->38->496->495->2031->1749->962->1984->1756->2010->1979->1090->2009->206->207->540->468->208->1873->1997->1874->1258->893->1310->926->1185->1179->1254->494->917->493->483->1084->484->1079->1078->1647->852->851->850->1525->1542->1497->1646->1422->1514->1648->1649->168->1679->1505->1508->1678,1678->283
N2055_PS_parking_cost_125_250_I1,2055,5299,103,3055,17,1824,283,0.9,0.5,20.5,0.9,81506.705,62,209,62_S001,near,0.20519999999999997,0.001994,0.005173,0.4142,0.0828,0.087973,15.2,17.459017999999997,1824->1969->193->2023->2008->2006->1233->157->155->1820->1972->497->496->495->2031->1749->962->1984->1756->2010->1979->1090->2009->206->207->540->468->208->1083->1373->1203->2015->1082->426->926->1185->2014->1576->494->917->493->483->1084->484->1081->1302->853->1280->852->851->850->1285->1640->1644->799->1085->800->168->1679->6->5->62,62->283
N2055_PS_parking_cost_150_300_I1,2055,5299,103,3055,10,1824,283,0.9,0.5,20.5,0.9,80617.658,62,209,62_S001,near,0.2077,0.001994,0.005173,0.4142,0.0828,0.087973,19.41,18.015018,1824->1969->193->2023->2008->2006->1233->157->2001->253->1232->1245->342->75->259->1847->1995->38->496->495->2031->299->1096->865->866->2010->1979->1090->2009->206->207->540->468->208->1873->1997->1874->1258->893->1266->892->1711->1875->891->1277->1273->1275->1270->1269->427->65->1313->637->1311->2013->1961->1172->1170->1962->636->802->803->804->1112->1087->800->168->1679->6->5->62,62->283
N2055_PS_parking_cost_80_205_I1,2055,5299,103,3055,40,1824,283,0.9,0.5,20.5,0.9,70577.122,487,476,487_S001,near,0.2662999999999999,0.00145,0.002399,0.0655,0.0131,0.015499,19.66,17.261445999999996,1824->1969->1732->428->2004->2003->2000->27->2001->253->1232->1245->342->75->259->1847->1995->1846->567->1205->840->1212->839->1207->22->1220->23->1126->932->931->2032->212->24->1134->1138->1132->1135->1130->1131->1153->1227->479->652->1292->533->663->1997->1740->1083->1373->1203->1204->1863->1993->1742->2015->1082->426->926->1185->2014->1576->1575->1177->427->65->1313->1314->1312->2022->2013->1961->1172->1170->1962->636->485->1645->90->799->101->1646->1422->1514->1648->1649->168->1679->6->5->1365->915->487,487->283
N2055_PS_parking_supply_P10_I1,2055,5505,206,6224,40,1824,283,0.9,0.5,20.5,0.9,118775.964,915,441,915_S001,near,0.27669999999999995,0.001623,0.003411,0.1965,0.0393,0.042711,9.08,18.243835999999998,1824->1969->1732->428->2004->2003->2000->27->2001->155->1820->1972->497->496->38->1995->1844->1845->346->936->935->566->895->838->565->1236->932->931->2032->2036->2035->2021->248->2037->949->223->921->922->106->105->923->633->1421->909->660->911->658->657->1276->1277->1273->1275->1270->1267->1860->2014->1576->1575->1177->427->65->1313->1314->1312->2022->1173->1172->1170->1962->636->1100->2040->1099->1281->1282->1283->1284->1285->1640->1497->1646->101->799->1085->800->168->1679->6->5->1365->915,915->283
N2055_PS_parking_supply_P15_I1,2055,5709,308,9316,40,1824,283,0.9,0.5,20.5,0.9,74072.672,487,476,487_S001,near,0.2322,0.00145,0.002399,0.0655,0.0131,0.015499,19.66,15.420046,1824->1969->193->2023->2008->2006->1233->157->2001->155->1820->1972->265->154->253->1232->1245->342->75->259->1847->1995->1846->567->1971->1211->933->22->902->1237->1236->565->836->835->919->2035->2021->224->37->2044->1776->2051->1803->1152->107->1974->1861->1862->922->106->105->923->633->1163->91->1287->109->478->83->235->477->1586->925->1588->1487->1584->1878->890->1975->1821->14->1295->1294->239->1931->1930->1991->119->1301->1300->803->802->1086->1087->800->168->1679->6->5->1365->915->487,487->283
N2055_PS_parking_supply_P20_I1,2055,5915,411,12360,40,1824,283,0.9,0.5,20.5,0.9,111226.404,487,476,487_S001,near,0.2742,0.00145,0.002399,0.0655,0.0131,0.015499,19.66,17.688046,1824->1969->193->2023->2008->2006->454->597->596->595->594->592->685->451->450->498->496->495->2031->1749->962->1984->1756->2010->1979->1090->2009->206->207->540->468->863->864->530->534->282->533->908->909->660->911->891->1876->657->1851->1877->1975->1821->14->1295->1297->637->1311->2013->1961->1172->1170->1962->636->802->803->804->1112->1087->800->801->1723->1724->1726->1727->1489->1551->1728->151->1673->489->1714->914->488->487,487->283
N2055_PS_parking_supply_P5_I1,2055,5299,103,3144,40,1824,283,0.9,0.5,20.5,0.9,54560.751,487,476,487_S001,near,0.2456999999999999,0.00145,0.002399,0.0655,0.0131,0.015499,19.66,16.149045999999995,1824->1969->1732->428->2004->2003->2000->27->2001->253->1232->1245->342->75->259->1847->1995->1844->1845->346->903->935->566->895->838->565->836->564->834->901->2021->248->2037->949->948->1054->1156->633->1421->909->660->911->891->1277->1273->1275->1270->1269->427->65->1313->1314->1312->2022->1173->1172->1170->1962->636->485->1645->90->799->101->1646->1422->1514->1648->1649->168->1679->6->5->1365->915->487,487->283
N2055_PS_spot_availability_A10_I1,2055,5299,103,3055,40,1824,283,0.9,0.5,20.5,0.9,70478.993,487,476,487_S001,near,0.2662999999999999,0.00145,0.002399,0.0655,0.0131,0.015499,19.66,17.261445999999996,1824->1969->1732->428->2004->2003->2000->27->2001->253->1232->1245->342->75->259->1847->1995->1846->567->1205->840->1212->839->1207->22->1220->23->1126->932->931->2032->212->24->1134->1138->1132->1135->1130->1131->1153->1227->479->652->1292->533->663->1997->1740->1083->1373->1203->1204->1863->1993->1742->2015->1082->426->926->1185->2014->1576->1575->1177->427->65->1313->1314->1312->2022->2013->1961->1172->1170->1962->636->485->1645->90->799->101->1646->1422->1514->1648->1649->168->1679->6->5->1365->915->487,487->283
N2055_PS_spot_availability_A20_I1,2055,5299,103,3055,69,1824,283,0.9,0.5,20.5,0.9,65653.35,915,441,915_S001,near,0.22820000000000001,0.001623,0.003411,0.1965,0.0393,0.042711,9.08,15.624836000000002,1824->1969->193->2023->2008->2006->1233->157->2001->253->1232->1245->342->75->259->1847->1995->38->496->495->2031->1749->962->1984->1756->2010->1979->1090->2009->206->207->540->468->208->1873->1997->1740->1083->1373->1203->1204->1863->1993->1742->2015->1082->426->926->1185->2014->1860->1267->1270->1269->427->65->1313->1314->1312->2022->2013->1961->1172->1170->1962->636->485->1645->90->799->101->1646->1422->1514->1648->1649->168->1679->6->5->1365->915,915->283
N2055_PS_spot_availability_A30_I1,2055,5299,103,3055,94,1824,283,0.9,0.5,20.5,0.9,86085.502,1678,158,1678_S001,near,0.2271,0.00201,0.005215,0.418,0.0836,0.08881499999999999,12.03,18.37095,1824->1969->193->2023->2008->2006->454->597->596->594->592->685->451->450->498->496->495->2031->1749->962->1984->1756->2010->1979->1090->2009->206->207->540->468->208->1873->1997->1740->1083->1373->1203->2015->1082->426->926->1185->2014->1177->427->65->1313->1314->1312->2022->1173->1172->1170->1962->636->802->1086->1087->800->168->1679->1505->1508->1678,1678->283
N2055_PS_spot_availability_A40_I1,2055,5299,103,3055,108,1824,283,0.9,0.5,20.5,0.9,92393.092,1678,158,1678_S001,near,0.22340000000000004,0.00201,0.005215,0.418,0.0836,0.08881499999999999,12.03,18.17115,1824->1969->193->2023->2008->2006->454->597->596->594->592->685->451->450->498->496->495->2031->1749->962->1984->1756->2010->1979->1090->2009->206->207->540->468->208->1873->1997->1740->1083->1373->1203->2015->1082->426->926->1185->2014->1177->427->65->1313->1314->1312->2022->1173->1171->1168->1166->1169->1099->2040->1100->636->802->1086->1087->800->168->1679->1505->1508->1678,1678->283
N2055_PS_spots_per_lot_S1020_I1,2055,5299,103,1834,22,1824,283,0.9,0.5,20.5,0.9,49575.626,487,311,487_S001,near,0.21650000000000003,0.001,0.0018,0.0655,0.0131,0.0149,19.08,14.457600000000001,1824->1969->193->2023->2008->2006->1233->157->2001->155->1820->1972->497->496->495->2031->1749->962->1984->1756->2010->1979->1090->2009->206->207->540->468->208->1873->1997->1874->1258->893->1310->926->1185->2014->1576->494->917->493->483->1084->484->1081->1302->853->1280->1164->1174->1165->1286->1281->1099->2040->1100->636->802->803->804->1112->1087->800->168->1679->6->5->1365->915->487,487->283
N2055_PS_spots_per_lot_S2040_I1,2055,5299,103,3666,29,1824,283,0.9,0.5,20.5,0.9,73974.311,487,618,487_S001,near,0.2177,0.001,0.0018,0.0655,0.0131,0.0149,19.08,14.5224,1824->1969->193->2023->2008->2006->1233->157->155->1820->1972->497->496->495->2031->1749->962->1984->1756->2010->1979->1090->2009->206->207->540->468->208->1083->1373->1203->2015->228->1744->1082->426->926->1185->2014->1576->494->917->1779->1176->492->1084->484->1081->1302->853->1280->1164->1174->1165->1286->1281->1099->2040->1100->636->802->1086->1087->800->168->1679->6->5->1365->1675->1676->915->487,487->283
N2055_PS_spots_per_lot_S4060_I1,2055,5299,103,5494,35,1824,283,0.9,0.5,20.5,0.9,94249.464,62,440,62_S003,near,0.225,0.001665,0.005506,0.4142,0.0828,0.088306,9.17,17.925434000000003,1824->1969->2024->644->643->642->641->640->639->638->2023->2008->2006->1233->157->155->1820->1972->684->450->498->496->495->2031->1749->962->1984->1756->2010->1979->1090->2009->206->207->540->468->208->1083->1373->1203->2015->1082->426->926->1185->2014->1576->494->917->1779->1176->492->1084->484->1081->1302->853->1280->1164->1174->1165->1286->1281->1099->2040->1100->636->485->1645->90->799->1085->800->168->1679->6->5->62,62->283
N2055_PS_spots_per_lot_S6080_I1,2055,5299,103,7328,40,1824,283,0.9,0.5,20.5,0.9,68494.192,62,588,62_S003,near,0.21800000000000008,0.001665,0.005506,0.4142,0.0828,0.088306,9.17,17.547434000000003,1824->1969->193->2023->2008->2006->1233->157->155->1820->1972->684->450->498->496->495->2031->1749->962->1984->1756->2010->1979->1090->2009->206->207->540->468->208->1873->1997->1740->1083->1373->1203->2015->1082->426->926->1185->2014->1177->1575->1779->1176->492->1084->484->1079->1078->1647->852->851->850->1525->1542->1497->1646->1422->1514->1648->1649->168->1679->6->5->62,62->283
N2055_PS_traffic_high_I1,2055,5299,103,3055,40,1824,283,0.9,0.5,20.5,0.9,60125.846,62,209,62_S001,near,0.6298000000000002,0.001994,0.005173,0.4142,0.0828,0.087973,9.83,39.85041800000001,1824->1969->193->2023->2008->2006->1233->157->155->1820->1972->497->496->495->2031->1749->962->1984->1756->2010->1979->1090->2009->206->207->540->468->208->1083->1373->1203->2015->1082->426->926->1185->1179->1576->494->917->493->483->1084->484->1081->854->853->1280->1164->1174->1165->1286->1281->1099->2040->1100->636->485->1645->90->799->1085->800->168->1679->6->5->62,62->283
N2055_PS_traffic_low_I1,2055,5299,103,3055,40,1824,283,0.9,0.5,20.5,0.9,66483.435,487,476,487_S001,near,0.2662999999999999,0.00145,0.002399,0.0655,0.0131,0.015499,19.66,17.261445999999996,1824->1969->1732->428->2004->2003->2000->27->2001->253->1232->1245->342->75->259->1847->1995->1846->567->1205->840->1212->839->1207->22->1220->23->1126->932->931->2032->212->24->1134->1138->1132->1135->1130->1131->1153->1227->479->652->1292->533->663->1997->1740->1083->1373->1203->1204->1863->1993->1742->2015->1082->426->926->1185->2014->1576->1575->1177->427->65->1313->1314->1312->2022->2013->1961->1172->1170->1962->636->485->1645->90->799->101->1646->1422->1514->1648->1649->168->1679->6->5->1365->915->487,487->283
N2055_PS_traffic_medium_I1,2055,5299,103,3055,40,1824,283,0.9,0.5,20.5,0.9,57276.3,62,209,62_S001,near,0.36220000000000024,0.001994,0.005173,0.4142,0.0828,0.087973,9.83,25.400018000000014,1824->1969->1732->428->2004->2003->2000->27->2001->155->1820->1972->497->496->495->2031->1749->962->1984->1756->2010->1979->1090->2009->206->207->540->468->208->1873->1997->1740->1083->1373->1203->2015->1082->426->926->1185->2014->1576->1575->1779->917->493->483->1084->484->1081->854->1175->2012->2022->1173->1171->1168->1166->1169->1099->2040->1100->636->485->1645->90->799->101->1646->1422->1514->1648->1649->168->1679->6->5->62,62->283
N2055_PS_traffic_very_low_I1,2055,5299,103,3055,40,1824,283,0.9,0.5,20.5,0.9,57508.357,5,233,5_S001,near,0.18030000000000002,0.002042,0.005196,0.4099,0.082,0.08719600000000001,12.34,15.789052000000002,1824->1969->193->2023->2008->2006->1233->157->155->1820->1972->497->496->495->2031->1749->962->1984->961->1750->2019->609->2010->1979->1090->2009->206->207->540->468->208->1873->1997->1740->1083->1373->1203->2015->1082->426->926->1185->2014->1177->427->65->1313->1314->1312->2022->1173->1171->1170->1962->636->485->1645->90->799->1085->800->168->1679->6->5,5->283
N2055_PS_walking_distance_W025_I1,2055,5299,103,3055,11,1824,283,0.9,0.25,20.5,0.9,61604.249,487,476,487_S001,near,0.2459,0.00145,0.002399,0.0655,0.0131,0.015499,19.66,16.159846,1824->1969->193->2023->2008->2006->454->597->596->595->594->592->685->451->450->498->496->495->2031->1749->962->1984->1756->2010->1979->1090->2009->206->207->540->468->208->1873->1997->1740->1083->1373->1203->1204->1863->1993->1742->2015->1082->426->926->1185->2014->1576->1575->1177->427->65->1313->1314->1312->2022->2013->1961->1172->1170->1962->636->485->1645->90->799->101->1646->1422->1514->1648->1649->168->1679->6->5->1365->915->487,487->283
N2055_PS_walking_distance_W050_I1,2055,5299,103,3055,40,1824,283,0.9,0.5,20.5,0.9,71740.154,487,476,487_S001,near,0.2662999999999999,0.00145,0.002399,0.0655,0.0131,0.015499,19.66,17.261445999999996,1824->1969->1732->428->2004->2003->2000->27->2001->253->1232->1245->342->75->259->1847->1995->1846->567->1205->840->1212->839->1207->22->1220->23->1126->932->931->2032->212->24->1134->1138->1132->1135->1130->1131->1153->1227->479->652->1292->533->663->1997->1740->1083->1373->1203->1204->1863->1993->1742->2015->1082->426->926->1185->2014->1576->1575->1177->427->65->1313->1314->1312->2022->2013->1961->1172->1170->1962->636->485->1645->90->799->101->1646->1422->1514->1648->1649->168->1679->6->5->1365->915->487,487->283
N2055_PS_walking_distance_W075_I1,2055,5299,103,3055,54,1824,283,0.9,0.75,20.5,0.9,72034.975,487,476,487_S001,near,0.22600000000000003,0.00145,0.002399,0.0655,0.0131,0.015499,19.66,15.085246000000003,1824->1969->193->2023->2008->2006->1233->157->155->1820->1972->497->496->495->2031->1749->962->1984->1756->2010->1979->1090->2009->206->207->540->468->208->1083->1373->1203->1204->1863->1993->1742->2015->1082->426->926->1185->2014->1576->1575->1177->427->65->1313->1314->1312->2022->2013->1961->1172->1170->1962->636->485->1645->90->799->101->1646->1422->1514->1648->1649->168->1679->6->5->1365->1675->1676->915->487,487->283
N2055_PS_walking_distance_W100_I1,2055,5299,103,3055,96,1824,283,0.9,1.0,20.5,0.9,52586.926,62,209,62_S001,near,0.21760000000000007,0.001994,0.005173,0.4142,0.0828,0.087973,9.83,17.591618000000008,1824->1969->193->2023->2008->2006->1233->157->155->1820->1972->497->496->495->2031->299->1096->865->866->2010->1979->1090->2009->206->207->540->468->208->1873->1997->1740->1083->1373->1203->2015->1082->426->926->1185->1179->1254->494->917->493->1077->1078->1647->852->851->850->1525->1542->1497->1646->1422->1514->1648->1649->168->1679->6->5->62,62->283
N20_C10_I1,20,62,2,68,3,1,20,0.9,0.5,20.5,0.9,1384.83,18,35,18_S001,near,0.0205,0.001925,0.004695,0.35,0.07,0.07469500000000001,14.86,0.9692688124196643,1->5->6->10->11->15->18,18->20
N20_C1_I1,20,62,2,68,6,1,20,0.9,0.5,20.5,0.9,132.211,19,1,19_S001,near,0.0251,0.001559,0.002857,0.12,0.024,0.026857,17.77,4.6668639999999995,1->5->6->10->11->15->18->19,19->20
N20_C2_I1,20,68,2,68,6,1,20,0.9,0.5,20.5,0.9,1470.193,19,1,19_S001,near,0.023,0.001494,0.002792,0.12,0.024,0.026792,17.8,0.5585828898363939,1->5->6->10->13->19,19->20
N20_C3_I1,20,62,2,68,6,1,20,0.9,0.5,20.5,0.9,1191.859,19,1,19_S001,near,0.0251,0.001494,0.002792,0.12,0.024,0.026792,17.8,0.5774104039072213,1->5->6->10->11->15->18->19,19->20
N20_C4_I1,20,62,2,68,6,1,20,0.9,1.0,20.5,0.9,1772.673,19,1,19_S001,near,0.0251,0.001398,0.002312,0.12,0.024,0.026312000000000002,17.87,0.5825592793676262,1->5->6->10->11->15->18->19,19->20
N20_C5_I1,20,62,2,68,6,1,20,0.9,0.5,20.5,0.9,1844.873,19,1,19_S001,near,0.0367,0.001494,0.002792,0.12,0.024,0.026792,17.8,0.6271921983960542,1->5->6->10->11->15->18->19,19->20
N20_C6_I1,20,62,2,68,6,1,20,0.9,0.5,20.5,0.9,1398.696,19,1,19_S001,near,0.07740000000000001,0.001494,0.002792,0.12,0.024,0.026792,17.8,0.7753619845281827,1->5->9->10->11->15->18->19,19->20
N20_C7_I1,20,62,2,68,6,1,20,0.9,0.5,20.5,0.9,1381.725,19,1,19_S001,near,0.0251,0.001494,0.002792,0.12,0.024,0.026792,17.8,0.5774104039072213,1->5->6->10->11->15->18->19,19->20
N20_C8_I1,20,62,2,68,6,1,20,0.1,0.5,20.5,0.1,1515.304,19,1,19_S001,near,0.0251,0.001494,0.002792,0.12,0.024,0.026792,17.8,0.5774104039072213,1->5->6->10->11->15->18->19,19->20
N20_C9_I1,20,62,2,68,3,1,20,0.9,0.5,15.0,0.9,1580.702,18,35,18_S001,near,0.0205,0.001925,0.004695,0.35,0.07,0.07469500000000001,7.35,0.9689897304468704,1->5->6->10->11->15->18,18->20
N2500_C10_I1,2500,7696,125,3732,24,2491,2500,0.9,0.5,20.5,0.9,1565198.781,2476,340,2476_S001,near,0.29940000000000067,0.001553,0.003145,0.1661,0.0332,0.036345,14.75,1.071819019840231,2491->2487->2341->2340->2332->2328->2326->2320->2317->2305->2311->2300->2282->2268->2263->2256->2252->2251->2247->2257->2240->2226->2237->2220->2235->2236->2218->2228->2211->2202->2187->2178->2156->2170->2155->2154->2130->2109->2098->2085->2072->2078->2082->2069->2046->2038->2033->2030->2044->2028->2017->2014->1968->1955->1902->1900->1894->1893->1882->1872->1864->1869->1863->1860->1841->1840->1832->1827->1826->1814->1813->1807->1789->1788->1781->1779->1774->1784->1780->1778->1767->1764->1740->1736->1735->1731->1718->1713->1707->1693->1681->1677->1672->1665->1664->1655->1649->1643->1637->1628->1625->1610->1587->1579->1552->1550->1548->1530->1537->1525->1492->1490->1488->1495->1479->1486->1471->1469->1465->1460->1430->1423->1401->1391->1384->1380->1374->1373->1369->1359->1355->1344->1311->1301->1310->1298->1290->1281->1274->1270->1279->1262->1257->1254->1234->1219->1206->1212->1203->1194->1197->1183->1177->1170->1153->1152->1149->1142->1134->1130->1125->1117->1113->1129->1111->1099->1089->1075->1069->1065->1064->1063->1051->1042->1039->1050->1037->1036->1027->1006->988->981->969->929->924->917->912->904->903->896->892->905->888->885->878->877->874->865->861->857->856->851->818->813->810->805->786->762->776->761->757->755->741->725->715->711->723->705->696->691->697->689->687->695->681->674->667->659->657->636->609->599->592->588->576->574->586->568->575->564->560->549->547->545->543->540->566->561->548->542->530->539->526->525->524->522->508->519->501->476->469->463->731->744->467->450->436->430->408->714->712->706->387->688->373->644->638->641->631->623->365->348->346->616->344->558->314->493->491->487->492->485->479->475->458->464->456->457->206->209->201->198->196->193->190->183->178->174->168->164->326->316->292->301->278->147->137->107->83->97->136->214->188->249->252->256->222->369->226->237->253->20->32->45->27->34->54->29->49->85->100->119->114->129->122->123->125->133->134->181->143->146->156->216->223->211->212->173->185->192->204->202->260->265->263->275->288->290->293->306->317->358->363->379->384->394->407->396->397->401->406->398->403->413->440->449->453->455->460->461->462->471->482->495->497->517->518->537->546->551->553->555->562->569->570->573->593->600->602->615->628->637->642->658->668->694->700->713->721->734->745->748->749->753->763->764->766->783->784->791->815->816->822->821->826->830->839->854->849->852->860->864->866->867->870->880->882->887->893->894->910->933->944->946->948->976->978->985->991->995->1017->1024->1031->1071->1077->1079->1091->1100->1110->1120->1116->1122->1139->1167->1168->1181->1175->1189->1191->1199->1204->1180->1182->1184->1193->1205->1210->1223->1229->1230->1241->1232->1237->1242->1244->1251->1269->1275->1278->1296->1322->1330->1348->1364->1353->1358->1361->1362->1368->1379->1381->1387->1390->1403->1417->1408->1426->1428->1453->1462->1463->1481->1497->1499->1500->1502->1503->1508->1510->1512->1521->1522->1531->1518->1528->1540->1542->1554->1555->1568->1576->1582->1583->1594->1586->1588->1599->1618->1593->1601->1595->1607->1616->1620->1633->1641->1680->1688->1719->1739->1751->1755->1757->1776->1777->1798->1782->1791->1785->1818->1821->1823->1824->1857->1859->1861->1871->1890->1907->1906->1940->1941->1951->1969->1980->1978->1982->1986->1987->1991->1992->2002->2005->2013->2047->2049->2065->2081->2096->2110->2063->2071->2074->2077->2079->2099->2108->2100->2116->2118->2121->2134->2137->2148->2158->2169->2159->2174->2181->2186->2196->2204->2208->2212->2217->2229->2461->2466->2476,2476->2500
N2500_C1_I1,2500,7696,125,3732,63,2491,2500,0.9,0.5,20.5,0.9,1043678.527,2476,340,2476_S001,near,0.31290000000000084,0.001603,0.003195,0.1661,0.0332,0.036395,6.66,19.614492000000048,2491->2341->2340->2332->2328->2326->2320->2317->2305->2300->2282->2268->2263->2256->2252->2251->2247->2244->2240->2226->2237->2220->2235->2236->2218->2228->2211->2202->2187->2178->2156->2183->2155->2154->2130->2109->2098->2085->2072->2078->2069->2046->2038->2033->2030->2044->2028->2014->1968->1955->1902->1895->1894->1893->1882->1872->1864->1869->1863->1860->1841->1840->1832->1827->1826->1814->1813->1807->1789->1806->1781->1779->1774->1784->1780->1778->1767->1764->1763->1740->1736->1735->1731->1718->1713->1707->1693->1689->1681->1677->1687->1672->1665->1664->1655->1649->1643->1637->1628->1610->1587->1579->1552->1550->1548->1530->1537->1525->1524->1492->1490->1488->1495->1479->1486->1471->1469->1465->1460->1430->1423->1401->1391->1384->1386->1380->1374->1373->1369->1359->1355->1344->1311->1301->1310->1298->1290->1281->1274->1270->1279->1262->1257->1254->1234->1219->1206->1212->1203->1194->1197->1177->1170->1153->1152->1149->1142->1134->1130->1125->1117->1113->1129->1111->1105->1099->1089->1075->1069->1065->1064->1063->1051->1055->1042->1039->1050->1037->1036->1027->1006->988->981->969->929->924->917->912->904->903->896->892->905->888->885->878->877->874->865->857->856->851->813->810->805->786->762->776->757->755->725->715->711->723->705->696->691->697->698->689->687->681->674->667->659->657->636->609->599->592->588->576->574->586->568->575->564->560->549->547->545->543->540->538->561->532->542->534->824->792->772->747->519->508->501->476->469->733->731->744->739->450->436->430->720->422->415->408->393->688->677->660->646->638->641->631->623->365->626->366->344->346->577->559->314->493->284->500->262->466->456->457->441->438->425->206->209->201->198->196->193->190->380->178->174->335->341->338->164->163->175->105->95->87->109->127->39->38->55->37->31->69->25->36->46->35->23->21->1->5->6->10->13->14->15->24->19->28->22->26->33->27->34->54->29->53->89->98->94->67->85->100->119->114->129->122->123->125->133->134->181->143->146->216->223->211->212->224->231->197->204->202->260->265->263->268->275->288->290->293->306->317->358->363->379->384->394->407->396->397->401->406->398->399->403->413->440->449->455->460->461->462->471->482->495->497->517->518->537->546->551->553->555->562->569->570->573->593->600->602->615->628->637->642->658->668->694->700->713->721->734->745->748->749->753->763->764->766->783->793->791->815->816->821->826->830->839->854->849->852->860->864->876->866->867->870->880->882->887->893->894->910->933->944->946->948->956->976->978->985->991->995->1017->1024->1031->1071->1077->1079->1091->1092->1100->1110->1120->1116->1122->1139->1167->1168->1181->1175->1178->1192->1204->1180->1182->1184->1193->1205->1210->1223->1229->1230->1241->1232->1237->1242->1244->1251->1269->1275->1278->1296->1322->1330->1348->1364->1353->1358->1361->1362->1368->1385->1379->1381->1387->1390->1403->1417->1434->1428->1453->1462->1463->1481->1497->1500->1502->1503->1508->1510->1512->1521->1531->1518->1528->1540->1542->1554->1555->1568->1576->1582->1583->1594->1586->1588->1599->1618->1593->1601->1604->1607->1616->1620->1633->1641->1680->1688->1719->1739->1751->1755->1757->1776->1777->1798->1782->1785->1818->1821->1823->1824->1857->1859->1861->1871->1875->1890->1907->1906->1940->1941->1951->1969->1980->1978->1982->1987->1991->1992->2001->2002->2005->2013->2047->2059->2063->2071->2074->2077->2079->2099->2100->2116->2118->2121->2134->2137->2148->2158->2169->2159->2174->2181->2186->2196->2204->2208->2212->2217->2229->2473->2461->2466->2476,2476->2500
N2500_C2_I1,2500,8528,125,3732,63,2491,2500,0.9,0.5,20.5,0.9,262912.898,2476,340,2476_S001,near,0.17720000000000002,0.001603,0.003195,0.1661,0.0332,0.036395,6.66,12.286692000000002,2491->2341->1895->1894->1893->1882->1872->1864->1869->1863->1860->1841->1840->1832->1827->1826->1814->1813->1807->1789->1788->1806->1781->1779->1774->1784->1780->1778->1767->1764->1763->1740->1736->1735->1731->1718->1369->1359->1355->1344->1311->1027->1036->1037->681->687->689->362->373->172->105->95->87->99->97->109->127->39->38->78->77->363->379->384->394->407->396->397->401->406->748->1092->1100->1110->1462->1463->1481->1497->1499->1821->1818->2186->2485->2476,2476->2500
N2500_C3_I1,2500,7892,223,6689,63,2491,2500,0.9,0.5,20.5,0.9,830094.5,2461,390,2461_S001,near,0.8727000000000003,0.001638,0.003419,0.1953,0.0391,0.042519,7.48,2.754344587994708,2491->2493->2341->2332->2328->2326->2320->2317->2300->2282->2268->2263->2256->2252->2251->2247->2257->2240->2226->2237->2220->2235->2236->2218->2214->2211->2202->2187->2178->2156->2183->2155->2154->2130->2109->2098->2085->2072->2082->2069->2046->2038->2033->2030->2044->2028->2014->1968->1955->1902->1895->1894->1893->1882->1872->1864->1869->1863->1860->1841->1840->1832->1827->1826->1814->1813->1807->1789->1788->1781->1779->1774->1784->1780->1778->1767->1764->1763->1740->1736->1735->1731->1718->1713->1707->1693->1681->1677->1687->1672->1665->1664->1655->1649->1643->1637->1628->1610->1587->1579->1552->1550->1548->1530->1537->1525->1492->1490->1488->1495->1479->1486->1471->1469->1465->1460->1430->1423->1401->1391->1384->1386->1380->1374->1373->1369->1359->1355->1344->1311->1301->1310->1298->1290->1281->1274->1270->1279->1262->1257->1254->1234->1219->1206->1228->1203->1194->1197->1183->1177->1170->1153->1152->1149->1142->1134->1130->1125->1117->1113->1129->1111->1099->1089->1075->1069->1065->1064->1063->1051->1042->1039->1050->1037->1036->1027->1006->988->981->969->929->924->917->912->904->903->896->892->905->888->885->878->877->874->865->861->857->856->851->813->810->805->786->762->761->757->755->725->715->711->708->705->696->691->697->698->689->687->681->674->667->659->657->636->609->599->592->588->576->574->586->568->575->564->560->549->547->545->543->540->538->561->532->542->534->792->772->747->519->501->476->469->463->731->744->739->727->726->430->408->393->688->373->361->626->365->348->346->594->331->521->520->514->516->509->493->491->487->492->500->262->259->254->235->233->232->230->229->217->228->210->206->209->201->198->409->404->392->390->383->385->380->178->174->335->338->164->163->162->155->108->51->52->57->80->65->116->215->182->248->253->20->26->33->27->34->54->29->49->67->94->121->85->100->119->114->122->123->125->133->134->181->143->146->156->187->195->211->212->173->185->197->204->202->260->263->275->288->290->293->306->317->358->363->379->384->394->407->396->397->401->406->398->403->413->440->449->455->460->468->471->482->497->517->518->537->546->551->553->554->555->562->569->570->573->593->600->602->615->628->637->642->658->668->694->700->713->721->734->745->748->749->753->763->764->766->783->793->791->815->816->821->826->830->839->842->849->852->860->864->866->867->870->880->882->889->887->893->894->910->933->944->946->948->976->978->985->991->995->1017->1024->1031->1071->1077->1079->1091->1100->1110->2500->2461,2461->2500
N2500_C4_I1,2500,7696,125,3732,166,2491,2500,0.9,1.0,20.5,0.9,1516671.289,2441,547,2441_S001,near,0.26270000000000043,0.00151,0.002899,0.2683,0.0537,0.056599,7.76,0.7729023003196883,2491->2341->2328->2326->2320->2317->2300->2282->2268->2263->2256->2252->2251->2247->2257->2240->2226->2237->2220->2215->2235->2236->2218->2228->2211->2202->2187->2178->2156->2183->2170->2155->2154->2136->2130->2109->2098->2085->2072->2082->2069->2046->2038->2033->2030->2044->2028->2014->1968->1955->1902->1895->1894->1893->1882->1872->1864->1869->1863->1860->1841->1840->1832->1827->1826->1814->1813->1807->1789->1788->1781->1779->1774->1784->1780->1778->1767->1764->1763->1740->1736->1735->1731->1718->1713->1707->1693->1681->1677->1672->1665->1664->1655->1649->1643->1637->1628->1610->1587->1579->1552->1550->1548->1530->1537->1525->1492->1490->1488->1495->1479->1486->1471->1465->1460->1430->1423->1401->1391->1384->1386->1380->1374->1373->1369->1359->1355->1344->1311->1301->1310->1298->1290->1281->1274->1270->1279->1262->1257->1254->1234->1219->1206->1228->1203->1194->1197->1177->1170->1153->1152->1149->1142->1134->1130->1125->1117->1113->1129->1111->1099->1089->1075->1069->1065->1064->1063->1051->1042->1039->1050->1037->1036->1027->1006->988->981->969->929->924->917->912->904->903->896->892->905->888->885->878->877->874->865->857->856->851->818->813->810->805->786->762->776->761->757->755->725->715->711->723->705->696->691->697->698->689->687->695->681->674->667->661->659->657->636->609->599->592->588->576->574->586->568->575->581->560->549->547->545->543->540->566->538->561->548->542->530->539->526->524->522->527->519->508->501->476->469->463->467->450->437->436->430->415->408->393->387->381->372->375->633->353->626->366->344->558->314->491->266->262->259->254->235->233->232->244->230->420->217->228->210->206->209->201->198->196->193->190->380->370->168->333->326->316->169->155->108->51->50->48->47->81->78->182->9->5->1->2->3->4->8->12->24->19->20->26->30->34->54->29->49->85->111->119->114->129->122->123->125->133->134->181->143->146->216->223->187->177->167->158->170->173->185->192->197->204->202->260->263->275->288->290->293->306->317->358->363->379->384->394->407->396->397->401->406->398->403->413->440->449->453->455->460->468->471->482->495->497->517->518->537->546->551->553->555->562->569->570->573->593->600->602->615->628->637->642->658->668->694->700->713->721->734->745->748->749->753->763->765->764->766->783->784->791->815->816->821->826->830->839->842->849->852->860->864->876->866->867->870->880->882->887->893->894->910->933->944->946->956->976->978->985->991->995->1011->1017->1024->1031->1071->1077->1079->1091->1100->1110->1120->1122->1139->1167->1168->1181->1175->1178->1192->1180->1182->1184->1193->1205->1210->1223->1229->1230->1241->1232->1237->1242->1244->1251->1269->1275->1278->1296->1322->1330->1348->1364->1353->1358->1361->1362->1368->1379->1381->1387->1390->1403->1417->1408->1434->1426->1428->1453->1462->1463->1481->1497->1500->1502->1503->1508->1510->1512->1521->1531->1518->1528->1540->1542->1554->1555->1568->1576->1582->1583->1594->1586->1590->1599->1618->1593->1601->1604->1607->1616->1620->1633->1641->1680->1688->1719->1739->1751->1755->1757->1776->1777->1798->1782->1791->1785->1818->1821->1823->1824->1857->1861->1871->1890->1907->1906->1940->1941->1951->1969->1980->1978->1982->1987->1991->1992->2001->2002->2005->2013->2047->2059->2063->2071->2074->2077->2079->2099->2100->2116->2118->2121->2134->2137->2148->2158->2169->2159->2174->2181->2186->2196->2204->2208->2212->2217->2229->2441,2441->2500
N2500_C5_I1,2500,7696,125,3732,63,2491,2500,0.9,0.5,20.5,0.9,783652.463,2382,101,2382_S001,near,0.3862000000000008,0.002064,0.005534,0.4593,0.0919,0.09743399999999999,6.75,1.1645125616371976,2491->2493->2341->2332->2328->2326->2320->2317->2300->2282->2268->2263->2256->2252->2251->2247->2257->2240->2226->2237->2223->2220->2235->2236->2218->2214->2211->2202->2178->2156->2183->2155->2154->2136->2130->2109->2098->2085->2072->2082->2069->2046->2038->2033->2030->2044->2028->2014->1968->1955->1902->1895->1894->1893->1882->1872->1864->1869->1863->1860->1841->1840->1832->1827->1826->1814->1813->1807->1789->1788->1781->1779->1774->1784->1780->1778->1767->1764->1763->1740->1736->1735->1731->1718->1713->1707->1693->1681->1677->1672->1665->1664->1655->1649->1643->1637->1628->1625->1610->1587->1579->1552->1550->1548->1547->1530->1537->1525->1492->1490->1488->1495->1479->1486->1471->1465->1460->1430->1423->1401->1391->1384->1386->1380->1374->1373->1369->1359->1355->1344->1311->1301->1310->1298->1290->1281->1274->1270->1279->1277->1262->1257->1254->1252->1219->1206->1228->1203->1194->1197->1177->1170->1153->1152->1149->1142->1134->1130->1125->1117->1113->1129->1111->1099->1089->1075->1069->1065->1064->1063->1051->1042->1039->1050->1037->1036->1027->1006->988->981->969->929->924->917->912->904->903->896->892->905->888->885->878->877->874->865->857->856->851->813->810->812->805->786->762->776->757->755->725->715->711->708->705->696->691->697->698->689->687->681->674->667->659->657->636->609->599->592->588->576->574->586->568->575->564->560->549->547->545->543->540->538->561->532->542->534->530->539->526->525->527->508->501->476->469->463->467->731->739->727->726->430->408->393->387->372->375->633->635->348->346->344->558->321->314->491->266->262->464->456->457->206->209->201->198->404->392->193->190->183->178->174->168->164->163->162->172->105->96->107->83->99->109->127->39->44->75->179->13->14->15->24->19->20->32->45->33->30->34->54->53->29->49->85->111->119->114->122->123->125->133->134->181->143->191->184->189->216->156->166->158->173->212->227->185->192->204->202->260->263->275->288->290->293->306->317->358->363->379->384->394->407->396->397->401->406->398->399->403->413->440->454->449->455->460->468->471->482->497->517->518->537->546->551->553->554->555->562->569->570->573->593->600->602->615->628->637->642->658->668->694->700->713->721->734->745->748->749->753->763->764->766->783->784->791->815->816->821->826->830->839->842->849->852->860->864->866->875->867->870->880->882->887->893->894->910->933->944->946->956->976->978->985->991->995->1011->1017->1024->1031->1071->1077->1079->1091->1100->1110->1120->1122->1139->1167->1168->1173->1175->1189->1192->1204->1182->1184->1193->1205->1210->1223->1229->1230->1241->1232->1237->1242->1244->1251->1269->1275->1278->1296->1322->1330->1348->1364->1353->1358->1361->1362->1368->1379->1381->1387->1390->1403->1417->1434->1428->1453->1462->1463->1481->1497->1500->1502->1503->1508->1510->1512->1531->1518->1528->1540->1542->1554->1555->1568->1576->1582->1583->1594->1586->1588->1599->1618->1593->1601->1604->1607->1616->1620->1633->1641->1680->1688->1719->1739->1751->1755->1757->1776->1777->1798->1782->1785->1818->1821->1823->1824->1857->1859->1877->1861->1871->1875->1890->1907->1906->1940->1941->1951->1969->1980->1978->1982->1987->1991->2001->2002->2005->2013->2047->2059->2063->2071->2074->2077->2079->2099->2100->2116->2118->2121->2134->2137->2148->2158->2169->2159->2174->2181->2195->2186->2196->2207->2204->2208->2212->2217->2229->2405->2409->2394->2389->2388->2382,2382->2500
N2500_C6_I1,2500,7696,125,3732,63,2491,2500,0.9,0.5,20.5,0.9,893343.336,2490,294,2490_S001,near,1.2076000000000005,0.001547,0.002941,0.1348,0.027,0.029941,9.13,1.6095260792285389,2491->2487->2341->2328->2326->2320->2317->2300->2282->2268->2263->2256->2252->2251->2247->2257->2240->2226->2237->2220->2235->2236->2218->2228->2211->2202->2187->2178->2156->2170->2155->2154->2136->2130->2109->2098->2085->2072->2082->2069->2046->2038->2033->2030->2044->2028->2014->1968->1955->1902->1895->1894->1893->1882->1872->1864->1869->1863->1860->1841->1840->1832->1827->1826->1814->1813->1807->1789->1788->1781->1779->1774->1784->1780->1778->1767->1764->1740->1736->1735->1731->1718->1713->1707->1693->1681->1677->1687->1672->1665->1664->1655->1649->1643->1637->1628->1625->1610->1587->1579->1552->1550->1548->1530->1537->1525->1492->1490->1488->1495->1479->1486->1471->1465->1460->1430->1423->1401->1391->1384->1380->1374->1373->1369->1359->1355->1344->1311->1301->1310->1298->1290->1281->1274->1270->1279->1262->1257->1254->1234->1219->1206->1228->1203->1194->1197->1177->1170->1153->1152->1149->1142->1134->1130->1125->1117->1113->1129->1111->1105->1099->1089->1075->1069->1065->1064->1063->1051->1042->1039->1050->1037->1036->1027->1006->988->981->969->929->924->917->912->904->903->896->892->905->888->885->878->877->874->865->861->857->856->851->818->813->810->805->786->762->761->776->757->755->725->715->711->723->705->696->691->697->689->687->681->674->667->659->669->657->636->609->599->592->588->576->574->586->568->575->564->560->549->547->545->543->540->566->561->532->548->542->534->539->526->525->527->508->747->737->733->469->463->467->450->739->727->437->436->430->408->393->387->372->381->680->373->356->350->626->625->346->558->314->491->487->492->266->262->464->456->457->206->209->201->198->392->390->383->380->178->174->168->164->163->162->172->105->118->124->142->160->117->96->60->48->82->101->62->273->264->267->55->38->39->44->104->102->218->220->16->17->18->24->19->20->26->32->33->30->34->54->53->89->98->67->85->100->119->114->122->123->125->133->134->181->143->146->156->187->177->167->158->173->185->197->204->202->260->263->268->275->288->290->293->306->317->358->363->379->384->394->407->396->397->401->406->398->399->403->413->440->454->449->453->455->460->468->471->482->495->497->517->518->537->546->551->553->554->555->562->569->570->573->593->600->602->615->628->637->642->658->668->694->700->713->721->734->745->748->749->753->763->764->766->783->784->791->815->816->821->826->830->839->842->849->852->860->864->866->867->870->880->882->887->893->894->910->933->944->946->948->976->978->985->991->995->1017->1024->1031->1068->1071->1077->1079->1091->1092->1100->1110->1120->1122->1139->1167->1168->1173->1175->1178->1192->1204->1182->1184->1193->1205->1210->1223->1229->1230->1241->1232->1237->1242->1244->1251->1269->1275->1278->1296->1322->1330->1348->1364->1353->1358->1361->1362->1368->1379->1381->1387->1390->1403->1417->1434->1428->1453->1462->1463->1481->1497->1500->1502->1503->1508->1510->1512->1521->1531->1518->1528->1540->1542->1554->1555->1568->1576->1582->1583->1594->1586->1588->1599->1600->1618->1593->1601->1595->1607->1616->1620->1633->1641->2500->2499->2490,2490->2500
N2500_C7_I1,2500,7696,125,3732,63,2491,2500,0.9,0.5,20.5,0.9,1044095.015,2490,294,2490_S001,near,0.3108000000000007,0.001547,0.002941,0.1348,0.027,0.029941,9.13,1.0592479053845336,2491->2341->2340->2332->2328->2326->2320->2317->2300->2282->2268->2263->2256->2252->2251->2247->2244->2240->2226->2237->2223->2220->2235->2236->2218->2228->2211->2202->2178->2156->2183->2155->2154->2130->2109->2098->2085->2072->2082->2069->2046->2038->2033->2030->2044->2028->2017->2014->1968->1955->1902->1895->1894->1893->1882->1872->1864->1869->1863->1860->1841->1840->1832->1827->1826->1814->1813->1807->1789->1806->1781->1779->1774->1784->1780->1778->1767->1764->1740->1736->1735->1731->1718->1713->1707->1697->1693->1689->1681->1677->1687->1672->1665->1664->1655->1649->1643->1637->1628->1610->1587->1579->1552->1550->1548->1530->1537->1525->1524->1492->1490->1488->1495->1479->1486->1471->1465->1460->1430->1423->1401->1391->1384->1386->1380->1374->1373->1369->1359->1355->1344->1311->1301->1310->1298->1290->1281->1274->1270->1279->1277->1262->1257->1254->1234->1219->1206->1212->1203->1194->1197->1177->1170->1153->1152->1149->1142->1134->1130->1125->1117->1113->1129->1111->1099->1089->1075->1069->1065->1064->1063->1051->1042->1039->1050->1037->1036->1027->1006->988->981->969->929->924->917->912->904->903->896->892->905->888->885->878->877->874->865->857->856->851->813->810->805->786->762->776->757->755->725->715->711->723->705->696->691->697->698->689->687->681->674->667->659->657->636->609->599->592->588->576->574->586->568->575->564->560->549->547->545->543->540->538->561->548->532->542->534->824->792->772->747->519->508->501->476->469->463->467->450->739->727->437->436->430->415->408->714->712->393->688->677->660->646->638->641->631->623->348->365->626->366->344->346->577->559->314->493->284->500->492->485->266->262->466->456->457->441->438->425->206->209->201->198->196->193->190->380->339->174->335->341->338->163->162->155->108->112->52->51->50->48->64->255->264->37->31->69->25->36->46->35->23->21->1->5->6->10->13->3->7->14->15->24->19->28->22->26->33->27->34->54->29->89->98->94->67->85->100->111->119->114->129->122->123->125->133->134->181->143->146->216->223->211->212->224->231->197->204->202->260->263->275->288->290->293->306->317->358->363->379->384->394->407->396->397->401->406->398->403->413->440->449->453->455->460->468->462->471->482->495->497->517->518->537->546->551->553->555->562->569->570->573->593->600->602->615->628->637->642->658->668->694->700->713->721->734->745->748->749->753->763->764->766->783->793->784->791->815->816->821->826->830->839->854->849->852->860->864->876->866->867->870->880->882->887->893->894->910->933->944->946->948->976->978->985->991->995->1017->1024->1031->1071->1077->1079->1091->1092->1100->1110->1120->1116->1122->1139->1167->1168->1173->1175->1189->1191->1199->1204->1180->1182->1184->1193->1205->1210->1223->1229->1230->1241->1232->1237->1242->1244->1251->1269->1275->1278->1296->1322->1330->1348->1364->1353->1358->1361->1362->1368->1385->1379->1381->1387->1390->1403->1417->1434->1426->1428->1453->1462->1463->1481->1497->1500->1502->1503->1508->1510->1512->1521->1522->1531->1518->1528->1540->1542->1554->1555->1568->1576->1582->1583->1594->1586->1590->1600->1618->1593->1601->1604->1607->1616->1620->1633->1641->1680->1688->1719->1739->1751->1755->1757->1776->1777->1798->1782->1785->1818->1821->1823->1824->1857->1859->1861->1871->1875->1890->1907->1906->1940->1941->1951->1969->1980->1978->1982->1987->1991->2001->2002->2005->2013->2047->2059->2063->2071->2074->2077->2079->2099->2100->2116->2118->2121->2134->2137->2148->2158->2169->2159->2174->2181->2186->2196->2204->2208->2212->2217->2229->2490,2490->2500
N2500_C8_I1,2500,7696,125,3732,63,2491,2500,0.1,0.5,20.5,0.1,1144579.902,2490,294,2490_S001,near,0.3108000000000007,0.001547,0.002941,0.1348,0.027,0.029941,9.13,1.0592479053845336,2491->2341->2340->2332->2328->2326->2320->2317->2300->2282->2268->2263->2256->2252->2251->2247->2244->2240->2226->2237->2223->2220->2235->2236->2218->2228->2211->2202->2178->2156->2183->2155->2154->2130->2109->2098->2085->2072->2082->2069->2046->2038->2033->2030->2044->2028->2017->2014->1968->1955->1902->1895->1894->1893->1882->1872->1864->1869->1863->1860->1841->1840->1832->1827->1826->1814->1813->1807->1789->1806->1781->1779->1774->1784->1780->1778->1767->1764->1740->1736->1735->1731->1718->1713->1707->1697->1693->1689->1681->1677->1687->1672->1665->1664->1655->1649->1643->1637->1628->1610->1587->1579->1552->1550->1548->1530->1537->1525->1524->1492->1490->1488->1495->1479->1486->1471->1465->1460->1430->1423->1401->1391->1384->1386->1380->1374->1373->1369->1359->1355->1344->1311->1301->1310->1298->1290->1281->1274->1270->1279->1277->1262->1257->1254->1234->1219->1206->1212->1203->1194->1197->1177->1170->1153->1152->1149->1142->1134->1130->1125->1117->1113->1129->1111->1099->1089->1075->1069->1065->1064->1063->1051->1042->1039->1050->1037->1036->1027->1006->988->981->969->929->924->917->912->904->903->896->892->905->888->885->878->877->874->865->857->856->851->813->810->805->786->762->776->757->755->725->715->711->723->705->696->691->697->698->689->687->681->674->667->659->657->636->609->599->592->588->576->574->586->568->575->564->560->549->547->545->543->540->538->561->548->532->542->534->824->792->772->747->519->508->501->476->469->463->467->450->739->727->437->436->430->415->408->714->712->393->688->677->660->646->638->641->631->623->348->365->626->366->344->346->577->559->314->493->284->500->492->485->266->262->466->456->457->441->438->425->206->209->201->198->196->193->190->380->339->174->335->341->338->163->162->155->108->112->52->51->50->48->64->255->264->37->31->69->25->36->46->35->23->21->1->5->6->10->13->3->7->14->15->24->19->28->22->26->33->27->34->54->29->89->98->94->67->85->100->111->119->114->129->122->123->125->133->134->181->143->146->216->223->211->212->224->231->197->204->202->260->263->275->288->290->293->306->317->358->363->379->384->394->407->396->397->401->406->398->403->413->440->449->453->455->460->468->462->471->482->495->497->517->518->537->546->551->553->555->562->569->570->573->593->600->602->615->628->637->642->658->668->694->700->713->721->734->745->748->749->753->763->764->766->783->793->784->791->815->816->821->826->830->839->854->849->852->860->864->876->866->867->870->880->882->887->893->894->910->933->944->946->948->976->978->985->991->995->1017->1024->1031->1071->1077->1079->1091->1092->1100->1110->1120->1116->1122->1139->1167->1168->1173->1175->1189->1191->1199->1204->1180->1182->1184->1193->1205->1210->1223->1229->1230->1241->1232->1237->1242->1244->1251->1269->1275->1278->1296->1322->1330->1348->1364->1353->1358->1361->1362->1368->1385->1379->1381->1387->1390->1403->1417->1434->1426->1428->1453->1462->1463->1481->1497->1500->1502->1503->1508->1510->1512->1521->1522->1531->1518->1528->1540->1542->1554->1555->1568->1576->1582->1583->1594->1586->1590->1600->1618->1593->1601->1604->1607->1616->1620->1633->1641->1680->1688->1719->1739->1751->1755->1757->1776->1777->1798->1782->1785->1818->1821->1823->1824->1857->1859->1861->1871->1875->1890->1907->1906->1940->1941->1951->1969->1980->1978->1982->1987->1991->2001->2002->2005->2013->2047->2059->2063->2071->2074->2077->2079->2099->2100->2116->2118->2121->2134->2137->2148->2158->2169->2159->2174->2181->2186->2196->2204->2208->2212->2217->2229->2490,2490->2500
N2500_C9_I1,2500,7696,125,3732,49,2491,2500,0.9,0.5,15.0,0.9,1416385.846,2476,340,2476_S001,near,0.2884000000000006,0.001553,0.003145,0.1661,0.0332,0.036345,6.65,1.0129304973454887,2491->2487->2493->2341->2332->2328->2326->2320->2317->2300->2282->2268->2263->2256->2252->2251->2247->2244->2240->2226->2237->2223->2220->2235->2236->2218->2228->2214->2211->2202->2178->2156->2183->2155->2154->2130->2109->2098->2085->2072->2078->2069->2046->2038->2033->2030->2044->2028->2017->2014->1968->1955->1902->1895->1894->1893->1882->1872->1864->1869->1863->1860->1841->1840->1832->1827->1826->1814->1813->1807->1789->1788->1781->1779->1774->1784->1780->1778->1767->1764->1740->1736->1735->1731->1718->1713->1707->1693->1689->1681->1677->1672->1665->1664->1655->1649->1643->1637->1628->1610->1587->1579->1552->1550->1548->1547->1530->1537->1525->1524->1492->1490->1488->1495->1479->1486->1471->1469->1465->1460->1430->1423->1406->1401->1391->1384->1380->1374->1373->1369->1359->1355->1344->1311->1301->1310->1298->1290->1281->1274->1270->1279->1262->1257->1254->1234->1219->1206->1228->1203->1194->1197->1177->1170->1153->1152->1149->1142->1134->1130->1125->1117->1113->1129->1111->1099->1089->1075->1069->1065->1064->1063->1051->1042->1039->1050->1037->1036->1027->1006->988->981->969->961->929->924->917->912->904->903->896->892->905->888->885->878->877->874->865->857->856->851->813->810->805->786->762->776->761->757->755->725->715->711->723->705->696->691->697->698->689->687->681->674->667->659->657->636->609->599->592->588->576->574->586->568->575->564->560->549->547->545->543->540->538->561->532->542->534->539->526->524->522->508->519->501->476->469->463->450->439->732->739->727->726->430->422->415->408->393->387->381->372->375->371->362->626->366->349->334->337->521->314->509->289->296->500->492->266->262->475->458->464->456->457->254->235->233->438->441->206->209->201->198->196->390->383->380->178->174->168->333->326->318->162->175->172->105->95->87->97->76->73->71->70->80->65->116->215->218->220->16->17->15->24->19->28->22->26->30->34->54->29->89->98->67->85->111->119->114->129->122->123->125->133->134->181->143->146->216->187->177->166->158->173->185->227->231->197->204->202->260->263->275->288->290->293->306->317->358->363->379->384->394->407->396->397->401->406->398->399->403->413->440->449->455->460->461->462->471->482->495->497->517->518->536->537->546->551->553->555->562->569->570->573->593->600->602->615->628->637->642->658->668->694->700->709->713->721->734->745->748->749->753->763->764->766->783->793->784->791->815->816->821->826->830->839->842->849->852->860->864->866->867->870->880->882->887->893->894->910->933->944->946->948->976->978->985->991->995->1017->1024->1031->1071->1077->1079->1091->1100->1110->1120->1122->1139->1167->1168->1181->1175->1189->1192->1180->1204->1182->1184->1193->1205->1210->1223->1229->1230->1241->1232->1237->1242->1244->1251->1269->1275->1278->1296->1322->1330->1348->1364->1353->1358->1361->1362->1368->1385->1379->1381->1387->1390->1403->1417->1434->1428->1453->1462->1463->1481->1497->1500->1502->1503->1508->1510->1512->1531->1518->1528->1540->1542->1554->1555->1568->1576->1582->1583->1594->1586->1590->1600->1618->1593->1601->1604->1607->1616->1620->1630->1633->1641->1680->1688->1719->1739->1751->1755->1757->1776->1777->1798->1782->1785->1818->1821->1823->1824->1857->1859->1861->1871->1875->1890->1907->1906->1940->1941->1951->1969->1980->1978->1982->1986->1987->1991->2001->2002->2005->2013->2047->2059->2063->2071->2074->2077->2079->2099->2100->2116->2118->2121->2134->2137->2148->2158->2169->2171->2174->2181->2186->2196->2204->2208->2212->2217->2229->2476,2476->2500
N2500_PS_edge_density_baseline_7446_I1,2500,7696,125,3732,63,2491,2500,0.9,0.5,20.5,0.9,994516.9,2476,340,2476_S001,near,0.31290000000000084,0.001603,0.003195,0.1661,0.0332,0.036395,6.66,19.614492000000048,2491->2341->2340->2332->2328->2326->2320->2317->2305->2300->2282->2268->2263->2256->2252->2251->2247->2244->2240->2226->2237->2220->2235->2236->2218->2228->2211->2202->2187->2178->2156->2183->2155->2154->2130->2109->2098->2085->2072->2078->2069->2046->2038->2033->2030->2044->2028->2014->1968->1955->1902->1895->1894->1893->1882->1872->1864->1869->1863->1860->1841->1840->1832->1827->1826->1814->1813->1807->1789->1806->1781->1779->1774->1784->1780->1778->1767->1764->1763->1740->1736->1735->1731->1718->1713->1707->1693->1689->1681->1677->1687->1672->1665->1664->1655->1649->1643->1637->1628->1610->1587->1579->1552->1550->1548->1530->1537->1525->1524->1492->1490->1488->1495->1479->1486->1471->1469->1465->1460->1430->1423->1401->1391->1384->1386->1380->1374->1373->1369->1359->1355->1344->1311->1301->1310->1298->1290->1281->1274->1270->1279->1262->1257->1254->1234->1219->1206->1212->1203->1194->1197->1177->1170->1153->1152->1149->1142->1134->1130->1125->1117->1113->1129->1111->1105->1099->1089->1075->1069->1065->1064->1063->1051->1055->1042->1039->1050->1037->1036->1027->1006->988->981->969->929->924->917->912->904->903->896->892->905->888->885->878->877->874->865->857->856->851->813->810->805->786->762->776->757->755->725->715->711->723->705->696->691->697->698->689->687->681->674->667->659->657->636->609->599->592->588->576->574->586->568->575->564->560->549->547->545->543->540->538->561->532->542->534->824->792->772->747->519->508->501->476->469->733->731->744->739->450->436->430->720->422->415->408->393->688->677->660->646->638->641->631->623->365->626->366->344->346->577->559->314->493->284->500->262->466->456->457->441->438->425->206->209->201->198->196->193->190->380->178->174->335->341->338->164->163->175->105->95->87->109->127->39->38->55->37->31->69->25->36->46->35->23->21->1->5->6->10->13->14->15->24->19->28->22->26->33->27->34->54->29->53->89->98->94->67->85->100->119->114->129->122->123->125->133->134->181->143->146->216->223->211->212->224->231->197->204->202->260->265->263->268->275->288->290->293->306->317->358->363->379->384->394->407->396->397->401->406->398->399->403->413->440->449->455->460->461->462->471->482->495->497->517->518->537->546->551->553->555->562->569->570->573->593->600->602->615->628->637->642->658->668->694->700->713->721->734->745->748->749->753->763->764->766->783->793->791->815->816->821->826->830->839->854->849->852->860->864->876->866->867->870->880->882->887->893->894->910->933->944->946->948->956->976->978->985->991->995->1017->1024->1031->1071->1077->1079->1091->1092->1100->1110->1120->1116->1122->1139->1167->1168->1181->1175->1178->1192->1204->1180->1182->1184->1193->1205->1210->1223->1229->1230->1241->1232->1237->1242->1244->1251->1269->1275->1278->1296->1322->1330->1348->1364->1353->1358->1361->1362->1368->1385->1379->1381->1387->1390->1403->1417->1434->1428->1453->1462->1463->1481->1497->1500->1502->1503->1508->1510->1512->1521->1531->1518->1528->1540->1542->1554->1555->1568->1576->1582->1583->1594->1586->1588->1599->1618->1593->1601->1604->1607->1616->1620->1633->1641->1680->1688->1719->1739->1751->1755->1757->1776->1777->1798->1782->1785->1818->1821->1823->1824->1857->1859->1861->1871->1875->1890->1907->1906->1940->1941->1951->1969->1980->1978->1982->1987->1991->1992->2001->2002->2005->2013->2047->2059->2063->2071->2074->2077->2079->2099->2100->2116->2118->2121->2134->2137->2148->2158->2169->2159->2174->2181->2186->2196->2204->2208->2212->2217->2229->2473->2461->2466->2476,2476->2500
N2500_PS_edge_density_dense_8278_I1,2500,8528,125,3732,63,2491,2500,0.9,0.5,20.5,0.9,316587.422,2476,340,2476_S001,near,0.1859,0.001603,0.003195,0.1661,0.0332,0.036395,6.66,12.756492000000001,2491->2341->1895->1902->1955->1968->2014->2028->1673->1665->1672->1677->1681->1693->1707->1713->1718->1369->1359->1355->1344->1311->1027->1036->1037->681->687->689->362->646->168->10->6->406->748->1092->1100->1110->1462->1463->1481->1497->1499->1821->1818->2186->2485->2476,2476->2500
N2500_PS_edge_density_denser_9110_I1,2500,9360,125,3732,63,2491,2500,0.9,0.5,20.5,0.9,425660.833,2490,294,2490_S001,near,0.18619999999999992,0.001557,0.002951,0.1348,0.027,0.029951,9.13,12.669231999999996,2491->2487->2484->2481->2478->2468->2448->2443->2458->2442->2426->2412->2401->2400->2395->2379->2374->2370->2369->2030->2044->2028->1673->1665->1672->1687->1677->1681->1689->1311->1027->1006->1052->543->540->538->479->475->160->142->124->118->95->224->212->173->573->893->887->882->1251->1583->1594->1586->1588->1590->2002->2001->1991->1987->1986->1982->1978->1980->1969->1951->1941->1940->2248->2229->2490,2490->2500
N2500_PS_edge_density_densest_9942_I1,2500,10192,125,3732,63,2491,2500,0.9,0.5,20.5,0.9,149634.556,2382,101,2382_S001,near,0.16779999999999998,0.00205,0.005521,0.4593,0.0919,0.097421,6.72,15.104633999999999,2491->2341->2332->1894->1893->1882->1587->1825->1812->1501->1491->1132->792->284->266->131->128->195->569->889->882->1251->1583->1594->1586->1590->2002->2351->2368->2361->2365->2383->2371->2382,2382->2500
N2500_PS_parking_budget_Cmax100_I1,2500,7696,125,3732,21,2491,2500,0.9,0.5,10.0,0.9,762322.634,2425,689,2425_S001,near,0.2833000000000006,0.001791,0.004334,0.3145,0.0629,0.067234,7.05,19.730550000000033,2491->2493->2487->2484->2341->2328->2326->2320->2317->2300->2282->2268->2263->2256->2252->2251->2247->2257->2240->2226->2237->2220->2235->2236->2218->2228->2214->2211->2202->2178->2156->2183->2155->2154->2130->2109->2098->2085->2072->2082->2069->2046->2038->2033->2030->2044->2028->2014->1968->1955->1902->1895->1894->1893->1882->1872->1864->1869->1863->1860->1841->1840->1832->1827->1826->1814->1813->1807->1789->1788->1781->1779->1774->1784->1780->1778->1766->1764->1740->1736->1735->1731->1718->1713->1707->1693->1681->1677->1672->1665->1664->1655->1649->1640->1643->1637->1628->1625->1610->1587->1579->1552->1550->1548->1547->1530->1537->1525->1492->1490->1488->1495->1479->1486->1471->1465->1460->1430->1423->1401->1391->1384->1380->1374->1373->1369->1359->1355->1344->1311->1301->1310->1298->1290->1281->1274->1270->1279->1262->1257->1254->1234->1219->1206->1212->1203->1194->1197->1183->1177->1170->1153->1152->1149->1142->1134->1130->1125->1117->1113->1129->1111->1105->1099->1089->1075->1069->1065->1064->1063->1051->1042->1039->1050->1037->1036->1027->1006->988->981->969->929->924->917->912->904->903->896->892->905->888->885->878->877->874->865->861->857->856->851->818->813->810->812->805->786->762->776->757->755->725->715->711->723->705->696->691->697->698->689->687->681->674->667->659->669->657->636->609->599->592->588->576->574->586->568->575->581->560->549->547->545->543->540->538->561->532->542->534->539->526->525->527->519->501->476->469->463->731->744->467->450->436->726->720->714->408->393->387->372->375->371->688->373->356->350->365->348->346->558->321->324->516->509->296->289->284->266->262->259->254->235->233->232->230->229->217->228->410->404->198->196->193->190->183->178->174->168->333->326->318->162->155->108->51->50->82->81->77->78->102->75->179->10->6->5->2->7->14->16->17->18->24->19->28->20->32->30->34->54->29->53->89->98->121->85->111->119->114->122->123->125->133->134->181->143->194->189->216->156->187->177->167->158->173->212->227->231->197->204->202->260->263->268->275->288->290->293->306->317->358->363->379->384->394->407->396->397->401->406->398->403->413->440->449->455->460->468->471->482->497->517->518->537->546->551->553->555->562->569->570->573->593->600->602->615->628->637->642->658->668->694->700->713->721->734->745->748->749->753->763->765->764->766->783->784->791->815->816->822->821->826->830->839->842->849->852->860->864->866->867->870->880->882->887->893->894->910->933->944->946->948->976->978->985->991->995->1011->1017->1024->1031->1068->1071->1077->1079->1091->1100->1110->1120->1122->1139->1167->1168->1181->1175->1178->1192->1180->1182->1184->1193->1205->1210->1223->1229->1230->1241->1232->1237->1242->1244->1251->1269->1275->1278->1296->1322->1330->1348->1364->1353->1358->1361->1362->1368->1379->1381->1387->1390->1403->1417->1434->1428->1453->1462->1463->1481->1497->1500->1502->1503->1508->1510->1512->1531->1518->1528->1540->1542->1554->1555->1568->1576->1582->1583->1594->1586->1588->1599->1618->1593->1601->1595->1607->1616->1620->1633->1641->1680->1688->1719->1739->1751->1755->1757->1776->1777->1798->1782->1785->1818->1834->1821->1823->1824->1857->1861->1871->1875->1890->1907->1906->1940->1941->1951->1969->1980->1978->1982->1987->1991->2001->2002->2005->2013->2047->2059->2050->2049->2065->2081->2089->2110->2063->2071->2074->2077->2079->2099->2100->2116->2118->2121->2134->2137->2148->2158->2169->2171->2174->2181->2186->2196->2204->2208->2212->2217->2229->2425,2425->2500
N2500_PS_parking_budget_Cmax150_I1,2500,7696,125,3732,49,2491,2500,0.9,0.5,15.0,0.9,355395.802,2490,294,2490_S001,near,0.30010000000000053,0.001557,0.002951,0.1348,0.027,0.029951,9.13,18.81983200000003,2491->2341->2332->2328->2326->2320->2317->2300->2282->2268->2263->2256->2252->2251->2247->2244->2240->2226->2237->2220->2235->2218->2228->2211->2202->2178->2156->2170->2155->2154->2130->2109->2098->2085->2072->2082->2069->2046->2038->2033->2030->2044->2028->2017->2014->1968->1955->1902->1895->1894->1893->1882->1872->1864->1869->1863->1860->1841->1840->1832->1827->1826->1814->1813->1807->1789->1788->1781->1779->1774->1784->1780->1778->1767->1764->1740->1736->1735->1731->1718->1713->1707->1697->1693->1689->1681->1677->1687->1672->1665->1664->1655->1649->1643->1637->1628->1610->1587->1579->1552->1550->1548->1530->1537->1525->1524->1492->1490->1488->1495->1479->1486->1471->1469->1465->1460->1430->1423->1401->1391->1384->1380->1374->1373->1369->1359->1355->1344->1311->1301->1310->1298->1290->1281->1274->1270->1279->1262->1257->1254->1252->1219->1206->1212->1203->1194->1197->1177->1170->1153->1152->1149->1142->1134->1130->1125->1117->1113->1129->1111->1099->1089->1075->1069->1065->1064->1063->1051->1042->1039->1050->1037->1036->1027->1006->988->981->969->929->924->917->912->907->904->903->896->892->905->888->885->878->877->874->865->857->856->851->818->813->810->805->786->762->761->757->755->725->715->711->708->705->696->691->697->698->689->687->681->674->667->659->657->636->609->599->592->588->576->574->586->568->575->564->560->549->547->545->543->540->566->538->561->532->542->534->824->792->772->747->519->508->501->476->469->463->450->436->430->415->408->714->712->706->387->381->690->680->373->361->626->366->349->334->337->331->521->314->491->487->500->259->254->457->206->209->201->198->196->390->383->385->380->339->174->168->341->333->326->318->162->175->105->110->118->95->87->136->214->188->249->252->221->15->24->19->28->22->26->33->27->34->54->29->89->98->94->67->85->111->119->114->129->122->123->125->133->134->181->191->184->189->216->223->211->158->170->173->212->227->231->197->199->204->202->260->265->263->268->275->288->290->293->306->317->358->363->379->384->394->407->396->397->401->406->398->403->413->440->449->455->460->461->462->471->482->497->517->518->536->537->546->551->553->555->562->569->570->573->593->600->602->615->628->637->642->658->668->694->700->713->721->734->745->748->749->753->763->764->766->783->784->791->815->816->821->826->830->839->854->849->852->860->864->866->867->870->880->882->887->893->894->910->933->944->946->956->948->976->978->985->991->995->1017->1024->1031->1071->1077->1079->1091->1100->1110->1120->1122->1139->1167->1168->1181->1175->1189->1192->1180->1204->1182->1184->1193->1205->1210->1223->1229->1230->1241->1232->1237->1242->1244->1251->1269->1275->1278->1296->1322->1330->1348->1364->1353->1358->1366->1361->1362->1368->1385->1379->1382->1387->1390->1403->1417->1408->1434->1426->1428->1453->1462->1463->1481->1497->1499->1500->1502->1503->1508->1510->1512->1521->1531->1518->1528->1540->1542->1554->1555->1568->1576->1582->1583->1594->1586->1590->1600->1618->1593->1601->1604->1607->1616->1620->1630->1633->1641->1680->1688->1719->1739->1751->1755->1757->1776->1777->1798->1782->1785->1818->1821->1823->1824->1857->1859->1861->1871->1890->1907->1906->1940->1941->1951->1969->1980->1978->1982->1986->1987->1991->2001->2002->2005->2013->2047->2059->2063->2071->2074->2077->2079->2099->2100->2116->2118->2121->2134->2137->2148->2158->2169->2159->2174->2181->2186->2196->2204->2208->2212->2217->2229->2490,2490->2500
N2500_PS_parking_budget_Cmax205_I1,2500,7696,125,3732,63,2491,2500,0.9,0.5,20.5,0.9,786575.146,2476,340,2476_S001,near,0.31290000000000084,0.001603,0.003195,0.1661,0.0332,0.036395,6.66,19.614492000000048,2491->2341->2340->2332->2328->2326->2320->2317->2305->2300->2282->2268->2263->2256->2252->2251->2247->2244->2240->2226->2237->2220->2235->2236->2218->2228->2211->2202->2187->2178->2156->2183->2155->2154->2130->2109->2098->2085->2072->2078->2069->2046->2038->2033->2030->2044->2028->2014->1968->1955->1902->1895->1894->1893->1882->1872->1864->1869->1863->1860->1841->1840->1832->1827->1826->1814->1813->1807->1789->1806->1781->1779->1774->1784->1780->1778->1767->1764->1763->1740->1736->1735->1731->1718->1713->1707->1693->1689->1681->1677->1687->1672->1665->1664->1655->1649->1643->1637->1628->1610->1587->1579->1552->1550->1548->1530->1537->1525->1524->1492->1490->1488->1495->1479->1486->1471->1469->1465->1460->1430->1423->1401->1391->1384->1386->1380->1374->1373->1369->1359->1355->1344->1311->1301->1310->1298->1290->1281->1274->1270->1279->1262->1257->1254->1234->1219->1206->1212->1203->1194->1197->1177->1170->1153->1152->1149->1142->1134->1130->1125->1117->1113->1129->1111->1105->1099->1089->1075->1069->1065->1064->1063->1051->1055->1042->1039->1050->1037->1036->1027->1006->988->981->969->929->924->917->912->904->903->896->892->905->888->885->878->877->874->865->857->856->851->813->810->805->786->762->776->757->755->725->715->711->723->705->696->691->697->698->689->687->681->674->667->659->657->636->609->599->592->588->576->574->586->568->575->564->560->549->547->545->543->540->538->561->532->542->534->824->792->772->747->519->508->501->476->469->733->731->744->739->450->436->430->720->422->415->408->393->688->677->660->646->638->641->631->623->365->626->366->344->346->577->559->314->493->284->500->262->466->456->457->441->438->425->206->209->201->198->196->193->190->380->178->174->335->341->338->164->163->175->105->95->87->109->127->39->38->55->37->31->69->25->36->46->35->23->21->1->5->6->10->13->14->15->24->19->28->22->26->33->27->34->54->29->53->89->98->94->67->85->100->119->114->129->122->123->125->133->134->181->143->146->216->223->211->212->224->231->197->204->202->260->265->263->268->275->288->290->293->306->317->358->363->379->384->394->407->396->397->401->406->398->399->403->413->440->449->455->460->461->462->471->482->495->497->517->518->537->546->551->553->555->562->569->570->573->593->600->602->615->628->637->642->658->668->694->700->713->721->734->745->748->749->753->763->764->766->783->793->791->815->816->821->826->830->839->854->849->852->860->864->876->866->867->870->880->882->887->893->894->910->933->944->946->948->956->976->978->985->991->995->1017->1024->1031->1071->1077->1079->1091->1092->1100->1110->1120->1116->1122->1139->1167->1168->1181->1175->1178->1192->1204->1180->1182->1184->1193->1205->1210->1223->1229->1230->1241->1232->1237->1242->1244->1251->1269->1275->1278->1296->1322->1330->1348->1364->1353->1358->1361->1362->1368->1385->1379->1381->1387->1390->1403->1417->1434->1428->1453->1462->1463->1481->1497->1500->1502->1503->1508->1510->1512->1521->1531->1518->1528->1540->1542->1554->1555->1568->1576->1582->1583->1594->1586->1588->1599->1618->1593->1601->1604->1607->1616->1620->1633->1641->1680->1688->1719->1739->1751->1755->1757->1776->1777->1798->1782->1785->1818->1821->1823->1824->1857->1859->1861->1871->1875->1890->1907->1906->1940->1941->1951->1969->1980->1978->1982->1987->1991->1992->2001->2002->2005->2013->2047->2059->2063->2071->2074->2077->2079->2099->2100->2116->2118->2121->2134->2137->2148->2158->2169->2159->2174->2181->2186->2196->2204->2208->2212->2217->2229->2473->2461->2466->2476,2476->2500
N2500_PS_parking_budget_Cmax250_I1,2500,7696,125,3732,75,2491,2500,0.9,0.5,25.0,0.9,330385.128,2461,390,2461_S001,near,0.28120000000000045,0.001717,0.003498,0.1953,0.0391,0.042598000000000004,7.5,18.327810000000028,2491->2487->2493->2341->2328->2326->2320->2317->2305->2300->2282->2268->2263->2256->2252->2251->2247->2257->2240->2226->2237->2220->2215->2235->2218->2214->2211->2202->2187->2178->2156->2170->2155->2154->2136->2130->2109->2098->2085->2072->2082->2069->2046->2038->2033->2030->2044->2028->2017->2014->1968->1955->1902->1900->1894->1893->1882->1872->1864->1869->1863->1860->1841->1840->1832->1827->1826->1814->1813->1807->1789->1788->1781->1779->1774->1784->1780->1778->1767->1764->1740->1736->1735->1731->1718->1713->1707->1693->1681->1677->1672->1665->1664->1655->1649->1643->1637->1628->1610->1587->1579->1552->1550->1548->1530->1537->1525->1492->1490->1488->1495->1479->1486->1471->1465->1460->1430->1423->1406->1401->1391->1384->1380->1374->1373->1369->1359->1355->1344->1311->1301->1310->1298->1290->1281->1274->1270->1279->1262->1257->1254->1234->1219->1206->1228->1203->1194->1197->1177->1170->1153->1152->1149->1142->1134->1130->1125->1117->1113->1129->1111->1105->1099->1089->1075->1069->1065->1064->1063->1051->1055->1042->1039->1050->1037->1036->1027->1006->988->981->969->929->924->917->912->904->903->896->892->905->888->885->878->877->874->865->857->856->851->818->813->810->805->786->762->761->757->755->741->725->715->711->723->705->696->691->697->689->687->695->681->674->667->659->657->636->609->599->592->588->576->574->586->568->575->564->560->549->547->545->543->540->566->561->532->542->530->539->526->525->527->519->501->476->469->463->467->744->739->450->439->437->436->430->422->415->408->393->387->372->375->633->623->348->346->558->321->516->509->289->284->266->492->500->259->254->235->438->206->410->201->198->196->193->190->380->339->370->168->164->326->318->301->278->147->138->88->79->57->80->126->116->215->182->9->5->2->3->13->14->15->24->19->28->22->26->33->32->45->27->34->54->29->49->85->100->111->119->114->122->123->125->133->134->181->143->146->156->166->158->173->212->227->231->197->204->202->260->263->275->288->290->293->306->317->358->363->379->384->402->394->407->396->397->401->406->398->403->413->440->454->449->455->460->461->462->471->482->497->517->518->537->546->551->553->555->562->569->570->573->593->600->602->615->628->637->642->658->668->694->700->713->721->734->745->748->749->753->763->765->764->766->783->793->791->815->816->821->826->830->839->842->849->852->860->864->876->866->867->870->880->882->887->893->894->910->933->944->946->948->976->978->985->991->995->1017->1024->1031->1071->1077->1079->1091->1100->1110->1120->1116->1122->1139->1167->1168->1181->1175->1189->1192->1204->1182->1184->1193->1205->1210->1223->1229->1230->1241->1232->1237->1242->1244->1251->1269->1275->1278->1296->1322->1330->1348->1364->1353->1358->1366->1362->1368->1379->1381->1387->1390->1403->1417->1434->1428->1453->1462->1463->1481->1497->1500->1502->1503->1508->1510->1512->1521->1531->1518->1528->1540->1542->1554->1555->1568->1576->1582->1583->1594->1586->1590->1600->1618->1593->1601->1604->1595->1607->1616->1620->1630->1633->1641->1680->1688->1719->1739->1751->1755->1757->1776->1777->1798->1782->1785->1818->1821->1823->1824->1857->1859->1877->1861->1871->1890->1907->1906->1940->1941->1951->1969->1980->1978->1982->1986->1987->1991->1992->2002->2005->2013->2047->2059->2063->2071->2074->2077->2079->2099->2100->2116->2118->2121->2134->2137->2148->2158->2169->2171->2174->2181->2186->2196->2204->2208->2212->2217->2229->2461,2461->2500
N2500_PS_parking_cost_100_225_I1,2500,7696,125,3732,58,2491,2500,0.9,0.5,20.5,0.9,318625.515,2441,547,2441_S001,near,0.29180000000000067,0.001751,0.004,0.2683,0.0537,0.0577,10.09,19.976554000000036,2491->2493->2487->2484->2341->2328->2326->2320->2317->2305->2311->2300->2282->2268->2263->2256->2252->2251->2247->2244->2240->2226->2237->2220->2215->2235->2218->2214->2211->2202->2178->2156->2183->2170->2155->2154->2130->2109->2098->2085->2072->2082->2078->2069->2046->2038->2033->2030->2044->2028->2014->1968->1955->1902->1900->1894->1893->1882->1872->1864->1869->1863->1860->1841->1840->1832->1827->1826->1814->1813->1807->1789->1806->1781->1779->1774->1784->1780->1778->1767->1764->1740->1736->1735->1731->1718->1713->1707->1693->1681->1677->1672->1665->1664->1655->1649->1643->1637->1628->1610->1587->1579->1552->1550->1548->1547->1530->1537->1525->1492->1490->1488->1495->1479->1486->1471->1469->1465->1460->1430->1423->1406->1401->1391->1384->1380->1374->1373->1369->1359->1355->1344->1311->1301->1310->1298->1290->1281->1274->1270->1279->1262->1257->1254->1234->1219->1206->1228->1212->1203->1194->1197->1177->1170->1153->1152->1149->1142->1134->1130->1125->1117->1113->1129->1111->1099->1089->1075->1069->1065->1064->1063->1051->1042->1039->1050->1037->1036->1027->1006->988->981->969->929->924->917->912->904->903->896->892->905->888->885->878->877->874->865->857->856->851->818->813->810->805->786->762->761->757->755->725->715->711->723->705->696->691->697->698->689->687->681->674->667->661->659->657->636->609->599->592->588->576->574->586->568->575->564->560->549->547->545->543->540->538->561->532->542->530->539->526->525->527->508->501->476->469->463->467->744->739->450->436->430->422->415->408->393->387->690->381->372->375->371->362->626->366->349->334->337->521->314->491->266->492->500->259->254->235->438->206->209->410->198->196->193->190->183->339->174->335->341->333->326->318->301->278->147->137->354->41->66->39->38->55->81->77->69->68->86->84->58->46->35->23->21->1->2->3->13->14->16->17->18->24->19->20->32->45->27->34->54->29->53->89->98->67->85->111->119->114->129->122->123->125->133->134->181->191->184->189->146->156->166->158->173->212->224->231->197->204->202->260->263->268->275->288->290->293->306->317->358->363->379->384->394->407->396->397->401->406->398->403->413->440->454->449->453->455->460->468->471->482->497->517->518->536->537->546->551->553->555->562->569->570->573->593->600->602->615->628->637->642->658->668->694->700->713->721->734->745->748->749->753->763->765->764->766->783->793->784->791->815->816->821->826->830->839->842->849->852->860->864->866->867->870->880->882->887->893->894->910->933->944->946->956->976->978->985->991->995->1011->1017->1024->1031->1071->1077->1079->1091->1100->1110->1120->1116->1122->1139->1167->1168->1173->1175->1189->1192->1180->1182->1184->1193->1205->1210->1223->1229->1230->1241->1232->1237->1242->1244->1251->1269->1275->1278->1296->1322->1330->1348->1364->1353->1358->1366->1361->1362->1368->1379->1381->1387->1390->1403->1417->1434->1426->1428->1453->1462->1463->1481->1497->1500->1502->1503->1508->1510->1512->1531->1518->1528->1540->1542->1554->1555->1568->1576->1582->1583->1594->1586->1590->1588->1599->1618->1593->1601->1604->1607->1616->1620->1630->1633->1641->1680->1688->1719->1739->1751->1755->1757->1776->1777->1798->1782->1785->1818->1821->1823->1824->1857->1859->1861->1871->1890->1907->1906->1940->1941->1951->1969->1980->1978->1982->1987->1991->1992->2002->2005->2013->2047->2059->2063->2071->2074->2077->2079->2099->2100->2116->2118->2121->2134->2137->2148->2158->2169->2159->2171->2174->2181->2186->2196->2204->2208->2212->2217->2229->2441,2441->2500
N2500_PS_parking_cost_125_250_I1,2500,7696,125,3732,49,2491,2500,0.9,0.5,20.5,0.9,332874.654,2476,340,2476_S001,near,0.2880000000000007,0.001603,0.003195,0.1661,0.0332,0.036395,11.64,18.76789200000004,2491->2487->2493->2341->2328->2326->2320->2317->2300->2282->2268->2263->2256->2252->2251->2247->2257->2240->2226->2237->2220->2235->2218->2228->2211->2202->2178->2156->2170->2155->2154->2130->2109->2098->2085->2072->2082->2069->2046->2038->2033->2030->2044->2028->2017->2014->1968->1955->1902->1895->1894->1893->1882->1872->1864->1869->1863->1860->1841->1840->1832->1827->1826->1814->1813->1807->1789->1788->1781->1779->1774->1784->1780->1778->1767->1764->1740->1736->1735->1731->1718->1713->1707->1697->1693->1681->1677->1672->1665->1664->1655->1649->1643->1637->1628->1610->1587->1579->1552->1550->1548->1530->1537->1525->1492->1490->1488->1495->1479->1486->1471->1465->1460->1430->1423->1406->1401->1391->1384->1380->1374->1373->1369->1359->1355->1344->1311->1301->1310->1298->1290->1281->1274->1270->1279->1262->1257->1254->1234->1219->1206->1212->1203->1194->1197->1183->1177->1170->1153->1152->1149->1142->1134->1130->1125->1117->1113->1129->1111->1105->1099->1089->1075->1069->1065->1064->1063->1051->1042->1039->1050->1037->1036->1027->1006->988->981->969->961->929->924->917->912->904->903->896->892->905->888->885->878->877->874->865->857->856->851->813->810->805->786->762->761->757->755->725->715->711->708->705->696->691->697->689->687->681->674->667->659->657->636->609->599->592->588->576->574->586->568->575->564->560->549->547->545->543->540->538->561->532->542->534->824->792->772->747->519->508->501->476->469->463->450->439->437->436->430->408->393->387->381->688->371->362->626->366->349->334->337->331->521->314->491->284->500->259->254->457->206->209->201->198->196->193->190->383->380->178->174->335->341->333->326->318->162->175->169->153->147->137->354->41->62->101->116->215->182->5->6->10->13->14->15->24->19->28->22->30->34->54->29->49->98->94->67->85->111->119->114->129->122->123->125->133->134->181->191->184->189->216->187->223->195->166->167->158->173->185->197->199->204->202->260->263->275->288->290->293->306->317->358->363->379->384->394->407->396->397->401->406->398->403->413->440->449->455->460->461->462->471->482->497->517->518->536->537->546->551->553->555->562->569->570->573->593->600->602->615->628->637->642->658->668->694->700->713->721->734->745->748->749->753->763->764->766->783->784->791->815->816->821->826->830->839->842->849->852->860->864->866->867->870->880->882->887->893->894->910->933->944->946->948->976->978->985->991->995->1017->1024->1031->1071->1077->1079->1091->1100->1110->1120->1122->1139->1167->1168->1181->1175->1189->1192->1180->1204->1182->1184->1193->1205->1210->1223->1229->1230->1241->1232->1237->1242->1244->1251->1269->1275->1278->1296->1322->1330->1348->1364->1353->1358->1361->1362->1368->1379->1382->1387->1390->1403->1417->1434->1428->1453->1462->1463->1481->1497->1499->1500->1502->1503->1508->1510->1512->1531->1518->1528->1540->1542->1554->1555->1568->1576->1582->1583->1594->1586->1590->1600->1618->1593->1601->1595->1607->1616->1620->1630->1633->1641->1680->1688->1719->1739->1751->1755->1757->1776->1777->1798->1782->1785->1818->1821->1823->1824->1857->1859->1861->1871->1890->1907->1906->1940->1941->1951->1969->1980->1978->1982->1987->1991->2001->2002->2005->2013->2047->2059->2063->2071->2074->2077->2079->2099->2100->2116->2118->2121->2134->2137->2148->2158->2169->2171->2174->2181->2186->2196->2204->2208->2212->2217->2229->2476,2476->2500
N2500_PS_parking_cost_150_300_I1,2500,7696,125,3732,24,2491,2500,0.9,0.5,20.5,0.9,579562.45,2476,340,2476_S001,near,0.2959000000000009,0.001603,0.003195,0.1661,0.0332,0.036395,14.76,19.506492000000048,2491->2341->2328->2326->2320->2317->2305->2300->2282->2268->2263->2256->2252->2251->2247->2244->2240->2226->2237->2223->2220->2235->2218->2228->2214->2211->2202->2178->2156->2170->2155->2154->2130->2109->2098->2085->2072->2078->2082->2069->2046->2038->2033->2030->2044->2028->2014->1968->1955->1902->1895->1894->1893->1882->1872->1864->1869->1863->1860->1841->1840->1832->1827->1826->1814->1813->1807->1789->1788->1781->1779->1774->1784->1780->1778->1766->1767->1764->1740->1736->1735->1731->1718->1713->1707->1693->1681->1677->1672->1665->1664->1655->1649->1643->1637->1628->1625->1610->1587->1579->1552->1550->1548->1530->1537->1525->1492->1490->1488->1495->1479->1486->1471->1465->1460->1430->1423->1401->1391->1384->1380->1374->1373->1369->1359->1355->1344->1311->1301->1310->1298->1290->1281->1274->1270->1279->1262->1257->1254->1252->1219->1206->1228->1203->1194->1197->1183->1177->1170->1153->1152->1149->1142->1134->1130->1125->1117->1113->1129->1111->1105->1099->1089->1075->1069->1065->1064->1063->1051->1042->1039->1050->1037->1036->1027->1006->988->981->969->961->929->924->917->912->904->903->896->892->905->888->885->878->877->874->865->857->856->851->818->813->810->812->805->786->762->776->761->757->755->725->715->711->723->705->696->691->697->689->687->681->674->667->659->657->636->609->599->592->588->576->574->586->568->575->581->564->560->549->547->545->543->540->566->561->532->542->530->539->526->525->524->522->527->519->501->476->469->463->450->439->437->436->726->720->714->712->393->688->373->356->350->631->623->365->348->346->558->552->520->514->535->298->296->289->284->491->487->266->262->475->458->466->456->457->206->410->404->392->390->383->385->183->178->174->335->333->326->318->301->278->147->137->107->96->60->48->78->102->103->220->7->14->15->24->359->369->226->237->253->20->32->30->34->54->53->89->49->98->121->85->100->119->114->122->123->125->133->134->181->143->194->189->216->187->177->167->158->211->212->227->231->197->199->204->202->260->263->275->288->290->293->306->317->358->363->379->384->394->407->396->397->401->406->398->403->413->440->449->455->460->468->462->471->482->495->497->517->518->536->537->546->551->553->554->555->562->569->570->573->593->600->602->615->628->637->642->658->668->694->700->709->713->721->734->745->748->749->753->763->764->766->783->784->791->815->816->821->826->830->839->842->849->852->860->864->866->867->870->880->882->887->893->894->910->933->944->946->956->948->976->978->985->991->995->1017->1024->1031->1068->1071->1077->1079->1091->1100->1110->1120->1122->1139->1167->1168->1173->1175->1178->1192->1180->1182->1184->1193->1205->1210->1223->1229->1230->1241->1232->1237->1242->1244->1251->1269->1275->1278->1296->1322->1330->1348->1364->1353->1358->1361->1362->1368->1379->1381->1387->1390->1403->1417->1434->1426->1428->1453->1462->1463->1481->1497->1500->1502->1503->1508->1510->1512->1531->1518->1528->1540->1542->1554->1555->1568->1576->1582->1583->1594->1586->1588->1599->1618->1593->1601->1604->1607->1616->1620->1630->1633->1641->1680->1688->1719->1739->1751->1755->1757->1776->1777->1794->1798->1782->1785->1818->1821->1823->1824->1857->1861->1871->1890->1907->1906->1940->1941->1951->1969->1980->1978->1982->1987->1991->2001->2002->2005->2013->2047->2059->2081->2096->2110->2063->2071->2074->2077->2079->2099->2100->2116->2118->2121->2134->2137->2148->2158->2169->2171->2174->2181->2195->2186->2196->2204->2208->2212->2217->2229->2476,2476->2500
N2500_PS_parking_cost_80_205_I1,2500,7696,125,3732,63,2491,2500,0.9,0.5,20.5,0.9,803797.137,2476,340,2476_S001,near,0.31290000000000084,0.001603,0.003195,0.1661,0.0332,0.036395,6.66,19.614492000000048,2491->2341->2340->2332->2328->2326->2320->2317->2305->2300->2282->2268->2263->2256->2252->2251->2247->2244->2240->2226->2237->2220->2235->2236->2218->2228->2211->2202->2187->2178->2156->2183->2155->2154->2130->2109->2098->2085->2072->2078->2069->2046->2038->2033->2030->2044->2028->2014->1968->1955->1902->1895->1894->1893->1882->1872->1864->1869->1863->1860->1841->1840->1832->1827->1826->1814->1813->1807->1789->1806->1781->1779->1774->1784->1780->1778->1767->1764->1763->1740->1736->1735->1731->1718->1713->1707->1693->1689->1681->1677->1687->1672->1665->1664->1655->1649->1643->1637->1628->1610->1587->1579->1552->1550->1548->1530->1537->1525->1524->1492->1490->1488->1495->1479->1486->1471->1469->1465->1460->1430->1423->1401->1391->1384->1386->1380->1374->1373->1369->1359->1355->1344->1311->1301->1310->1298->1290->1281->1274->1270->1279->1262->1257->1254->1234->1219->1206->1212->1203->1194->1197->1177->1170->1153->1152->1149->1142->1134->1130->1125->1117->1113->1129->1111->1105->1099->1089->1075->1069->1065->1064->1063->1051->1055->1042->1039->1050->1037->1036->1027->1006->988->981->969->929->924->917->912->904->903->896->892->905->888->885->878->877->874->865->857->856->851->813->810->805->786->762->776->757->755->725->715->711->723->705->696->691->697->698->689->687->681->674->667->659->657->636->609->599->592->588->576->574->586->568->575->564->560->549->547->545->543->540->538->561->532->542->534->824->792->772->747->519->508->501->476->469->733->731->744->739->450->436->430->720->422->415->408->393->688->677->660->646->638->641->631->623->365->626->366->344->346->577->559->314->493->284->500->262->466->456->457->441->438->425->206->209->201->198->196->193->190->380->178->174->335->341->338->164->163->175->105->95->87->109->127->39->38->55->37->31->69->25->36->46->35->23->21->1->5->6->10->13->14->15->24->19->28->22->26->33->27->34->54->29->53->89->98->94->67->85->100->119->114->129->122->123->125->133->134->181->143->146->216->223->211->212->224->231->197->204->202->260->265->263->268->275->288->290->293->306->317->358->363->379->384->394->407->396->397->401->406->398->399->403->413->440->449->455->460->461->462->471->482->495->497->517->518->537->546->551->553->555->562->569->570->573->593->600->602->615->628->637->642->658->668->694->700->713->721->734->745->748->749->753->763->764->766->783->793->791->815->816->821->826->830->839->854->849->852->860->864->876->866->867->870->880->882->887->893->894->910->933->944->946->948->956->976->978->985->991->995->1017->1024->1031->1071->1077->1079->1091->1092->1100->1110->1120->1116->1122->1139->1167->1168->1181->1175->1178->1192->1204->1180->1182->1184->1193->1205->1210->1223->1229->1230->1241->1232->1237->1242->1244->1251->1269->1275->1278->1296->1322->1330->1348->1364->1353->1358->1361->1362->1368->1385->1379->1381->1387->1390->1403->1417->1434->1428->1453->1462->1463->1481->1497->1500->1502->1503->1508->1510->1512->1521->1531->1518->1528->1540->1542->1554->1555->1568->1576->1582->1583->1594->1586->1588->1599->1618->1593->1601->1604->1607->1616->1620->1633->1641->1680->1688->1719->1739->1751->1755->1757->1776->1777->1798->1782->1785->1818->1821->1823->1824->1857->1859->1861->1871->1875->1890->1907->1906->1940->1941->1951->1969->1980->1978->1982->1987->1991->1992->2001->2002->2005->2013->2047->2059->2063->2071->2074->2077->2079->2099->2100->2116->2118->2121->2134->2137->2148->2158->2169->2159->2174->2181->2186->2196->2204->2208->2212->2217->2229->2473->2461->2466->2476,2476->2500
N2500_PS_parking_supply_P10_I1,2500,7892,223,6689,63,2491,2500,0.9,0.5,20.5,0.9,420244.708,2461,390,2461_S001,near,0.8567000000000004,0.001717,0.003498,0.1953,0.0391,0.042598000000000004,7.5,49.40481000000002,2491->2341->2328->2326->2320->2317->2300->2282->2268->2263->2256->2252->2251->2247->2257->2240->2226->2237->2220->2235->2236->2218->2214->2211->2202->2187->2178->2156->2183->2170->2155->2154->2130->2109->2098->2085->2072->2082->2069->2046->2038->2033->2030->2044->2028->2014->1968->1955->1902->1895->1894->1893->1882->1872->1864->1869->1863->1860->1841->1840->1832->1827->1826->1814->1813->1807->1789->1788->1781->1779->1774->1784->1780->1778->1767->1764->1740->1736->1735->1731->1718->1713->1707->1693->1681->1677->1687->1672->1665->1664->1655->1649->1643->1637->1628->1610->1587->1579->1552->1550->1548->1530->1537->1525->1492->1490->1488->1495->1479->1486->1471->1469->1465->1460->1430->1423->1401->1391->1384->1386->1380->1374->1373->1369->1359->1355->1344->1311->1301->1310->1298->1290->1281->1274->1270->1279->1262->1257->1254->1234->1219->1206->1228->1203->1194->1197->1177->1170->1153->1152->1149->1142->1134->1130->1125->1117->1113->1129->1111->1099->1089->1075->1069->1065->1064->1063->1051->1042->1039->1050->1037->1036->1027->1006->988->981->969->929->924->917->912->904->903->896->892->905->888->885->878->877->874->865->857->856->851->813->810->805->786->762->761->757->755->725->715->711->708->723->705->696->691->697->689->687->681->674->667->659->657->636->609->599->592->588->576->574->586->568->575->564->560->549->547->545->543->540->538->566->561->548->542->534->539->526->524->522->527->519->747->737->476->469->463->731->739->727->726->430->408->393->688->373->626->365->353->348->346->594->331->521->520->514->516->509->493->491->487->492->500->262->259->254->235->233->232->230->229->217->228->210->206->209->201->198->409->404->392->390->383->385->380->178->174->168->164->163->162->155->108->61->52->51->50->82->101->116->215->182->248->253->20->26->33->27->34->54->53->89->49->67->94->121->85->100->119->114->122->123->125->133->134->181->191->143->146->156->187->195->211->212->224->231->197->204->202->260->265->263->275->288->290->293->306->317->358->363->379->384->394->407->396->397->401->406->398->403->413->440->449->455->460->468->471->482->497->517->518->537->546->551->553->554->555->562->569->570->573->593->600->602->615->628->637->642->658->668->694->700->713->721->734->745->748->749->753->763->764->766->783->793->791->815->816->821->826->830->839->842->849->852->860->864->866->867->870->880->882->889->887->893->894->910->933->944->946->948->976->978->985->991->995->1017->1024->1031->1068->1071->1077->1079->1091->1100->1110->1120->1122->1139->1167->2500->2461,2461->2500
N2500_PS_parking_supply_P15_I1,2500,7892,223,6689,63,2491,2500,0.9,0.5,20.5,0.9,422783.71,2461,390,2461_S001,near,0.8567000000000004,0.001717,0.003498,0.1953,0.0391,0.042598000000000004,7.5,49.40481000000002,2491->2341->2328->2326->2320->2317->2300->2282->2268->2263->2256->2252->2251->2247->2257->2240->2226->2237->2220->2235->2236->2218->2214->2211->2202->2187->2178->2156->2183->2170->2155->2154->2130->2109->2098->2085->2072->2082->2069->2046->2038->2033->2030->2044->2028->2014->1968->1955->1902->1895->1894->1893->1882->1872->1864->1869->1863->1860->1841->1840->1832->1827->1826->1814->1813->1807->1789->1788->1781->1779->1774->1784->1780->1778->1767->1764->1740->1736->1735->1731->1718->1713->1707->1693->1681->1677->1687->1672->1665->1664->1655->1649->1643->1637->1628->1610->1587->1579->1552->1550->1548->1530->1537->1525->1492->1490->1488->1495->1479->1486->1471->1469->1465->1460->1430->1423->1401->1391->1384->1386->1380->1374->1373->1369->1359->1355->1344->1311->1301->1310->1298->1290->1281->1274->1270->1279->1262->1257->1254->1234->1219->1206->1228->1203->1194->1197->1177->1170->1153->1152->1149->1142->1134->1130->1125->1117->1113->1129->1111->1099->1089->1075->1069->1065->1064->1063->1051->1042->1039->1050->1037->1036->1027->1006->988->981->969->929->924->917->912->904->903->896->892->905->888->885->878->877->874->865->857->856->851->813->810->805->786->762->761->757->755->725->715->711->708->723->705->696->691->697->689->687->681->674->667->659->657->636->609->599->592->588->576->574->586->568->575->564->560->549->547->545->543->540->538->566->561->548->542->534->539->526->524->522->527->519->747->737->476->469->463->731->739->727->726->430->408->393->688->373->626->365->353->348->346->594->331->521->520->514->516->509->493->491->487->492->500->262->259->254->235->233->232->230->229->217->228->210->206->209->201->198->409->404->392->390->383->385->380->178->174->168->164->163->162->155->108->61->52->51->50->82->101->116->215->182->248->253->20->26->33->27->34->54->53->89->49->67->94->121->85->100->119->114->122->123->125->133->134->181->191->143->146->156->187->195->211->212->224->231->197->204->202->260->265->263->275->288->290->293->306->317->358->363->379->384->394->407->396->397->401->406->398->403->413->440->449->455->460->468->471->482->497->517->518->537->546->551->553->554->555->562->569->570->573->593->600->602->615->628->637->642->658->668->694->700->713->721->734->745->748->749->753->763->764->766->783->793->791->815->816->821->826->830->839->842->849->852->860->864->866->867->870->880->882->889->887->893->894->910->933->944->946->948->976->978->985->991->995->1017->1024->1031->1068->1071->1077->1079->1091->1100->1110->1120->1122->1139->1167->2500->2461,2461->2500
N2500_PS_parking_supply_P20_I1,2500,7892,223,6689,63,2491,2500,0.9,0.5,20.5,0.9,421390.035,2461,390,2461_S001,near,0.8567000000000004,0.001717,0.003498,0.1953,0.0391,0.042598000000000004,7.5,49.40481000000002,2491->2341->2328->2326->2320->2317->2300->2282->2268->2263->2256->2252->2251->2247->2257->2240->2226->2237->2220->2235->2236->2218->2214->2211->2202->2187->2178->2156->2183->2170->2155->2154->2130->2109->2098->2085->2072->2082->2069->2046->2038->2033->2030->2044->2028->2014->1968->1955->1902->1895->1894->1893->1882->1872->1864->1869->1863->1860->1841->1840->1832->1827->1826->1814->1813->1807->1789->1788->1781->1779->1774->1784->1780->1778->1767->1764->1740->1736->1735->1731->1718->1713->1707->1693->1681->1677->1687->1672->1665->1664->1655->1649->1643->1637->1628->1610->1587->1579->1552->1550->1548->1530->1537->1525->1492->1490->1488->1495->1479->1486->1471->1469->1465->1460->1430->1423->1401->1391->1384->1386->1380->1374->1373->1369->1359->1355->1344->1311->1301->1310->1298->1290->1281->1274->1270->1279->1262->1257->1254->1234->1219->1206->1228->1203->1194->1197->1177->1170->1153->1152->1149->1142->1134->1130->1125->1117->1113->1129->1111->1099->1089->1075->1069->1065->1064->1063->1051->1042->1039->1050->1037->1036->1027->1006->988->981->969->929->924->917->912->904->903->896->892->905->888->885->878->877->874->865->857->856->851->813->810->805->786->762->761->757->755->725->715->711->708->723->705->696->691->697->689->687->681->674->667->659->657->636->609->599->592->588->576->574->586->568->575->564->560->549->547->545->543->540->538->566->561->548->542->534->539->526->524->522->527->519->747->737->476->469->463->731->739->727->726->430->408->393->688->373->626->365->353->348->346->594->331->521->520->514->516->509->493->491->487->492->500->262->259->254->235->233->232->230->229->217->228->210->206->209->201->198->409->404->392->390->383->385->380->178->174->168->164->163->162->155->108->61->52->51->50->82->101->116->215->182->248->253->20->26->33->27->34->54->53->89->49->67->94->121->85->100->119->114->122->123->125->133->134->181->191->143->146->156->187->195->211->212->224->231->197->204->202->260->265->263->275->288->290->293->306->317->358->363->379->384->394->407->396->397->401->406->398->403->413->440->449->455->460->468->471->482->497->517->518->537->546->551->553->554->555->562->569->570->573->593->600->602->615->628->637->642->658->668->694->700->713->721->734->745->748->749->753->763->764->766->783->793->791->815->816->821->826->830->839->842->849->852->860->864->866->867->870->880->882->889->887->893->894->910->933->944->946->948->976->978->985->991->995->1017->1024->1031->1068->1071->1077->1079->1091->1100->1110->1120->1122->1139->1167->2500->2461,2461->2500
N2500_PS_parking_supply_P5_I1,2500,7696,125,3732,63,2491,2500,0.9,0.5,20.5,0.9,830238.262,2476,340,2476_S001,near,0.31290000000000084,0.001603,0.003195,0.1661,0.0332,0.036395,6.66,19.614492000000048,2491->2341->2340->2332->2328->2326->2320->2317->2305->2300->2282->2268->2263->2256->2252->2251->2247->2244->2240->2226->2237->2220->2235->2236->2218->2228->2211->2202->2187->2178->2156->2183->2155->2154->2130->2109->2098->2085->2072->2078->2069->2046->2038->2033->2030->2044->2028->2014->1968->1955->1902->1895->1894->1893->1882->1872->1864->1869->1863->1860->1841->1840->1832->1827->1826->1814->1813->1807->1789->1806->1781->1779->1774->1784->1780->1778->1767->1764->1763->1740->1736->1735->1731->1718->1713->1707->1693->1689->1681->1677->1687->1672->1665->1664->1655->1649->1643->1637->1628->1610->1587->1579->1552->1550->1548->1530->1537->1525->1524->1492->1490->1488->1495->1479->1486->1471->1469->1465->1460->1430->1423->1401->1391->1384->1386->1380->1374->1373->1369->1359->1355->1344->1311->1301->1310->1298->1290->1281->1274->1270->1279->1262->1257->1254->1234->1219->1206->1212->1203->1194->1197->1177->1170->1153->1152->1149->1142->1134->1130->1125->1117->1113->1129->1111->1105->1099->1089->1075->1069->1065->1064->1063->1051->1055->1042->1039->1050->1037->1036->1027->1006->988->981->969->929->924->917->912->904->903->896->892->905->888->885->878->877->874->865->857->856->851->813->810->805->786->762->776->757->755->725->715->711->723->705->696->691->697->698->689->687->681->674->667->659->657->636->609->599->592->588->576->574->586->568->575->564->560->549->547->545->543->540->538->561->532->542->534->824->792->772->747->519->508->501->476->469->733->731->744->739->450->436->430->720->422->415->408->393->688->677->660->646->638->641->631->623->365->626->366->344->346->577->559->314->493->284->500->262->466->456->457->441->438->425->206->209->201->198->196->193->190->380->178->174->335->341->338->164->163->175->105->95->87->109->127->39->38->55->37->31->69->25->36->46->35->23->21->1->5->6->10->13->14->15->24->19->28->22->26->33->27->34->54->29->53->89->98->94->67->85->100->119->114->129->122->123->125->133->134->181->143->146->216->223->211->212->224->231->197->204->202->260->265->263->268->275->288->290->293->306->317->358->363->379->384->394->407->396->397->401->406->398->399->403->413->440->449->455->460->461->462->471->482->495->497->517->518->537->546->551->553->555->562->569->570->573->593->600->602->615->628->637->642->658->668->694->700->713->721->734->745->748->749->753->763->764->766->783->793->791->815->816->821->826->830->839->854->849->852->860->864->876->866->867->870->880->882->887->893->894->910->933->944->946->948->956->976->978->985->991->995->1017->1024->1031->1071->1077->1079->1091->1092->1100->1110->1120->1116->1122->1139->1167->1168->1181->1175->1178->1192->1204->1180->1182->1184->1193->1205->1210->1223->1229->1230->1241->1232->1237->1242->1244->1251->1269->1275->1278->1296->1322->1330->1348->1364->1353->1358->1361->1362->1368->1385->1379->1381->1387->1390->1403->1417->1434->1428->1453->1462->1463->1481->1497->1500->1502->1503->1508->1510->1512->1521->1531->1518->1528->1540->1542->1554->1555->1568->1576->1582->1583->1594->1586->1588->1599->1618->1593->1601->1604->1607->1616->1620->1633->1641->1680->1688->1719->1739->1751->1755->1757->1776->1777->1798->1782->1785->1818->1821->1823->1824->1857->1859->1861->1871->1875->1890->1907->1906->1940->1941->1951->1969->1980->1978->1982->1987->1991->1992->2001->2002->2005->2013->2047->2059->2063->2071->2074->2077->2079->2099->2100->2116->2118->2121->2134->2137->2148->2158->2169->2159->2174->2181->2186->2196->2204->2208->2212->2217->2229->2473->2461->2466->2476,2476->2500
N2500_PS_spot_availability_A10_I1,2500,7696,125,3732,63,2491,2500,0.9,0.5,20.5,0.9,809930.225,2476,340,2476_S001,near,0.31290000000000084,0.001603,0.003195,0.1661,0.0332,0.036395,6.66,19.614492000000048,2491->2341->2340->2332->2328->2326->2320->2317->2305->2300->2282->2268->2263->2256->2252->2251->2247->2244->2240->2226->2237->2220->2235->2236->2218->2228->2211->2202->2187->2178->2156->2183->2155->2154->2130->2109->2098->2085->2072->2078->2069->2046->2038->2033->2030->2044->2028->2014->1968->1955->1902->1895->1894->1893->1882->1872->1864->1869->1863->1860->1841->1840->1832->1827->1826->1814->1813->1807->1789->1806->1781->1779->1774->1784->1780->1778->1767->1764->1763->1740->1736->1735->1731->1718->1713->1707->1693->1689->1681->1677->1687->1672->1665->1664->1655->1649->1643->1637->1628->1610->1587->1579->1552->1550->1548->1530->1537->1525->1524->1492->1490->1488->1495->1479->1486->1471->1469->1465->1460->1430->1423->1401->1391->1384->1386->1380->1374->1373->1369->1359->1355->1344->1311->1301->1310->1298->1290->1281->1274->1270->1279->1262->1257->1254->1234->1219->1206->1212->1203->1194->1197->1177->1170->1153->1152->1149->1142->1134->1130->1125->1117->1113->1129->1111->1105->1099->1089->1075->1069->1065->1064->1063->1051->1055->1042->1039->1050->1037->1036->1027->1006->988->981->969->929->924->917->912->904->903->896->892->905->888->885->878->877->874->865->857->856->851->813->810->805->786->762->776->757->755->725->715->711->723->705->696->691->697->698->689->687->681->674->667->659->657->636->609->599->592->588->576->574->586->568->575->564->560->549->547->545->543->540->538->561->532->542->534->824->792->772->747->519->508->501->476->469->733->731->744->739->450->436->430->720->422->415->408->393->688->677->660->646->638->641->631->623->365->626->366->344->346->577->559->314->493->284->500->262->466->456->457->441->438->425->206->209->201->198->196->193->190->380->178->174->335->341->338->164->163->175->105->95->87->109->127->39->38->55->37->31->69->25->36->46->35->23->21->1->5->6->10->13->14->15->24->19->28->22->26->33->27->34->54->29->53->89->98->94->67->85->100->119->114->129->122->123->125->133->134->181->143->146->216->223->211->212->224->231->197->204->202->260->265->263->268->275->288->290->293->306->317->358->363->379->384->394->407->396->397->401->406->398->399->403->413->440->449->455->460->461->462->471->482->495->497->517->518->537->546->551->553->555->562->569->570->573->593->600->602->615->628->637->642->658->668->694->700->713->721->734->745->748->749->753->763->764->766->783->793->791->815->816->821->826->830->839->854->849->852->860->864->876->866->867->870->880->882->887->893->894->910->933->944->946->948->956->976->978->985->991->995->1017->1024->1031->1071->1077->1079->1091->1092->1100->1110->1120->1116->1122->1139->1167->1168->1181->1175->1178->1192->1204->1180->1182->1184->1193->1205->1210->1223->1229->1230->1241->1232->1237->1242->1244->1251->1269->1275->1278->1296->1322->1330->1348->1364->1353->1358->1361->1362->1368->1385->1379->1381->1387->1390->1403->1417->1434->1428->1453->1462->1463->1481->1497->1500->1502->1503->1508->1510->1512->1521->1531->1518->1528->1540->1542->1554->1555->1568->1576->1582->1583->1594->1586->1588->1599->1618->1593->1601->1604->1607->1616->1620->1633->1641->1680->1688->1719->1739->1751->1755->1757->1776->1777->1798->1782->1785->1818->1821->1823->1824->1857->1859->1861->1871->1875->1890->1907->1906->1940->1941->1951->1969->1980->1978->1982->1987->1991->1992->2001->2002->2005->2013->2047->2059->2063->2071->2074->2077->2079->2099->2100->2116->2118->2121->2134->2137->2148->2158->2169->2159->2174->2181->2186->2196->2204->2208->2212->2217->2229->2473->2461->2466->2476,2476->2500
N2500_PS_spot_availability_A20_I1,2500,7696,125,3732,126,2491,2500,0.9,0.5,20.5,0.9,380901.263,2425,689,2425_S001,near,0.2957000000000006,0.001791,0.004334,0.3145,0.0629,0.067234,7.05,20.40015000000003,2491->2341->2328->2326->2320->2317->2300->2282->2268->2263->2256->2252->2251->2247->2257->2240->2226->2237->2220->2235->2218->2228->2211->2202->2178->2156->2170->2155->2154->2130->2109->2098->2085->2072->2082->2069->2046->2038->2033->2030->2044->2028->2014->1968->1955->1902->1895->1894->1893->1882->1872->1864->1869->1863->1860->1841->1840->1832->1827->1826->1814->1813->1807->1789->1788->1781->1779->1774->1784->1780->1778->1767->1764->1763->1740->1736->1735->1731->1718->1713->1707->1693->1681->1677->1672->1665->1664->1655->1649->1643->1637->1628->1610->1587->1579->1552->1550->1548->1547->1530->1537->1525->1492->1490->1488->1495->1479->1486->1471->1465->1460->1430->1423->1406->1401->1391->1384->1380->1374->1373->1369->1359->1355->1344->1311->1301->1310->1298->1290->1281->1274->1270->1279->1262->1257->1254->1234->1219->1206->1228->1203->1194->1197->1177->1170->1153->1152->1149->1142->1134->1130->1125->1117->1113->1129->1111->1099->1089->1075->1069->1065->1064->1063->1051->1042->1039->1050->1037->1036->1027->1006->988->981->969->929->924->917->912->904->903->896->892->905->888->885->878->877->874->865->857->856->851->813->810->805->786->762->761->757->755->741->725->715->711->723->705->696->691->697->689->687->681->674->667->659->657->636->609->599->592->588->576->574->586->568->575->564->560->549->547->545->543->540->538->561->532->542->534->792->772->525->527->508->501->476->469->463->467->744->739->732->439->437->436->430->422->415->408->714->712->706->387->381->372->375->371->362->626->625->346->558->552->520->514->516->299->500->259->254->457->206->420->418->409->198->196->390->383->380->370->168->164->326->318->301->278->147->138->88->79->57->80->65->62->101->116->215->179->10->11->15->8->12->24->19->28->22->30->34->54->29->49->85->111->119->114->129->122->123->125->133->134->181->143->146->156->166->158->173->212->227->231->197->199->204->202->260->263->275->288->290->293->306->317->358->363->379->384->402->394->407->396->397->401->406->398->399->403->413->440->449->455->460->468->471->482->497->517->518->537->546->551->553->555->562->569->570->573->593->600->602->615->628->637->642->658->668->694->700->713->721->734->745->748->749->753->763->764->766->783->793->784->791->815->816->821->826->830->839->842->849->852->860->864->876->866->867->870->880->882->887->893->894->910->933->944->946->956->976->978->985->991->995->1017->1024->1031->1071->1077->1079->1091->1100->1110->1120->1116->1122->1139->1167->1168->1181->1175->1189->1192->1204->1180->1182->1184->1193->1205->1210->1223->1229->1230->1241->1232->1237->1242->1244->1251->1269->1275->1278->1296->1322->1330->1348->1364->1353->1358->1366->1362->1368->1385->1379->1382->1387->1390->1403->1417->1434->1426->1428->1453->1462->1463->1481->1497->1500->1502->1503->1508->1510->1512->1531->1518->1528->1540->1542->1554->1555->1568->1576->1582->1583->1594->1586->1590->1600->1599->1618->1593->1601->1604->1595->1607->1616->1620->1630->1633->1641->1680->1688->1719->1739->1751->1755->1757->1776->1777->1798->1782->1785->1818->1821->1823->1824->1857->1861->1871->1890->1907->1906->1940->1941->1951->1969->1980->1978->1982->1986->1987->1991->1992->2002->2005->2013->2047->2049->2065->2050->2059->2063->2071->2074->2077->2079->2099->2100->2116->2118->2121->2134->2137->2148->2158->2169->2159->2174->2181->2186->2196->2204->2208->2212->2217->2229->2425,2425->2500
N2500_PS_spot_availability_A30_I1,2500,7696,125,3732,180,2491,2500,0.9,0.5,20.5,0.9,401422.137,2425,689,2425_S001,near,0.3311000000000014,0.001791,0.004334,0.3145,0.0629,0.067234,7.05,22.311750000000075,2491->2341->2328->2326->2320->2317->2300->2282->2268->2263->2256->2252->2251->2247->2257->2240->2226->2237->2220->2215->2235->2218->2214->2211->2202->2178->2156->2170->2155->2154->2130->2109->2098->2085->2072->2082->2069->2046->2038->2033->2030->2044->2028->2017->2014->1968->1955->1902->1895->1894->1893->1882->1872->1864->1869->1863->1860->1841->1840->1832->1827->1826->1814->1813->1807->1789->1788->1781->1779->1774->1784->1780->1778->1767->1764->1740->1736->1735->1731->1718->1713->1707->1693->1689->1681->1677->1672->1665->1664->1655->1649->1643->1637->1628->1610->1587->1579->1552->1550->1548->1547->1530->1537->1525->1524->1492->1490->1488->1495->1479->1486->1471->1465->1460->1430->1423->1401->1391->1384->1380->1374->1373->1369->1359->1355->1344->1311->1301->1310->1298->1290->1281->1274->1270->1279->1262->1257->1254->1234->1219->1206->1228->1203->1194->1197->1177->1170->1153->1152->1149->1142->1134->1130->1125->1117->1113->1129->1111->1099->1089->1075->1069->1065->1064->1063->1051->1042->1039->1050->1037->1036->1027->1006->988->981->969->929->924->917->912->907->904->903->896->892->905->888->885->878->877->874->865->857->856->851->813->810->805->786->762->761->757->755->725->715->711->723->705->696->691->697->698->689->687->681->674->667->659->657->636->609->599->592->588->576->574->586->568->575->564->560->549->547->545->543->540->566->561->532->542->534->792->772->525->527->508->501->737->476->469->463->467->744->739->732->439->437->436->430->422->720->714->712->393->387->381->688->371->362->626->625->349->558->314->493->284->266->500->259->254->235->438->206->410->198->196->193->190->183->339->174->335->333->341->168->164->163->175->105->118->95->87->99->83->76->136->127->39->44->104->86->84->46->35->23->21->1->2->3->7->14->16->17->18->12->8->15->24->19->20->32->45->27->34->54->29->49->85->111->119->114->122->123->125->133->134->181->143->146->156->166->158->173->212->227->185->192->204->202->260->263->275->288->290->293->306->317->358->363->379->384->402->394->407->396->397->401->406->398->403->413->440->449->453->455->460->468->471->482->497->517->518->537->546->551->553->555->562->569->570->573->593->600->602->615->628->637->642->658->668->694->700->713->721->734->745->748->749->753->763->764->766->783->784->793->791->815->816->821->826->830->839->842->849->852->860->864->876->866->867->870->880->882->887->893->894->910->933->944->946->948->976->978->985->991->995->1017->1024->1031->1071->1077->1079->1091->1100->1110->1120->1116->1122->1139->1167->1168->1181->1175->1178->1192->1180->1204->1182->1184->1193->1205->1210->1223->1229->1230->1241->1232->1237->1242->1244->1251->1269->1275->1278->1296->1322->1330->1348->1364->1353->1358->1366->1362->1368->1379->1382->1381->1387->1390->1403->1417->1408->1426->1428->1453->1462->1463->1481->1497->1500->1502->1503->1508->1510->1512->1531->1518->1528->1540->1542->1554->1555->1568->1576->1582->1583->1594->1586->1588->1590->1600->1618->1593->1601->1604->1607->1616->1620->1633->1641->1680->1688->1719->1739->1751->1755->1757->1776->1777->1798->1782->1785->1818->1821->1823->1824->1857->1859->1861->1871->1890->1907->1906->1940->1941->1951->1969->1980->1978->1982->1986->1987->1991->1992->2002->2005->2013->2047->2059->2063->2071->2074->2077->2079->2099->2100->2116->2118->2121->2134->2137->2148->2158->2169->2171->2174->2181->2186->2196->2207->2204->2208->2212->2217->2229->2425,2425->2500
N2500_PS_spot_availability_A40_I1,2500,7696,125,3732,225,2491,2500,0.9,0.5,20.5,0.9,397083.051,2461,390,2461_S001,near,0.28010000000000035,0.001717,0.003498,0.1953,0.0391,0.042598000000000004,7.5,18.268410000000024,2491->2341->2328->2326->2320->2317->2300->2282->2268->2263->2256->2252->2251->2247->2257->2240->2226->2237->2220->2215->2235->2218->2228->2211->2202->2178->2156->2170->2183->2155->2154->2130->2109->2098->2085->2072->2082->2078->2069->2046->2038->2033->2030->2044->2028->2017->2014->1968->1955->1902->1900->1894->1893->1882->1872->1864->1869->1863->1860->1841->1840->1832->1827->1826->1814->1813->1807->1789->1806->1781->1779->1774->1784->1780->1778->1767->1764->1740->1736->1735->1731->1718->1713->1707->1693->1681->1677->1672->1665->1664->1655->1649->1643->1637->1628->1610->1587->1579->1552->1550->1548->1547->1530->1537->1525->1492->1490->1488->1495->1479->1486->1471->1465->1460->1430->1423->1406->1401->1391->1384->1380->1374->1373->1369->1359->1355->1344->1311->1301->1310->1298->1290->1281->1274->1270->1279->1262->1257->1254->1234->1219->1206->1228->1203->1194->1197->1177->1170->1153->1152->1149->1142->1134->1130->1125->1117->1113->1129->1111->1099->1089->1075->1069->1065->1064->1063->1051->1055->1042->1039->1050->1037->1036->1027->1006->988->981->969->929->924->917->912->904->903->896->892->905->888->885->878->877->874->865->857->856->851->813->810->805->786->762->761->757->755->725->715->711->723->705->696->691->697->698->689->687->681->674->667->659->657->636->609->599->592->588->576->574->586->568->575->581->560->549->547->545->543->540->566->561->532->542->534->824->792->772->525->527->519->501->476->469->463->450->439->437->436->430->415->422->720->714->712->706->387->393->688->677->660->646->638->641->631->633->635->626->625->349->346->558->552->520->514->516->299->500->259->254->235->233->438->206->410->198->196->390->383->380->370->168->164->163->175->105->115->52->51->50->82->176->182->5->6->2->3->7->14->15->18->24->19->28->22->30->34->54->29->49->85->100->119->114->129->122->123->125->133->134->181->143->146->156->166->158->173->212->227->231->192->199->204->202->260->263->275->288->290->293->306->317->358->363->379->384->394->407->396->397->401->406->398->403->413->440->449->455->460->468->471->482->497->517->518->537->546->551->553->555->562->569->570->573->593->600->602->615->628->637->642->658->668->694->700->713->721->734->745->748->749->753->763->764->766->783->784->793->791->815->816->821->826->830->839->842->849->852->860->864->876->866->867->870->880->882->887->893->894->910->933->944->946->948->976->978->985->991->995->1017->1024->1031->1071->1077->1079->1091->1100->1110->1120->1116->1122->1139->1167->1168->1173->1175->1189->1192->1204->1180->1182->1184->1193->1205->1210->1223->1229->1230->1241->1232->1237->1242->1244->1251->1269->1275->1278->1296->1322->1330->1348->1364->1353->1358->1366->1362->1368->1385->1379->1382->1387->1390->1403->1417->1434->1428->1453->1462->1463->1481->1497->1500->1502->1503->1508->1510->1512->1531->1518->1528->1540->1542->1554->1555->1568->1576->1582->1583->1594->1586->1590->1599->1618->1593->1601->1604->1595->1607->1616->1620->1633->1641->1680->1688->1719->1739->1751->1755->1757->1776->1777->1798->1782->1785->1818->1821->1823->1824->1857->1859->1861->1871->1875->1890->1907->1906->1940->1941->1951->1969->1980->1978->1982->1986->1987->1991->2001->2002->2005->2013->2047->2059->2063->2071->2074->2077->2079->2099->2100->2116->2118->2121->2134->2137->2148->2158->2169->2159->2174->2181->2195->2186->2196->2204->2208->2212->2217->2229->2461,2461->2500
N2500_PS_spots_per_lot_S1020_I1,2500,7696,125,2205,38,2491,2500,0.9,0.5,20.5,0.9,370458.67,2476,217,2476_S003,near,0.3032000000000006,0.001127,0.003048,0.1661,0.0332,0.036248,5.88,18.979050000000033,2491->2487->2341->2328->2326->2320->2317->2300->2282->2268->2263->2256->2252->2251->2247->2257->2240->2226->2237->2220->2215->2235->2218->2228->2211->2202->2178->2156->2170->2155->2154->2130->2109->2098->2085->2072->2082->2069->2046->2038->2033->2030->2044->2028->2017->2014->1968->1955->1902->1895->1894->1893->1882->1872->1864->1869->1863->1860->1841->1840->1832->1827->1826->1814->1813->1807->1789->1788->1781->1779->1774->1784->1780->1778->1767->1764->1763->1740->1736->1735->1731->1718->1713->1707->1693->1681->1677->1702->1687->1672->1665->1664->1655->1649->1643->1637->1628->1610->1587->1579->1552->1550->1548->1530->1537->1525->1492->1490->1488->1495->1479->1486->1471->1465->1460->1430->1423->1406->1401->1391->1384->1380->1374->1373->1369->1359->1355->1344->1311->1301->1310->1298->1290->1281->1274->1270->1279->1262->1257->1254->1234->1219->1206->1228->1203->1194->1197->1177->1170->1153->1152->1149->1142->1134->1130->1125->1117->1113->1129->1111->1099->1089->1075->1069->1065->1064->1063->1051->1055->1042->1039->1050->1037->1036->1027->1006->988->981->969->929->924->917->912->904->903->896->892->905->888->885->878->877->874->865->857->856->851->818->813->810->805->786->762->776->761->757->755->725->715->711->708->705->696->691->697->689->687->695->681->674->667->661->659->657->636->609->599->592->588->576->574->586->568->575->564->560->549->547->545->543->540->566->561->532->542->534->530->539->526->525->527->508->501->476->469->463->731->744->739->450->439->437->436->430->415->408->393->706->387->372->375->371->362->626->625->346->558->321->309->516->299->289->500->259->254->457->441->438->425->424->244->230->420->206->410->198->196->390->383->385->380->178->174->335->333->326->318->301->278->147->137->354->41->66->56->38->39->44->75->77->69->176->182->1->2->3->13->14->16->17->18->24->19->28->22->26->32->45->27->34->54->29->49->85->100->119->114->129->122->123->125->133->152->134->181->143->146->156->166->158->173->185->192->204->202->260->263->275->288->290->293->306->317->358->363->379->384->402->394->407->396->397->401->406->398->399->403->413->440->449->453->455->460->468->471->482->497->517->518->536->537->546->551->553->555->562->569->570->573->593->600->602->615->628->637->642->658->668->694->700->709->713->721->734->745->748->749->753->763->765->764->766->783->784->793->791->815->816->821->826->830->839->842->849->852->860->864->866->867->870->880->882->887->893->894->910->933->944->946->956->976->978->985->991->995->1017->1024->1031->1071->1077->1079->1091->1100->1110->1120->1116->1122->1139->1167->1168->1181->1175->1189->1192->1204->1180->1182->1184->1193->1205->1210->1223->1229->1230->1241->1232->1237->1242->1244->1251->1269->1275->1278->1296->1322->1330->1348->1364->1353->1358->1366->1362->1368->1379->1382->1387->1390->1403->1417->1434->1408->1426->1428->1453->1462->1463->1481->1497->1500->1502->1503->1508->1510->1512->1531->1518->1528->1540->1542->1554->1555->1568->1576->1582->1583->1594->1586->1590->1600->1618->1593->1601->1604->1607->1616->1620->1630->1633->1641->1680->1688->1719->1739->1751->1755->1757->1776->1777->1798->1782->1791->1785->1818->1821->1823->1824->1857->1859->1861->1871->1890->1907->1906->1940->1941->1951->1969->1980->1978->1982->1987->1991->2001->2002->2005->2013->2047->2049->2065->2081->2089->2110->2063->2071->2074->2077->2079->2099->2100->2116->2118->2121->2134->2137->2148->2158->2169->2159->2174->2181->2186->2196->2204->2208->2212->2217->2229->2476,2476->2500
N2500_PS_spots_per_lot_S2040_I1,2500,7696,125,4404,73,2491,2500,0.9,0.5,20.5,0.9,418758.583,2452,644,2452_S002,near,0.2913000000000007,0.001355,0.003724,0.2516,0.0503,0.054023999999999996,13.63,20.08366600000004,2491->2487->2484->2481->2478->2341->2328->2326->2320->2317->2300->2282->2268->2263->2256->2252->2251->2247->2257->2240->2226->2237->2220->2215->2235->2236->2218->2228->2211->2202->2178->2156->2183->2170->2155->2154->2136->2130->2109->2098->2085->2072->2082->2069->2046->2038->2033->2030->2044->2028->2014->1968->1955->1902->1895->1894->1893->1882->1872->1864->1869->1863->1860->1841->1840->1832->1827->1826->1814->1813->1807->1789->1788->1781->1779->1774->1784->1780->1778->1767->1764->1740->1736->1735->1731->1718->1713->1707->1693->1681->1677->1672->1665->1673->1664->1655->1649->1643->1637->1628->1610->1587->1579->1552->1550->1548->1530->1537->1525->1492->1490->1488->1495->1479->1486->1471->1465->1460->1430->1423->1401->1391->1384->1380->1374->1373->1369->1359->1355->1344->1311->1301->1310->1298->1290->1281->1274->1270->1279->1262->1257->1254->1234->1219->1206->1228->1203->1194->1197->1177->1170->1153->1152->1149->1142->1134->1130->1125->1117->1113->1129->1111->1105->1099->1089->1075->1069->1065->1064->1063->1051->1055->1042->1039->1050->1037->1036->1027->1006->988->981->969->929->924->917->912->904->903->896->892->905->888->885->878->877->874->865->857->856->851->813->810->812->805->786->762->776->761->757->755->741->725->715->711->723->705->696->691->697->698->689->687->695->681->674->667->659->657->636->609->599->592->588->576->574->586->568->575->564->560->549->547->545->543->540->566->561->532->542->530->539->526->525->527->519->508->501->476->469->463->467->744->739->450->439->437->436->430->422->415->408->393->712->706->387->381->372->375->371->362->626->625->346->587->577->324->516->299->289->284->266->500->492->485->479->475->458->464->456->457->441->438->425->424->244->230->229->217->228->410->198->196->193->190->380->178->174->335->333->326->316->301->278->147->137->354->41->62->65->116->215->182->5->6->2->3->4->8->12->24->19->28->22->26->33->45->27->34->54->29->49->85->100->119->114->129->122->123->125->133->134->181->143->146->216->223->211->212->227->231->197->204->202->260->263->268->275->288->290->293->306->317->358->363->379->384->394->407->396->397->401->406->398->403->413->440->449->455->460->461->468->471->482->497->517->518->537->546->551->553->555->562->569->570->573->593->600->602->615->628->637->642->658->668->694->700->713->721->734->745->748->749->753->763->765->764->766->783->793->784->791->815->816->821->826->830->839->842->849->852->860->864->876->866->867->870->880->882->887->893->894->910->933->944->946->948->976->978->985->991->995->1017->1024->1031->1068->1071->1077->1079->1091->1100->1110->1120->1116->1122->1139->1167->1168->1173->1175->1189->1192->1204->1182->1184->1193->1205->1210->1223->1229->1230->1241->1232->1237->1242->1244->1251->1269->1275->1278->1296->1322->1330->1348->1364->1353->1358->1366->1362->1368->1385->1379->1381->1387->1390->1403->1417->1408->1426->1428->1453->1462->1463->1481->1497->1500->1502->1503->1508->1510->1512->1521->1522->1518->1528->1540->1542->1554->1555->1568->1576->1582->1583->1594->1586->1590->1600->1599->1618->1593->1601->1595->1604->1607->1616->1620->1630->1633->1641->1680->1688->1719->1739->1751->1755->1757->1776->1777->1798->1782->1785->1818->1821->1823->1824->1857->1859->1861->1871->1890->1907->1906->1940->1941->1951->1969->1980->1978->1982->1987->1991->1992->2002->2005->2013->2047->2049->2050->2059->2063->2071->2074->2077->2079->2099->2100->2116->2118->2121->2134->2137->2148->2158->2169->2171->2174->2181->2195->2186->2196->2204->2208->2212->2217->2229->2430->2439->2441->2452,2452->2500
N2500_PS_spots_per_lot_S4060_I1,2500,7696,125,6600,101,2491,2500,0.9,0.5,20.5,0.9,574243.417,2439,1130,2439_S005,near,0.3092000000000008,0.001703,0.005067,0.2799,0.056,0.061067,10.53,21.139380000000045,2491->2493->2487->2341->2328->2326->2320->2317->2300->2282->2268->2263->2256->2252->2251->2247->2257->2240->2226->2237->2220->2215->2235->2218->2214->2211->2202->2178->2156->2170->2155->2154->2136->2130->2109->2098->2085->2072->2082->2078->2069->2046->2038->2033->2030->2044->2028->2014->1968->1955->1902->1895->1894->1893->1882->1872->1864->1869->1863->1860->1841->1840->1832->1827->1826->1814->1813->1807->1789->1788->1781->1779->1774->1784->1780->1778->1767->1764->1763->1740->1736->1735->1731->1718->1713->1707->1693->1681->1677->1672->1665->1664->1655->1649->1643->1637->1628->1610->1587->1579->1552->1550->1548->1530->1537->1525->1492->1490->1488->1495->1479->1486->1471->1469->1465->1460->1430->1423->1406->1401->1391->1384->1380->1374->1373->1369->1359->1355->1344->1311->1301->1310->1298->1290->1281->1274->1270->1279->1262->1257->1254->1234->1219->1206->1228->1203->1194->1197->1177->1170->1153->1152->1149->1142->1134->1130->1125->1117->1113->1129->1111->1105->1099->1089->1075->1069->1065->1064->1063->1051->1055->1042->1039->1050->1037->1036->1027->1006->988->981->969->929->924->917->912->904->903->896->892->905->888->885->878->877->874->865->857->856->851->813->810->805->786->762->776->761->757->755->725->715->711->723->705->696->691->697->698->689->687->695->681->674->667->661->659->657->636->609->599->592->588->576->574->586->568->575->564->560->549->547->545->543->540->566->561->532->542->534->792->772->525->527->519->501->476->469->463->467->744->739->450->437->436->430->422->415->408->714->712->706->690->381->372->375->371->362->626->366->587->594->329->324->516->299->289->500->259->254->235->233->438->206->410->198->196->193->190->380->370->168->164->326->318->301->278->147->137->354->41->66->106->113->36->46->35->23->21->1->2->3->13->14->15->18->24->19->28->22->26->32->45->27->34->54->29->49->85->111->119->114->129->122->123->125->133->134->181->143->146->216->187->177->167->158->173->212->227->231->197->199->204->202->260->263->268->275->288->290->293->306->317->358->363->379->384->394->407->396->397->401->406->398->399->403->413->440->449->453->455->460->468->471->482->497->517->518->536->537->546->551->553->555->562->569->570->573->593->600->602->615->628->637->642->658->668->694->700->713->721->734->745->748->749->753->763->764->766->783->784->793->791->815->816->821->826->830->839->842->849->852->860->864->866->867->870->880->882->887->893->894->910->933->944->946->948->976->978->985->991->995->1017->1024->1031->1071->1077->1079->1091->1092->1100->1110->1120->1122->1139->1167->1168->1181->1175->1178->1192->1204->1182->1184->1193->1205->1210->1223->1229->1230->1241->1232->1237->1242->1244->1251->1269->1275->1278->1296->1322->1330->1348->1364->1353->1358->1366->1362->1368->1379->1382->1387->1390->1403->1417->1434->1428->1453->1462->1463->1481->1497->1500->1502->1503->1508->1510->1512->1531->1518->1528->1540->1542->1554->1555->1568->1576->1582->1583->1594->1586->1590->1599->1618->1593->1601->1604->1595->1607->1616->1620->1630->1633->1641->1680->1688->1719->1739->1751->1755->1757->1776->1777->1798->1782->1785->1818->1821->1823->1824->1857->1859->1861->1871->1890->1907->1906->1940->1941->1951->1969->1980->1978->1982->1987->1991->2001->2002->2005->2013->2047->2050->2049->2065->2059->2063->2071->2074->2077->2079->2099->2100->2116->2118->2121->2134->2137->2148->2158->2169->2159->2174->2181->2186->2196->2207->2204->2208->2212->2217->2229->2430->2439,2439->2500
N2500_PS_spots_per_lot_S6080_I1,2500,7696,125,8805,128,2491,2500,0.9,0.5,20.5,0.9,366715.704,2452,1282,2452_S002,near,0.2875000000000006,0.001355,0.003724,0.2516,0.0503,0.054023999999999996,13.63,19.87846600000003,2491->2493->2484->2481->2341->2328->2326->2320->2317->2305->2311->2300->2282->2268->2263->2256->2252->2251->2247->2244->2240->2226->2237->2223->2220->2235->2218->2228->2214->2211->2202->2178->2156->2170->2155->2154->2130->2109->2098->2085->2072->2082->2069->2046->2038->2033->2030->2044->2028->2014->1968->1955->1902->1895->1894->1893->1882->1872->1864->1869->1863->1860->1841->1840->1832->1827->1826->1814->1813->1807->1789->1788->1781->1779->1774->1784->1780->1778->1767->1764->1740->1736->1735->1731->1718->1713->1707->1693->1689->1681->1677->1672->1665->1673->1664->1655->1649->1640->1643->1637->1628->1625->1610->1587->1579->1552->1550->1548->1530->1537->1525->1492->1490->1488->1495->1479->1486->1471->1465->1460->1430->1423->1406->1401->1391->1384->1380->1374->1373->1369->1359->1355->1344->1311->1301->1310->1298->1290->1281->1274->1270->1279->1262->1257->1254->1234->1231->1219->1206->1212->1203->1194->1197->1177->1170->1153->1152->1149->1142->1134->1130->1125->1117->1113->1129->1111->1099->1089->1075->1069->1065->1064->1063->1051->1042->1039->1050->1037->1036->1027->1006->988->981->969->929->924->917->912->904->903->896->892->905->888->885->878->877->874->865->857->856->851->813->810->812->805->786->762->761->757->755->725->715->711->723->705->696->691->697->698->689->687->681->674->667->659->657->636->609->599->592->588->576->574->586->568->575->564->560->549->547->545->543->540->566->561->548->542->530->539->526->525->527->508->501->476->469->463->467->450->739->727->726->430->415->408->393->387->381->690->680->373->356->626->365->348->346->344->366->587->577->324->516->509->296->500->262->466->456->457->441->451->206->209->410->404->392->196->390->383->380->370->168->333->326->318->162->175->105->118->95->87->136->113->21->1->5->6->2->7->14->15->24->19->28->22->30->34->54->29->49->85->111->119->114->129->122->123->125->133->134->181->143->146->156->187->195->211->170->158->173->185->192->204->202->260->263->268->275->288->290->293->306->317->358->363->379->384->394->407->396->397->401->406->398->399->403->413->440->449->453->455->460->461->462->471->482->497->517->518->536->537->546->551->553->554->555->562->569->570->573->593->600->602->615->628->637->642->658->668->694->700->713->721->734->745->748->749->753->763->764->766->783->793->791->815->816->821->826->830->839->842->849->852->860->864->866->867->870->880->882->887->893->894->910->933->944->946->948->976->978->985->991->995->1017->1024->1031->1068->1071->1077->1079->1091->1100->1110->1120->1122->1139->1167->1168->1173->1181->1175->1178->1192->1204->1180->1182->1184->1193->1205->1210->1223->1229->1230->1241->1232->1237->1242->1244->1251->1269->1275->1278->1296->1322->1330->1348->1364->1353->1358->1366->1361->1362->1368->1379->1382->1387->1390->1403->1417->1408->1426->1428->1453->1462->1463->1481->1497->1500->1502->1503->1508->1510->1512->1531->1518->1528->1540->1542->1554->1555->1568->1576->1582->1583->1594->1586->1590->1600->1618->1593->1601->1604->1607->1616->1620->1633->1641->1680->1688->1719->1739->1751->1755->1757->1776->1777->1798->1782->1785->1818->1834->1821->1823->1824->1857->1859->1861->1871->1875->1890->1907->1906->1940->1941->1951->1969->1980->1978->1982->1987->1991->2001->2002->2005->2013->2047->2059->2063->2071->2074->2077->2079->2099->2100->2116->2118->2121->2134->2137->2148->2158->2169->2171->2174->2181->2186->2196->2204->2208->2212->2217->2229->2441->2451->2452,2452->2500
N2500_PS_traffic_high_I1,2500,7696,125,3732,63,2491,2500,0.9,0.5,20.5,0.9,431329.493,2476,340,2476_S001,near,1.1410000000000018,0.001603,0.003195,0.1661,0.0332,0.036395,6.66,64.33189200000011,2491->2341->2340->2332->2328->2326->2320->2317->2300->2282->2268->2263->2256->2252->2251->2247->2257->2240->2226->2237->2223->2220->2235->2218->2228->2211->2202->2187->2178->2156->2170->2155->2154->2136->2130->2109->2098->2085->2072->2082->2069->2046->2038->2033->2030->2044->2028->2014->1968->1955->1902->1910->1894->1893->1882->1872->1864->1869->1863->1860->1841->1840->1832->1827->1826->1814->1813->1807->1789->1788->1781->1779->1774->1784->1780->1778->1767->1764->1740->1736->1735->1731->1718->1713->1707->1693->1689->1681->1677->1672->1665->1664->1655->1649->1643->1637->1628->1625->1610->1587->1579->1552->1550->1548->1530->1537->1525->1492->1490->1488->1495->1479->1486->1471->1465->1460->1430->1423->1406->1401->1391->1384->1380->1374->1373->1369->1359->1355->1344->1311->1301->1310->1298->1290->1281->1274->1270->1279->1277->1262->1257->1254->1234->1231->1219->1206->1228->1203->1194->1197->1177->1170->1153->1152->1149->1142->1134->1130->1125->1117->1113->1129->1111->1099->1089->1075->1069->1065->1064->1063->1051->1042->1039->1050->1037->1036->1027->1006->988->981->969->961->929->924->917->912->904->903->896->892->905->888->885->878->877->874->865->861->857->856->851->813->810->805->786->762->776->761->757->755->725->715->711->723->705->696->691->697->689->687->681->674->667->659->657->636->609->599->592->588->576->574->586->568->575->564->560->549->547->545->543->540->566->561->532->548->542->534->530->539->526->525->527->508->747->737->733->731->739->727->437->436->430->408->393->688->677->373->361->362->371->375->633->623->348->346->558->314->491->487->485->492->500->262->464->466->456->457->206->209->201->198->404->392->390->383->190->183->178->174->168->164->163->162->172->105->108->51->52->57->80->65->62->101->74->66->39->44->75->77->69->68->91->36->46->35->23->21->1->9->10->13->14->15->17->18->24->19->20->32->26->33->30->34->54->53->89->98->94->121->85->111->119->114->122->123->125->133->134->181->191->184->189->216->187->177->167->158->173->185->197->204->202->260->263->275->288->290->293->306->317->358->363->379->384->394->407->396->397->401->406->398->403->413->440->449->453->455->460->468->471->482->497->517->518->537->546->551->553->554->555->562->569->570->573->593->600->602->615->628->637->642->658->668->694->700->713->721->734->745->748->749->753->763->765->764->766->783->793->784->791->815->816->821->826->830->839->854->849->852->860->864->876->866->867->870->880->882->887->893->894->910->933->944->946->948->976->978->985->991->995->1017->1024->1031->1068->1071->1077->1079->1091->1100->1110->1120->1122->1139->1167->1168->1173->1175->1189->1192->1199->1204->1182->1184->1193->1205->1210->1223->1229->1230->1241->1232->1237->1242->1244->1251->1269->1275->1278->1296->1322->1330->1348->1364->1353->1358->1361->1362->1368->1379->1381->1387->1390->1403->1417->1408->1426->1428->1453->1462->1463->1481->1497->1500->1502->1503->1508->1510->1512->1531->1518->1528->1540->1542->1554->1555->1568->1576->1582->1583->1594->1586->1588->1599->1600->1618->1593->1601->1604->1607->1616->1620->1633->1641->2500->2476,2476->2500
N2500_PS_traffic_low_I1,2500,7696,125,3732,63,2491,2500,0.9,0.5,20.5,0.9,822443.959,2476,340,2476_S001,near,0.31290000000000084,0.001603,0.003195,0.1661,0.0332,0.036395,6.66,19.614492000000048,2491->2341->2340->2332->2328->2326->2320->2317->2305->2300->2282->2268->2263->2256->2252->2251->2247->2244->2240->2226->2237->2220->2235->2236->2218->2228->2211->2202->2187->2178->2156->2183->2155->2154->2130->2109->2098->2085->2072->2078->2069->2046->2038->2033->2030->2044->2028->2014->1968->1955->1902->1895->1894->1893->1882->1872->1864->1869->1863->1860->1841->1840->1832->1827->1826->1814->1813->1807->1789->1806->1781->1779->1774->1784->1780->1778->1767->1764->1763->1740->1736->1735->1731->1718->1713->1707->1693->1689->1681->1677->1687->1672->1665->1664->1655->1649->1643->1637->1628->1610->1587->1579->1552->1550->1548->1530->1537->1525->1524->1492->1490->1488->1495->1479->1486->1471->1469->1465->1460->1430->1423->1401->1391->1384->1386->1380->1374->1373->1369->1359->1355->1344->1311->1301->1310->1298->1290->1281->1274->1270->1279->1262->1257->1254->1234->1219->1206->1212->1203->1194->1197->1177->1170->1153->1152->1149->1142->1134->1130->1125->1117->1113->1129->1111->1105->1099->1089->1075->1069->1065->1064->1063->1051->1055->1042->1039->1050->1037->1036->1027->1006->988->981->969->929->924->917->912->904->903->896->892->905->888->885->878->877->874->865->857->856->851->813->810->805->786->762->776->757->755->725->715->711->723->705->696->691->697->698->689->687->681->674->667->659->657->636->609->599->592->588->576->574->586->568->575->564->560->549->547->545->543->540->538->561->532->542->534->824->792->772->747->519->508->501->476->469->733->731->744->739->450->436->430->720->422->415->408->393->688->677->660->646->638->641->631->623->365->626->366->344->346->577->559->314->493->284->500->262->466->456->457->441->438->425->206->209->201->198->196->193->190->380->178->174->335->341->338->164->163->175->105->95->87->109->127->39->38->55->37->31->69->25->36->46->35->23->21->1->5->6->10->13->14->15->24->19->28->22->26->33->27->34->54->29->53->89->98->94->67->85->100->119->114->129->122->123->125->133->134->181->143->146->216->223->211->212->224->231->197->204->202->260->265->263->268->275->288->290->293->306->317->358->363->379->384->394->407->396->397->401->406->398->399->403->413->440->449->455->460->461->462->471->482->495->497->517->518->537->546->551->553->555->562->569->570->573->593->600->602->615->628->637->642->658->668->694->700->713->721->734->745->748->749->753->763->764->766->783->793->791->815->816->821->826->830->839->854->849->852->860->864->876->866->867->870->880->882->887->893->894->910->933->944->946->948->956->976->978->985->991->995->1017->1024->1031->1071->1077->1079->1091->1092->1100->1110->1120->1116->1122->1139->1167->1168->1181->1175->1178->1192->1204->1180->1182->1184->1193->1205->1210->1223->1229->1230->1241->1232->1237->1242->1244->1251->1269->1275->1278->1296->1322->1330->1348->1364->1353->1358->1361->1362->1368->1385->1379->1381->1387->1390->1403->1417->1434->1428->1453->1462->1463->1481->1497->1500->1502->1503->1508->1510->1512->1521->1531->1518->1528->1540->1542->1554->1555->1568->1576->1582->1583->1594->1586->1588->1599->1618->1593->1601->1604->1607->1616->1620->1633->1641->1680->1688->1719->1739->1751->1755->1757->1776->1777->1798->1782->1785->1818->1821->1823->1824->1857->1859->1861->1871->1875->1890->1907->1906->1940->1941->1951->1969->1980->1978->1982->1987->1991->1992->2001->2002->2005->2013->2047->2059->2063->2071->2074->2077->2079->2099->2100->2116->2118->2121->2134->2137->2148->2158->2169->2159->2174->2181->2186->2196->2204->2208->2212->2217->2229->2473->2461->2466->2476,2476->2500
N2500_PS_traffic_medium_I1,2500,7696,125,3732,63,2491,2500,0.9,0.5,20.5,0.9,396120.56,2476,340,2476_S001,near,0.7474000000000006,0.001603,0.003195,0.1661,0.0332,0.036395,6.66,43.07749200000003,2491->2487->2484->2341->2328->2326->2320->2317->2300->2282->2268->2263->2256->2252->2251->2247->2244->2257->2240->2226->2237->2220->2215->2235->2218->2228->2211->2202->2178->2156->2170->2155->2154->2130->2109->2098->2085->2072->2078->2082->2069->2046->2038->2033->2030->2044->2028->2014->1968->1955->1902->1895->1894->1893->1882->1872->1864->1869->1863->1860->1841->1840->1832->1827->1826->1814->1813->1807->1789->1788->1781->1779->1774->1784->1780->1778->1767->1764->1740->1736->1735->1731->1718->1713->1707->1697->1693->1681->1677->1672->1665->1664->1655->1649->1640->1643->1637->1628->1610->1587->1579->1552->1550->1548->1530->1537->1525->1492->1490->1488->1495->1479->1486->1471->1465->1460->1430->1423->1401->1391->1384->1380->1374->1373->1369->1359->1355->1344->1311->1301->1310->1298->1290->1281->1274->1270->1279->1262->1257->1254->1234->1219->1206->1212->1228->1203->1194->1197->1177->1170->1153->1152->1149->1142->1134->1130->1125->1117->1113->1129->1111->1105->1099->1089->1075->1069->1065->1064->1063->1051->1042->1039->1050->1037->1036->1027->1006->988->981->969->929->924->917->912->904->903->896->892->905->888->885->878->877->874->865->861->857->856->851->818->813->810->812->805->786->762->761->757->755->725->715->711->723->705->696->691->697->698->689->687->681->674->667->659->657->636->609->599->592->588->576->574->586->568->575->564->581->560->549->547->545->543->540->566->538->561->532->542->530->539->526->525->527->522->508->501->476->469->463->450->437->436->430->415->408->393->387->372->375->633->353->348->346->577->559->314->491->266->492->500->259->254->235->438->425->206->209->201->198->392->390->383->385->380->339->338->163->162->155->108->51->52->57->80->65->113->222->221->17->4->8->15->18->24->19->28->22->30->26->33->27->34->54->29->89->49->85->111->119->114->129->122->123->125->133->134->181->191->184->189->146->156->166->158->170->173->212->224->227->185->197->204->202->260->263->275->288->290->293->306->317->358->363->379->384->394->407->396->397->401->406->398->403->413->440->449->455->460->468->471->482->495->497->517->518->537->546->551->553->555->562->569->570->573->593->600->602->615->628->637->642->658->668->694->700->709->713->721->734->745->748->749->753->763->765->764->766->783->784->791->815->816->822->821->826->830->839->842->849->852->860->864->866->867->870->880->882->887->893->894->910->933->944->946->956->948->976->978->985->991->995->1011->1017->1024->1031->1071->1077->1079->1091->1092->1100->1110->1120->1122->1139->1167->1168->1181->1175->1189->1191->1199->1204->1182->1184->1193->1205->1210->1223->1229->1230->1241->1232->1237->1242->1244->1251->1269->1275->1278->1296->1322->1330->1348->1364->1353->1358->1361->1362->1368->1385->1379->1381->1382->1387->1390->1403->1417->1434->1426->1428->1453->1462->1463->1481->1497->1500->1502->1503->1508->1510->1512->1531->1518->1528->1540->1542->1554->1555->1568->1576->1582->1583->1594->1586->1588->1590->1600->1618->1593->1601->1604->1607->1616->1620->1633->1641->1680->1688->1719->1739->2500->2476,2476->2500
N2500_PS_traffic_very_low_I1,2500,7696,125,3732,63,2491,2500,0.9,0.5,20.5,0.9,406530.136,2490,294,2490_S001,near,0.2460999999999999,0.001557,0.002951,0.1348,0.027,0.029951,9.13,15.903831999999996,2491->2493->2341->2328->2326->2320->2317->2300->2282->2268->2263->2256->2252->2251->2247->2244->2240->2226->2237->2220->2235->2236->2218->2228->2211->2202->2178->2156->2170->2155->2154->2130->2109->2098->2085->2072->2078->2069->2046->2038->2033->2030->2044->2028->2017->2014->1968->1955->1902->1895->1894->1893->1882->1872->1864->1869->1863->1860->1841->1840->1832->1827->1826->1814->1813->1807->1789->1788->1781->1779->1774->1784->1780->1778->1767->1764->1740->1736->1735->1731->1718->1713->1707->1693->1681->1677->1672->1665->1664->1655->1649->1643->1637->1628->1610->1587->1579->1552->1550->1548->1547->1530->1537->1525->1524->1492->1490->1488->1495->1479->1486->1471->1469->1465->1460->1430->1423->1401->1391->1384->1380->1374->1373->1369->1359->1355->1344->1311->1301->1310->1298->1290->1281->1274->1270->1279->1262->1257->1254->1234->1219->1206->1228->1203->1194->1197->1177->1170->1153->1152->1149->1142->1134->1130->1125->1117->1113->1129->1111->1099->1089->1075->1069->1065->1064->1063->1051->1042->1039->1050->1037->1036->1027->1006->988->981->969->929->924->917->912->904->903->896->892->905->888->885->878->877->874->865->857->856->851->813->810->805->786->762->761->757->755->725->715->711->723->705->696->691->697->698->689->687->681->674->667->659->669->657->636->609->599->592->588->576->574->586->568->575->564->560->549->547->545->543->540->566->561->532->542->534->792->772->747->519->527->522->508->501->476->469->463->450->436->430->415->408->393->387->688->371->633->353->348->346->558->552->520->514->523->509->289->500->262->466->456->457->206->209->201->198->392->390->383->380->339->174->335->341->333->326->316->169->172->105->108->112->52->51->50->48->78->182->5->6->10->13->14->15->8->12->24->19->28->22->26->33->27->34->54->29->89->98->49->85->111->100->119->114->122->123->125->133->134->181->143->146->216->223->195->166->158->170->173->185->192->231->197->204->202->260->265->263->275->288->290->293->306->317->358->363->379->384->394->407->396->397->401->406->398->403->413->440->449->455->460->468->462->471->482->497->517->518->536->537->546->551->553->555->562->569->570->573->593->600->602->615->628->637->642->658->668->694->700->713->721->734->745->748->749->753->763->764->766->783->784->791->815->816->821->826->830->839->842->849->852->860->864->866->867->870->880->882->887->893->894->910->933->944->946->948->976->978->985->991->995->1017->1024->1031->1071->1077->1079->1091->1100->1110->1120->1116->1122->1139->1167->1168->1173->1175->1178->1192->1204->1182->1184->1193->1205->1210->1223->1229->1230->1241->1232->1237->1242->1244->1251->1269->1275->1278->1296->1322->1330->1348->1364->1353->1358->1366->1361->1362->1368->1385->1379->1381->1387->1390->1403->1417->1434->1428->1453->1462->1463->1481->1497->1500->1502->1503->1508->1510->1512->1531->1518->1528->1540->1542->1554->1555->1568->1576->1582->1583->1594->1586->1590->1600->1618->1593->1601->1595->1607->1616->1620->1633->1641->1680->1688->1719->1739->1751->1755->1757->1776->1777->1794->1798->1782->1785->1818->1821->1823->1824->1857->1859->1861->1871->1875->1890->1907->1906->1940->1941->1951->1969->1980->1978->1982->1987->1991->2001->2002->2005->2013->2047->2059->2063->2071->2074->2077->2079->2099->2100->2116->2118->2121->2134->2137->2148->2158->2169->2159->2174->2181->2186->2196->2207->2204->2208->2212->2217->2229->2490,2490->2500
N2500_PS_walking_distance_W025_I1,2500,7696,125,3732,18,2491,2500,0.9,0.25,20.5,0.9,348837.238,2456,465,2456_S001,near,0.2578000000000004,0.001699,0.003698,0.2297,0.0459,0.049598,18.05,18.496238000000023,2491->2341->2332->2328->2326->2320->2317->2300->2282->2268->2263->2256->2252->2251->2247->2244->2240->2226->2237->2220->2235->2218->2228->2214->2211->2202->2187->2178->2156->2183->2155->2154->2130->2109->2098->2085->2072->2082->2069->2046->2038->2033->2030->2044->2028->2014->1968->1955->1902->1895->1894->1893->1882->1872->1864->1869->1863->1860->1841->1840->1832->1827->1826->1814->1813->1807->1789->1788->1781->1779->1774->1784->1780->1778->1766->1764->1740->1736->1735->1731->1718->1713->1707->1693->1681->1677->1672->1665->1664->1655->1649->1643->1637->1628->1610->1587->1579->1552->1550->1548->1547->1530->1537->1525->1492->1490->1488->1495->1479->1486->1471->1465->1460->1430->1423->1406->1401->1391->1384->1380->1374->1373->1369->1359->1355->1344->1311->1301->1310->1298->1290->1281->1274->1270->1279->1262->1257->1254->1234->1219->1206->1212->1203->1194->1197->1177->1170->1153->1152->1149->1142->1134->1130->1125->1117->1113->1129->1111->1099->1089->1075->1069->1065->1064->1063->1051->1042->1039->1050->1037->1036->1027->1006->988->981->969->961->929->924->917->912->904->903->896->892->905->888->885->878->877->874->865->857->856->851->813->810->805->786->762->776->761->757->755->725->715->711->708->705->696->691->697->698->689->687->681->674->667->659->657->636->609->599->592->588->576->574->586->568->575->564->560->549->547->545->543->540->566->561->532->542->534->530->539->526->524->522->508->501->476->469->463->450->436->430->408->393->688->373->626->366->349->334->558->314->491->487->485->479->475->458->466->456->457->206->420->219->217->228->210->410->198->196->193->190->183->178->174->168->164->163->175->105->95->87->109->127->39->38->78->77->69->25->36->46->63->21->1->2->3->13->14->15->24->19->20->32->45->27->34->54->29->49->85->111->119->114->122->123->125->133->134->181->191->184->194->189->216->187->156->166->158->173->185->192->199->197->204->202->260->263->275->288->290->293->306->317->358->363->379->384->394->407->396->397->401->406->398->399->403->413->440->449->455->460->468->471->482->497->517->518->537->546->551->553->555->562->569->570->573->593->600->602->615->628->637->642->658->668->694->700->713->721->734->745->748->749->753->763->764->766->783->793->791->815->816->821->826->830->839->842->849->852->860->864->866->867->870->880->882->887->893->894->910->933->944->946->948->976->978->985->991->995->1017->1024->1031->1071->1077->1079->1091->1100->1110->1120->1116->1122->1139->1167->1168->1181->1175->1178->1192->1204->1182->1184->1193->1205->1210->1223->1229->1230->1241->1232->1237->1242->1244->1251->1269->1275->1278->1296->1322->1330->1348->1364->1353->1358->1366->1362->1368->1379->1381->1387->1390->1403->1417->1434->1428->1453->1462->1463->1481->1497->1499->1500->1502->1503->1508->1510->1512->1531->1518->1528->1540->1542->1554->1555->1568->1576->1582->1583->1594->1586->1590->1600->1618->1593->1601->1604->1607->1616->1620->1633->1641->1680->1688->1719->1739->1751->1755->1757->1776->1777->1798->1782->1785->1818->1821->1823->1824->1857->1859->1861->1871->1890->1907->1906->1940->1941->1951->1969->1980->1978->1982->1987->1991->2001->2002->2005->2013->2047->2049->2065->2059->2063->2071->2074->2077->2079->2099->2100->2116->2118->2121->2134->2137->2148->2158->2169->2171->2174->2181->2186->2196->2204->2208->2212->2217->2229->2456,2456->2500
N2500_PS_walking_distance_W050_I1,2500,7696,125,3732,63,2491,2500,0.9,0.5,20.5,0.9,729944.251,2476,340,2476_S001,near,0.31290000000000084,0.001603,0.003195,0.1661,0.0332,0.036395,6.66,19.614492000000048,2491->2341->2340->2332->2328->2326->2320->2317->2305->2300->2282->2268->2263->2256->2252->2251->2247->2244->2240->2226->2237->2220->2235->2236->2218->2228->2211->2202->2187->2178->2156->2183->2155->2154->2130->2109->2098->2085->2072->2078->2069->2046->2038->2033->2030->2044->2028->2014->1968->1955->1902->1895->1894->1893->1882->1872->1864->1869->1863->1860->1841->1840->1832->1827->1826->1814->1813->1807->1789->1806->1781->1779->1774->1784->1780->1778->1767->1764->1763->1740->1736->1735->1731->1718->1713->1707->1693->1689->1681->1677->1687->1672->1665->1664->1655->1649->1643->1637->1628->1610->1587->1579->1552->1550->1548->1530->1537->1525->1524->1492->1490->1488->1495->1479->1486->1471->1469->1465->1460->1430->1423->1401->1391->1384->1386->1380->1374->1373->1369->1359->1355->1344->1311->1301->1310->1298->1290->1281->1274->1270->1279->1262->1257->1254->1234->1219->1206->1212->1203->1194->1197->1177->1170->1153->1152->1149->1142->1134->1130->1125->1117->1113->1129->1111->1105->1099->1089->1075->1069->1065->1064->1063->1051->1055->1042->1039->1050->1037->1036->1027->1006->988->981->969->929->924->917->912->904->903->896->892->905->888->885->878->877->874->865->857->856->851->813->810->805->786->762->776->757->755->725->715->711->723->705->696->691->697->698->689->687->681->674->667->659->657->636->609->599->592->588->576->574->586->568->575->564->560->549->547->545->543->540->538->561->532->542->534->824->792->772->747->519->508->501->476->469->733->731->744->739->450->436->430->720->422->415->408->393->688->677->660->646->638->641->631->623->365->626->366->344->346->577->559->314->493->284->500->262->466->456->457->441->438->425->206->209->201->198->196->193->190->380->178->174->335->341->338->164->163->175->105->95->87->109->127->39->38->55->37->31->69->25->36->46->35->23->21->1->5->6->10->13->14->15->24->19->28->22->26->33->27->34->54->29->53->89->98->94->67->85->100->119->114->129->122->123->125->133->134->181->143->146->216->223->211->212->224->231->197->204->202->260->265->263->268->275->288->290->293->306->317->358->363->379->384->394->407->396->397->401->406->398->399->403->413->440->449->455->460->461->462->471->482->495->497->517->518->537->546->551->553->555->562->569->570->573->593->600->602->615->628->637->642->658->668->694->700->713->721->734->745->748->749->753->763->764->766->783->793->791->815->816->821->826->830->839->854->849->852->860->864->876->866->867->870->880->882->887->893->894->910->933->944->946->948->956->976->978->985->991->995->1017->1024->1031->1071->1077->1079->1091->1092->1100->1110->1120->1116->1122->1139->1167->1168->1181->1175->1178->1192->1204->1180->1182->1184->1193->1205->1210->1223->1229->1230->1241->1232->1237->1242->1244->1251->1269->1275->1278->1296->1322->1330->1348->1364->1353->1358->1361->1362->1368->1385->1379->1381->1387->1390->1403->1417->1434->1428->1453->1462->1463->1481->1497->1500->1502->1503->1508->1510->1512->1521->1531->1518->1528->1540->1542->1554->1555->1568->1576->1582->1583->1594->1586->1588->1599->1618->1593->1601->1604->1607->1616->1620->1633->1641->1680->1688->1719->1739->1751->1755->1757->1776->1777->1798->1782->1785->1818->1821->1823->1824->1857->1859->1861->1871->1875->1890->1907->1906->1940->1941->1951->1969->1980->1978->1982->1987->1991->1992->2001->2002->2005->2013->2047->2059->2063->2071->2074->2077->2079->2099->2100->2116->2118->2121->2134->2137->2148->2158->2169->2159->2174->2181->2186->2196->2204->2208->2212->2217->2229->2473->2461->2466->2476,2476->2500
N2500_PS_walking_distance_W075_I1,2500,7696,125,3732,109,2491,2500,0.9,0.75,20.5,0.9,318419.946,2441,547,2441_S001,near,0.29330000000000067,0.001751,0.004,0.2683,0.0537,0.0577,7.61,19.809554000000038,2491->2341->2328->2326->2320->2317->2300->2282->2268->2263->2256->2252->2251->2247->2257->2240->2226->2237->2220->2235->2218->2214->2211->2202->2178->2156->2170->2155->2154->2136->2130->2109->2098->2085->2072->2082->2069->2046->2038->2033->2030->2044->2028->2014->1968->1955->1902->1895->1894->1893->1882->1872->1864->1869->1863->1860->1841->1840->1832->1827->1826->1814->1813->1807->1789->1788->1781->1779->1774->1771->1784->1780->1778->1766->1764->1740->1736->1735->1731->1718->1713->1707->1693->1689->1681->1677->1687->1672->1665->1664->1655->1649->1643->1637->1628->1610->1587->1579->1552->1550->1548->1530->1537->1525->1492->1490->1488->1495->1479->1486->1471->1465->1460->1430->1423->1401->1391->1384->1380->1374->1373->1369->1359->1355->1344->1311->1301->1310->1298->1290->1281->1274->1270->1279->1262->1257->1254->1234->1219->1206->1228->1203->1194->1197->1183->1177->1170->1153->1152->1149->1142->1134->1130->1125->1117->1113->1129->1111->1099->1089->1075->1069->1065->1064->1063->1051->1055->1042->1039->1050->1037->1036->1027->1006->988->981->969->961->929->924->917->912->904->903->896->892->905->888->885->878->877->874->865->857->856->851->813->810->805->786->762->761->757->755->725->715->711->723->705->696->691->697->698->689->687->695->681->674->667->661->659->657->636->609->599->592->588->576->574->586->568->575->581->560->549->547->545->543->540->538->561->532->542->530->539->526->525->527->519->747->737->733->731->739->732->439->437->436->430->415->408->393->712->706->690->680->373->362->626->366->349->558->552->520->309->298->299->296->289->284->491->487->485->266->262->458->464->456->232->230->420->206->209->201->198->392->390->383->380->370->168->164->163->175->105->118->124->142->160->128->131->238->205->186->161->151->108->51->50->82->101->74->106->104->103->220->16->17->18->24->19->28->22->26->33->30->34->54->29->49->85->111->119->114->122->123->125->133->134->181->143->146->156->166->158->173->185->192->199->204->202->260->265->263->275->288->290->293->306->317->358->363->379->384->394->407->396->397->401->406->398->399->403->413->440->449->453->455->460->461->462->471->482->497->517->518->537->546->551->553->554->555->562->569->570->573->593->600->602->615->628->637->642->658->668->694->700->709->713->721->734->745->748->749->753->763->765->764->766->783->784->791->815->816->821->826->830->839->854->849->852->860->864->866->867->870->880->882->889->887->893->894->910->933->944->946->956->976->978->985->991->995->1011->1017->1024->1031->1071->1077->1079->1091->1100->1110->1120->1122->1139->1167->1168->1181->1175->1178->1192->1204->1182->1184->1193->1205->1210->1223->1229->1230->1241->1232->1237->1242->1244->1251->1269->1275->1278->1296->1322->1330->1348->1364->1353->1358->1361->1362->1368->1385->1379->1381->1387->1390->1403->1417->1408->1426->1428->1453->1462->1463->1481->1497->1499->1500->1502->1503->1508->1510->1512->1531->1518->1528->1540->1542->1554->1555->1568->1576->1582->1583->1594->1586->1590->1600->1618->1593->1601->1604->1607->1616->1620->1630->1633->1641->1680->1688->1719->1739->1751->1755->1757->1776->1777->1798->1782->1791->1785->1818->1821->1823->1824->1857->1859->1877->1861->1871->1890->1907->1906->1940->1941->1951->1969->1980->1978->1982->1986->1987->1991->1992->2002->2005->2013->2047->2049->2065->2081->2059->2063->2071->2074->2077->2079->2099->2100->2116->2118->2121->2134->2137->2148->2158->2169->2159->2174->2181->2186->2196->2204->2208->2212->2217->2229->2441,2441->2500
N2500_PS_walking_distance_W100_I1,2500,7696,125,3732,169,2491,2500,0.9,1.0,20.5,0.9,694938.984,2441,547,2441_S001,near,0.2764000000000005,0.001751,0.004,0.2683,0.0537,0.0577,7.61,18.896954000000022,2491->2493->2484->2341->2328->2326->2320->2317->2300->2282->2268->2263->2256->2252->2251->2247->2244->2240->2226->2237->2220->2235->2236->2218->2214->2211->2202->2187->2178->2156->2170->2155->2154->2130->2109->2098->2085->2072->2082->2069->2046->2038->2033->2030->2044->2028->2014->1968->1955->1902->1910->1894->1893->1882->1872->1864->1869->1863->1860->1841->1840->1832->1827->1826->1814->1813->1807->1789->1788->1781->1779->1774->1784->1780->1778->1767->1764->1763->1740->1736->1735->1731->1718->1713->1707->1693->1681->1677->1687->1672->1665->1664->1655->1649->1643->1637->1628->1625->1610->1587->1579->1552->1550->1548->1530->1537->1525->1524->1492->1490->1488->1495->1479->1486->1471->1469->1465->1460->1430->1423->1406->1401->1391->1384->1380->1374->1373->1369->1359->1355->1344->1311->1301->1310->1298->1290->1281->1274->1270->1279->1277->1262->1257->1254->1234->1219->1206->1228->1203->1194->1197->1183->1177->1170->1153->1152->1149->1142->1134->1130->1125->1117->1113->1129->1111->1099->1089->1075->1069->1065->1064->1063->1051->1042->1039->1050->1037->1036->1027->1006->988->981->969->929->924->917->912->904->903->896->892->905->888->885->878->877->874->865->857->856->851->813->810->805->786->762->776->761->757->755->725->715->711->723->705->696->691->697->689->687->681->674->667->661->659->657->636->609->599->592->588->576->574->586->568->575->564->560->549->547->545->543->540->566->561->548->532->542->530->539->526->525->527->519->508->501->476->469->463->450->436->430->415->408->393->387->372->381->690->680->373->361->362->626->366->344->558->314->491->266->284->289->296->500->492->485->479->475->458->464->456->457->206->209->201->198->196->390->383->380->178->174->168->341->338->163->162->155->108->110->115->52->51->50->82->59->113->21->23->35->63->150->145->369->226->237->253->20->32->30->33->27->34->54->29->49->85->111->119->114->129->122->123->125->133->134->181->143->146->216->223->211->158->170->173->185->197->204->202->260->263->275->288->290->293->306->317->358->363->379->384->394->407->396->397->401->406->398->403->413->440->449->453->455->460->461->462->471->482->495->497->517->518->537->546->551->553->555->562->569->570->573->593->600->602->615->628->637->642->658->668->694->700->709->713->721->734->745->748->749->753->763->765->764->766->783->784->791->815->816->821->826->830->839->842->849->852->860->864->876->866->867->870->880->882->887->893->894->910->933->944->946->956->976->978->985->991->995->1017->1024->1031->1068->1071->1077->1079->1091->1100->1110->1120->1116->1122->1139->1167->1168->1181->1175->1178->1192->1204->1180->1182->1184->1193->1205->1210->1223->1229->1230->1241->1232->1237->1242->1244->1251->1269->1275->1278->1296->1322->1330->1348->1364->1353->1358->1361->1362->1368->1379->1381->1387->1390->1403->1417->1408->1426->1428->1453->1462->1463->1481->1497->1499->1500->1502->1503->1508->1510->1512->1531->1518->1528->1540->1542->1554->1555->1568->1576->1582->1583->1594->1586->1590->1600->1618->1593->1601->1604->1595->1607->1616->1620->1633->1641->1680->1688->1719->1739->1751->1755->1757->1776->1777->1798->1782->1791->1785->1818->1821->1823->1824->1857->1861->1871->1890->1907->1906->1940->1941->1951->1969->1980->1978->1982->1987->1991->2001->2002->2005->2013->2047->2059->2063->2071->2074->2077->2079->2099->2108->2100->2116->2118->2121->2134->2137->2148->2158->2169->2159->2174->2181->2186->2196->2204->2208->2212->2217->2229->2441,2441->2500
N30_C10_I1,30,142,2,70,4,25,30,0.9,0.5,20.5,0.9,624.473,27,31,27_S001,near,0.023400000000000004,0.00172,0.003863,0.2521,0.0504,0.054263,16.21,0.96965740466615,25->23->1->5->10->16->18->20->26->27,27->30
N30_C1_I1,30,142,2,70,7,25,30,0.9,0.5,20.5,0.9,225.562,29,1,29_S001,near,0.0247,0.00157,0.002868,0.12,0.024,0.026868,13.26,4.1954519999999995,25->23->1->6->11->15->18->20->26->27->29,29->30
N30_C2_I1,30,150,2,70,7,25,30,0.9,0.5,20.5,0.9,538.875,29,1,29_S001,near,0.021899999999999996,0.001584,0.002882,0.12,0.024,0.026882,13.28,0.670951189834647,25->23->1->6->27->29,29->30
N30_C3_I1,30,144,3,97,10,25,30,0.9,0.5,20.5,0.9,1164.603,29,1,29_S001,near,0.0269,0.001584,0.002882,0.12,0.024,0.026882,13.28,0.5506682192089547,25->23->1->6->14->24->28->20->26->27->29,29->30
N30_C4_I1,30,142,2,70,7,25,30,0.9,1.0,20.5,0.9,646.241,29,1,29_S001,near,0.0264,0.001488,0.002402,0.12,0.024,0.026402000000000002,13.34,0.7065719761016979,25->23->1->6->11->15->24->28->20->26->27->29,29->30
N30_C5_I1,30,142,2,70,7,25,30,0.9,0.5,20.5,0.9,667.334,29,1,29_S001,near,0.0392,0.001584,0.002882,0.12,0.024,0.026882,13.28,0.7634513003299971,25->23->1->6->11->15->24->19->28->20->26->27->29,29->30
N30_C6_I1,30,142,2,70,7,25,30,0.9,0.5,20.5,0.9,718.83,29,1,29_S001,near,0.066,0.001584,0.002882,0.12,0.024,0.026882,13.28,0.8106491322549546,25->21->5->6->11->15->18->20->26->27->29,29->30
N30_C7_I1,30,142,2,70,7,25,30,0.9,0.5,20.5,0.9,791.457,29,1,29_S001,near,0.0264,0.001584,0.002882,0.12,0.024,0.026882,13.28,0.7007996092888577,25->23->1->6->11->15->24->28->20->26->27->29,29->30
N30_C8_I1,30,142,2,70,7,25,30,0.1,0.5,20.5,0.1,621.487,29,1,29_S001,near,0.0264,0.001584,0.002882,0.12,0.024,0.026882,13.28,0.7007996092888577,25->23->1->6->11->15->24->28->20->26->27->29,29->30
N30_C9_I1,30,142,2,70,7,25,30,0.9,0.5,15.0,0.9,591.475,29,1,29_S001,near,0.0264,0.001584,0.002882,0.12,0.024,0.026882,13.28,0.7007996092888577,25->23->1->6->11->15->24->28->20->26->27->29,29->30
N40_C10_I1,40,184,2,62,6,29,40,0.9,0.5,20.5,0.9,856.879,39,1,39_S001,near,0.029899999999999996,0.00149,0.002788,0.12,0.024,0.026788,17.97,0.925886293494474,29->33->26->30->20->18->17->14->5->1->21->23->36->31->39,39->40
N40_C1_I1,40,184,2,62,6,29,40,0.9,0.5,20.5,0.9,243.676,39,1,39_S001,near,0.0286,0.001496,0.002794,0.12,0.024,0.026794000000000002,19.63,5.03506,29->33->30->22->19->24->12->6->1->21->23->36->31->39,39->40
N40_C2_I1,40,196,2,62,6,29,40,0.9,0.5,20.5,0.9,177.72,39,1,39_S001,near,0.023,0.001496,0.002794,0.12,0.024,0.026794000000000002,19.63,4.732659999999999,29->10->6->5->39,39->40
N40_C3_I1,40,188,4,121,8,29,40,0.9,0.5,20.5,0.9,834.084,39,1,39_S001,near,0.0287,0.00149,0.002788,0.12,0.024,0.026788,19.67,0.6691600951184996,29->34->30->22->28->24->12->6->1->21->23->36->25->37->39,39->40
N40_C4_I1,40,184,2,62,6,29,40,0.9,1.0,20.5,0.9,726.204,39,1,39_S001,near,0.0278,0.001394,0.002308,0.12,0.024,0.026308,19.73,0.8983814408249886,29->27->32->20->18->17->14->5->1->21->23->36->25->31->39,39->40
N40_C5_I1,40,184,2,62,6,29,40,0.9,0.5,20.5,0.9,1388.884,39,1,39_S001,near,0.0401,0.00149,0.002788,0.12,0.024,0.026788,19.67,0.9300326037271874,29->27->32->26->22->28->24->12->6->1->21->23->36->31->38->39,39->40
N40_C6_I1,40,184,2,62,6,29,40,0.9,0.5,20.5,0.9,876.742,39,1,39_S001,near,0.0762,0.00149,0.002788,0.12,0.024,0.026788,19.67,0.9617734163392876,29->33->26->20->18->15->8->7->2->1->21->23->36->25->37->39,39->40
N40_C7_I1,40,184,2,62,6,29,40,0.9,0.5,20.5,0.9,705.891,39,1,39_S001,near,0.0278,0.00149,0.002788,0.12,0.024,0.026788,19.67,0.8957625068711277,29->27->32->20->18->17->14->5->1->21->23->36->25->31->39,39->40
N40_C8_I1,40,184,2,62,6,29,40,0.1,0.5,20.5,0.1,773.256,39,1,39_S001,near,0.0278,0.00149,0.002788,0.12,0.024,0.026788,19.67,0.8957625068711277,29->27->32->20->18->17->14->5->1->21->23->36->25->31->39,39->40
N40_C9_I1,40,184,2,62,4,29,40,0.9,0.5,15.0,0.9,1888.893,39,1,39_S001,near,0.0279,0.00149,0.002788,0.12,0.024,0.026788,12.63,0.9574505004473379,29->33->26->20->18->17->16->13->1->21->23->36->25->31->39,39->40
N40_PS_edge_density_baseline_180_I1,40,184,2,62,6,29,40,0.9,0.5,20.5,0.9,236.277,39,1,39_S001,near,0.0286,0.001496,0.002794,0.12,0.024,0.026794000000000002,19.63,5.03506,29->33->30->22->19->24->12->6->1->21->23->36->31->39,39->40
N40_PS_edge_density_dense_192_I1,40,196,2,62,6,29,40,0.9,0.5,20.5,0.9,160.738,39,1,39_S001,near,0.0234,0.001496,0.002794,0.12,0.024,0.026794000000000002,19.63,4.7542599999999995,29->10->9->38->39,39->40
N40_PS_edge_density_denser_204_I1,40,208,2,62,6,29,40,0.9,0.5,20.5,0.9,165.651,39,1,39_S001,near,0.023200000000000002,0.001496,0.002794,0.12,0.024,0.026794000000000002,19.63,4.74346,29->10->9->38->39,39->40
N40_PS_edge_density_densest_216_I1,40,220,2,62,6,29,40,0.9,0.5,20.5,0.9,276.927,39,1,39_S001,near,0.022,0.001496,0.002794,0.12,0.024,0.026794000000000002,19.63,4.67866,29->10->6->5->39,39->40
N40_PS_parking_budget_Cmax100_I1,40,184,2,62,4,29,40,0.9,0.5,10.0,0.9,39,39,1,39_S001,near,0.027900000000000015,0.001496,0.002794,0.12,0.024,0.026794000000000002,6.39,3.6732600000000004,29->33->26->20->18->17->16->13->1->21->23->36->25->31->39,39->40
N40_PS_parking_budget_Cmax150_I1,40,184,2,62,4,29,40,0.9,0.5,15.0,0.9,39,39,1,39_S001,near,0.027900000000000015,0.001496,0.002794,0.12,0.024,0.026794000000000002,6.39,3.6732600000000004,29->33->26->20->18->17->16->13->1->21->23->36->25->31->39,39->40
N40_PS_parking_budget_Cmax205_I1,40,184,2,62,6,29,40,0.9,0.5,20.5,0.9,39,39,1,39_S001,near,0.028600000000000014,0.001496,0.002794,0.12,0.024,0.026794000000000002,6.39,3.7110600000000002,29->33->30->22->19->24->12->6->1->21->23->36->31->39,39->40
N40_PS_parking_budget_Cmax250_I1,40,184,2,62,6,29,40,0.9,0.5,25.0,0.9,39,39,1,39_S001,near,0.028600000000000014,0.001496,0.002794,0.12,0.024,0.026794000000000002,6.39,3.7110600000000002,29->33->30->22->19->24->12->6->1->21->23->36->31->39,39->40
N40_PS_parking_cost_100_225_I1,40,184,2,62,6,29,40,0.9,0.5,20.5,0.9,229.396,39,1,39_S001,near,0.0286,0.001496,0.002794,0.12,0.024,0.026794000000000002,9.5,4.02206,29->33->30->22->19->24->12->6->1->21->23->36->31->39,39->40
N40_PS_parking_cost_125_250_I1,40,184,2,62,6,29,40,0.9,0.5,20.5,0.9,224.309,39,1,39_S001,near,0.0286,0.001496,0.002794,0.12,0.024,0.026794000000000002,15.35,4.607060000000001,29->33->30->22->19->24->12->6->1->21->23->36->31->39,39->40
N40_PS_parking_cost_150_300_I1,40,184,2,62,6,29,40,0.9,0.5,20.5,0.9,376.579,38,39,38_S001,near,0.0269,0.001609,0.003099,0.1501,0.03,0.033098999999999996,15.08,4.834832,29->33->26->20->18->12->6->1->21->23->36->31->38,38->40
N40_PS_parking_cost_80_205_I1,40,184,2,62,6,29,40,0.9,0.5,20.5,0.9,232.974,39,1,39_S001,near,0.0286,0.001496,0.002794,0.12,0.024,0.026794000000000002,19.63,5.03506,29->33->30->22->19->24->12->6->1->21->23->36->31->39,39->40
N40_PS_parking_supply_P10_I1,40,188,4,112,11,29,40,0.9,0.5,20.5,0.9,272.488,39,1,39_S001,near,0.0286,0.001496,0.002794,0.12,0.024,0.026794000000000002,19.63,5.03506,29->34->30->22->19->24->12->6->1->21->23->36->31->39,39->40
N40_PS_parking_supply_P15_I1,40,192,6,173,17,29,40,0.9,0.5,20.5,0.9,305.827,39,1,39_S001,near,0.0286,0.001496,0.002794,0.12,0.024,0.026794000000000002,19.63,5.03506,29->34->30->22->19->24->12->6->1->21->23->36->31->39,39->40
N40_PS_parking_supply_P20_I1,40,196,8,231,17,29,40,0.9,0.5,20.5,0.9,469.704,39,1,39_S001,near,0.028700000000000003,0.001496,0.002794,0.12,0.024,0.026794000000000002,19.63,5.0404599999999995,29->34->30->22->19->24->12->6->1->21->23->36->25->31->39,39->40
N40_PS_parking_supply_P5_I1,40,184,2,62,6,29,40,0.9,0.5,20.5,0.9,265.713,39,1,39_S001,near,0.0286,0.001496,0.002794,0.12,0.024,0.026794000000000002,19.63,5.03506,29->33->30->22->19->24->12->6->1->21->23->36->31->39,39->40
N40_PS_spot_availability_A10_I1,40,184,2,62,6,29,40,0.9,0.5,20.5,0.9,225.458,39,1,39_S001,near,0.0286,0.001496,0.002794,0.12,0.024,0.026794000000000002,19.63,5.03506,29->33->30->22->19->24->12->6->1->21->23->36->31->39,39->40
N40_PS_spot_availability_A20_I1,40,184,2,62,12,29,40,0.9,0.5,20.5,0.9,256.276,39,1,39_S001,near,0.0286,0.001496,0.002794,0.12,0.024,0.026794000000000002,19.63,5.03506,29->34->30->22->19->24->12->6->1->21->23->36->31->39,39->40
N40_PS_spot_availability_A30_I1,40,184,2,62,12,29,40,0.9,0.5,20.5,0.9,259.154,39,1,39_S001,near,0.0286,0.001496,0.002794,0.12,0.024,0.026794000000000002,19.63,5.03506,29->34->30->22->19->24->12->6->1->21->23->36->31->39,39->40
N40_PS_spot_availability_A40_I1,40,184,2,62,12,29,40,0.9,0.5,20.5,0.9,268.299,39,1,39_S001,near,0.0286,0.001496,0.002794,0.12,0.024,0.026794000000000002,19.63,5.03506,29->34->30->22->19->24->12->6->1->21->23->36->31->39,39->40
N40_PS_spots_per_lot_S1020_I1,40,184,2,33,2,29,40,0.9,0.5,20.5,0.9,357.904,39,4,39_S004,near,0.0271,0.001481,0.003372,0.12,0.024,0.027372,19.22,4.943461999999999,29->33->26->20->18->15->14->5->1->21->23->36->25->31->39,39->40
N40_PS_spots_per_lot_S2040_I1,40,184,2,67,2,29,40,0.9,0.5,20.5,0.9,353.158,39,4,39_S004,near,0.0271,0.001481,0.003372,0.12,0.024,0.027372,19.22,4.943461999999999,29->33->26->20->18->15->14->5->1->21->23->36->25->31->39,39->40
N40_PS_spots_per_lot_S4060_I1,40,184,2,100,2,29,40,0.9,0.5,20.5,0.9,362.355,39,4,39_S004,near,0.0271,0.001481,0.003372,0.12,0.024,0.027372,19.22,4.943461999999999,29->33->26->20->18->15->14->5->1->21->23->36->25->31->39,39->40
N40_PS_spots_per_lot_S6080_I1,40,184,2,133,2,29,40,0.9,0.5,20.5,0.9,388.116,39,4,39_S004,near,0.0271,0.001481,0.003372,0.12,0.024,0.027372,19.22,4.943461999999999,29->33->26->20->18->15->14->5->1->21->23->36->25->31->39,39->40
N40_PS_traffic_high_I1,40,184,2,62,6,29,40,0.9,0.5,20.5,0.9,239.331,39,1,39_S001,near,0.08759999999999998,0.001496,0.002794,0.12,0.024,0.026794000000000002,19.63,8.22106,29->34->30->22->28->24->12->6->1->21->23->36->31->39,39->40
N40_PS_traffic_low_I1,40,184,2,62,6,29,40,0.9,0.5,20.5,0.9,271.797,39,1,39_S001,near,0.0286,0.001496,0.002794,0.12,0.024,0.026794000000000002,19.63,5.03506,29->33->30->22->19->24->12->6->1->21->23->36->31->39,39->40
N40_PS_traffic_medium_I1,40,184,2,62,6,29,40,0.9,0.5,20.5,0.9,378.91,39,1,39_S001,near,0.0447,0.001496,0.002794,0.12,0.024,0.026794000000000002,19.63,5.90446,29->34->30->20->18->15->11->10->6->1->21->23->36->25->37->39,39->40
N40_PS_traffic_very_low_I1,40,184,2,62,6,29,40,0.9,0.5,20.5,0.9,350.141,39,1,39_S001,near,0.023700000000000002,0.001496,0.002794,0.12,0.024,0.026794000000000002,19.63,4.77046,29->33->26->20->18->15->11->10->6->1->21->23->36->25->37->39,39->40
N40_PS_walking_distance_W025_I1,40,184,2,62,6,29,40,0.9,0.25,20.5,0.9,236.261,39,1,39_S001,near,0.0286,0.001496,0.002794,0.12,0.024,0.026794000000000002,19.63,5.03506,29->33->30->22->19->24->12->6->1->21->23->36->31->39,39->40
N40_PS_walking_distance_W050_I1,40,184,2,62,6,29,40,0.9,0.5,20.5,0.9,237.456,39,1,39_S001,near,0.0286,0.001496,0.002794,0.12,0.024,0.026794000000000002,19.63,5.03506,29->33->30->22->19->24->12->6->1->21->23->36->31->39,39->40
N40_PS_walking_distance_W075_I1,40,184,2,62,6,29,40,0.9,0.75,20.5,0.9,259.156,39,1,39_S001,near,0.0286,0.001496,0.002794,0.12,0.024,0.026794000000000002,19.63,5.03506,29->33->30->22->19->24->12->6->1->21->23->36->31->39,39->40
N40_PS_walking_distance_W100_I1,40,184,2,62,6,29,40,0.9,1.0,20.5,0.9,233.487,39,1,39_S001,near,0.0286,0.001496,0.002794,0.12,0.024,0.026794000000000002,19.63,5.03506,29->33->30->22->19->24->12->6->1->21->23->36->31->39,39->40
N500_C10_I1,500,1760,25,738,19,476,500,0.9,0.5,20.5,0.9,13637.595,495,31,495_S001,near,0.13539999999999994,0.001573,0.003006,0.1408,0.0282,0.031205999999999998,14.32,0.8344153314731224,476->362->361->356->350->353->348->346->349->344->334->337->331->329->324->321->309->298->296->289->284->266->262->259->254->235->233->232->230->229->217->228->210->206->209->201->198->196->193->190->183->178->174->168->164->163->162->278->277->272->246->242->241->239->120->117->112->110->105->96->295->276->273->267->264->255->64->74->66->56->78->77->69->68->63->21->1->9->10->13->14->15->24->19->28->22->30->33->27->34->54->53->89->98->94->67->85->100->119->114->129->122->123->125->133->152->134->181->191->143->194->189->216->187->166->158->173->212->227->231->260->265->263->275->288->290->293->306->317->358->363->379->384->394->407->396->397->401->406->398->403->413->440->454->449->453->455->460->461->462->471->482->495,495->500
N500_C1_I1,500,1760,25,738,41,476,500,0.9,0.5,20.5,0.9,13699.083,497,1,497_S001,near,0.1454,0.00153,0.002828,0.12,0.024,0.026828,11.33,10.515932,476->469->362->373->356->350->353->348->346->349->334->337->331->329->324->321->309->298->296->289->284->266->262->259->254->235->233->232->230->229->219->217->228->210->206->209->201->198->196->193->190->183->178->174->168->164->163->162->278->277->272->153->147->242->241->239->238->205->186->117->112->110->105->96->92->90->264->255->64->47->66->56->44->91->21->1->9->10->11->15->24->19->20->32->30->22->26->33->27->34->54->53->89->49->67->85->100->119->114->129->122->123->125->133->152->134->181->143->146->216->187->177->167->158->173->211->212->227->231->260->263->268->275->288->290->293->306->317->358->363->379->384->394->407->396->397->401->406->398->399->403->413->440->454->449->455->460->461->462->471->482->495->497,497->500
N500_C2_I1,500,1926,25,738,41,476,500,0.9,0.5,20.5,0.9,10324.514,495,31,495_S001,near,0.11140000000000003,0.001573,0.003006,0.1408,0.0282,0.031205999999999998,7.27,0.7372469542147175,476->469->362->373->361->356->350->353->348->346->344->334->337->331->329->324->321->309->298->299->289->284->266->262->259->254->235->233->232->244->230->229->217->228->210->206->209->201->198->196->193->190->183->178->174->168->164->163->162->155->311->84->63->123->125->133->152->134->181->363->358->317->306->293->290->288->275->268->455->460->461->462->471->482->495,495->500
N500_C3_I1,500,1810,50,1513,41,476,500,0.9,0.5,20.5,0.9,15624.22,497,1,497_S001,near,0.12250000000000008,0.00155,0.002848,0.12,0.024,0.026848,11.33,0.7447676396970058,476->362->373->356->350->353->348->346->344->349->334->337->331->329->324->321->309->298->299->289->284->266->262->259->254->235->233->232->230->229->217->228->210->206->209->201->198->196->193->190->183->178->174->168->164->163->162->155->169->153->147->137->132->138->130->120->117->112->108->105->96->295->276->273->267->42->38->55->69->68->63->21->1->2->6->10->11->15->18->12->24->19->28->22->30->34->54->53->89->49->85->100->119->114->122->123->125->133->134->181->191->184->189->216->187->166->167->158->173->212->224->231->260->265->263->275->288->290->293->297->306->317->358->363->379->384->402->394->407->396->397->401->406->398->399->403->413->440->449->453->455->460->468->461->462->471->482->497,497->500
N500_C4_I1,500,1760,25,738,74,476,500,0.9,1.0,20.5,0.9,11087.851,497,1,497_S001,near,0.128,0.001454,0.002368,0.12,0.024,0.026368,11.4,0.6210594264513609,476->463->450->439->362->361->356->350->353->348->366->349->334->337->331->329->324->321->309->298->299->296->289->284->266->262->259->254->235->233->232->230->229->217->228->210->206->209->201->198->196->193->190->183->178->174->168->164->163->162->155->169->153->147->137->132->130->120->117->112->161->151->144->141->140->88->61->52->43->39->44->91->21->1->2->6->10->13->14->15->24->19->28->22->30->33->27->34->54->53->89->49->67->85->100->119->114->122->123->125->133->152->134->181->143->194->189->216->187->177->167->158->173->212->227->231->260->265->263->275->288->290->293->306->317->358->363->379->384->394->407->396->397->401->406->398->403->413->440->454->449->453->455->460->461->462->471->482->495->497,497->500
N500_C5_I1,500,1760,25,738,41,476,500,0.9,0.5,20.5,0.9,20374.661,495,31,495_S001,near,0.17670000000000005,0.001573,0.003006,0.1408,0.0282,0.031205999999999998,7.27,0.8238955776393599,476->362->373->356->350->353->348->346->349->334->337->331->329->324->321->309->298->296->289->284->266->262->259->254->235->233->232->230->229->217->228->210->206->209->201->198->196->193->190->183->178->174->168->164->163->162->155->175->172->169->153->147->137->132->138->130->120->117->115->110->105->96->92->276->273->267->264->42->41->40->56->39->44->91->21->1->9->10->13->14->15->24->19->28->22->30->34->54->53->89->49->85->100->119->114->122->123->125->133->152->134->181->191->184->189->146->156->166->177->167->158->170->173->185->224->231->260->263->268->275->288->290->293->297->306->317->358->363->379->384->394->407->396->397->401->406->398->399->403->413->440->454->449->455->460->468->471->482->495,495->500
N500_C6_I1,500,1760,25,738,41,476,500,0.9,0.5,20.5,0.9,10563.444,454,303,454_S001,near,0.37110000000000015,0.001964,0.005051,0.3995,0.0799,0.084951,7.32,1.0872830915839193,476->463->467->362->373->356->350->365->348->366->349->334->337->331->329->324->321->309->298->299->289->284->266->262->259->254->235->233->232->230->229->219->217->228->210->206->209->201->198->196->193->190->183->178->174->168->164->163->162->155->169->153->147->137->132->138->130->120->117->112->108->105->110->161->151->92->90->61->51->43->39->44->91->86->21->1->5->6->10->13->14->15->18->24->19->28->22->30->33->45->27->34->54->53->29->49->85->100->119->114->122->123->125->133->152->134->181->143->146->156->187->195->211->212->224->231->260->263->275->288->290->293->306->317->358->363->379->384->402->394->407->396->397->401->406->398->403->413->440->454,454->500
N500_C7_I1,500,1760,25,738,41,476,500,0.9,0.5,20.5,0.9,14854.127,497,1,497_S001,near,0.1454,0.00155,0.002848,0.12,0.024,0.026848,11.33,0.8483344380206402,476->469->362->373->356->350->353->348->346->349->334->337->331->329->324->321->309->298->296->289->284->266->262->259->254->235->233->232->230->229->219->217->228->210->206->209->201->198->196->193->190->183->178->174->168->164->163->162->278->277->272->153->147->242->241->239->238->205->186->117->112->110->105->96->92->90->264->255->64->47->66->56->44->91->21->1->9->10->11->15->24->19->20->32->30->22->26->33->27->34->54->53->89->49->67->85->100->119->114->129->122->123->125->133->152->134->181->143->146->216->187->177->167->158->173->211->212->227->231->260->263->268->275->288->290->293->306->317->358->363->379->384->394->407->396->397->401->406->398->399->403->413->440->454->449->455->460->461->462->471->482->495->497,497->500
N500_C8_I1,500,1760,25,738,41,476,500,0.1,0.5,20.5,0.1,13879.707,497,1,497_S001,near,0.1454,0.00155,0.002848,0.12,0.024,0.026848,11.33,0.8483344380206402,476->469->362->373->356->350->353->348->346->349->334->337->331->329->324->321->309->298->296->289->284->266->262->259->254->235->233->232->230->229->219->217->228->210->206->209->201->198->196->193->190->183->178->174->168->164->163->162->278->277->272->153->147->242->241->239->238->205->186->117->112->110->105->96->92->90->264->255->64->47->66->56->44->91->21->1->9->10->11->15->24->19->20->32->30->22->26->33->27->34->54->53->89->49->67->85->100->119->114->129->122->123->125->133->152->134->181->143->146->216->187->177->167->158->173->211->212->227->231->260->263->268->275->288->290->293->306->317->358->363->379->384->394->407->396->397->401->406->398->399->403->413->440->454->449->455->460->461->462->471->482->495->497,497->500
N500_C9_I1,500,1760,25,738,34,476,500,0.9,0.5,15.0,0.9,18466.594,497,1,497_S001,near,0.14200000000000002,0.00155,0.002848,0.12,0.024,0.026848,11.33,0.8520886686824622,476->469->362->373->356->350->353->348->366->349->334->337->331->329->324->321->314->309->298->296->289->284->266->262->259->254->235->233->232->230->229->217->228->210->206->209->201->198->196->193->190->183->178->174->168->164->316->318->301->278->277->272->246->242->241->239->120->117->112->110->105->161->92->90->264->255->64->47->66->56->44->91->21->1->9->10->11->15->24->19->20->32->33->27->34->54->53->89->49->85->100->119->114->129->122->123->125->133->134->181->143->146->216->223->211->173->185->192->204->199->231->260->263->268->275->288->290->293->306->317->358->363->379->384->402->394->407->396->397->401->406->398->399->403->413->440->454->449->453->455->460->461->462->471->482->497,497->500
N50_C10_I1,50,226,2,72,7,48,50,0.9,0.5,20.5,0.9,945.297,49,1,49_S001,near,0.0325,0.00153,0.002828,0.12,0.024,0.026828,16.39,0.7876339872547795,48->43->41->40->38->37->36->23->21->9->10->13->14->17->18->20->26->33->27->29->49,49->50
N50_C1_I1,50,226,2,72,7,48,50,0.9,0.5,20.5,0.9,914.157,49,1,49_S001,near,0.0325,0.00153,0.002828,0.12,0.024,0.026828,12.06,0.7875684660361931,48->43->41->40->38->37->36->23->21->9->10->13->14->17->18->20->26->33->27->29->49,49->50
N50_C2_I1,50,242,2,72,7,48,50,0.9,0.5,20.5,0.9,942.162,49,1,49_S001,near,0.0267,0.00153,0.002828,0.12,0.024,0.026828,12.06,0.7575488052573894,48->47->35->21->27->29->49,49->50
N50_C3_I1,50,232,5,177,14,48,50,0.9,0.5,20.5,0.9,1428.253,49,1,49_S001,near,0.033,0.00153,0.002828,0.12,0.024,0.026828,12.06,0.6096474642494333,48->47->43->41->40->38->37->36->23->4->8->12->24->28->22->30->33->27->49,49->50
N50_C4_I1,50,226,2,72,7,48,50,0.9,1.0,20.5,0.9,906.731,49,1,49_S001,near,0.0356,0.001434,0.002348,0.12,0.024,0.026348,12.13,0.8284235487046091,48->43->41->40->38->37->36->23->21->9->10->13->14->17->18->24->28->22->34->27->49,49->50
N50_C5_I1,50,226,2,72,7,48,50,0.9,0.5,20.5,0.9,931.693,49,1,49_S001,near,0.04329999999999999,0.00153,0.002828,0.12,0.024,0.026828,12.06,0.8003749373852805,48->42->41->40->38->37->36->35->23->21->9->10->11->15->18->20->26->45->49,49->50
N50_C6_I1,50,226,2,72,7,48,50,0.9,0.5,20.5,0.9,897.859,49,1,49_S001,near,0.09319999999999999,0.00153,0.002828,0.12,0.024,0.026828,12.06,0.939518507368695,48->47->43->41->40->38->37->36->23->4->8->12->24->28->22->30->33->27->49,49->50
N50_C7_I1,50,226,2,72,7,48,50,0.9,0.5,20.5,0.9,979.048,49,1,49_S001,near,0.0325,0.00153,0.002828,0.12,0.024,0.026828,12.06,0.7875684660361931,48->43->41->40->38->37->36->23->21->9->10->13->14->17->18->20->26->33->27->29->49,49->50
N50_C8_I1,50,226,2,72,7,48,50,0.1,0.5,20.5,0.1,919.008,49,1,49_S001,near,0.0325,0.00153,0.002828,0.12,0.024,0.026828,12.06,0.7875684660361931,48->43->41->40->38->37->36->23->21->9->10->13->14->17->18->20->26->33->27->29->49,49->50
N50_C9_I1,50,226,2,72,7,48,50,0.9,0.5,15.0,0.9,944.558,49,1,49_S001,near,0.0325,0.00153,0.002828,0.12,0.024,0.026828,12.06,0.7875684660361931,48->43->41->40->38->37->36->23->21->9->10->13->14->17->18->20->26->33->27->29->49,49->50
sumo_case,2055,5299,103,3055,40,1824,283,0.5,0.5,20.41,0.5,869544.119,487,476,487_S001,near,0.2693999999999999,0.001421,0.00237,0.0655,0.0131,0.015470000000000001,19.66,1.0460418619809873,1824->1969->1732->428->2004->2003->2000->27->2001->253->1232->1245->342->75->259->1847->1995->1846->567->1205->840->1212->839->1207->22->1220->23->932->931->2032->212->24->1134->1138->1132->1135->1130->1131->1153->1227->479->652->1292->533->663->1997->1740->1083->1373->1203->1204->1863->1993->1742->2015->1082->426->926->1185->2014->1576->1575->1177->427->65->1313->1314->1312->2022->2013->1961->1172->1170->1962->636->485->1645->90->799->101->1646->1422->1514->1648->1649->168->1679->6->5->1365->1675->1676->915->487,487->283
